	mean_ncv_average_precision	mean_ncv_balanced_accuracy	mean_ncv_brier_loss	mean_ncv_f1	mean_ncv_informedness	mean_ncv_log_loss	mean_ncv_markedness	mean_ncv_mcc	mean_ncv_negative_predictive_value	mean_ncv_precision	mean_ncv_precision_recall_auc	mean_ncv_roc_auc	mean_ncv_sensitivity	mean_ncv_specificity
mcc	0.915 ± 0.017160	0.856 ± 0.018046	0.11458 ± 0.015467	0.839 ± 0.020862	0.711 ± 0.036091	0.3717 ± 0.042885	0.723 ± 0.034784	0.717 ± 0.035275	0.854 ± 0.019334	0.869 ± 0.021954	0.913 ± 0.017615	0.895 ± 0.023450	0.811 ± 0.028689	0.900 ± 0.019165
precision_recall_auc	0.902 ± 0.021241	0.708 ± 0.064757	0.12618 ± 0.016183	0.587 ± 0.128547	0.416 ± 0.129514	0.4160 ± 0.091236	0.635 ± 0.079757	0.510 ± 0.103717	0.684 ± 0.052449	0.951 ± 0.067989	0.900 ± 0.021930	0.885 ± 0.025202	0.439 ± 0.137212	0.977 ± 0.032141
roc_auc	0.912 ± 0.018085	0.718 ± 0.056426	0.11979 ± 0.013534	0.603 ± 0.105497	0.435 ± 0.112852	0.3972 ± 0.091312	0.670 ± 0.072919	0.538 ± 0.092617	0.688 ± 0.045521	0.982 ± 0.057496	0.910 ± 0.018568	0.894 ± 0.026363	0.444 ± 0.114156	0.991 ± 0.028748
