	mean_best_threshold_tuning_score	mean_best_threshold	mean_test_average_precision	mean_train_average_precision	mean_test_balanced_accuracy	mean_train_balanced_accuracy	mean_test_brier_loss	mean_train_brier_loss	mean_test_f1	mean_train_f1	mean_test_informedness	mean_train_informedness	mean_test_log_loss	mean_train_log_loss	mean_test_markedness	mean_train_markedness	mean_test_mcc	mean_train_mcc	mean_test_negative_predictive_value	mean_train_negative_predictive_value	mean_test_precision	mean_train_precision	mean_test_precision_recall_auc	mean_train_precision_recall_auc	mean_test_roc_auc	mean_train_roc_auc	mean_test_sensitivity	mean_train_sensitivity	mean_test_specificity	mean_train_specificity
mcc	nan	nan	0.959 ± 0.051350	0.985 ± 0.014550	0.890 ± 0.105668	0.940 ± 0.034985	0.08919 ± 0.061233	0.04054 ± 0.024473	0.865 ± 0.136333	0.935 ± 0.038822	0.780 ± 0.211337	0.880 ± 0.069971	0.3273 ± 0.216636	0.1516 ± 0.081160	0.840 ± 0.161597	0.898 ± 0.061038	0.807 ± 0.185821	0.889 ± 0.065362	0.871 ± 0.119533	0.924 ± 0.043882	0.970 ± 0.094622	0.974 ± 0.025483	0.954 ± 0.056780	0.985 ± 0.014678	0.945 ± 0.072816	0.984 ± 0.016796	0.807 ± 0.191545	0.899 ± 0.058604	0.973 ± 0.089904	0.981 ± 0.019244
precision_recall_auc	nan	nan	0.936 ± 0.076106	0.988 ± 0.016503	0.769 ± 0.182102	0.878 ± 0.185091	0.11983 ± 0.071452	0.03032 ± 0.035258	0.625 ± 0.368265	0.785 ± 0.375234	0.538 ± 0.364204	0.756 ± 0.370181	0.3993 ± 0.216382	0.1068 ± 0.111968	0.502 ± 0.544324	0.682 ± 0.543730	0.566 ± 0.367293	0.760 ± 0.371023	0.766 ± 0.170450	0.882 ± 0.166090	0.735 ± 0.413884	0.800 ± 0.381271	0.928 ± 0.086716	0.988 ± 0.016649	0.917 ± 0.094808	0.987 ± 0.019591	0.568 ± 0.365649	0.773 ± 0.371563	0.970 ± 0.085714	0.983 ± 0.039353
roc_auc	nan	nan	0.947 ± 0.070044	0.993 ± 0.013158	0.794 ± 0.154746	0.918 ± 0.150174	0.11397 ± 0.063715	0.02242 ± 0.033505	0.689 ± 0.311712	0.865 ± 0.296837	0.588 ± 0.309492	0.836 ± 0.300347	0.3872 ± 0.230742	0.0807 ± 0.104805	0.608 ± 0.454064	0.796 ± 0.433504	0.625 ± 0.305692	0.838 ± 0.300488	0.789 ± 0.154022	0.919 ± 0.137590	0.818 ± 0.350174	0.876 ± 0.299822	0.940 ± 0.079084	0.993 ± 0.013282	0.932 ± 0.085494	0.993 ± 0.013420	0.628 ± 0.323936	0.855 ± 0.295894	0.960 ± 0.104002	0.980 ± 0.045461
