	mean_best_threshold_tuning_score	mean_best_threshold	mean_test_average_precision	mean_train_average_precision	mean_test_balanced_accuracy	mean_train_balanced_accuracy	mean_test_brier_loss	mean_train_brier_loss	mean_test_f1	mean_train_f1	mean_test_informedness	mean_train_informedness	mean_test_log_loss	mean_train_log_loss	mean_test_markedness	mean_train_markedness	mean_test_mcc	mean_train_mcc	mean_test_negative_predictive_value	mean_train_negative_predictive_value	mean_test_precision	mean_train_precision	mean_test_precision_recall_auc	mean_train_precision_recall_auc	mean_test_roc_auc	mean_train_roc_auc	mean_test_sensitivity	mean_train_sensitivity	mean_test_specificity	mean_train_specificity
mcc	nan	nan	0.942 ± 0.074200	0.974 ± 0.017441	0.833 ± 0.117565	0.938 ± 0.029413	0.11756 ± 0.054478	0.06424 ± 0.028267	0.805 ± 0.138379	0.932 ± 0.032659	0.665 ± 0.235130	0.876 ± 0.058827	0.3963 ± 0.154533	0.2466 ± 0.094469	0.717 ± 0.225852	0.887 ± 0.056042	0.689 ± 0.227092	0.882 ± 0.057256	0.850 ± 0.133961	0.929 ± 0.030099	0.868 ± 0.167664	0.959 ± 0.031082	0.935 ± 0.088110	0.974 ± 0.017058	0.934 ± 0.085771	0.971 ± 0.019892	0.790 ± 0.192872	0.908 ± 0.040885	0.875 ± 0.166675	0.968 ± 0.026048
precision_recall_auc	nan	nan	0.961 ± 0.053171	0.962 ± 0.017588	0.854 ± 0.118033	0.910 ± 0.038602	0.11090 ± 0.060974	0.08144 ± 0.026125	0.831 ± 0.135922	0.901 ± 0.043358	0.707 ± 0.236067	0.821 ± 0.077205	0.4127 ± 0.270444	0.2969 ± 0.086675	0.759 ± 0.214766	0.842 ± 0.072382	0.731 ± 0.223809	0.831 ± 0.074467	0.865 ± 0.125859	0.896 ± 0.042017	0.894 ± 0.165256	0.946 ± 0.037904	0.957 ± 0.060387	0.963 ± 0.016970	0.956 ± 0.061877	0.960 ± 0.019334	0.813 ± 0.180199	0.862 ± 0.057969	0.894 ± 0.180317	0.959 ± 0.031429
roc_auc	nan	nan	0.953 ± 0.068435	0.966 ± 0.020890	0.850 ± 0.115249	0.911 ± 0.045967	0.11919 ± 0.063793	0.07515 ± 0.033365	0.830 ± 0.128699	0.901 ± 0.051687	0.700 ± 0.230498	0.821 ± 0.091934	0.4492 ± 0.318863	0.2731 ± 0.111684	0.744 ± 0.216417	0.838 ± 0.087885	0.721 ± 0.221973	0.829 ± 0.089598	0.867 ± 0.123672	0.900 ± 0.046981	0.878 ± 0.166676	0.938 ± 0.048814	0.947 ± 0.084513	0.967 ± 0.020086	0.949 ± 0.068287	0.965 ± 0.021864	0.820 ± 0.167819	0.869 ± 0.064691	0.880 ± 0.180702	0.952 ± 0.039840
