	mean_best_threshold_tuning_score	mean_best_threshold	mean_test_average_precision	mean_train_average_precision	mean_test_balanced_accuracy	mean_train_balanced_accuracy	mean_test_brier_loss	mean_train_brier_loss	mean_test_f1	mean_train_f1	mean_test_informedness	mean_train_informedness	mean_test_log_loss	mean_train_log_loss	mean_test_markedness	mean_train_markedness	mean_test_mcc	mean_train_mcc	mean_test_negative_predictive_value	mean_train_negative_predictive_value	mean_test_precision	mean_train_precision	mean_test_precision_recall_auc	mean_train_precision_recall_auc	mean_test_roc_auc	mean_train_roc_auc	mean_test_sensitivity	mean_train_sensitivity	mean_test_specificity	mean_train_specificity
mcc	nan	nan	0.912 ± 0.097685	0.974 ± 0.017415	0.859 ± 0.116373	0.938 ± 0.029413	0.13880 ± 0.066522	0.06422 ± 0.028301	0.839 ± 0.133064	0.932 ± 0.032659	0.718 ± 0.232746	0.876 ± 0.058827	0.4778 ± 0.209584	0.2465 ± 0.094564	0.749 ± 0.217775	0.887 ± 0.056042	0.733 ± 0.223570	0.882 ± 0.057256	0.893 ± 0.128041	0.929 ± 0.030099	0.856 ± 0.170924	0.959 ± 0.031082	0.899 ± 0.112939	0.974 ± 0.017030	0.892 ± 0.127018	0.971 ± 0.019875	0.860 ± 0.176929	0.908 ± 0.040885	0.858 ± 0.178817	0.968 ± 0.026048
precision_recall_auc	nan	nan	0.930 ± 0.084076	0.962 ± 0.017588	0.851 ± 0.118772	0.910 ± 0.038602	0.13217 ± 0.069139	0.08144 ± 0.026125	0.832 ± 0.135594	0.901 ± 0.043358	0.701 ± 0.237543	0.821 ± 0.077205	0.5171 ± 0.467486	0.2969 ± 0.086675	0.732 ± 0.230557	0.842 ± 0.072382	0.716 ± 0.232481	0.831 ± 0.074467	0.882 ± 0.120204	0.896 ± 0.042017	0.850 ± 0.175643	0.946 ± 0.037904	0.924 ± 0.092868	0.963 ± 0.016970	0.917 ± 0.106273	0.960 ± 0.019334	0.843 ± 0.166360	0.862 ± 0.057969	0.858 ± 0.178817	0.959 ± 0.031429
roc_auc	nan	nan	0.922 ± 0.087533	0.966 ± 0.020869	0.843 ± 0.115577	0.910 ± 0.046157	0.13939 ± 0.070897	0.07519 ± 0.033368	0.820 ± 0.136302	0.901 ± 0.051879	0.686 ± 0.231153	0.820 ± 0.092315	0.5493 ± 0.488303	0.2732 ± 0.111706	0.718 ± 0.224221	0.838 ± 0.088226	0.701 ± 0.225865	0.829 ± 0.089943	0.869 ± 0.124250	0.900 ± 0.047445	0.850 ± 0.170417	0.938 ± 0.049038	0.912 ± 0.103565	0.967 ± 0.020068	0.906 ± 0.104683	0.965 ± 0.021848	0.823 ± 0.176287	0.868 ± 0.065362	0.863 ± 0.164382	0.953 ± 0.040028
