	mean_ncv_average_precision	mean_ncv_balanced_accuracy	mean_ncv_brier_loss	mean_ncv_f1	mean_ncv_informedness	mean_ncv_log_loss	mean_ncv_markedness	mean_ncv_mcc	mean_ncv_negative_predictive_value	mean_ncv_precision	mean_ncv_precision_recall_auc	mean_ncv_roc_auc	mean_ncv_sensitivity	mean_ncv_specificity
mcc	0.778 ± 0.038432	0.726 ± 0.034113	0.18540 ± 0.013509	0.684 ± 0.041353	0.453 ± 0.068226	0.5649 ± 0.055655	0.472 ± 0.069919	0.462 ± 0.068927	0.734 ± 0.028952	0.738 ± 0.044657	0.770 ± 0.045707	0.790 ± 0.032009	0.639 ± 0.047213	0.814 ± 0.039800
precision_recall_auc	0.773 ± 0.032149	0.721 ± 0.026433	0.18594 ± 0.011708	0.672 ± 0.033965	0.443 ± 0.052866	0.5644 ± 0.045349	0.474 ± 0.056495	0.458 ± 0.054008	0.724 ± 0.022196	0.751 ± 0.042492	0.764 ± 0.038306	0.789 ± 0.025756	0.611 ± 0.045361	0.832 ± 0.043122
roc_auc	0.767 ± 0.037141	0.733 ± 0.035753	0.18571 ± 0.011921	0.689 ± 0.049390	0.466 ± 0.071506	0.5703 ± 0.049665	0.490 ± 0.066500	0.478 ± 0.068816	0.738 ± 0.034960	0.751 ± 0.037246	0.758 ± 0.042161	0.788 ± 0.023369	0.639 ± 0.065473	0.827 ± 0.028748
