	mean_best_threshold_tuning_score	mean_best_threshold	mean_test_average_precision	mean_train_average_precision	mean_test_balanced_accuracy	mean_train_balanced_accuracy	mean_test_brier_loss	mean_train_brier_loss	mean_test_f1	mean_train_f1	mean_test_informedness	mean_train_informedness	mean_test_log_loss	mean_train_log_loss	mean_test_markedness	mean_train_markedness	mean_test_mcc	mean_train_mcc	mean_test_negative_predictive_value	mean_train_negative_predictive_value	mean_test_precision	mean_train_precision	mean_test_precision_recall_auc	mean_train_precision_recall_auc	mean_test_roc_auc	mean_train_roc_auc	mean_test_sensitivity	mean_train_sensitivity	mean_test_specificity	mean_train_specificity
mcc	nan	nan	0.823 ± 0.146294	1.000 ± 0.000000	0.728 ± 0.144130	1.000 ± 0.000000	0.18217 ± 0.071698	0.01734 ± 0.002244	0.664 ± 0.193778	1.000 ± 0.000000	0.456 ± 0.288260	1.000 ± 0.000000	0.6309 ± 0.683843	0.1129 ± 0.009911	0.500 ± 0.299091	1.000 ± 0.000000	0.476 ± 0.289655	1.000 ± 0.000000	0.744 ± 0.152767	1.000 ± 0.000000	0.757 ± 0.200453	1.000 ± 0.000000	0.797 ± 0.172466	1.000 ± 0.000000	0.813 ± 0.145168	1.000 ± 0.000000	0.628 ± 0.241176	1.000 ± 0.000000	0.828 ± 0.141479	1.000 ± 0.000000
precision_recall_auc	nan	nan	0.831 ± 0.122947	1.000 ± 0.000000	0.728 ± 0.145287	1.000 ± 0.000000	0.18482 ± 0.067352	0.01670 ± 0.001900	0.669 ± 0.184827	1.000 ± 0.000000	0.457 ± 0.290574	1.000 ± 0.000000	0.5649 ± 0.209577	0.1104 ± 0.009263	0.496 ± 0.306996	1.000 ± 0.000000	0.474 ± 0.294825	1.000 ± 0.000000	0.746 ± 0.157172	1.000 ± 0.000000	0.750 ± 0.205453	1.000 ± 0.000000	0.804 ± 0.147506	1.000 ± 0.000000	0.808 ± 0.141727	1.000 ± 0.000000	0.642 ± 0.233437	1.000 ± 0.000000	0.815 ± 0.149574	1.000 ± 0.000000
roc_auc	nan	nan	0.831 ± 0.130059	1.000 ± 0.000000	0.730 ± 0.134842	1.000 ± 0.000000	0.18397 ± 0.067809	0.01700 ± 0.002244	0.667 ± 0.175908	1.000 ± 0.000000	0.461 ± 0.269684	1.000 ± 0.000000	0.5652 ± 0.223337	0.1112 ± 0.009760	0.518 ± 0.280956	1.000 ± 0.000000	0.486 ± 0.270154	1.000 ± 0.000000	0.745 ± 0.155238	1.000 ± 0.000000	0.773 ± 0.196879	1.000 ± 0.000000	0.801 ± 0.160242	1.000 ± 0.000000	0.813 ± 0.142719	1.000 ± 0.000000	0.632 ± 0.233946	1.000 ± 0.000000	0.829 ± 0.146764	1.000 ± 0.000000
