	mean_best_threshold_tuning_score	mean_best_threshold	mean_test_average_precision	mean_train_average_precision	mean_test_balanced_accuracy	mean_train_balanced_accuracy	mean_test_brier_loss	mean_train_brier_loss	mean_test_f1	mean_train_f1	mean_test_informedness	mean_train_informedness	mean_test_log_loss	mean_train_log_loss	mean_test_markedness	mean_train_markedness	mean_test_mcc	mean_train_mcc	mean_test_negative_predictive_value	mean_train_negative_predictive_value	mean_test_precision	mean_train_precision	mean_test_precision_recall_auc	mean_train_precision_recall_auc	mean_test_roc_auc	mean_train_roc_auc	mean_test_sensitivity	mean_train_sensitivity	mean_test_specificity	mean_train_specificity
mcc	nan	nan	0.803 ± 0.128452	1.000 ± 0.000000	0.716 ± 0.123071	1.000 ± 0.000000	0.19795 ± 0.071550	0.01747 ± 0.002377	0.669 ± 0.151364	1.000 ± 0.000000	0.431 ± 0.246141	1.000 ± 0.000000	0.5910 ± 0.196770	0.1129 ± 0.010161	0.494 ± 0.262672	1.000 ± 0.000000	0.459 ± 0.249885	1.000 ± 0.000000	0.760 ± 0.152378	1.000 ± 0.000000	0.734 ± 0.208727	1.000 ± 0.000000	0.772 ± 0.157225	1.000 ± 0.000000	0.779 ± 0.138578	1.000 ± 0.000000	0.678 ± 0.218224	1.000 ± 0.000000	0.753 ± 0.222328	1.000 ± 0.000000
precision_recall_auc	nan	nan	0.817 ± 0.112143	1.000 ± 0.000000	0.714 ± 0.119987	1.000 ± 0.000000	0.20088 ± 0.067821	0.01683 ± 0.001932	0.663 ± 0.150620	1.000 ± 0.000000	0.428 ± 0.239975	1.000 ± 0.000000	0.5908 ± 0.181835	0.1101 ± 0.008703	0.490 ± 0.255835	1.000 ± 0.000000	0.456 ± 0.244278	1.000 ± 0.000000	0.755 ± 0.147691	1.000 ± 0.000000	0.735 ± 0.212161	1.000 ± 0.000000	0.793 ± 0.134260	1.000 ± 0.000000	0.782 ± 0.136662	1.000 ± 0.000000	0.663 ± 0.215578	1.000 ± 0.000000	0.765 ± 0.215769	1.000 ± 0.000000
roc_auc	nan	nan	0.803 ± 0.130554	1.000 ± 0.000000	0.708 ± 0.134975	1.000 ± 0.000000	0.20133 ± 0.072434	0.01737 ± 0.001968	0.663 ± 0.159855	1.000 ± 0.000000	0.416 ± 0.269950	1.000 ± 0.000000	0.6723 ± 0.618000	0.1126 ± 0.008956	0.467 ± 0.286993	1.000 ± 0.000000	0.439 ± 0.275388	1.000 ± 0.000000	0.749 ± 0.153829	1.000 ± 0.000000	0.719 ± 0.216040	1.000 ± 0.000000	0.774 ± 0.155046	1.000 ± 0.000000	0.774 ± 0.145977	1.000 ± 0.000000	0.672 ± 0.213232	1.000 ± 0.000000	0.744 ± 0.222380	1.000 ± 0.000000
