	mean_best_threshold_tuning_score	mean_best_threshold	mean_test_average_precision	mean_train_average_precision	mean_test_balanced_accuracy	mean_train_balanced_accuracy	mean_test_brier_loss	mean_train_brier_loss	mean_test_f1	mean_train_f1	mean_test_informedness	mean_train_informedness	mean_test_log_loss	mean_train_log_loss	mean_test_markedness	mean_train_markedness	mean_test_mcc	mean_train_mcc	mean_test_negative_predictive_value	mean_train_negative_predictive_value	mean_test_precision	mean_train_precision	mean_test_precision_recall_auc	mean_train_precision_recall_auc	mean_test_roc_auc	mean_train_roc_auc	mean_test_sensitivity	mean_train_sensitivity	mean_test_specificity	mean_train_specificity
mcc	nan	nan	0.867 ± 0.146657	0.998 ± 0.003988	0.735 ± 0.142959	0.961 ± 0.029974	0.17729 ± 0.073400	0.09001 ± 0.051860	0.655 ± 0.213356	0.958 ± 0.032463	0.470 ± 0.285918	0.922 ± 0.059949	0.5693 ± 0.342621	0.3144 ± 0.136353	0.570 ± 0.316956	0.942 ± 0.043652	0.518 ± 0.282723	0.931 ± 0.051832	0.751 ± 0.148290	0.942 ± 0.043652	0.819 ± 0.256620	1.000 ± 0.000000	0.848 ± 0.174355	0.998 ± 0.004031	0.827 ± 0.184885	0.998 ± 0.005975	0.603 ± 0.261667	0.922 ± 0.059949	0.867 ± 0.222144	1.000 ± 0.000000
precision_recall_auc	nan	nan	0.889 ± 0.128485	0.996 ± 0.004442	0.750 ± 0.138735	0.948 ± 0.027285	0.16484 ± 0.071950	0.05405 ± 0.028370	0.658 ± 0.238783	0.945 ± 0.029815	0.500 ± 0.277470	0.896 ± 0.054571	0.5110 ± 0.237830	0.2177 ± 0.080845	0.567 ± 0.341695	0.923 ± 0.038841	0.538 ± 0.276089	0.910 ± 0.046711	0.753 ± 0.140574	0.923 ± 0.038841	0.814 ± 0.278084	1.000 ± 0.000000	0.870 ± 0.156697	0.996 ± 0.004495	0.868 ± 0.151365	0.996 ± 0.006161	0.602 ± 0.272143	0.896 ± 0.054571	0.898 ± 0.165357	1.000 ± 0.000000
roc_auc	nan	nan	0.885 ± 0.128594	0.996 ± 0.004564	0.760 ± 0.131446	0.947 ± 0.024971	0.16257 ± 0.062608	0.05713 ± 0.030385	0.687 ± 0.198242	0.943 ± 0.027454	0.520 ± 0.262892	0.894 ± 0.049941	0.4945 ± 0.177071	0.2272 ± 0.086486	0.610 ± 0.267912	0.922 ± 0.035321	0.559 ± 0.258635	0.908 ± 0.042628	0.761 ± 0.132705	0.922 ± 0.035321	0.849 ± 0.225705	1.000 ± 0.000000	0.867 ± 0.155171	0.996 ± 0.004617	0.859 ± 0.144053	0.996 ± 0.006389	0.627 ± 0.243533	0.894 ± 0.049941	0.893 ± 0.165988	1.000 ± 0.000000
