	mean_best_threshold_tuning_score	mean_best_threshold	mean_test_average_precision	mean_train_average_precision	mean_test_balanced_accuracy	mean_train_balanced_accuracy	mean_test_brier_loss	mean_train_brier_loss	mean_test_f1	mean_train_f1	mean_test_informedness	mean_train_informedness	mean_test_log_loss	mean_train_log_loss	mean_test_markedness	mean_train_markedness	mean_test_mcc	mean_train_mcc	mean_test_negative_predictive_value	mean_train_negative_predictive_value	mean_test_precision	mean_train_precision	mean_test_precision_recall_auc	mean_train_precision_recall_auc	mean_test_roc_auc	mean_train_roc_auc	mean_test_sensitivity	mean_train_sensitivity	mean_test_specificity	mean_train_specificity
mcc	nan	nan	0.865 ± 0.114150	1.000 ± 0.000000	0.780 ± 0.117390	1.000 ± 0.000000	0.16720 ± 0.062046	0.01476 ± 0.002705	0.737 ± 0.147880	1.000 ± 0.000000	0.561 ± 0.234781	1.000 ± 0.000000	0.5946 ± 0.679996	0.1065 ± 0.013148	0.611 ± 0.241115	1.000 ± 0.000000	0.583 ± 0.233444	1.000 ± 0.000000	0.797 ± 0.139569	1.000 ± 0.000000	0.814 ± 0.179664	1.000 ± 0.000000	0.845 ± 0.140907	1.000 ± 0.000000	0.853 ± 0.128509	1.000 ± 0.000000	0.717 ± 0.207567	1.000 ± 0.000000	0.844 ± 0.156048	1.000 ± 0.000000
precision_recall_auc	nan	nan	0.882 ± 0.107428	1.000 ± 0.000000	0.779 ± 0.129486	1.000 ± 0.000000	0.16046 ± 0.060393	0.01366 ± 0.002395	0.736 ± 0.163327	1.000 ± 0.000000	0.558 ± 0.258972	1.000 ± 0.000000	0.5039 ± 0.191950	0.1017 ± 0.012050	0.606 ± 0.265044	1.000 ± 0.000000	0.580 ± 0.258014	1.000 ± 0.000000	0.805 ± 0.153780	1.000 ± 0.000000	0.801 ± 0.186215	1.000 ± 0.000000	0.862 ± 0.132230	1.000 ± 0.000000	0.869 ± 0.118645	1.000 ± 0.000000	0.728 ± 0.226385	1.000 ± 0.000000	0.830 ± 0.165060	1.000 ± 0.000000
roc_auc	nan	nan	0.879 ± 0.115125	1.000 ± 0.000000	0.766 ± 0.133053	1.000 ± 0.000000	0.16422 ± 0.062935	0.01391 ± 0.002383	0.715 ± 0.184742	1.000 ± 0.000000	0.531 ± 0.266106	1.000 ± 0.000000	0.5084 ± 0.192781	0.1029 ± 0.011945	0.565 ± 0.303021	1.000 ± 0.000000	0.551 ± 0.266144	1.000 ± 0.000000	0.798 ± 0.159579	1.000 ± 0.000000	0.767 ± 0.217137	1.000 ± 0.000000	0.860 ± 0.140529	1.000 ± 0.000000	0.866 ± 0.127854	1.000 ± 0.000000	0.718 ± 0.241576	1.000 ± 0.000000	0.813 ± 0.170177	1.000 ± 0.000000
