	mean_ncv_average_precision	mean_ncv_balanced_accuracy	mean_ncv_brier_loss	mean_ncv_f1	mean_ncv_informedness	mean_ncv_log_loss	mean_ncv_markedness	mean_ncv_mcc	mean_ncv_negative_predictive_value	mean_ncv_precision	mean_ncv_precision_recall_auc	mean_ncv_roc_auc	mean_ncv_sensitivity	mean_ncv_specificity
mcc	0.803 ± 0.053642	0.776 ± 0.031519	0.16720 ± 0.017511	0.746 ± 0.036841	0.552 ± 0.063038	0.5946 ± 0.281164	0.567 ± 0.065174	0.560 ± 0.063892	0.781 ± 0.028331	0.786 ± 0.043328	0.796 ± 0.057003	0.829 ± 0.043334	0.711 ± 0.043823	0.841 ± 0.038629
precision_recall_auc	0.831 ± 0.043553	0.775 ± 0.028664	0.16046 ± 0.014344	0.747 ± 0.034944	0.549 ± 0.057328	0.5039 ± 0.051317	0.563 ± 0.058930	0.556 ± 0.057293	0.786 ± 0.031077	0.777 ± 0.047998	0.824 ± 0.046199	0.846 ± 0.033846	0.722 ± 0.058561	0.827 ± 0.051604
roc_auc	0.820 ± 0.062305	0.760 ± 0.058983	0.16422 ± 0.019648	0.729 ± 0.079896	0.520 ± 0.117965	0.5084 ± 0.064734	0.528 ± 0.112909	0.524 ± 0.115436	0.777 ± 0.056896	0.751 ± 0.061456	0.812 ± 0.067184	0.839 ± 0.049535	0.711 ± 0.100752	0.809 ± 0.041770
