	mean_ncv_average_precision	mean_ncv_balanced_accuracy	mean_ncv_brier_loss	mean_ncv_f1	mean_ncv_informedness	mean_ncv_log_loss	mean_ncv_markedness	mean_ncv_mcc	mean_ncv_negative_predictive_value	mean_ncv_precision	mean_ncv_precision_recall_auc	mean_ncv_roc_auc	mean_ncv_sensitivity	mean_ncv_specificity
mcc	0.785 ± 0.029472	0.714 ± 0.029460	0.17599 ± 0.009798	0.685 ± 0.035143	0.429 ± 0.058920	0.5201 ± 0.034756	0.431 ± 0.059049	0.430 ± 0.058932	0.743 ± 0.030965	0.688 ± 0.036786	0.780 ± 0.030898	0.813 ± 0.028133	0.683 ± 0.052705	0.745 ± 0.043913
precision_recall_auc	0.789 ± 0.035452	0.729 ± 0.035277	0.17029 ± 0.008481	0.705 ± 0.039558	0.458 ± 0.070555	0.5055 ± 0.028310	0.458 ± 0.071683	0.458 ± 0.071075	0.763 ± 0.037228	0.695 ± 0.043341	0.783 ± 0.037684	0.825 ± 0.025253	0.717 ± 0.055246	0.741 ± 0.048152
roc_auc	0.796 ± 0.036121	0.718 ± 0.034792	0.17206 ± 0.012389	0.691 ± 0.043434	0.436 ± 0.069584	0.5097 ± 0.043771	0.436 ± 0.067076	0.436 ± 0.068312	0.751 ± 0.037149	0.684 ± 0.033140	0.790 ± 0.038859	0.823 ± 0.030259	0.700 ± 0.059720	0.736 ± 0.028748
