	mean_best_threshold_tuning_score	mean_best_threshold	mean_test_average_precision	mean_train_average_precision	mean_test_balanced_accuracy	mean_train_balanced_accuracy	mean_test_brier_loss	mean_train_brier_loss	mean_test_f1	mean_train_f1	mean_test_informedness	mean_train_informedness	mean_test_log_loss	mean_train_log_loss	mean_test_markedness	mean_train_markedness	mean_test_mcc	mean_train_mcc	mean_test_negative_predictive_value	mean_train_negative_predictive_value	mean_test_precision	mean_train_precision	mean_test_precision_recall_auc	mean_train_precision_recall_auc	mean_test_roc_auc	mean_train_roc_auc	mean_test_sensitivity	mean_train_sensitivity	mean_test_specificity	mean_train_specificity
mcc	nan	nan	0.942 ± 0.077019	0.981 ± 0.018708	0.856 ± 0.103639	0.910 ± 0.029951	0.10421 ± 0.060292	0.06559 ± 0.017294	0.831 ± 0.122290	0.901 ± 0.035344	0.711 ± 0.207278	0.821 ± 0.059902	0.3422 ± 0.153974	0.2371 ± 0.049259	0.748 ± 0.206544	0.863 ± 0.048403	0.729 ± 0.204502	0.841 ± 0.053811	0.859 ± 0.109173	0.879 ± 0.036574	0.889 ± 0.155648	0.984 ± 0.024589	0.934 ± 0.087506	0.980 ± 0.018854	0.924 ± 0.105619	0.976 ± 0.026327	0.803 ± 0.158615	0.832 ± 0.054289	0.908 ± 0.134149	0.989 ± 0.017015
precision_recall_auc	nan	nan	0.945 ± 0.076282	0.971 ± 0.021274	0.779 ± 0.144859	0.822 ± 0.119254	0.12038 ± 0.071363	0.07035 ± 0.031619	0.674 ± 0.281869	0.752 ± 0.234513	0.558 ± 0.289719	0.644 ± 0.238508	0.3932 ± 0.208576	0.2370 ± 0.085019	0.630 ± 0.377739	0.722 ± 0.315507	0.607 ± 0.275645	0.692 ± 0.224816	0.777 ± 0.142308	0.793 ± 0.113075	0.852 ± 0.312277	0.929 ± 0.239434	0.938 ± 0.085699	0.970 ± 0.021472	0.926 ± 0.107575	0.968 ± 0.024397	0.605 ± 0.308519	0.652 ± 0.242370	0.953 ± 0.127540	0.992 ± 0.027227
roc_auc	nan	nan	0.945 ± 0.072018	0.968 ± 0.022092	0.787 ± 0.139882	0.823 ± 0.113472	0.11928 ± 0.065002	0.07459 ± 0.031882	0.694 ± 0.266060	0.758 ± 0.211090	0.574 ± 0.279764	0.645 ± 0.226943	0.3830 ± 0.181676	0.2477 ± 0.085188	0.657 ± 0.342949	0.742 ± 0.268685	0.624 ± 0.263360	0.698 ± 0.205970	0.782 ± 0.132251	0.792 ± 0.112260	0.875 ± 0.285501	0.950 ± 0.198636	0.939 ± 0.080330	0.968 ± 0.022304	0.926 ± 0.104561	0.967 ± 0.023740	0.618 ± 0.291650	0.653 ± 0.230747	0.956 ± 0.120645	0.992 ± 0.027513
