	mean_ncv_average_precision	mean_ncv_balanced_accuracy	mean_ncv_brier_loss	mean_ncv_f1	mean_ncv_informedness	mean_ncv_log_loss	mean_ncv_markedness	mean_ncv_mcc	mean_ncv_negative_predictive_value	mean_ncv_precision	mean_ncv_precision_recall_auc	mean_ncv_roc_auc	mean_ncv_sensitivity	mean_ncv_specificity
mcc	0.919 ± 0.014778	0.871 ± 0.020885	0.10137 ± 0.015804	0.854 ± 0.023689	0.741 ± 0.041770	0.3379 ± 0.037322	0.790 ± 0.063534	0.765 ± 0.052348	0.841 ± 0.005879	0.949 ± 0.057661	0.918 ± 0.015091	0.883 ± 0.018739	0.778 ± 0.000000	0.964 ± 0.041770
precision_recall_auc	0.912 ± 0.016979	0.751 ± 0.043816	0.11690 ± 0.014401	0.664 ± 0.082620	0.501 ± 0.087633	0.3662 ± 0.039818	0.705 ± 0.036405	0.593 ± 0.066259	0.713 ± 0.036298	0.992 ± 0.026352	0.910 ± 0.017311	0.889 ± 0.026120	0.506 ± 0.092407	0.995 ± 0.014374
roc_auc	0.914 ± 0.025913	0.734 ± 0.048926	0.11597 ± 0.020403	0.634 ± 0.089463	0.468 ± 0.097852	0.3650 ± 0.053403	0.688 ± 0.057225	0.566 ± 0.080262	0.699 ± 0.038736	0.989 ± 0.035136	0.912 ± 0.026620	0.898 ± 0.030975	0.472 ± 0.095330	0.995 ± 0.014374
