	mean_best_threshold_tuning_score	mean_best_threshold	mean_test_average_precision	mean_train_average_precision	mean_test_balanced_accuracy	mean_train_balanced_accuracy	mean_test_brier_loss	mean_train_brier_loss	mean_test_f1	mean_train_f1	mean_test_informedness	mean_train_informedness	mean_test_log_loss	mean_train_log_loss	mean_test_markedness	mean_train_markedness	mean_test_mcc	mean_train_mcc	mean_test_negative_predictive_value	mean_train_negative_predictive_value	mean_test_precision	mean_train_precision	mean_test_precision_recall_auc	mean_train_precision_recall_auc	mean_test_roc_auc	mean_train_roc_auc	mean_test_sensitivity	mean_train_sensitivity	mean_test_specificity	mean_train_specificity
mcc	nan	nan	0.956 ± 0.064084	0.971 ± 0.017144	0.867 ± 0.097699	0.901 ± 0.024107	0.09095 ± 0.053805	0.06835 ± 0.016499	0.831 ± 0.139846	0.890 ± 0.028932	0.733 ± 0.195397	0.802 ± 0.048215	0.3100 ± 0.142828	0.2426 ± 0.046574	0.818 ± 0.131998	0.848 ± 0.041708	0.772 ± 0.164308	0.825 ± 0.044102	0.837 ± 0.112359	0.869 ± 0.028509	0.982 ± 0.073944	0.979 ± 0.029223	0.951 ± 0.070780	0.971 ± 0.017274	0.936 ± 0.097713	0.964 ± 0.024587	0.745 ± 0.191522	0.817 ± 0.044977	0.988 ± 0.047980	0.985 ± 0.023072
precision_recall_auc	nan	nan	0.951 ± 0.061222	0.959 ± 0.015612	0.752 ± 0.155438	0.779 ± 0.129933	0.10771 ± 0.057230	0.08421 ± 0.021359	0.605 ± 0.334155	0.672 ± 0.284835	0.503 ± 0.310876	0.559 ± 0.259865	0.3444 ± 0.144111	0.2760 ± 0.056084	0.532 ± 0.500759	0.614 ± 0.404843	0.555 ± 0.314342	0.608 ± 0.258191	0.737 ± 0.131842	0.757 ± 0.114261	0.795 ± 0.403081	0.858 ± 0.323050	0.946 ± 0.068712	0.958 ± 0.015760	0.935 ± 0.083504	0.955 ± 0.018327	0.508 ± 0.312826	0.576 ± 0.273304	0.995 ± 0.035355	0.983 ± 0.037728
roc_auc	nan	nan	0.956 ± 0.058667	0.957 ± 0.017612	0.712 ± 0.150076	0.756 ± 0.128188	0.11541 ± 0.053714	0.09024 ± 0.022144	0.527 ± 0.341562	0.631 ± 0.288408	0.423 ± 0.300151	0.512 ± 0.256376	0.3629 ± 0.131574	0.2907 ± 0.057093	0.434 ± 0.532606	0.575 ± 0.423507	0.478 ± 0.312789	0.568 ± 0.259262	0.699 ± 0.120064	0.736 ± 0.111104	0.735 ± 0.441501	0.839 ± 0.345628	0.950 ± 0.066181	0.956 ± 0.017785	0.944 ± 0.074560	0.956 ± 0.018680	0.428 ± 0.303518	0.529 ± 0.273143	0.995 ± 0.035355	0.983 ± 0.043094
