	mean_ncv_average_precision	mean_ncv_balanced_accuracy	mean_ncv_brier_loss	mean_ncv_f1	mean_ncv_informedness	mean_ncv_log_loss	mean_ncv_markedness	mean_ncv_mcc	mean_ncv_negative_predictive_value	mean_ncv_precision	mean_ncv_precision_recall_auc	mean_ncv_roc_auc	mean_ncv_sensitivity	mean_ncv_specificity
mcc	0.911 ± 0.027153	0.839 ± 0.032159	0.13504 ± 0.014982	0.819 ± 0.036477	0.678 ± 0.064318	0.4732 ± 0.072222	0.699 ± 0.072423	0.688 ± 0.068017	0.832 ± 0.025512	0.867 ± 0.055630	0.909 ± 0.027924	0.898 ± 0.032191	0.778 ± 0.037037	0.900 ± 0.046945
precision_recall_auc	0.922 ± 0.021733	0.851 ± 0.026120	0.13047 ± 0.012079	0.832 ± 0.030039	0.702 ± 0.052240	0.4572 ± 0.068022	0.727 ± 0.058390	0.714 ± 0.054929	0.838 ± 0.021467	0.888 ± 0.044412	0.920 ± 0.022536	0.909 ± 0.026577	0.783 ± 0.031536	0.918 ± 0.035855
roc_auc	0.921 ± 0.021130	0.838 ± 0.021429	0.13347 ± 0.011827	0.819 ± 0.022817	0.675 ± 0.042858	0.4702 ± 0.067202	0.691 ± 0.058599	0.683 ± 0.050430	0.837 ± 0.013895	0.854 ± 0.055891	0.919 ± 0.021827	0.906 ± 0.025526	0.789 ± 0.023424	0.886 ± 0.049097
