	mean_best_threshold_tuning_score	mean_best_threshold	mean_test_average_precision	mean_train_average_precision	mean_test_balanced_accuracy	mean_train_balanced_accuracy	mean_test_brier_loss	mean_train_brier_loss	mean_test_f1	mean_train_f1	mean_test_informedness	mean_train_informedness	mean_test_log_loss	mean_train_log_loss	mean_test_markedness	mean_train_markedness	mean_test_mcc	mean_train_mcc	mean_test_negative_predictive_value	mean_train_negative_predictive_value	mean_test_precision	mean_train_precision	mean_test_precision_recall_auc	mean_train_precision_recall_auc	mean_test_roc_auc	mean_train_roc_auc	mean_test_sensitivity	mean_train_sensitivity	mean_test_specificity	mean_train_specificity
mcc	nan	nan	0.956 ± 0.076542	0.968 ± 0.021835	0.861 ± 0.115635	0.909 ± 0.044535	0.10141 ± 0.059251	0.07548 ± 0.024614	0.828 ± 0.155791	0.898 ± 0.052300	0.722 ± 0.231270	0.817 ± 0.089071	0.3279 ± 0.146641	0.2655 ± 0.065032	0.786 ± 0.196978	0.856 ± 0.069680	0.751 ± 0.212470	0.836 ± 0.078622	0.847 ± 0.117603	0.886 ± 0.055167	0.939 ± 0.135886	0.970 ± 0.039101	0.951 ± 0.086563	0.968 ± 0.022005	0.943 ± 0.100292	0.959 ± 0.031344	0.770 ± 0.198891	0.840 ± 0.084918	0.952 ± 0.112468	0.978 ± 0.031440
precision_recall_auc	nan	nan	0.972 ± 0.043228	0.960 ± 0.020771	0.780 ± 0.148223	0.794 ± 0.098900	0.10432 ± 0.056165	0.08419 ± 0.023227	0.666 ± 0.284490	0.718 ± 0.207138	0.560 ± 0.296445	0.589 ± 0.197800	0.3307 ± 0.139627	0.2775 ± 0.059511	0.662 ± 0.378439	0.687 ± 0.302400	0.622 ± 0.277434	0.647 ± 0.192643	0.762 ± 0.135489	0.762 ± 0.092288	0.900 ± 0.303046	0.925 ± 0.239729	0.969 ± 0.048366	0.959 ± 0.021034	0.968 ± 0.055705	0.960 ± 0.020538	0.560 ± 0.296445	0.601 ± 0.207270	1.000 ± 0.000000	0.988 ± 0.035222
roc_auc	nan	nan	0.963 ± 0.068805	0.957 ± 0.021539	0.741 ± 0.146116	0.778 ± 0.127337	0.10290 ± 0.057131	0.08563 ± 0.026231	0.596 ± 0.306740	0.673 ± 0.272799	0.482 ± 0.292232	0.557 ± 0.254674	0.3319 ± 0.151675	0.2796 ± 0.065661	0.557 ± 0.453867	0.622 ± 0.408528	0.544 ± 0.288654	0.612 ± 0.255636	0.727 ± 0.128477	0.752 ± 0.113810	0.830 ± 0.369224	0.870 ± 0.326016	0.958 ± 0.075826	0.956 ± 0.021813	0.956 ± 0.091722	0.959 ± 0.019755	0.492 ± 0.297023	0.564 ± 0.261923	0.990 ± 0.049487	0.992 ± 0.026339
