	mean_best_threshold_tuning_score	mean_best_threshold	mean_test_average_precision	mean_train_average_precision	mean_test_balanced_accuracy	mean_train_balanced_accuracy	mean_test_brier_loss	mean_train_brier_loss	mean_test_f1	mean_train_f1	mean_test_informedness	mean_train_informedness	mean_test_log_loss	mean_train_log_loss	mean_test_markedness	mean_train_markedness	mean_test_mcc	mean_train_mcc	mean_test_negative_predictive_value	mean_train_negative_predictive_value	mean_test_precision	mean_train_precision	mean_test_precision_recall_auc	mean_train_precision_recall_auc	mean_test_roc_auc	mean_train_roc_auc	mean_test_sensitivity	mean_train_sensitivity	mean_test_specificity	mean_train_specificity
mcc	nan	nan	0.866 ± 0.099310	0.971 ± 0.045998	0.796 ± 0.128187	0.904 ± 0.056060	0.17290 ± 0.058541	0.07956 ± 0.036721	0.768 ± 0.143417	0.894 ± 0.061933	0.593 ± 0.256374	0.807 ± 0.112121	0.5309 ± 0.139422	0.2966 ± 0.099524	0.622 ± 0.257337	0.810 ± 0.111621	0.606 ± 0.254129	0.808 ± 0.111806	0.828 ± 0.146175	0.910 ± 0.052731	0.795 ± 0.175689	0.899 ± 0.063644	0.848 ± 0.112897	0.969 ± 0.048097	0.834 ± 0.129740	0.973 ± 0.044490	0.782 ± 0.194080	0.889 ± 0.065682	0.811 ± 0.170620	0.918 ± 0.052423
precision_recall_auc	nan	nan	0.865 ± 0.131923	0.974 ± 0.098318	0.762 ± 0.151297	0.951 ± 0.086495	0.17013 ± 0.061580	0.05835 ± 0.048404	0.720 ± 0.200891	0.937 ± 0.149232	0.523 ± 0.302594	0.902 ± 0.172990	0.5203 ± 0.149953	0.2449 ± 0.128192	0.541 ± 0.333507	0.895 ± 0.222428	0.536 ± 0.303597	0.903 ± 0.172359	0.797 ± 0.159932	0.955 ± 0.078761	0.744 ± 0.222631	0.940 ± 0.148304	0.846 ± 0.150874	0.973 ± 0.103262	0.835 ± 0.175782	0.971 ± 0.118547	0.730 ± 0.238428	0.934 ± 0.151504	0.793 ± 0.182949	0.968 ± 0.048591
roc_auc	nan	nan	0.872 ± 0.112623	0.992 ± 0.015366	0.783 ± 0.132869	0.955 ± 0.054364	0.17132 ± 0.063060	0.05289 ± 0.035240	0.754 ± 0.153567	0.950 ± 0.060590	0.566 ± 0.265738	0.910 ± 0.108729	0.5252 ± 0.156884	0.2296 ± 0.100647	0.587 ± 0.269701	0.911 ± 0.107612	0.576 ± 0.266089	0.910 ± 0.108135	0.818 ± 0.142038	0.959 ± 0.050772	0.770 ± 0.179780	0.952 ± 0.060224	0.855 ± 0.130218	0.991 ± 0.015950	0.842 ± 0.139254	0.993 ± 0.013839	0.767 ± 0.190476	0.948 ± 0.064344	0.799 ± 0.165828	0.962 ± 0.048514
