	mean_best_threshold_tuning_score	mean_best_threshold	mean_test_average_precision	mean_train_average_precision	mean_test_balanced_accuracy	mean_train_balanced_accuracy	mean_test_brier_loss	mean_train_brier_loss	mean_test_f1	mean_train_f1	mean_test_informedness	mean_train_informedness	mean_test_log_loss	mean_train_log_loss	mean_test_markedness	mean_train_markedness	mean_test_mcc	mean_train_mcc	mean_test_negative_predictive_value	mean_train_negative_predictive_value	mean_test_precision	mean_train_precision	mean_test_precision_recall_auc	mean_train_precision_recall_auc	mean_test_roc_auc	mean_train_roc_auc	mean_test_sensitivity	mean_train_sensitivity	mean_test_specificity	mean_train_specificity
mcc	nan	nan	0.798 ± 0.160672	0.982 ± 0.029487	0.636 ± 0.140989	0.941 ± 0.056680	0.23031 ± 0.057879	0.09410 ± 0.046450	0.586 ± 0.170944	0.937 ± 0.057331	0.273 ± 0.281977	0.881 ± 0.113360	0.6619 ± 0.149653	0.3505 ± 0.115430	0.348 ± 0.343276	0.884 ± 0.112196	0.305 ± 0.303924	0.883 ± 0.112652	0.705 ± 0.218079	0.963 ± 0.037272	0.644 ± 0.231691	0.921 ± 0.090090	0.768 ± 0.189477	0.982 ± 0.030318	0.750 ± 0.198302	0.978 ± 0.035017	0.630 ± 0.266815	0.957 ± 0.039332	0.643 ± 0.280308	0.924 ± 0.095315
precision_recall_auc	nan	nan	0.672 ± 0.187187	0.818 ± 0.289147	0.572 ± 0.117064	0.853 ± 0.213794	0.24224 ± 0.039628	0.13796 ± 0.150020	0.373 ± 0.289735	0.722 ± 0.433520	0.144 ± 0.234128	0.707 ± 0.427587	0.6857 ± 0.099538	0.5241 ± 0.851079	0.076 ± 0.447827	0.590 ± 0.625727	0.172 ± 0.262442	0.707 ± 0.427746	0.656 ± 0.197717	0.873 ± 0.194351	0.420 ± 0.344307	0.717 ± 0.432394	0.672 ± 0.189833	0.792 ± 0.329100	0.615 ± 0.224461	0.724 ± 0.438579	0.415 ± 0.378523	0.727 ± 0.436339	0.729 ± 0.287865	0.980 ± 0.046978
roc_auc	nan	nan	0.679 ± 0.189661	0.837 ± 0.279684	0.581 ± 0.128478	0.867 ± 0.200163	0.24303 ± 0.049191	0.13071 ± 0.148357	0.402 ± 0.290225	0.755 ± 0.407082	0.163 ± 0.256957	0.734 ± 0.400326	0.6909 ± 0.135951	0.5068 ± 0.851641	0.103 ± 0.461919	0.638 ± 0.584458	0.189 ± 0.285904	0.735 ± 0.400643	0.668 ± 0.224019	0.885 ± 0.178038	0.435 ± 0.328145	0.753 ± 0.407562	0.653 ± 0.213453	0.824 ± 0.303381	0.601 ± 0.247142	0.770 ± 0.400115	0.457 ± 0.385479	0.759 ± 0.408422	0.706 ± 0.296345	0.975 ± 0.056358
