	mean_ncv_average_precision	mean_ncv_balanced_accuracy	mean_ncv_brier_loss	mean_ncv_f1	mean_ncv_informedness	mean_ncv_log_loss	mean_ncv_markedness	mean_ncv_mcc	mean_ncv_negative_predictive_value	mean_ncv_precision	mean_ncv_precision_recall_auc	mean_ncv_roc_auc	mean_ncv_sensitivity	mean_ncv_specificity
mcc	0.886 ± 0.051066	0.826 ± 0.032151	0.13101 ± 0.021151	0.803 ± 0.038543	0.652 ± 0.064302	0.4396 ± 0.107593	0.674 ± 0.064107	0.663 ± 0.063684	0.821 ± 0.032815	0.853 ± 0.044486	0.882 ± 0.054971	0.876 ± 0.040000	0.761 ± 0.052705	0.891 ± 0.038331
precision_recall_auc	0.883 ± 0.045109	0.797 ± 0.056266	0.12785 ± 0.012455	0.762 ± 0.077285	0.594 ± 0.112532	0.4146 ± 0.039728	0.637 ± 0.103762	0.615 ± 0.107762	0.786 ± 0.056137	0.851 ± 0.063902	0.878 ± 0.052366	0.886 ± 0.027010	0.694 ± 0.102272	0.900 ± 0.046945
roc_auc	0.889 ± 0.049002	0.824 ± 0.042577	0.12433 ± 0.016656	0.799 ± 0.056391	0.649 ± 0.085154	0.4037 ± 0.051781	0.684 ± 0.085549	0.666 ± 0.083863	0.815 ± 0.042745	0.869 ± 0.067178	0.884 ± 0.056134	0.892 ± 0.033834	0.744 ± 0.079436	0.905 ± 0.054419
