	mean_best_threshold_tuning_score	mean_best_threshold	mean_test_average_precision	mean_train_average_precision	mean_test_balanced_accuracy	mean_train_balanced_accuracy	mean_test_brier_loss	mean_train_brier_loss	mean_test_f1	mean_train_f1	mean_test_informedness	mean_train_informedness	mean_test_log_loss	mean_train_log_loss	mean_test_markedness	mean_train_markedness	mean_test_mcc	mean_train_mcc	mean_test_negative_predictive_value	mean_train_negative_predictive_value	mean_test_precision	mean_train_precision	mean_test_precision_recall_auc	mean_train_precision_recall_auc	mean_test_roc_auc	mean_train_roc_auc	mean_test_sensitivity	mean_train_sensitivity	mean_test_specificity	mean_train_specificity
mcc	nan	nan	0.917 ± 0.098231	0.966 ± 0.019418	0.815 ± 0.126771	0.917 ± 0.040214	0.13614 ± 0.074282	0.06973 ± 0.021239	0.781 ± 0.156223	0.909 ± 0.045440	0.629 ± 0.253542	0.835 ± 0.080428	0.4494 ± 0.236121	0.2517 ± 0.061147	0.677 ± 0.241331	0.857 ± 0.074534	0.651 ± 0.245048	0.846 ± 0.076964	0.844 ± 0.137272	0.902 ± 0.045167	0.832 ± 0.190667	0.955 ± 0.045394	0.908 ± 0.110278	0.966 ± 0.019676	0.891 ± 0.135595	0.959 ± 0.024035	0.785 ± 0.203491	0.870 ± 0.063975	0.844 ± 0.190766	0.965 ± 0.037623
precision_recall_auc	nan	nan	0.943 ± 0.077548	0.945 ± 0.095467	0.833 ± 0.124850	0.858 ± 0.081720	0.11884 ± 0.060026	0.08829 ± 0.031924	0.787 ± 0.205183	0.824 ± 0.174612	0.665 ± 0.249699	0.716 ± 0.163440	0.3865 ± 0.161989	0.2848 ± 0.082751	0.681 ± 0.304232	0.721 ± 0.253359	0.681 ± 0.245054	0.727 ± 0.165959	0.850 ± 0.137509	0.851 ± 0.072102	0.831 ± 0.228621	0.870 ± 0.188813	0.936 ± 0.085717	0.944 ± 0.096526	0.924 ± 0.109636	0.937 ± 0.134794	0.780 ± 0.239141	0.787 ± 0.171285	0.885 ± 0.142231	0.929 ± 0.053586
roc_auc	nan	nan	0.943 ± 0.077393	0.944 ± 0.095543	0.840 ± 0.118103	0.860 ± 0.063751	0.11986 ± 0.063102	0.09049 ± 0.032315	0.805 ± 0.173450	0.836 ± 0.127534	0.680 ± 0.236207	0.721 ± 0.127501	0.3871 ± 0.171184	0.2879 ± 0.083093	0.705 ± 0.256786	0.731 ± 0.190305	0.695 ± 0.230112	0.730 ± 0.129602	0.863 ± 0.131319	0.857 ± 0.060097	0.842 ± 0.193963	0.874 ± 0.140103	0.936 ± 0.085570	0.943 ± 0.096603	0.924 ± 0.108906	0.937 ± 0.134927	0.805 ± 0.214689	0.805 ± 0.128443	0.875 ± 0.142589	0.916 ± 0.054099
