	mean_best_threshold_tuning_score	mean_best_threshold	mean_test_average_precision	mean_train_average_precision	mean_test_balanced_accuracy	mean_train_balanced_accuracy	mean_test_brier_loss	mean_train_brier_loss	mean_test_f1	mean_train_f1	mean_test_informedness	mean_train_informedness	mean_test_log_loss	mean_train_log_loss	mean_test_markedness	mean_train_markedness	mean_test_mcc	mean_train_mcc	mean_test_negative_predictive_value	mean_train_negative_predictive_value	mean_test_precision	mean_train_precision	mean_test_precision_recall_auc	mean_train_precision_recall_auc	mean_test_roc_auc	mean_train_roc_auc	mean_test_sensitivity	mean_train_sensitivity	mean_test_specificity	mean_train_specificity
mcc	nan	nan	0.952 ± 0.068442	0.974 ± 0.017632	0.867 ± 0.118929	0.917 ± 0.039759	0.10623 ± 0.067938	0.05932 ± 0.024039	0.834 ± 0.154806	0.909 ± 0.045942	0.733 ± 0.237857	0.835 ± 0.079519	0.3584 ± 0.200011	0.2165 ± 0.070781	0.797 ± 0.197503	0.858 ± 0.073640	0.762 ± 0.215542	0.846 ± 0.076155	0.855 ± 0.133445	0.900 ± 0.042477	0.943 ± 0.117907	0.958 ± 0.043914	0.946 ± 0.076951	0.973 ± 0.017869	0.938 ± 0.091844	0.970 ± 0.020542	0.778 ± 0.212699	0.866 ± 0.061418	0.955 ± 0.091613	0.969 ± 0.034304
precision_recall_auc	nan	nan	0.936 ± 0.097598	0.964 ± 0.019260	0.795 ± 0.158893	0.862 ± 0.105912	0.12703 ± 0.082522	0.07847 ± 0.031275	0.735 ± 0.256544	0.820 ± 0.217575	0.591 ± 0.317786	0.725 ± 0.211824	0.3983 ± 0.231961	0.2579 ± 0.086296	0.585 ± 0.397673	0.715 ± 0.310058	0.602 ± 0.320029	0.733 ± 0.212054	0.818 ± 0.162792	0.862 ± 0.093160	0.767 ± 0.282762	0.853 ± 0.226074	0.927 ± 0.113471	0.964 ± 0.019530	0.926 ± 0.108786	0.963 ± 0.021259	0.737 ± 0.281899	0.795 ± 0.217023	0.854 ± 0.170486	0.930 ± 0.055778
roc_auc	nan	nan	0.937 ± 0.097555	0.963 ± 0.018468	0.822 ± 0.146786	0.873 ± 0.053917	0.12647 ± 0.083538	0.08221 ± 0.031156	0.791 ± 0.183276	0.858 ± 0.063765	0.645 ± 0.293571	0.746 ± 0.107834	0.3990 ± 0.234290	0.2641 ± 0.085245	0.673 ± 0.297038	0.763 ± 0.100637	0.658 ± 0.293466	0.754 ± 0.102848	0.841 ± 0.146934	0.873 ± 0.055634	0.832 ± 0.209778	0.889 ± 0.066430	0.928 ± 0.113432	0.962 ± 0.018732	0.927 ± 0.108553	0.961 ± 0.019857	0.787 ± 0.218322	0.835 ± 0.086491	0.858 ± 0.171536	0.911 ± 0.056717
