	mean_best_threshold_tuning_score	mean_best_threshold	mean_test_average_precision	mean_train_average_precision	mean_test_balanced_accuracy	mean_train_balanced_accuracy	mean_test_brier_loss	mean_train_brier_loss	mean_test_f1	mean_train_f1	mean_test_informedness	mean_train_informedness	mean_test_log_loss	mean_train_log_loss	mean_test_markedness	mean_train_markedness	mean_test_mcc	mean_train_mcc	mean_test_negative_predictive_value	mean_train_negative_predictive_value	mean_test_precision	mean_train_precision	mean_test_precision_recall_auc	mean_train_precision_recall_auc	mean_test_roc_auc	mean_train_roc_auc	mean_test_sensitivity	mean_train_sensitivity	mean_test_specificity	mean_train_specificity
mcc	nan	nan	0.928 ± 0.090469	0.976 ± 0.014829	0.820 ± 0.124439	0.931 ± 0.039108	0.13181 ± 0.054915	0.06889 ± 0.028698	0.783 ± 0.157787	0.925 ± 0.043644	0.641 ± 0.248879	0.863 ± 0.078216	0.4478 ± 0.195964	0.2618 ± 0.091434	0.704 ± 0.227433	0.877 ± 0.072584	0.669 ± 0.234881	0.870 ± 0.075278	0.832 ± 0.137742	0.920 ± 0.044234	0.872 ± 0.171106	0.957 ± 0.033894	0.917 ± 0.107344	0.976 ± 0.014906	0.912 ± 0.108661	0.974 ± 0.016188	0.752 ± 0.216582	0.896 ± 0.058598	0.889 ± 0.164531	0.967 ± 0.026988
precision_recall_auc	nan	nan	0.941 ± 0.073613	0.972 ± 0.015810	0.843 ± 0.115605	0.919 ± 0.041279	0.12454 ± 0.047990	0.07600 ± 0.028814	0.815 ± 0.141458	0.910 ± 0.046560	0.687 ± 0.231210	0.838 ± 0.082559	0.4338 ± 0.178988	0.2821 ± 0.091765	0.750 ± 0.206994	0.856 ± 0.074084	0.715 ± 0.216262	0.847 ± 0.078095	0.849 ± 0.133721	0.905 ± 0.047339	0.901 ± 0.152471	0.951 ± 0.034396	0.934 ± 0.083053	0.972 ± 0.015537	0.925 ± 0.096032	0.971 ± 0.016349	0.782 ± 0.200545	0.875 ± 0.065986	0.905 ± 0.156899	0.963 ± 0.027409
roc_auc	nan	nan	0.935 ± 0.071412	0.971 ± 0.016772	0.831 ± 0.109657	0.911 ± 0.047279	0.12787 ± 0.047492	0.07683 ± 0.031259	0.803 ± 0.134351	0.901 ± 0.053076	0.663 ± 0.219314	0.822 ± 0.094559	0.4406 ± 0.176788	0.2823 ± 0.099036	0.724 ± 0.201588	0.838 ± 0.088300	0.691 ± 0.206886	0.830 ± 0.091175	0.850 ± 0.130835	0.901 ± 0.051623	0.874 ± 0.157976	0.936 ± 0.044385	0.928 ± 0.080587	0.972 ± 0.016516	0.918 ± 0.092922	0.971 ± 0.016897	0.785 ± 0.197124	0.871 ± 0.070503	0.878 ± 0.162932	0.951 ± 0.035733
