	mean_best_threshold_tuning_score	mean_best_threshold	mean_test_average_precision	mean_train_average_precision	mean_test_balanced_accuracy	mean_train_balanced_accuracy	mean_test_brier_loss	mean_train_brier_loss	mean_test_f1	mean_train_f1	mean_test_informedness	mean_train_informedness	mean_test_log_loss	mean_train_log_loss	mean_test_markedness	mean_train_markedness	mean_test_mcc	mean_train_mcc	mean_test_negative_predictive_value	mean_train_negative_predictive_value	mean_test_precision	mean_train_precision	mean_test_precision_recall_auc	mean_train_precision_recall_auc	mean_test_roc_auc	mean_train_roc_auc	mean_test_sensitivity	mean_train_sensitivity	mean_test_specificity	mean_train_specificity
mcc	nan	nan	0.937 ± 0.073952	0.996 ± 0.011118	0.844 ± 0.134131	0.978 ± 0.039336	0.11733 ± 0.080328	0.01967 ± 0.026580	0.822 ± 0.152257	0.976 ± 0.042649	0.688 ± 0.268262	0.957 ± 0.078672	0.3698 ± 0.217162	0.0996 ± 0.092152	0.716 ± 0.259796	0.959 ± 0.077947	0.701 ± 0.261950	0.958 ± 0.078233	0.865 ± 0.138543	0.978 ± 0.037764	0.851 ± 0.173755	0.981 ± 0.046223	0.929 ± 0.083835	0.996 ± 0.011462	0.925 ± 0.097708	0.996 ± 0.011789	0.823 ± 0.188712	0.972 ± 0.045779	0.865 ± 0.166981	0.984 ± 0.040137
precision_recall_auc	nan	nan	0.955 ± 0.062770	1.000 ± 0.000000	0.881 ± 0.120145	0.999 ± 0.005051	0.09746 ± 0.075509	0.00738 ± 0.011512	0.855 ± 0.147722	0.999 ± 0.005238	0.761 ± 0.240290	0.999 ± 0.010102	0.3174 ± 0.216897	0.0550 ± 0.047896	0.794 ± 0.219959	0.999 ± 0.007443	0.776 ± 0.228280	0.999 ± 0.008779	0.885 ± 0.132578	0.999 ± 0.007443	0.910 ± 0.148236	1.000 ± 0.000000	0.949 ± 0.072482	1.000 ± 0.000000	0.951 ± 0.066541	1.000 ± 0.000000	0.835 ± 0.196692	0.999 ± 0.010102	0.926 ± 0.123404	1.000 ± 0.000000
roc_auc	nan	nan	0.959 ± 0.058339	1.000 ± 0.002172	0.874 ± 0.117232	0.997 ± 0.019638	0.10316 ± 0.077296	0.00787 ± 0.015834	0.846 ± 0.149492	0.996 ± 0.022275	0.747 ± 0.234465	0.993 ± 0.039276	0.3440 ± 0.253863	0.0543 ± 0.061597	0.781 ± 0.209239	0.994 ± 0.033679	0.762 ± 0.219717	0.994 ± 0.036503	0.884 ± 0.128829	0.996 ± 0.022337	0.897 ± 0.146269	0.998 ± 0.011785	0.953 ± 0.067833	1.000 ± 0.002256	0.956 ± 0.058638	1.000 ± 0.001684	0.835 ± 0.201672	0.994 ± 0.031748	0.912 ± 0.123949	0.999 ± 0.007857
