	mean_best_threshold_tuning_score	mean_best_threshold	mean_test_average_precision	mean_train_average_precision	mean_test_balanced_accuracy	mean_train_balanced_accuracy	mean_test_brier_loss	mean_train_brier_loss	mean_test_f1	mean_train_f1	mean_test_informedness	mean_train_informedness	mean_test_log_loss	mean_train_log_loss	mean_test_markedness	mean_train_markedness	mean_test_mcc	mean_train_mcc	mean_test_negative_predictive_value	mean_train_negative_predictive_value	mean_test_precision	mean_train_precision	mean_test_precision_recall_auc	mean_train_precision_recall_auc	mean_test_roc_auc	mean_train_roc_auc	mean_test_sensitivity	mean_train_sensitivity	mean_test_specificity	mean_train_specificity
mcc	nan	nan	0.900 ± 0.114891	0.976 ± 0.014823	0.815 ± 0.139964	0.931 ± 0.039108	0.14780 ± 0.062669	0.06889 ± 0.028698	0.790 ± 0.160112	0.925 ± 0.043644	0.631 ± 0.279929	0.863 ± 0.078216	0.4905 ± 0.174953	0.2618 ± 0.091435	0.663 ± 0.276135	0.877 ± 0.072584	0.646 ± 0.276331	0.870 ± 0.075278	0.858 ± 0.147282	0.920 ± 0.044234	0.805 ± 0.197382	0.957 ± 0.033894	0.886 ± 0.135687	0.976 ± 0.014901	0.876 ± 0.136703	0.974 ± 0.016177	0.812 ± 0.199780	0.896 ± 0.058598	0.819 ± 0.192165	0.967 ± 0.026988
precision_recall_auc	nan	nan	0.917 ± 0.096797	0.972 ± 0.015804	0.831 ± 0.128875	0.919 ± 0.041279	0.13673 ± 0.052231	0.07600 ± 0.028814	0.806 ± 0.149303	0.910 ± 0.046560	0.661 ± 0.257751	0.838 ± 0.082559	0.4679 ± 0.155813	0.2821 ± 0.091764	0.691 ± 0.250058	0.856 ± 0.074084	0.675 ± 0.252189	0.847 ± 0.078095	0.865 ± 0.139961	0.905 ± 0.047339	0.825 ± 0.180960	0.951 ± 0.034396	0.907 ± 0.111227	0.972 ± 0.015532	0.897 ± 0.118583	0.971 ± 0.016343	0.825 ± 0.189170	0.875 ± 0.065986	0.836 ± 0.178154	0.963 ± 0.027409
roc_auc	nan	nan	0.923 ± 0.087836	0.971 ± 0.016743	0.832 ± 0.120609	0.911 ± 0.047279	0.13618 ± 0.050544	0.07683 ± 0.031259	0.808 ± 0.144469	0.901 ± 0.053076	0.663 ± 0.241218	0.822 ± 0.094559	0.4655 ± 0.153033	0.2823 ± 0.099035	0.696 ± 0.233731	0.838 ± 0.088300	0.678 ± 0.235792	0.830 ± 0.091175	0.866 ± 0.129817	0.901 ± 0.051623	0.830 ± 0.176007	0.936 ± 0.044385	0.915 ± 0.097086	0.972 ± 0.016483	0.903 ± 0.111480	0.971 ± 0.016862	0.823 ± 0.183380	0.871 ± 0.070503	0.840 ± 0.172319	0.951 ± 0.035733
