	mean_best_threshold_tuning_score	mean_best_threshold	mean_test_average_precision	mean_train_average_precision	mean_test_balanced_accuracy	mean_train_balanced_accuracy	mean_test_brier_loss	mean_train_brier_loss	mean_test_f1	mean_train_f1	mean_test_informedness	mean_train_informedness	mean_test_log_loss	mean_train_log_loss	mean_test_markedness	mean_train_markedness	mean_test_mcc	mean_train_mcc	mean_test_negative_predictive_value	mean_train_negative_predictive_value	mean_test_precision	mean_train_precision	mean_test_precision_recall_auc	mean_train_precision_recall_auc	mean_test_roc_auc	mean_train_roc_auc	mean_test_sensitivity	mean_train_sensitivity	mean_test_specificity	mean_train_specificity
mcc	nan	nan	0.916 ± 0.086859	1.000 ± 0.000000	0.786 ± 0.102474	1.000 ± 0.000000	0.14042 ± 0.054378	0.01345 ± 0.002774	0.744 ± 0.136256	1.000 ± 0.000000	0.573 ± 0.204949	1.000 ± 0.000000	0.4339 ± 0.156860	0.0960 ± 0.013668	0.627 ± 0.202318	1.000 ± 0.000000	0.597 ± 0.198815	1.000 ± 0.000000	0.814 ± 0.134568	1.000 ± 0.000000	0.814 ± 0.168449	1.000 ± 0.000000	0.904 ± 0.104515	1.000 ± 0.000000	0.909 ± 0.093495	1.000 ± 0.000000	0.737 ± 0.208493	1.000 ± 0.000000	0.836 ± 0.155196	1.000 ± 0.000000
precision_recall_auc	nan	nan	0.912 ± 0.094440	1.000 ± 0.000000	0.806 ± 0.103123	1.000 ± 0.000000	0.13897 ± 0.055310	0.01320 ± 0.002485	0.769 ± 0.139127	1.000 ± 0.000000	0.612 ± 0.206246	1.000 ± 0.000000	0.4358 ± 0.174261	0.0953 ± 0.013228	0.673 ± 0.193982	1.000 ± 0.000000	0.639 ± 0.195263	1.000 ± 0.000000	0.839 ± 0.136788	1.000 ± 0.000000	0.833 ± 0.160604	1.000 ± 0.000000	0.901 ± 0.112726	1.000 ± 0.000000	0.903 ± 0.106650	1.000 ± 0.000000	0.768 ± 0.213816	1.000 ± 0.000000	0.844 ± 0.155393	1.000 ± 0.000000
roc_auc	nan	nan	0.916 ± 0.086581	1.000 ± 0.000000	0.806 ± 0.111872	1.000 ± 0.000000	0.13816 ± 0.053681	0.01357 ± 0.002585	0.766 ± 0.143593	1.000 ± 0.000000	0.611 ± 0.223745	1.000 ± 0.000000	0.4288 ± 0.148236	0.0972 ± 0.013231	0.673 ± 0.208306	1.000 ± 0.000000	0.639 ± 0.210946	1.000 ± 0.000000	0.833 ± 0.144474	1.000 ± 0.000000	0.840 ± 0.164168	1.000 ± 0.000000	0.903 ± 0.103974	1.000 ± 0.000000	0.905 ± 0.097851	1.000 ± 0.000000	0.758 ± 0.220319	1.000 ± 0.000000	0.853 ± 0.158246	1.000 ± 0.000000
