	mean_ncv_average_precision	mean_ncv_balanced_accuracy	mean_ncv_brier_loss	mean_ncv_f1	mean_ncv_informedness	mean_ncv_log_loss	mean_ncv_markedness	mean_ncv_mcc	mean_ncv_negative_predictive_value	mean_ncv_precision	mean_ncv_precision_recall_auc	mean_ncv_roc_auc	mean_ncv_sensitivity	mean_ncv_specificity
mcc	0.848 ± 0.028289	0.814 ± 0.028601	0.14634 ± 0.009246	0.794 ± 0.031901	0.629 ± 0.057202	0.4536 ± 0.030373	0.635 ± 0.060814	0.632 ± 0.058824	0.827 ± 0.027648	0.808 ± 0.045302	0.843 ± 0.029249	0.869 ± 0.018142	0.783 ± 0.040992	0.845 ± 0.043913
precision_recall_auc	0.843 ± 0.033728	0.808 ± 0.038464	0.14297 ± 0.010614	0.789 ± 0.041342	0.616 ± 0.076927	0.4464 ± 0.034798	0.618 ± 0.081000	0.617 ± 0.078925	0.827 ± 0.029012	0.791 ± 0.055369	0.837 ± 0.038529	0.874 ± 0.021886	0.789 ± 0.035136	0.827 ± 0.051604
roc_auc	0.840 ± 0.024579	0.799 ± 0.040457	0.14546 ± 0.008508	0.776 ± 0.048164	0.597 ± 0.080915	0.4544 ± 0.030003	0.607 ± 0.082922	0.602 ± 0.081577	0.812 ± 0.040150	0.795 ± 0.057520	0.832 ± 0.027140	0.870 ± 0.014365	0.761 ± 0.064417	0.836 ± 0.053354
