	mean_best_threshold_tuning_score	mean_best_threshold	mean_test_average_precision	mean_train_average_precision	mean_test_balanced_accuracy	mean_train_balanced_accuracy	mean_test_brier_loss	mean_train_brier_loss	mean_test_f1	mean_train_f1	mean_test_informedness	mean_train_informedness	mean_test_log_loss	mean_train_log_loss	mean_test_markedness	mean_train_markedness	mean_test_mcc	mean_train_mcc	mean_test_negative_predictive_value	mean_train_negative_predictive_value	mean_test_precision	mean_train_precision	mean_test_precision_recall_auc	mean_train_precision_recall_auc	mean_test_roc_auc	mean_train_roc_auc	mean_test_sensitivity	mean_train_sensitivity	mean_test_specificity	mean_train_specificity
mcc	nan	nan	0.914 ± 0.086929	1.000 ± 0.000000	0.815 ± 0.105248	1.000 ± 0.000000	0.13298 ± 0.056420	0.01109 ± 0.002396	0.778 ± 0.139200	1.000 ± 0.000000	0.630 ± 0.210496	1.000 ± 0.000000	0.4226 ± 0.156631	0.0812 ± 0.014707	0.697 ± 0.190729	1.000 ± 0.000000	0.660 ± 0.196732	1.000 ± 0.000000	0.826 ± 0.129607	1.000 ± 0.000000	0.870 ± 0.160967	1.000 ± 0.000000	0.904 ± 0.098384	1.000 ± 0.000000	0.893 ± 0.108170	1.000 ± 0.000000	0.750 ± 0.203429	1.000 ± 0.000000	0.880 ± 0.158758	1.000 ± 0.000000
precision_recall_auc	nan	nan	0.902 ± 0.106139	1.000 ± 0.000000	0.815 ± 0.108179	1.000 ± 0.000000	0.13468 ± 0.059736	0.01118 ± 0.002557	0.778 ± 0.142163	1.000 ± 0.000000	0.630 ± 0.216357	1.000 ± 0.000000	0.4223 ± 0.161056	0.0828 ± 0.015394	0.683 ± 0.207081	1.000 ± 0.000000	0.654 ± 0.208234	1.000 ± 0.000000	0.836 ± 0.134398	1.000 ± 0.000000	0.847 ± 0.163403	1.000 ± 0.000000	0.885 ± 0.138477	1.000 ± 0.000000	0.882 ± 0.116580	1.000 ± 0.000000	0.763 ± 0.206444	1.000 ± 0.000000	0.867 ± 0.146597	1.000 ± 0.000000
roc_auc	nan	nan	0.910 ± 0.099724	1.000 ± 0.000000	0.816 ± 0.105944	1.000 ± 0.000000	0.13430 ± 0.057569	0.01050 ± 0.002139	0.778 ± 0.139951	1.000 ± 0.000000	0.632 ± 0.211887	1.000 ± 0.000000	0.4172 ± 0.155752	0.0787 ± 0.013057	0.695 ± 0.192369	1.000 ± 0.000000	0.660 ± 0.198138	1.000 ± 0.000000	0.839 ± 0.136945	1.000 ± 0.000000	0.856 ± 0.160343	1.000 ± 0.000000	0.898 ± 0.119007	1.000 ± 0.000000	0.894 ± 0.113818	1.000 ± 0.000000	0.765 ± 0.212085	1.000 ± 0.000000	0.867 ± 0.157341	1.000 ± 0.000000
