	mean_best_threshold_tuning_score	mean_best_threshold	mean_test_average_precision	mean_train_average_precision	mean_test_balanced_accuracy	mean_train_balanced_accuracy	mean_test_brier_loss	mean_train_brier_loss	mean_test_f1	mean_train_f1	mean_test_informedness	mean_train_informedness	mean_test_log_loss	mean_train_log_loss	mean_test_markedness	mean_train_markedness	mean_test_mcc	mean_train_mcc	mean_test_negative_predictive_value	mean_train_negative_predictive_value	mean_test_precision	mean_train_precision	mean_test_precision_recall_auc	mean_train_precision_recall_auc	mean_test_roc_auc	mean_train_roc_auc	mean_test_sensitivity	mean_train_sensitivity	mean_test_specificity	mean_train_specificity
mcc	nan	nan	0.838 ± 0.131067	0.973 ± 0.023595	0.746 ± 0.138702	0.932 ± 0.051405	0.18618 ± 0.080110	0.07040 ± 0.030927	0.667 ± 0.211459	0.924 ± 0.062531	0.491 ± 0.277404	0.865 ± 0.102810	0.6672 ± 0.386416	0.2694 ± 0.087034	0.577 ± 0.299613	0.887 ± 0.080213	0.531 ± 0.266384	0.876 ± 0.091124	0.751 ± 0.153494	0.917 ± 0.060147	0.826 ± 0.222008	0.970 ± 0.034829	0.815 ± 0.155197	0.972 ± 0.023945	0.784 ± 0.166126	0.967 ± 0.029412	0.618 ± 0.266246	0.888 ± 0.093321	0.873 ± 0.163573	0.977 ± 0.026075
precision_recall_auc	nan	nan	0.816 ± 0.139333	0.967 ± 0.033485	0.712 ± 0.135086	0.915 ± 0.082080	0.20122 ± 0.080229	0.06550 ± 0.036456	0.603 ± 0.238793	0.899 ± 0.107256	0.423 ± 0.270173	0.831 ± 0.164160	0.7081 ± 0.362253	0.2509 ± 0.106907	0.512 ± 0.365750	0.881 ± 0.104730	0.470 ± 0.286702	0.854 ± 0.135860	0.707 ± 0.131309	0.894 ± 0.096707	0.805 ± 0.294778	0.987 ± 0.026089	0.789 ± 0.167995	0.966 ± 0.034794	0.760 ± 0.175762	0.962 ± 0.030938	0.523 ± 0.257011	0.840 ± 0.162158	0.900 ± 0.143925	0.991 ± 0.017795
roc_auc	nan	nan	0.827 ± 0.121008	0.959 ± 0.043659	0.730 ± 0.129396	0.901 ± 0.082524	0.19152 ± 0.073050	0.06921 ± 0.037699	0.633 ± 0.208010	0.885 ± 0.102448	0.460 ± 0.258793	0.803 ± 0.165048	0.6614 ± 0.282888	0.2584 ± 0.111156	0.582 ± 0.300604	0.844 ± 0.130074	0.512 ± 0.266754	0.823 ± 0.147686	0.718 ± 0.134265	0.880 ± 0.092661	0.863 ± 0.235558	0.964 ± 0.048028	0.801 ± 0.145945	0.957 ± 0.046304	0.779 ± 0.155181	0.963 ± 0.031508	0.542 ± 0.241787	0.826 ± 0.145446	0.918 ± 0.122374	0.976 ± 0.032067
