	mean_best_threshold_tuning_score	mean_best_threshold	mean_test_average_precision	mean_train_average_precision	mean_test_balanced_accuracy	mean_train_balanced_accuracy	mean_test_brier_loss	mean_train_brier_loss	mean_test_f1	mean_train_f1	mean_test_informedness	mean_train_informedness	mean_test_log_loss	mean_train_log_loss	mean_test_markedness	mean_train_markedness	mean_test_mcc	mean_train_mcc	mean_test_negative_predictive_value	mean_train_negative_predictive_value	mean_test_precision	mean_train_precision	mean_test_precision_recall_auc	mean_train_precision_recall_auc	mean_test_roc_auc	mean_train_roc_auc	mean_test_sensitivity	mean_train_sensitivity	mean_test_specificity	mean_train_specificity
mcc	nan	nan	0.944 ± 0.079954	0.969 ± 0.015098	0.855 ± 0.105648	0.915 ± 0.031587	0.10931 ± 0.064577	0.06194 ± 0.021164	0.825 ± 0.134325	0.907 ± 0.035803	0.711 ± 0.211296	0.831 ± 0.063175	0.3732 ± 0.212572	0.2252 ± 0.064750	0.766 ± 0.184927	0.852 ± 0.058119	0.736 ± 0.194940	0.841 ± 0.060382	0.853 ± 0.127747	0.898 ± 0.035060	0.912 ± 0.132686	0.954 ± 0.031742	0.937 ± 0.089819	0.969 ± 0.015220	0.927 ± 0.103384	0.963 ± 0.019070	0.787 ± 0.196454	0.865 ± 0.048770	0.924 ± 0.115281	0.966 ± 0.025245
precision_recall_auc	nan	nan	0.929 ± 0.081688	0.963 ± 0.020875	0.814 ± 0.154220	0.846 ± 0.130667	0.13212 ± 0.083234	0.07619 ± 0.031606	0.737 ± 0.282222	0.780 ± 0.274371	0.627 ± 0.308439	0.692 ± 0.261334	0.4383 ± 0.268989	0.2481 ± 0.090786	0.625 ± 0.411871	0.682 ± 0.392865	0.646 ± 0.306112	0.709 ± 0.259249	0.818 ± 0.149813	0.838 ± 0.119045	0.807 ± 0.311080	0.844 ± 0.288904	0.919 ± 0.093735	0.963 ± 0.021066	0.913 ± 0.100719	0.961 ± 0.022585	0.705 ± 0.296527	0.737 ± 0.273861	0.922 ± 0.142557	0.956 ± 0.048145
roc_auc	nan	nan	0.932 ± 0.087826	0.959 ± 0.020085	0.808 ± 0.153493	0.854 ± 0.105196	0.14367 ± 0.088684	0.08270 ± 0.030563	0.748 ± 0.260531	0.810 ± 0.216681	0.617 ± 0.306986	0.709 ± 0.210393	0.4817 ± 0.317982	0.2644 ± 0.090076	0.627 ± 0.388708	0.704 ± 0.311435	0.633 ± 0.312017	0.720 ± 0.209028	0.821 ± 0.147822	0.852 ± 0.099675	0.806 ± 0.283379	0.852 ± 0.226364	0.922 ± 0.103866	0.958 ± 0.020289	0.916 ± 0.109731	0.958 ± 0.020573	0.727 ± 0.278704	0.778 ± 0.220438	0.890 ± 0.153862	0.930 ± 0.057315
