	mean_best_threshold_tuning_score	mean_best_threshold	mean_test_average_precision	mean_train_average_precision	mean_test_balanced_accuracy	mean_train_balanced_accuracy	mean_test_brier_loss	mean_train_brier_loss	mean_test_f1	mean_train_f1	mean_test_informedness	mean_train_informedness	mean_test_log_loss	mean_train_log_loss	mean_test_markedness	mean_train_markedness	mean_test_mcc	mean_train_mcc	mean_test_negative_predictive_value	mean_train_negative_predictive_value	mean_test_precision	mean_train_precision	mean_test_precision_recall_auc	mean_train_precision_recall_auc	mean_test_roc_auc	mean_train_roc_auc	mean_test_sensitivity	mean_train_sensitivity	mean_test_specificity	mean_train_specificity
mcc	nan	nan	0.947 ± 0.065107	0.969 ± 0.015098	0.883 ± 0.103708	0.915 ± 0.031587	0.09792 ± 0.055349	0.06194 ± 0.021164	0.855 ± 0.143058	0.907 ± 0.035803	0.766 ± 0.207416	0.831 ± 0.063175	0.3446 ± 0.178528	0.2252 ± 0.064750	0.833 ± 0.152566	0.852 ± 0.058119	0.797 ± 0.179881	0.841 ± 0.060382	0.865 ± 0.116220	0.898 ± 0.035060	0.968 ± 0.090062	0.954 ± 0.031742	0.941 ± 0.072696	0.969 ± 0.015220	0.927 ± 0.090473	0.963 ± 0.019070	0.793 ± 0.195789	0.865 ± 0.048770	0.973 ± 0.074375	0.966 ± 0.025245
precision_recall_auc	nan	nan	0.939 ± 0.076755	0.963 ± 0.020875	0.825 ± 0.157696	0.846 ± 0.130667	0.12074 ± 0.074744	0.07619 ± 0.031606	0.747 ± 0.290646	0.780 ± 0.274371	0.650 ± 0.315393	0.692 ± 0.261334	0.3943 ± 0.236867	0.2481 ± 0.090786	0.646 ± 0.419287	0.682 ± 0.392865	0.668 ± 0.313345	0.709 ± 0.259249	0.829 ± 0.148958	0.838 ± 0.119045	0.817 ± 0.314277	0.844 ± 0.288904	0.931 ± 0.087233	0.963 ± 0.021066	0.926 ± 0.089980	0.961 ± 0.022585	0.713 ± 0.302184	0.737 ± 0.273861	0.937 ± 0.126898	0.956 ± 0.048145
roc_auc	nan	nan	0.938 ± 0.084675	0.959 ± 0.020085	0.825 ± 0.152167	0.854 ± 0.105196	0.13109 ± 0.076951	0.08270 ± 0.030563	0.765 ± 0.263188	0.810 ± 0.216681	0.651 ± 0.304333	0.709 ± 0.210393	0.4095 ± 0.209277	0.2644 ± 0.090076	0.658 ± 0.387489	0.704 ± 0.311435	0.666 ± 0.308774	0.720 ± 0.209028	0.836 ± 0.146467	0.852 ± 0.099675	0.823 ± 0.281512	0.852 ± 0.226364	0.929 ± 0.100075	0.958 ± 0.020289	0.924 ± 0.098297	0.958 ± 0.020573	0.742 ± 0.281844	0.778 ± 0.220438	0.909 ± 0.130810	0.930 ± 0.057315
