	mean_best_threshold_tuning_score	mean_best_threshold	mean_test_average_precision	mean_train_average_precision	mean_test_balanced_accuracy	mean_train_balanced_accuracy	mean_test_brier_loss	mean_train_brier_loss	mean_test_f1	mean_train_f1	mean_test_informedness	mean_train_informedness	mean_test_log_loss	mean_train_log_loss	mean_test_markedness	mean_train_markedness	mean_test_mcc	mean_train_mcc	mean_test_negative_predictive_value	mean_train_negative_predictive_value	mean_test_precision	mean_train_precision	mean_test_precision_recall_auc	mean_train_precision_recall_auc	mean_test_roc_auc	mean_train_roc_auc	mean_test_sensitivity	mean_train_sensitivity	mean_test_specificity	mean_train_specificity
mcc	nan	nan	0.926 ± 0.087032	0.969 ± 0.015098	0.859 ± 0.120105	0.915 ± 0.031587	0.12049 ± 0.069372	0.06194 ± 0.021164	0.837 ± 0.139796	0.907 ± 0.035803	0.718 ± 0.240211	0.831 ± 0.063175	0.4116 ± 0.212523	0.2252 ± 0.064750	0.742 ± 0.237002	0.852 ± 0.058119	0.730 ± 0.237402	0.841 ± 0.060382	0.871 ± 0.123720	0.898 ± 0.035060	0.871 ± 0.166728	0.954 ± 0.031742	0.917 ± 0.097103	0.969 ± 0.015220	0.904 ± 0.121221	0.963 ± 0.019070	0.828 ± 0.170375	0.865 ± 0.048770	0.890 ± 0.150509	0.966 ± 0.025245
precision_recall_auc	nan	nan	0.927 ± 0.086143	0.963 ± 0.020875	0.815 ± 0.154705	0.846 ± 0.130667	0.13150 ± 0.078253	0.07619 ± 0.031606	0.741 ± 0.285205	0.780 ± 0.274371	0.629 ± 0.309410	0.692 ± 0.261334	0.4507 ± 0.249364	0.2481 ± 0.090786	0.616 ± 0.415372	0.682 ± 0.392865	0.643 ± 0.309956	0.709 ± 0.259249	0.833 ± 0.150203	0.838 ± 0.119045	0.783 ± 0.308349	0.844 ± 0.288904	0.916 ± 0.101661	0.963 ± 0.021066	0.908 ± 0.109263	0.961 ± 0.022585	0.730 ± 0.301433	0.737 ± 0.273861	0.899 ± 0.146903	0.956 ± 0.048145
roc_auc	nan	nan	0.938 ± 0.072164	0.959 ± 0.020085	0.831 ± 0.133350	0.854 ± 0.105196	0.13001 ± 0.072336	0.08270 ± 0.030563	0.774 ± 0.240890	0.810 ± 0.216681	0.663 ± 0.266700	0.709 ± 0.210393	0.4393 ± 0.240628	0.2644 ± 0.090076	0.683 ± 0.333592	0.704 ± 0.311435	0.683 ± 0.258190	0.720 ± 0.209028	0.847 ± 0.135885	0.852 ± 0.099675	0.835 ± 0.253695	0.852 ± 0.226364	0.930 ± 0.082360	0.958 ± 0.020289	0.925 ± 0.091737	0.958 ± 0.020573	0.757 ± 0.270340	0.778 ± 0.220438	0.906 ± 0.126427	0.930 ± 0.057315
