	mean_best_threshold_tuning_score	mean_best_threshold	mean_test_average_precision	mean_train_average_precision	mean_test_balanced_accuracy	mean_train_balanced_accuracy	mean_test_brier_loss	mean_train_brier_loss	mean_test_f1	mean_train_f1	mean_test_informedness	mean_train_informedness	mean_test_log_loss	mean_train_log_loss	mean_test_markedness	mean_train_markedness	mean_test_mcc	mean_train_mcc	mean_test_negative_predictive_value	mean_train_negative_predictive_value	mean_test_precision	mean_train_precision	mean_test_precision_recall_auc	mean_train_precision_recall_auc	mean_test_roc_auc	mean_train_roc_auc	mean_test_sensitivity	mean_train_sensitivity	mean_test_specificity	mean_train_specificity
mcc	nan	nan	0.922 ± 0.119305	0.980 ± 0.018415	0.855 ± 0.147637	0.949 ± 0.033987	0.11927 ± 0.077741	0.04904 ± 0.023889	0.829 ± 0.166614	0.945 ± 0.037599	0.710 ± 0.295274	0.898 ± 0.067974	0.4201 ± 0.258912	0.1996 ± 0.074080	0.754 ± 0.289762	0.913 ± 0.060283	0.730 ± 0.290155	0.905 ± 0.063873	0.854 ± 0.184615	0.935 ± 0.041743	0.899 ± 0.168627	0.977 ± 0.028099	0.912 ± 0.140165	0.980 ± 0.018623	0.893 ± 0.157514	0.974 ± 0.025261	0.808 ± 0.213125	0.916 ± 0.056151	0.902 ± 0.190317	0.982 ± 0.022628
precision_recall_auc	nan	nan	0.934 ± 0.092301	0.963 ± 0.030012	0.838 ± 0.142936	0.901 ± 0.115136	0.12477 ± 0.070341	0.07085 ± 0.040554	0.781 ± 0.248705	0.861 ± 0.233851	0.677 ± 0.285873	0.802 ± 0.230272	0.4256 ± 0.223859	0.2578 ± 0.111296	0.697 ± 0.362455	0.803 ± 0.323303	0.699 ± 0.275328	0.815 ± 0.225811	0.847 ± 0.159785	0.889 ± 0.101743	0.850 ± 0.259436	0.913 ± 0.235605	0.927 ± 0.102435	0.962 ± 0.030425	0.909 ± 0.129305	0.953 ± 0.036983	0.762 ± 0.283228	0.823 ± 0.234913	0.915 ± 0.140426	0.979 ± 0.029175
roc_auc	nan	nan	0.935 ± 0.091473	0.971 ± 0.026040	0.849 ± 0.135627	0.926 ± 0.093177	0.12244 ± 0.072521	0.05812 ± 0.033676	0.801 ± 0.220873	0.901 ± 0.189025	0.698 ± 0.271254	0.851 ± 0.186354	0.4196 ± 0.237020	0.2224 ± 0.095246	0.717 ± 0.322502	0.847 ± 0.271548	0.715 ± 0.260505	0.858 ± 0.187060	0.860 ± 0.155451	0.917 ± 0.080564	0.857 ± 0.230426	0.930 ± 0.195707	0.928 ± 0.100439	0.971 ± 0.026443	0.907 ± 0.134681	0.963 ± 0.032196	0.790 ± 0.259862	0.875 ± 0.186303	0.908 ± 0.140102	0.976 ± 0.033493
