	mean_best_threshold_tuning_score	mean_best_threshold	mean_test_average_precision	mean_train_average_precision	mean_test_balanced_accuracy	mean_train_balanced_accuracy	mean_test_brier_loss	mean_train_brier_loss	mean_test_f1	mean_train_f1	mean_test_informedness	mean_train_informedness	mean_test_log_loss	mean_train_log_loss	mean_test_markedness	mean_train_markedness	mean_test_mcc	mean_train_mcc	mean_test_negative_predictive_value	mean_train_negative_predictive_value	mean_test_precision	mean_train_precision	mean_test_precision_recall_auc	mean_train_precision_recall_auc	mean_test_roc_auc	mean_train_roc_auc	mean_test_sensitivity	mean_train_sensitivity	mean_test_specificity	mean_train_specificity
mcc	nan	nan	0.919 ± 0.112211	0.980 ± 0.018415	0.832 ± 0.129282	0.949 ± 0.033987	0.13194 ± 0.078784	0.04904 ± 0.023889	0.806 ± 0.147289	0.945 ± 0.037599	0.665 ± 0.258564	0.898 ± 0.067974	0.4369 ± 0.252133	0.1996 ± 0.074080	0.718 ± 0.253856	0.913 ± 0.060283	0.689 ± 0.253252	0.905 ± 0.063873	0.844 ± 0.137966	0.935 ± 0.041743	0.874 ± 0.177829	0.977 ± 0.028099	0.909 ± 0.129450	0.980 ± 0.018623	0.892 ± 0.139265	0.974 ± 0.025261	0.782 ± 0.191877	0.916 ± 0.056151	0.883 ± 0.173090	0.982 ± 0.022628
precision_recall_auc	nan	nan	0.919 ± 0.099225	0.963 ± 0.030012	0.816 ± 0.148998	0.901 ± 0.115136	0.13635 ± 0.071058	0.07085 ± 0.040554	0.760 ± 0.244640	0.861 ± 0.233851	0.632 ± 0.297995	0.802 ± 0.230272	0.4533 ± 0.226753	0.2578 ± 0.111296	0.658 ± 0.374940	0.803 ± 0.323303	0.657 ± 0.291322	0.815 ± 0.225811	0.830 ± 0.150142	0.889 ± 0.101743	0.828 ± 0.273655	0.913 ± 0.235605	0.909 ± 0.110880	0.962 ± 0.030425	0.891 ± 0.132883	0.953 ± 0.036983	0.737 ± 0.267452	0.823 ± 0.234913	0.895 ± 0.177065	0.979 ± 0.029175
roc_auc	nan	nan	0.918 ± 0.094805	0.971 ± 0.026040	0.813 ± 0.137478	0.926 ± 0.093177	0.13527 ± 0.072855	0.05812 ± 0.033676	0.768 ± 0.210809	0.901 ± 0.189025	0.627 ± 0.274956	0.851 ± 0.186354	0.4450 ± 0.230915	0.2224 ± 0.095246	0.658 ± 0.335817	0.847 ± 0.271548	0.650 ± 0.272374	0.858 ± 0.187060	0.822 ± 0.137121	0.917 ± 0.080564	0.836 ± 0.248075	0.930 ± 0.195707	0.908 ± 0.105587	0.971 ± 0.026443	0.891 ± 0.128666	0.963 ± 0.032196	0.742 ± 0.230381	0.875 ± 0.186303	0.885 ± 0.183016	0.976 ± 0.033493
