	mean_best_threshold_tuning_score	mean_best_threshold	mean_test_average_precision	mean_train_average_precision	mean_test_balanced_accuracy	mean_train_balanced_accuracy	mean_test_brier_loss	mean_train_brier_loss	mean_test_f1	mean_train_f1	mean_test_informedness	mean_train_informedness	mean_test_log_loss	mean_train_log_loss	mean_test_markedness	mean_train_markedness	mean_test_mcc	mean_train_mcc	mean_test_negative_predictive_value	mean_train_negative_predictive_value	mean_test_precision	mean_train_precision	mean_test_precision_recall_auc	mean_train_precision_recall_auc	mean_test_roc_auc	mean_train_roc_auc	mean_test_sensitivity	mean_train_sensitivity	mean_test_specificity	mean_train_specificity
mcc	nan	nan	0.951 ± 0.086368	0.977 ± 0.021074	0.840 ± 0.124054	0.933 ± 0.056235	0.10582 ± 0.060308	0.05316 ± 0.034978	0.802 ± 0.165876	0.926 ± 0.062362	0.681 ± 0.248108	0.865 ± 0.112470	0.3396 ± 0.190048	0.1929 ± 0.097353	0.750 ± 0.212334	0.874 ± 0.110352	0.711 ± 0.227217	0.870 ± 0.111236	0.834 ± 0.121847	0.929 ± 0.054637	0.916 ± 0.151463	0.945 ± 0.063374	0.945 ± 0.096711	0.977 ± 0.021316	0.943 ± 0.111220	0.978 ± 0.019906	0.752 ± 0.213285	0.909 ± 0.070734	0.929 ± 0.133665	0.956 ± 0.053075
precision_recall_auc	nan	nan	0.960 ± 0.078018	0.971 ± 0.022893	0.839 ± 0.128192	0.895 ± 0.105502	0.10962 ± 0.056988	0.06004 ± 0.037006	0.789 ± 0.213856	0.865 ± 0.194868	0.678 ± 0.256384	0.791 ± 0.211003	0.3478 ± 0.192551	0.2033 ± 0.102975	0.731 ± 0.293459	0.794 ± 0.284575	0.709 ± 0.245791	0.802 ± 0.206417	0.825 ± 0.116130	0.889 ± 0.103023	0.906 ± 0.227443	0.905 ± 0.196300	0.955 ± 0.085766	0.971 ± 0.023184	0.949 ± 0.111881	0.974 ± 0.019803	0.727 ± 0.232091	0.834 ± 0.204412	0.951 ± 0.124741	0.957 ± 0.052751
roc_auc	nan	nan	0.973 ± 0.047728	0.967 ± 0.022785	0.845 ± 0.140049	0.870 ± 0.126285	0.10258 ± 0.055352	0.06754 ± 0.035605	0.784 ± 0.259176	0.818 ± 0.254228	0.689 ± 0.280099	0.739 ± 0.252571	0.3151 ± 0.148591	0.2210 ± 0.100405	0.705 ± 0.379538	0.723 ± 0.366577	0.713 ± 0.276248	0.749 ± 0.251003	0.833 ± 0.133491	0.867 ± 0.116316	0.873 ± 0.286304	0.856 ± 0.261303	0.970 ± 0.054345	0.966 ± 0.023070	0.969 ± 0.059435	0.970 ± 0.020231	0.733 ± 0.268320	0.790 ± 0.255897	0.956 ± 0.121487	0.950 ± 0.051134
