	mean_best_threshold_tuning_score	mean_best_threshold	mean_test_average_precision	mean_train_average_precision	mean_test_balanced_accuracy	mean_train_balanced_accuracy	mean_test_brier_loss	mean_train_brier_loss	mean_test_f1	mean_train_f1	mean_test_informedness	mean_train_informedness	mean_test_log_loss	mean_train_log_loss	mean_test_markedness	mean_train_markedness	mean_test_mcc	mean_train_mcc	mean_test_negative_predictive_value	mean_train_negative_predictive_value	mean_test_precision	mean_train_precision	mean_test_precision_recall_auc	mean_train_precision_recall_auc	mean_test_roc_auc	mean_train_roc_auc	mean_test_sensitivity	mean_train_sensitivity	mean_test_specificity	mean_train_specificity
mcc	nan	nan	0.864 ± 0.141029	0.977 ± 0.021074	0.761 ± 0.154801	0.933 ± 0.056235	0.16080 ± 0.089276	0.05316 ± 0.034978	0.714 ± 0.215280	0.926 ± 0.062362	0.522 ± 0.309602	0.865 ± 0.112470	0.5063 ± 0.284004	0.1929 ± 0.097353	0.558 ± 0.338108	0.874 ± 0.110352	0.538 ± 0.318413	0.870 ± 0.111236	0.796 ± 0.146696	0.929 ± 0.054637	0.762 ± 0.241939	0.945 ± 0.063374	0.838 ± 0.175415	0.977 ± 0.021316	0.848 ± 0.161307	0.978 ± 0.019906	0.707 ± 0.246426	0.909 ± 0.070734	0.815 ± 0.182458	0.956 ± 0.053075
precision_recall_auc	nan	nan	0.891 ± 0.115676	0.971 ± 0.022893	0.767 ± 0.129684	0.895 ± 0.105502	0.15955 ± 0.079708	0.06004 ± 0.037006	0.704 ± 0.210521	0.865 ± 0.194868	0.534 ± 0.259369	0.791 ± 0.211003	0.5140 ± 0.262833	0.2033 ± 0.102975	0.570 ± 0.311985	0.794 ± 0.284575	0.557 ± 0.261874	0.802 ± 0.206417	0.774 ± 0.121821	0.889 ± 0.103023	0.796 ± 0.245522	0.905 ± 0.196300	0.875 ± 0.132761	0.971 ± 0.023184	0.875 ± 0.148387	0.974 ± 0.019803	0.663 ± 0.232652	0.834 ± 0.204412	0.871 ± 0.152894	0.957 ± 0.052751
roc_auc	nan	nan	0.908 ± 0.101456	0.967 ± 0.022785	0.787 ± 0.141474	0.870 ± 0.126285	0.14240 ± 0.074370	0.06754 ± 0.035605	0.718 ± 0.255575	0.818 ± 0.254228	0.575 ± 0.282948	0.739 ± 0.252571	0.4545 ± 0.243092	0.2210 ± 0.100405	0.575 ± 0.375430	0.723 ± 0.366577	0.590 ± 0.282444	0.749 ± 0.251003	0.799 ± 0.140416	0.867 ± 0.116316	0.776 ± 0.280449	0.856 ± 0.261303	0.893 ± 0.118742	0.966 ± 0.023070	0.901 ± 0.118432	0.970 ± 0.020231	0.697 ± 0.274461	0.790 ± 0.255897	0.878 ± 0.143981	0.950 ± 0.051134
