	mean_best_threshold_tuning_score	mean_best_threshold	mean_test_average_precision	mean_train_average_precision	mean_test_balanced_accuracy	mean_train_balanced_accuracy	mean_test_brier_loss	mean_train_brier_loss	mean_test_f1	mean_train_f1	mean_test_informedness	mean_train_informedness	mean_test_log_loss	mean_train_log_loss	mean_test_markedness	mean_train_markedness	mean_test_mcc	mean_train_mcc	mean_test_negative_predictive_value	mean_train_negative_predictive_value	mean_test_precision	mean_train_precision	mean_test_precision_recall_auc	mean_train_precision_recall_auc	mean_test_roc_auc	mean_train_roc_auc	mean_test_sensitivity	mean_train_sensitivity	mean_test_specificity	mean_train_specificity
mcc	nan	nan	0.926 ± 0.088990	0.971 ± 0.015273	0.852 ± 0.121286	0.921 ± 0.044378	0.13780 ± 0.043475	0.08536 ± 0.031100	0.830 ± 0.140465	0.913 ± 0.050045	0.704 ± 0.242572	0.842 ± 0.088755	0.4803 ± 0.135913	0.3158 ± 0.098425	0.740 ± 0.228876	0.857 ± 0.084911	0.721 ± 0.234895	0.850 ± 0.086640	0.878 ± 0.121060	0.910 ± 0.045169	0.862 ± 0.182145	0.947 ± 0.046658	0.916 ± 0.103252	0.971 ± 0.015465	0.899 ± 0.124894	0.965 ± 0.019616	0.833 ± 0.171693	0.883 ± 0.061471	0.871 ± 0.190619	0.959 ± 0.038112
precision_recall_auc	nan	nan	0.929 ± 0.084629	0.967 ± 0.020436	0.856 ± 0.107143	0.901 ± 0.050778	0.13515 ± 0.044150	0.09149 ± 0.037799	0.833 ± 0.128214	0.891 ± 0.056675	0.712 ± 0.214287	0.802 ± 0.101556	0.4828 ± 0.175556	0.3270 ± 0.118524	0.739 ± 0.210480	0.818 ± 0.100415	0.725 ± 0.210778	0.810 ± 0.100706	0.877 ± 0.120409	0.893 ± 0.051285	0.861 ± 0.161499	0.925 ± 0.060608	0.922 ± 0.093562	0.968 ± 0.018104	0.913 ± 0.107217	0.966 ± 0.019214	0.835 ± 0.170442	0.861 ± 0.067584	0.877 ± 0.146806	0.941 ± 0.050186
roc_auc	nan	nan	0.927 ± 0.087941	0.965 ± 0.020844	0.852 ± 0.112858	0.898 ± 0.056866	0.13620 ± 0.040747	0.09282 ± 0.039966	0.830 ± 0.131890	0.888 ± 0.063264	0.704 ± 0.225715	0.796 ± 0.113732	0.4941 ± 0.172023	0.3291 ± 0.124893	0.735 ± 0.214150	0.807 ± 0.114135	0.719 ± 0.218812	0.801 ± 0.113742	0.877 ± 0.120409	0.896 ± 0.053483	0.858 ± 0.168815	0.911 ± 0.069183	0.924 ± 0.091723	0.967 ± 0.017659	0.912 ± 0.109049	0.964 ± 0.018883	0.835 ± 0.170442	0.867 ± 0.069011	0.869 ± 0.171098	0.929 ± 0.057398
