	mean_ncv_average_precision	mean_ncv_balanced_accuracy	mean_ncv_brier_loss	mean_ncv_f1	mean_ncv_informedness	mean_ncv_log_loss	mean_ncv_markedness	mean_ncv_mcc	mean_ncv_negative_predictive_value	mean_ncv_precision	mean_ncv_precision_recall_auc	mean_ncv_roc_auc	mean_ncv_sensitivity	mean_ncv_specificity
mcc	0.895 ± 0.024632	0.848 ± 0.029329	0.13780 ± 0.010857	0.834 ± 0.030216	0.697 ± 0.058657	0.4803 ± 0.023052	0.700 ± 0.062836	0.698 ± 0.060677	0.864 ± 0.020038	0.836 ± 0.051200	0.892 ± 0.026287	0.888 ± 0.018367	0.833 ± 0.026189	0.864 ± 0.052486
precision_recall_auc	0.894 ± 0.047596	0.853 ± 0.011091	0.13515 ± 0.009004	0.838 ± 0.012692	0.706 ± 0.022181	0.4828 ± 0.036158	0.709 ± 0.021827	0.707 ± 0.021675	0.865 ± 0.017051	0.843 ± 0.018935	0.890 ± 0.052901	0.895 ± 0.021393	0.833 ± 0.026189	0.873 ± 0.019165
roc_auc	0.901 ± 0.035543	0.848 ± 0.019379	0.13620 ± 0.008132	0.834 ± 0.019946	0.697 ± 0.038757	0.4941 ± 0.031425	0.699 ± 0.040831	0.698 ± 0.039603	0.864 ± 0.017732	0.835 ± 0.035173	0.899 ± 0.039516	0.894 ± 0.019622	0.833 ± 0.026189	0.864 ± 0.037113
