	mean_best_threshold_tuning_score	mean_best_threshold	mean_test_average_precision	mean_train_average_precision	mean_test_balanced_accuracy	mean_train_balanced_accuracy	mean_test_brier_loss	mean_train_brier_loss	mean_test_f1	mean_train_f1	mean_test_informedness	mean_train_informedness	mean_test_log_loss	mean_train_log_loss	mean_test_markedness	mean_train_markedness	mean_test_mcc	mean_train_mcc	mean_test_negative_predictive_value	mean_train_negative_predictive_value	mean_test_precision	mean_train_precision	mean_test_precision_recall_auc	mean_train_precision_recall_auc	mean_test_roc_auc	mean_train_roc_auc	mean_test_sensitivity	mean_train_sensitivity	mean_test_specificity	mean_train_specificity
mcc	nan	nan	0.951 ± 0.064845	0.991 ± 0.013575	0.873 ± 0.108323	0.943 ± 0.052234	0.09586 ± 0.060844	0.03464 ± 0.032303	0.841 ± 0.147766	0.936 ± 0.058722	0.747 ± 0.216645	0.885 ± 0.104468	0.3178 ± 0.155556	0.1396 ± 0.097324	0.831 ± 0.149824	0.911 ± 0.082595	0.785 ± 0.184413	0.898 ± 0.093521	0.847 ± 0.125469	0.922 ± 0.069093	0.984 ± 0.079179	0.988 ± 0.021415	0.944 ± 0.073966	0.991 ± 0.013692	0.939 ± 0.080964	0.991 ± 0.017257	0.765 ± 0.205983	0.893 ± 0.095935	0.982 ± 0.089648	0.992 ± 0.014975
precision_recall_auc	nan	nan	0.949 ± 0.068739	0.990 ± 0.012701	0.792 ± 0.163336	0.856 ± 0.159335	0.10933 ± 0.065262	0.03474 ± 0.038053	0.676 ± 0.322768	0.778 ± 0.301242	0.585 ± 0.326672	0.712 ± 0.318671	0.3468 ± 0.173468	0.1300 ± 0.108795	0.630 ± 0.451106	0.738 ± 0.417611	0.631 ± 0.314534	0.744 ± 0.302924	0.775 ± 0.149384	0.840 ± 0.154952	0.855 ± 0.350255	0.898 ± 0.302516	0.942 ± 0.078039	0.990 ± 0.012831	0.938 ± 0.095513	0.991 ± 0.012653	0.590 ± 0.327258	0.713 ± 0.319267	0.995 ± 0.035355	0.999 ± 0.007331
roc_auc	nan	nan	0.945 ± 0.069201	0.983 ± 0.017178	0.791 ± 0.150816	0.844 ± 0.146263	0.11709 ± 0.066467	0.05243 ± 0.043640	0.683 ± 0.298459	0.771 ± 0.270300	0.581 ± 0.301633	0.688 ± 0.292525	0.3679 ± 0.174656	0.1810 ± 0.122116	0.634 ± 0.421693	0.735 ± 0.373213	0.628 ± 0.290898	0.726 ± 0.274945	0.774 ± 0.143068	0.826 ± 0.146380	0.860 ± 0.330685	0.910 ± 0.273355	0.938 ± 0.078543	0.983 ± 0.017349	0.933 ± 0.096220	0.984 ± 0.017448	0.598 ± 0.307544	0.696 ± 0.295485	0.983 ± 0.071149	0.992 ± 0.030082
