	mean_ncv_average_precision	mean_ncv_balanced_accuracy	mean_ncv_brier_loss	mean_ncv_f1	mean_ncv_informedness	mean_ncv_log_loss	mean_ncv_markedness	mean_ncv_mcc	mean_ncv_negative_predictive_value	mean_ncv_precision	mean_ncv_precision_recall_auc	mean_ncv_roc_auc	mean_ncv_sensitivity	mean_ncv_specificity
mcc	0.939 ± 0.009054	0.858 ± 0.018334	0.09065 ± 0.011516	0.836 ± 0.021195	0.715 ± 0.036668	0.3084 ± 0.024423	0.792 ± 0.057040	0.753 ± 0.045625	0.818 ± 0.012569	0.974 ± 0.054497	0.937 ± 0.009424	0.917 ± 0.012340	0.733 ± 0.023424	0.982 ± 0.038331
precision_recall_auc	0.923 ± 0.012526	0.794 ± 0.049344	0.10537 ± 0.011293	0.737 ± 0.078664	0.589 ± 0.098688	0.3385 ± 0.027176	0.751 ± 0.045556	0.664 ± 0.076060	0.751 ± 0.045556	1.000 ± 0.000000	0.921 ± 0.012816	0.906 ± 0.016837	0.589 ± 0.098688	1.000 ± 0.000000
roc_auc	0.919 ± 0.010719	0.804 ± 0.056845	0.11263 ± 0.012508	0.754 ± 0.086903	0.609 ± 0.113689	0.3561 ± 0.031940	0.741 ± 0.077779	0.671 ± 0.094579	0.765 ± 0.052595	0.977 ± 0.051919	0.917 ± 0.011040	0.909 ± 0.011712	0.622 ± 0.110492	0.986 ± 0.030679
