	mean_best_threshold_tuning_score	mean_best_threshold	mean_test_average_precision	mean_train_average_precision	mean_test_balanced_accuracy	mean_train_balanced_accuracy	mean_test_brier_loss	mean_train_brier_loss	mean_test_f1	mean_train_f1	mean_test_informedness	mean_train_informedness	mean_test_log_loss	mean_train_log_loss	mean_test_markedness	mean_train_markedness	mean_test_mcc	mean_train_mcc	mean_test_negative_predictive_value	mean_train_negative_predictive_value	mean_test_precision	mean_train_precision	mean_test_precision_recall_auc	mean_train_precision_recall_auc	mean_test_roc_auc	mean_train_roc_auc	mean_test_sensitivity	mean_train_sensitivity	mean_test_specificity	mean_train_specificity
mcc	nan	nan	0.949 ± 0.066944	0.991 ± 0.013575	0.861 ± 0.114187	0.943 ± 0.052234	0.10707 ± 0.067903	0.03464 ± 0.032303	0.833 ± 0.144528	0.936 ± 0.058722	0.721 ± 0.228374	0.885 ± 0.104468	0.3461 ± 0.172159	0.1396 ± 0.097324	0.757 ± 0.213272	0.911 ± 0.082595	0.738 ± 0.219310	0.898 ± 0.093521	0.866 ± 0.124512	0.922 ± 0.069093	0.890 ± 0.154893	0.988 ± 0.021415	0.942 ± 0.075324	0.991 ± 0.013692	0.935 ± 0.089874	0.991 ± 0.017257	0.813 ± 0.187143	0.893 ± 0.095935	0.908 ± 0.134149	0.992 ± 0.014975
precision_recall_auc	nan	nan	0.953 ± 0.058123	0.990 ± 0.012701	0.791 ± 0.171353	0.856 ± 0.159335	0.10967 ± 0.065687	0.03474 ± 0.038053	0.669 ± 0.347720	0.778 ± 0.301242	0.582 ± 0.342706	0.712 ± 0.318671	0.3526 ± 0.171615	0.1300 ± 0.108795	0.578 ± 0.503841	0.738 ± 0.417611	0.615 ± 0.337507	0.744 ± 0.302924	0.784 ± 0.153873	0.840 ± 0.154952	0.793 ± 0.384006	0.898 ± 0.302516	0.948 ± 0.065480	0.990 ± 0.012831	0.940 ± 0.078295	0.991 ± 0.012653	0.605 ± 0.347411	0.713 ± 0.319267	0.977 ± 0.070138	0.999 ± 0.007331
roc_auc	nan	nan	0.954 ± 0.058492	0.983 ± 0.017178	0.789 ± 0.156978	0.844 ± 0.146263	0.11339 ± 0.064947	0.05243 ± 0.043640	0.677 ± 0.315186	0.771 ± 0.270300	0.577 ± 0.313957	0.688 ± 0.292525	0.3607 ± 0.171093	0.1810 ± 0.122116	0.606 ± 0.451875	0.735 ± 0.373213	0.617 ± 0.305702	0.726 ± 0.274945	0.781 ± 0.148594	0.826 ± 0.146380	0.825 ± 0.349801	0.910 ± 0.273355	0.949 ± 0.065893	0.983 ± 0.017349	0.941 ± 0.078749	0.984 ± 0.017448	0.608 ± 0.324391	0.696 ± 0.295485	0.969 ± 0.087999	0.992 ± 0.030082
