	mean_ncv_average_precision	mean_ncv_balanced_accuracy	mean_ncv_brier_loss	mean_ncv_f1	mean_ncv_informedness	mean_ncv_log_loss	mean_ncv_markedness	mean_ncv_mcc	mean_ncv_negative_predictive_value	mean_ncv_precision	mean_ncv_precision_recall_auc	mean_ncv_roc_auc	mean_ncv_sensitivity	mean_ncv_specificity
mcc	0.928 ± 0.010673	0.861 ± 0.019002	0.10572 ± 0.005956	0.844 ± 0.023308	0.721 ± 0.038004	0.3412 ± 0.018841	0.734 ± 0.031286	0.727 ± 0.034540	0.858 ± 0.023426	0.875 ± 0.015577	0.926 ± 0.010979	0.913 ± 0.014782	0.817 ± 0.037497	0.905 ± 0.014374
precision_recall_auc	0.917 ± 0.010834	0.789 ± 0.073942	0.11058 ± 0.006686	0.727 ± 0.122909	0.578 ± 0.147885	0.3560 ± 0.018103	0.712 ± 0.077668	0.639 ± 0.114879	0.758 ± 0.073250	0.954 ± 0.050497	0.915 ± 0.011244	0.904 ± 0.009358	0.606 ± 0.160268	0.973 ± 0.031782
roc_auc	0.918 ± 0.014540	0.772 ± 0.062793	0.11217 ± 0.008701	0.707 ± 0.096707	0.545 ± 0.125586	0.3587 ± 0.024003	0.684 ± 0.096515	0.610 ± 0.110393	0.739 ± 0.056073	0.945 ± 0.059366	0.917 ± 0.015028	0.906 ± 0.014794	0.572 ± 0.117268	0.973 ± 0.031782
