	mean_best_threshold_tuning_score	mean_best_threshold	mean_test_average_precision	mean_train_average_precision	mean_test_balanced_accuracy	mean_train_balanced_accuracy	mean_test_brier_loss	mean_train_brier_loss	mean_test_f1	mean_train_f1	mean_test_informedness	mean_train_informedness	mean_test_log_loss	mean_train_log_loss	mean_test_markedness	mean_train_markedness	mean_test_mcc	mean_train_mcc	mean_test_negative_predictive_value	mean_train_negative_predictive_value	mean_test_precision	mean_train_precision	mean_test_precision_recall_auc	mean_train_precision_recall_auc	mean_test_roc_auc	mean_train_roc_auc	mean_test_sensitivity	mean_train_sensitivity	mean_test_specificity	mean_train_specificity
mcc	nan	nan	0.808 ± 0.151322	1.000 ± 0.000000	0.683 ± 0.153118	1.000 ± 0.000000	0.22690 ± 0.083683	0.02834 ± 0.037337	0.586 ± 0.264763	1.000 ± 0.000000	0.366 ± 0.306235	1.000 ± 0.000000	1.0127 ± 0.719015	0.1311 ± 0.115450	0.390 ± 0.427479	1.000 ± 0.000000	0.394 ± 0.322297	1.000 ± 0.000000	0.731 ± 0.199568	1.000 ± 0.000000	0.659 ± 0.314086	1.000 ± 0.000000	0.776 ± 0.185070	1.000 ± 0.000000	0.765 ± 0.172000	1.000 ± 0.000000	0.597 ± 0.319154	1.000 ± 0.000000	0.769 ± 0.244509	1.000 ± 0.000000
precision_recall_auc	nan	nan	0.817 ± 0.139293	1.000 ± 0.000000	0.720 ± 0.165401	0.998 ± 0.009543	0.21389 ± 0.084581	0.02864 ± 0.029114	0.628 ± 0.266902	0.998 ± 0.010210	0.439 ± 0.330803	0.997 ± 0.019087	0.9342 ± 0.643712	0.1341 ± 0.098686	0.487 ± 0.391403	0.998 ± 0.015055	0.467 ± 0.338810	0.997 ± 0.017086	0.761 ± 0.185526	0.998 ± 0.015055	0.726 ± 0.296201	1.000 ± 0.000000	0.785 ± 0.171934	1.000 ± 0.000000	0.787 ± 0.157526	1.000 ± 0.000000	0.623 ± 0.325259	0.997 ± 0.019087	0.816 ± 0.195208	1.000 ± 0.000000
roc_auc	nan	nan	0.812 ± 0.144941	1.000 ± 0.001621	0.688 ± 0.164348	0.997 ± 0.014941	0.22075 ± 0.094013	0.01848 ± 0.024667	0.594 ± 0.263991	0.997 ± 0.016864	0.375 ± 0.328696	0.994 ± 0.029881	0.8535 ± 0.469772	0.0990 ± 0.086761	0.412 ± 0.412637	0.995 ± 0.031032	0.399 ± 0.347076	0.994 ± 0.030451	0.741 ± 0.189059	0.998 ± 0.005352	0.671 ± 0.301406	0.996 ± 0.027730	0.781 ± 0.177404	1.000 ± 0.001631	0.774 ± 0.164035	1.000 ± 0.002432	0.600 ± 0.324282	0.998 ± 0.006419	0.775 ± 0.201588	0.996 ± 0.026189
