	mean_best_threshold_tuning_score	mean_best_threshold	mean_test_average_precision	mean_train_average_precision	mean_test_balanced_accuracy	mean_train_balanced_accuracy	mean_test_brier_loss	mean_train_brier_loss	mean_test_f1	mean_train_f1	mean_test_informedness	mean_train_informedness	mean_test_log_loss	mean_train_log_loss	mean_test_markedness	mean_train_markedness	mean_test_mcc	mean_train_mcc	mean_test_negative_predictive_value	mean_train_negative_predictive_value	mean_test_precision	mean_train_precision	mean_test_precision_recall_auc	mean_train_precision_recall_auc	mean_test_roc_auc	mean_train_roc_auc	mean_test_sensitivity	mean_train_sensitivity	mean_test_specificity	mean_train_specificity
mcc	nan	nan	0.859 ± 0.130262	1.000 ± 0.000000	0.703 ± 0.163527	0.997 ± 0.013962	0.19530 ± 0.074188	0.04335 ± 0.046604	0.601 ± 0.302041	0.997 ± 0.015422	0.405 ± 0.327054	0.994 ± 0.027925	0.6551 ± 0.403613	0.1771 ± 0.139650	0.386 ± 0.449785	0.995 ± 0.019960	0.420 ± 0.341046	0.995 ± 0.023948	0.768 ± 0.180180	0.997 ± 0.018376	0.618 ± 0.328934	0.998 ± 0.008423	0.839 ± 0.153701	1.000 ± 0.000000	0.827 ± 0.155386	1.000 ± 0.000000	0.635 ± 0.343340	0.996 ± 0.027079	0.770 ± 0.213570	0.998 ± 0.007763
precision_recall_auc	nan	nan	0.851 ± 0.139269	1.000 ± 0.000000	0.697 ± 0.137323	0.998 ± 0.009651	0.19906 ± 0.070943	0.02982 ± 0.032086	0.590 ± 0.265405	0.998 ± 0.010311	0.393 ± 0.274647	0.996 ± 0.019302	0.7006 ± 0.476942	0.1348 ± 0.109058	0.422 ± 0.381322	0.997 ± 0.015213	0.423 ± 0.283491	0.997 ± 0.017273	0.748 ± 0.168051	0.997 ± 0.015213	0.675 ± 0.310917	1.000 ± 0.000000	0.830 ± 0.163300	1.000 ± 0.000000	0.817 ± 0.169338	1.000 ± 0.000000	0.598 ± 0.321953	0.996 ± 0.019302	0.795 ± 0.202094	1.000 ± 0.000000
roc_auc	nan	nan	0.844 ± 0.140626	1.000 ± 0.000241	0.680 ± 0.159481	0.998 ± 0.007219	0.21583 ± 0.086041	0.01924 ± 0.029317	0.569 ± 0.295510	0.998 ± 0.007478	0.359 ± 0.318962	0.997 ± 0.014439	0.7267 ± 0.426148	0.0979 ± 0.099715	0.356 ± 0.431716	0.998 ± 0.010658	0.376 ± 0.338521	0.997 ± 0.012557	0.747 ± 0.183009	0.998 ± 0.010658	0.610 ± 0.325191	1.000 ± 0.000000	0.821 ± 0.165134	1.000 ± 0.000244	0.807 ± 0.168651	1.000 ± 0.000187	0.593 ± 0.350186	0.997 ± 0.014439	0.766 ± 0.193897	1.000 ± 0.000000
