	mean_best_threshold_tuning_score	mean_best_threshold	mean_test_average_precision	mean_train_average_precision	mean_test_balanced_accuracy	mean_train_balanced_accuracy	mean_test_brier_loss	mean_train_brier_loss	mean_test_f1	mean_train_f1	mean_test_informedness	mean_train_informedness	mean_test_log_loss	mean_train_log_loss	mean_test_markedness	mean_train_markedness	mean_test_mcc	mean_train_mcc	mean_test_negative_predictive_value	mean_train_negative_predictive_value	mean_test_precision	mean_train_precision	mean_test_precision_recall_auc	mean_train_precision_recall_auc	mean_test_roc_auc	mean_train_roc_auc	mean_test_sensitivity	mean_train_sensitivity	mean_test_specificity	mean_train_specificity
mcc	nan	nan	0.917 ± 0.093267	0.970 ± 0.020006	0.824 ± 0.131383	0.938 ± 0.041818	0.15266 ± 0.066475	0.07800 ± 0.041989	0.796 ± 0.147460	0.932 ± 0.047465	0.649 ± 0.262766	0.876 ± 0.083636	0.5131 ± 0.224988	0.2903 ± 0.126010	0.687 ± 0.246436	0.889 ± 0.076227	0.665 ± 0.252250	0.883 ± 0.079515	0.856 ± 0.151160	0.930 ± 0.044655	0.831 ± 0.179974	0.959 ± 0.042783	0.904 ± 0.113538	0.969 ± 0.020411	0.902 ± 0.107621	0.959 ± 0.027390	0.812 ± 0.201897	0.910 ± 0.064543	0.837 ± 0.197642	0.967 ± 0.035257
precision_recall_auc	nan	nan	0.928 ± 0.078867	0.977 ± 0.018286	0.813 ± 0.136454	0.958 ± 0.034106	0.14351 ± 0.076580	0.05869 ± 0.043703	0.788 ± 0.152464	0.955 ± 0.038093	0.627 ± 0.272907	0.916 ± 0.068212	0.5194 ± 0.404108	0.2237 ± 0.131162	0.671 ± 0.263225	0.927 ± 0.063788	0.646 ± 0.265793	0.922 ± 0.065799	0.835 ± 0.143004	0.946 ± 0.036371	0.836 ± 0.189998	0.981 ± 0.034922	0.921 ± 0.085729	0.977 ± 0.016516	0.911 ± 0.097539	0.972 ± 0.021394	0.787 ± 0.189850	0.931 ± 0.049235	0.840 ± 0.207266	0.985 ± 0.027849
roc_auc	nan	nan	0.915 ± 0.098313	0.975 ± 0.019478	0.800 ± 0.140828	0.955 ± 0.036799	0.15450 ± 0.089795	0.06230 ± 0.045957	0.773 ± 0.155489	0.951 ± 0.040776	0.599 ± 0.281657	0.910 ± 0.073599	0.5716 ± 0.491242	0.2340 ± 0.139637	0.639 ± 0.277014	0.921 ± 0.069171	0.617 ± 0.276994	0.915 ± 0.071172	0.833 ± 0.155220	0.944 ± 0.040965	0.806 ± 0.198330	0.977 ± 0.036440	0.906 ± 0.113075	0.976 ± 0.017919	0.898 ± 0.122180	0.969 ± 0.023751	0.788 ± 0.195767	0.928 ± 0.053796	0.811 ± 0.210754	0.982 ± 0.029555
