	mean_best_threshold_tuning_score	mean_best_threshold	mean_test_average_precision	mean_train_average_precision	mean_test_balanced_accuracy	mean_train_balanced_accuracy	mean_test_brier_loss	mean_train_brier_loss	mean_test_f1	mean_train_f1	mean_test_informedness	mean_train_informedness	mean_test_log_loss	mean_train_log_loss	mean_test_markedness	mean_train_markedness	mean_test_mcc	mean_train_mcc	mean_test_negative_predictive_value	mean_train_negative_predictive_value	mean_test_precision	mean_train_precision	mean_test_precision_recall_auc	mean_train_precision_recall_auc	mean_test_roc_auc	mean_train_roc_auc	mean_test_sensitivity	mean_train_sensitivity	mean_test_specificity	mean_train_specificity
mcc	nan	nan	0.930 ± 0.080919	0.973 ± 0.014531	0.817 ± 0.115960	0.928 ± 0.039152	0.13626 ± 0.063764	0.06940 ± 0.030690	0.782 ± 0.147278	0.921 ± 0.044103	0.633 ± 0.231920	0.856 ± 0.078304	0.4993 ± 0.313893	0.2599 ± 0.105805	0.693 ± 0.220769	0.874 ± 0.072694	0.660 ± 0.222884	0.865 ± 0.075330	0.836 ± 0.137975	0.913 ± 0.042261	0.857 ± 0.167923	0.962 ± 0.036177	0.921 ± 0.091647	0.973 ± 0.014633	0.912 ± 0.104061	0.969 ± 0.016119	0.763 ± 0.211195	0.885 ± 0.057770	0.870 ± 0.158758	0.971 ± 0.027953
precision_recall_auc	nan	nan	0.947 ± 0.066151	0.968 ± 0.014099	0.839 ± 0.109197	0.911 ± 0.036068	0.12378 ± 0.055830	0.08192 ± 0.022774	0.804 ± 0.139701	0.902 ± 0.041505	0.677 ± 0.218393	0.822 ± 0.072136	0.4335 ± 0.241778	0.3006 ± 0.073139	0.745 ± 0.190679	0.847 ± 0.066146	0.708 ± 0.201054	0.834 ± 0.068802	0.847 ± 0.128707	0.893 ± 0.038580	0.898 ± 0.157152	0.954 ± 0.035160	0.941 ± 0.075231	0.967 ± 0.014203	0.936 ± 0.084822	0.965 ± 0.015499	0.773 ± 0.204152	0.857 ± 0.055770	0.904 ± 0.156766	0.966 ± 0.026629
roc_auc	nan	nan	0.943 ± 0.067636	0.967 ± 0.014558	0.831 ± 0.109860	0.899 ± 0.041311	0.12633 ± 0.054674	0.08369 ± 0.023703	0.797 ± 0.137108	0.888 ± 0.046421	0.662 ± 0.219720	0.798 ± 0.082621	0.4397 ± 0.239736	0.3037 ± 0.075420	0.708 ± 0.205760	0.820 ± 0.081127	0.683 ± 0.209510	0.809 ± 0.081385	0.845 ± 0.129084	0.885 ± 0.042772	0.864 ± 0.161438	0.935 ± 0.048756	0.936 ± 0.076167	0.967 ± 0.014636	0.930 ± 0.088638	0.966 ± 0.015680	0.780 ± 0.194715	0.847 ± 0.059106	0.882 ± 0.146650	0.950 ± 0.040368
