	mean_ncv_average_precision	mean_ncv_balanced_accuracy	mean_ncv_brier_loss	mean_ncv_f1	mean_ncv_informedness	mean_ncv_log_loss	mean_ncv_markedness	mean_ncv_mcc	mean_ncv_negative_predictive_value	mean_ncv_precision	mean_ncv_precision_recall_auc	mean_ncv_roc_auc	mean_ncv_sensitivity	mean_ncv_specificity
mcc	0.942 ± 0.019137	0.882 ± 0.030485	0.08574 ± 0.012723	0.870 ± 0.033213	0.764 ± 0.060970	0.2852 ± 0.040075	0.773 ± 0.066687	0.768 ± 0.063695	0.881 ± 0.021539	0.892 ± 0.050791	0.940 ± 0.020120	0.953 ± 0.015523	0.850 ± 0.026836	0.914 ± 0.045201
precision_recall_auc	0.950 ± 0.017513	0.904 ± 0.020323	0.07535 ± 0.011327	0.894 ± 0.022784	0.808 ± 0.040645	0.2675 ± 0.052465	0.821 ± 0.042166	0.814 ± 0.041153	0.896 ± 0.019858	0.924 ± 0.034095	0.949 ± 0.017994	0.958 ± 0.020453	0.867 ± 0.028689	0.941 ± 0.030679
roc_auc	0.947 ± 0.015518	0.901 ± 0.019481	0.07702 ± 0.010378	0.891 ± 0.021851	0.802 ± 0.038961	0.2735 ± 0.050828	0.817 ± 0.040517	0.809 ± 0.039438	0.893 ± 0.019970	0.924 ± 0.033912	0.945 ± 0.015950	0.956 ± 0.019202	0.861 ± 0.029280	0.941 ± 0.030679
