	mean_best_threshold_tuning_score	mean_best_threshold	mean_test_average_precision	mean_train_average_precision	mean_test_balanced_accuracy	mean_train_balanced_accuracy	mean_test_brier_loss	mean_train_brier_loss	mean_test_f1	mean_train_f1	mean_test_informedness	mean_train_informedness	mean_test_log_loss	mean_train_log_loss	mean_test_markedness	mean_train_markedness	mean_test_mcc	mean_train_mcc	mean_test_negative_predictive_value	mean_train_negative_predictive_value	mean_test_precision	mean_train_precision	mean_test_precision_recall_auc	mean_train_precision_recall_auc	mean_test_roc_auc	mean_train_roc_auc	mean_test_sensitivity	mean_train_sensitivity	mean_test_specificity	mean_train_specificity
mcc	nan	nan	0.936 ± 0.087699	0.968 ± 0.017713	0.855 ± 0.123736	0.913 ± 0.036701	0.10714 ± 0.080158	0.06286 ± 0.023452	0.825 ± 0.156554	0.903 ± 0.042087	0.711 ± 0.247473	0.825 ± 0.073402	0.3713 ± 0.248625	0.2260 ± 0.071321	0.769 ± 0.227135	0.851 ± 0.060952	0.738 ± 0.234742	0.838 ± 0.066979	0.846 ± 0.134172	0.894 ± 0.044915	0.923 ± 0.143609	0.957 ± 0.025873	0.926 ± 0.102494	0.967 ± 0.017851	0.926 ± 0.101277	0.962 ± 0.022570	0.775 ± 0.204990	0.856 ± 0.064769	0.936 ± 0.122907	0.969 ± 0.019480
precision_recall_auc	nan	nan	0.935 ± 0.082640	0.959 ± 0.017764	0.806 ± 0.174529	0.829 ± 0.147917	0.11567 ± 0.084337	0.07673 ± 0.025630	0.706 ± 0.329402	0.740 ± 0.318325	0.611 ± 0.349058	0.658 ± 0.295834	0.3813 ± 0.281492	0.2493 ± 0.073644	0.599 ± 0.484374	0.638 ± 0.449871	0.635 ± 0.349828	0.678 ± 0.294950	0.798 ± 0.162216	0.817 ± 0.127862	0.802 ± 0.359646	0.821 ± 0.336225	0.925 ± 0.098777	0.959 ± 0.017927	0.926 ± 0.091384	0.957 ± 0.019437	0.653 ± 0.329639	0.686 ± 0.307049	0.958 ± 0.117526	0.972 ± 0.028025
roc_auc	nan	nan	0.931 ± 0.091487	0.961 ± 0.019550	0.796 ± 0.174333	0.836 ± 0.151187	0.11916 ± 0.087971	0.07518 ± 0.030244	0.702 ± 0.323613	0.749 ± 0.321924	0.592 ± 0.348665	0.672 ± 0.302374	0.3918 ± 0.296691	0.2440 ± 0.085655	0.565 ± 0.489300	0.645 ± 0.452916	0.610 ± 0.352562	0.688 ± 0.301378	0.792 ± 0.161026	0.827 ± 0.130971	0.772 ± 0.357295	0.818 ± 0.335667	0.921 ± 0.107492	0.960 ± 0.019731	0.921 ± 0.106014	0.959 ± 0.021167	0.662 ± 0.320506	0.703 ± 0.312343	0.930 ± 0.149830	0.969 ± 0.035084
