	mean_ncv_average_precision	mean_ncv_balanced_accuracy	mean_ncv_brier_loss	mean_ncv_f1	mean_ncv_informedness	mean_ncv_log_loss	mean_ncv_markedness	mean_ncv_mcc	mean_ncv_negative_predictive_value	mean_ncv_precision	mean_ncv_precision_recall_auc	mean_ncv_roc_auc	mean_ncv_sensitivity	mean_ncv_specificity
mcc	0.930 ± 0.019780	0.872 ± 0.028601	0.09783 ± 0.014073	0.856 ± 0.034245	0.745 ± 0.057202	0.3490 ± 0.049051	0.802 ± 0.069767	0.773 ± 0.062067	0.840 ± 0.024805	0.962 ± 0.060652	0.929 ± 0.020131	0.904 ± 0.027183	0.772 ± 0.040992	0.973 ± 0.043913
precision_recall_auc	0.922 ± 0.032785	0.834 ± 0.051563	0.11271 ± 0.028398	0.806 ± 0.068828	0.669 ± 0.103126	0.3679 ± 0.080879	0.729 ± 0.090437	0.698 ± 0.094089	0.812 ± 0.054735	0.917 ± 0.071514	0.921 ± 0.033773	0.906 ± 0.032239	0.728 ± 0.102940	0.941 ± 0.056894
roc_auc	0.925 ± 0.029434	0.820 ± 0.064428	0.11346 ± 0.026176	0.786 ± 0.089683	0.639 ± 0.128856	0.3651 ± 0.074921	0.696 ± 0.105739	0.666 ± 0.115640	0.805 ± 0.066776	0.891 ± 0.075185	0.924 ± 0.030263	0.912 ± 0.030243	0.717 ± 0.129497	0.923 ± 0.064461
