	mean_best_threshold_tuning_score	mean_best_threshold	mean_test_average_precision	mean_train_average_precision	mean_test_balanced_accuracy	mean_train_balanced_accuracy	mean_test_brier_loss	mean_train_brier_loss	mean_test_f1	mean_train_f1	mean_test_informedness	mean_train_informedness	mean_test_log_loss	mean_train_log_loss	mean_test_markedness	mean_train_markedness	mean_test_mcc	mean_train_mcc	mean_test_negative_predictive_value	mean_train_negative_predictive_value	mean_test_precision	mean_train_precision	mean_test_precision_recall_auc	mean_train_precision_recall_auc	mean_test_roc_auc	mean_train_roc_auc	mean_test_sensitivity	mean_train_sensitivity	mean_test_specificity	mean_train_specificity
mcc	nan	nan	0.934 ± 0.073579	0.968 ± 0.017713	0.869 ± 0.105308	0.913 ± 0.036701	0.10125 ± 0.073148	0.06286 ± 0.023452	0.837 ± 0.143739	0.903 ± 0.042087	0.739 ± 0.210615	0.825 ± 0.073402	0.3566 ± 0.224619	0.2260 ± 0.071321	0.822 ± 0.149758	0.851 ± 0.060952	0.777 ± 0.180498	0.838 ± 0.066979	0.842 ± 0.119130	0.894 ± 0.044915	0.980 ± 0.080086	0.957 ± 0.025873	0.927 ± 0.082413	0.967 ± 0.017851	0.912 ± 0.098379	0.962 ± 0.022570	0.757 ± 0.197662	0.856 ± 0.064769	0.982 ± 0.080026	0.969 ± 0.019480
precision_recall_auc	nan	nan	0.940 ± 0.077225	0.959 ± 0.017764	0.821 ± 0.170094	0.829 ± 0.147917	0.10670 ± 0.080644	0.07673 ± 0.025630	0.721 ± 0.331175	0.740 ± 0.318325	0.643 ± 0.340187	0.658 ± 0.295834	0.3559 ± 0.239708	0.2493 ± 0.073644	0.642 ± 0.473248	0.638 ± 0.449871	0.670 ± 0.333017	0.678 ± 0.294950	0.811 ± 0.156896	0.817 ± 0.127862	0.831 ± 0.354956	0.821 ± 0.336225	0.933 ± 0.087494	0.959 ± 0.017927	0.922 ± 0.095583	0.957 ± 0.019437	0.667 ± 0.334606	0.686 ± 0.307049	0.976 ± 0.095959	0.972 ± 0.028025
roc_auc	nan	nan	0.936 ± 0.081241	0.961 ± 0.019550	0.808 ± 0.175792	0.836 ± 0.151187	0.11083 ± 0.082066	0.07518 ± 0.030244	0.711 ± 0.329955	0.749 ± 0.321924	0.616 ± 0.351584	0.672 ± 0.302374	0.3623 ± 0.239711	0.2440 ± 0.085655	0.603 ± 0.486868	0.645 ± 0.452916	0.639 ± 0.347775	0.688 ± 0.301378	0.804 ± 0.161029	0.827 ± 0.130971	0.799 ± 0.357156	0.818 ± 0.335667	0.928 ± 0.092744	0.960 ± 0.019731	0.918 ± 0.095400	0.959 ± 0.021167	0.668 ± 0.332691	0.703 ± 0.312343	0.948 ± 0.137381	0.969 ± 0.035084
