	mean_best_threshold_tuning_score	mean_best_threshold	mean_test_average_precision	mean_train_average_precision	mean_test_balanced_accuracy	mean_train_balanced_accuracy	mean_test_brier_loss	mean_train_brier_loss	mean_test_f1	mean_train_f1	mean_test_informedness	mean_train_informedness	mean_test_log_loss	mean_train_log_loss	mean_test_markedness	mean_train_markedness	mean_test_mcc	mean_train_mcc	mean_test_negative_predictive_value	mean_train_negative_predictive_value	mean_test_precision	mean_train_precision	mean_test_precision_recall_auc	mean_train_precision_recall_auc	mean_test_roc_auc	mean_train_roc_auc	mean_test_sensitivity	mean_train_sensitivity	mean_test_specificity	mean_train_specificity
mcc	nan	nan	0.943 ± 0.073911	0.968 ± 0.017713	0.857 ± 0.113594	0.913 ± 0.036701	0.11622 ± 0.077035	0.06286 ± 0.023452	0.834 ± 0.134868	0.903 ± 0.042087	0.714 ± 0.227187	0.825 ± 0.073402	0.3956 ± 0.229121	0.2260 ± 0.071321	0.748 ± 0.220678	0.851 ± 0.060952	0.730 ± 0.222109	0.838 ± 0.066979	0.867 ± 0.116885	0.894 ± 0.044915	0.882 ± 0.161493	0.957 ± 0.025873	0.936 ± 0.082922	0.967 ± 0.017851	0.926 ± 0.096886	0.962 ± 0.022570	0.815 ± 0.169441	0.856 ± 0.064769	0.899 ± 0.146903	0.969 ± 0.019480
precision_recall_auc	nan	nan	0.943 ± 0.073402	0.959 ± 0.017764	0.804 ± 0.163223	0.829 ± 0.147917	0.11934 ± 0.078404	0.07673 ± 0.025630	0.710 ± 0.317858	0.740 ± 0.318325	0.609 ± 0.326446	0.658 ± 0.295834	0.3959 ± 0.228928	0.2493 ± 0.073644	0.585 ± 0.465077	0.638 ± 0.449871	0.627 ± 0.326536	0.678 ± 0.294950	0.812 ± 0.154205	0.817 ± 0.127862	0.773 ± 0.350526	0.821 ± 0.336225	0.936 ± 0.082078	0.959 ± 0.017927	0.926 ± 0.100195	0.957 ± 0.019437	0.685 ± 0.322656	0.686 ± 0.307049	0.924 ± 0.148544	0.972 ± 0.028025
roc_auc	nan	nan	0.942 ± 0.075884	0.961 ± 0.019550	0.799 ± 0.163015	0.836 ± 0.151187	0.12204 ± 0.077931	0.07518 ± 0.030244	0.707 ± 0.316510	0.749 ± 0.321924	0.598 ± 0.326030	0.672 ± 0.302374	0.3977 ± 0.225281	0.2440 ± 0.085655	0.570 ± 0.469868	0.645 ± 0.452916	0.615 ± 0.327124	0.688 ± 0.301378	0.814 ± 0.160283	0.827 ± 0.130971	0.756 ± 0.346796	0.818 ± 0.335667	0.935 ± 0.085103	0.960 ± 0.019731	0.927 ± 0.098332	0.959 ± 0.021167	0.693 ± 0.324474	0.703 ± 0.312343	0.905 ± 0.161071	0.969 ± 0.035084
