	mean_ncv_average_precision	mean_ncv_balanced_accuracy	mean_ncv_brier_loss	mean_ncv_f1	mean_ncv_informedness	mean_ncv_log_loss	mean_ncv_markedness	mean_ncv_mcc	mean_ncv_negative_predictive_value	mean_ncv_precision	mean_ncv_precision_recall_auc	mean_ncv_roc_auc	mean_ncv_sensitivity	mean_ncv_specificity
mcc	0.906 ± 0.015092	0.839 ± 0.022923	0.12419 ± 0.013433	0.824 ± 0.024240	0.678 ± 0.045846	0.4212 ± 0.046669	0.678 ± 0.050196	0.678 ± 0.047987	0.858 ± 0.014720	0.820 ± 0.039185	0.904 ± 0.015535	0.892 ± 0.018989	0.828 ± 0.017568	0.850 ± 0.037421
precision_recall_auc	0.901 ± 0.020645	0.809 ± 0.051506	0.12404 ± 0.013259	0.774 ± 0.080131	0.618 ± 0.103012	0.4145 ± 0.047042	0.661 ± 0.058657	0.638 ± 0.080188	0.805 ± 0.065334	0.856 ± 0.045656	0.898 ± 0.021335	0.895 ± 0.023814	0.722 ± 0.133539	0.895 ± 0.048152
roc_auc	0.908 ± 0.016962	0.807 ± 0.048505	0.12357 ± 0.015233	0.780 ± 0.064456	0.614 ± 0.097010	0.4032 ± 0.058890	0.635 ± 0.082763	0.624 ± 0.088800	0.813 ± 0.058648	0.822 ± 0.053863	0.906 ± 0.017416	0.907 ± 0.022169	0.750 ± 0.105572	0.864 ± 0.052486
