	mean_best_threshold_tuning_score	mean_best_threshold	mean_test_average_precision	mean_train_average_precision	mean_test_balanced_accuracy	mean_train_balanced_accuracy	mean_test_brier_loss	mean_train_brier_loss	mean_test_f1	mean_train_f1	mean_test_informedness	mean_train_informedness	mean_test_log_loss	mean_train_log_loss	mean_test_markedness	mean_train_markedness	mean_test_mcc	mean_train_mcc	mean_test_negative_predictive_value	mean_train_negative_predictive_value	mean_test_precision	mean_train_precision	mean_test_precision_recall_auc	mean_train_precision_recall_auc	mean_test_roc_auc	mean_train_roc_auc	mean_test_sensitivity	mean_train_sensitivity	mean_test_specificity	mean_train_specificity
mcc	nan	nan	0.854 ± 0.140275	1.000 ± 0.000000	0.757 ± 0.147337	0.999 ± 0.005882	0.18837 ± 0.085939	0.03798 ± 0.036789	0.692 ± 0.242397	0.999 ± 0.006182	0.514 ± 0.294675	0.997 ± 0.011764	0.7855 ± 0.571820	0.1658 ± 0.108929	0.542 ± 0.348869	0.998 ± 0.009782	0.536 ± 0.292402	0.998 ± 0.010737	0.807 ± 0.163743	0.999 ± 0.007872	0.735 ± 0.263752	0.999 ± 0.006018	0.834 ± 0.163152	1.000 ± 0.000000	0.810 ± 0.180545	1.000 ± 0.000000	0.707 ± 0.289773	0.998 ± 0.010518	0.807 ± 0.193520	0.999 ± 0.005546
precision_recall_auc	nan	nan	0.862 ± 0.140711	1.000 ± 0.000000	0.763 ± 0.148700	0.999 ± 0.004396	0.17966 ± 0.086478	0.03061 ± 0.025942	0.704 ± 0.216917	0.999 ± 0.004472	0.527 ± 0.297400	0.997 ± 0.008793	0.7879 ± 0.653731	0.1411 ± 0.082857	0.594 ± 0.307356	0.998 ± 0.007195	0.559 ± 0.288525	0.998 ± 0.007992	0.797 ± 0.165751	0.998 ± 0.007195	0.796 ± 0.232171	1.000 ± 0.000000	0.844 ± 0.163205	1.000 ± 0.000000	0.814 ± 0.183626	1.000 ± 0.000000	0.697 ± 0.275492	0.997 ± 0.008793	0.830 ± 0.197174	1.000 ± 0.000000
roc_auc	nan	nan	0.861 ± 0.130397	0.999 ± 0.007159	0.744 ± 0.152952	0.993 ± 0.028559	0.18357 ± 0.086551	0.02149 ± 0.027219	0.680 ± 0.218082	0.993 ± 0.029880	0.487 ± 0.305905	0.986 ± 0.057118	0.7363 ± 0.544294	0.1084 ± 0.090199	0.564 ± 0.327641	0.987 ± 0.056794	0.524 ± 0.303129	0.987 ± 0.056951	0.774 ± 0.168843	0.996 ± 0.014826	0.790 ± 0.244233	0.991 ± 0.044819	0.844 ± 0.148699	0.999 ± 0.007208	0.809 ± 0.178261	0.998 ± 0.011110	0.658 ± 0.272642	0.995 ± 0.015011	0.829 ± 0.203813	0.991 ± 0.045302
