	mean_ncv_average_precision	mean_ncv_balanced_accuracy	mean_ncv_brier_loss	mean_ncv_f1	mean_ncv_informedness	mean_ncv_log_loss	mean_ncv_markedness	mean_ncv_mcc	mean_ncv_negative_predictive_value	mean_ncv_precision	mean_ncv_precision_recall_auc	mean_ncv_roc_auc	mean_ncv_sensitivity	mean_ncv_specificity
mcc	0.907 ± 0.048686	0.844 ± 0.036637	0.13274 ± 0.020328	0.826 ± 0.041956	0.689 ± 0.073274	0.4594 ± 0.081519	0.708 ± 0.081130	0.698 ± 0.076877	0.839 ± 0.030200	0.869 ± 0.061234	0.904 ± 0.051273	0.901 ± 0.040789	0.789 ± 0.043823	0.900 ± 0.051604
precision_recall_auc	0.928 ± 0.026967	0.859 ± 0.029903	0.12803 ± 0.013781	0.842 ± 0.033034	0.717 ± 0.059806	0.4433 ± 0.067861	0.745 ± 0.074062	0.731 ± 0.065837	0.846 ± 0.022717	0.899 ± 0.067469	0.926 ± 0.027843	0.916 ± 0.031410	0.794 ± 0.037497	0.923 ± 0.056894
roc_auc	0.918 ± 0.030397	0.836 ± 0.028257	0.13320 ± 0.014358	0.815 ± 0.029730	0.671 ± 0.056514	0.4596 ± 0.070474	0.700 ± 0.079737	0.685 ± 0.067395	0.826 ± 0.013183	0.874 ± 0.074612	0.916 ± 0.031564	0.906 ± 0.030763	0.767 ± 0.023424	0.905 ± 0.062287
