	mean_best_threshold_tuning_score	mean_best_threshold	mean_test_average_precision	mean_train_average_precision	mean_test_balanced_accuracy	mean_train_balanced_accuracy	mean_test_brier_loss	mean_train_brier_loss	mean_test_f1	mean_train_f1	mean_test_informedness	mean_train_informedness	mean_test_log_loss	mean_train_log_loss	mean_test_markedness	mean_train_markedness	mean_test_mcc	mean_train_mcc	mean_test_negative_predictive_value	mean_train_negative_predictive_value	mean_test_precision	mean_train_precision	mean_test_precision_recall_auc	mean_train_precision_recall_auc	mean_test_roc_auc	mean_train_roc_auc	mean_test_sensitivity	mean_train_sensitivity	mean_test_specificity	mean_train_specificity
mcc	nan	nan	0.942 ± 0.084330	0.971 ± 0.014221	0.847 ± 0.127252	0.929 ± 0.036358	0.13274 ± 0.059654	0.08757 ± 0.027181	0.819 ± 0.151591	0.922 ± 0.041062	0.694 ± 0.254503	0.858 ± 0.072717	0.4594 ± 0.230239	0.3248 ± 0.085223	0.739 ± 0.244948	0.875 ± 0.065820	0.715 ± 0.247369	0.866 ± 0.069028	0.851 ± 0.139077	0.916 ± 0.040581	0.888 ± 0.168495	0.959 ± 0.034424	0.934 ± 0.095572	0.970 ± 0.014396	0.929 ± 0.109339	0.962 ± 0.018717	0.792 ± 0.198670	0.889 ± 0.057245	0.902 ± 0.150834	0.969 ± 0.028298
precision_recall_auc	nan	nan	0.959 ± 0.065663	0.970 ± 0.014746	0.863 ± 0.117311	0.920 ± 0.032736	0.12803 ± 0.049181	0.09565 ± 0.022493	0.835 ± 0.148008	0.912 ± 0.036940	0.726 ± 0.234623	0.841 ± 0.065473	0.4433 ± 0.191974	0.3485 ± 0.068354	0.774 ± 0.210122	0.860 ± 0.059783	0.748 ± 0.220785	0.850 ± 0.062389	0.859 ± 0.135794	0.905 ± 0.038199	0.915 ± 0.142962	0.955 ± 0.031439	0.953 ± 0.074903	0.969 ± 0.014937	0.949 ± 0.082925	0.963 ± 0.018405	0.802 ± 0.199837	0.875 ± 0.052755	0.924 ± 0.132187	0.966 ± 0.025571
roc_auc	nan	nan	0.951 ± 0.068381	0.969 ± 0.015257	0.839 ± 0.121266	0.917 ± 0.038272	0.13320 ± 0.049126	0.09499 ± 0.027419	0.805 ± 0.155441	0.908 ± 0.043418	0.679 ± 0.242531	0.833 ± 0.076545	0.4596 ± 0.197056	0.3448 ± 0.083679	0.731 ± 0.225047	0.852 ± 0.070917	0.703 ± 0.231496	0.843 ± 0.073508	0.841 ± 0.136923	0.904 ± 0.042676	0.891 ± 0.160539	0.948 ± 0.037642	0.944 ± 0.078593	0.969 ± 0.015465	0.940 ± 0.084313	0.964 ± 0.018114	0.772 ± 0.208119	0.873 ± 0.058953	0.907 ± 0.141064	0.961 ± 0.029930
