	mean_best_threshold_tuning_score	mean_best_threshold	mean_test_average_precision	mean_train_average_precision	mean_test_balanced_accuracy	mean_train_balanced_accuracy	mean_test_brier_loss	mean_train_brier_loss	mean_test_f1	mean_train_f1	mean_test_informedness	mean_train_informedness	mean_test_log_loss	mean_train_log_loss	mean_test_markedness	mean_train_markedness	mean_test_mcc	mean_train_mcc	mean_test_negative_predictive_value	mean_train_negative_predictive_value	mean_test_precision	mean_train_precision	mean_test_precision_recall_auc	mean_train_precision_recall_auc	mean_test_roc_auc	mean_train_roc_auc	mean_test_sensitivity	mean_train_sensitivity	mean_test_specificity	mean_train_specificity
mcc	nan	nan	0.840 ± 0.135552	0.968 ± 0.037290	0.708 ± 0.145574	0.938 ± 0.057054	0.21936 ± 0.082825	0.09426 ± 0.061961	0.670 ± 0.160089	0.932 ± 0.063503	0.417 ± 0.291149	0.876 ± 0.114109	0.7107 ± 0.320535	0.3291 ± 0.179002	0.458 ± 0.307530	0.889 ± 0.107302	0.435 ± 0.296546	0.882 ± 0.110158	0.736 ± 0.159481	0.936 ± 0.053230	0.722 ± 0.211881	0.953 ± 0.076929	0.819 ± 0.158551	0.968 ± 0.037566	0.796 ± 0.183548	0.960 ± 0.038889	0.675 ± 0.197956	0.918 ± 0.076006	0.742 ± 0.240187	0.958 ± 0.073596
precision_recall_auc	nan	nan	0.835 ± 0.161620	0.958 ± 0.083062	0.740 ± 0.147186	0.933 ± 0.078552	0.20945 ± 0.077658	0.10314 ± 0.063931	0.690 ± 0.200520	0.919 ± 0.142163	0.480 ± 0.294373	0.866 ± 0.157105	0.6957 ± 0.337220	0.3533 ± 0.181858	0.520 ± 0.325554	0.874 ± 0.210548	0.502 ± 0.294925	0.874 ± 0.157033	0.787 ± 0.168344	0.924 ± 0.068867	0.733 ± 0.235662	0.950 ± 0.151136	0.813 ± 0.185877	0.963 ± 0.051046	0.812 ± 0.188376	0.951 ± 0.074963	0.705 ± 0.252094	0.893 ± 0.141674	0.775 ± 0.221831	0.974 ± 0.061571
roc_auc	nan	nan	0.832 ± 0.152948	0.969 ± 0.035707	0.732 ± 0.126217	0.946 ± 0.046776	0.21445 ± 0.086866	0.09368 ± 0.059772	0.692 ± 0.149114	0.942 ± 0.050114	0.464 ± 0.252434	0.892 ± 0.093552	0.7226 ± 0.427235	0.3305 ± 0.172696	0.507 ± 0.266589	0.906 ± 0.091470	0.483 ± 0.257066	0.899 ± 0.092280	0.768 ± 0.150751	0.937 ± 0.042339	0.739 ± 0.202779	0.969 ± 0.063723	0.804 ± 0.185731	0.968 ± 0.037247	0.805 ± 0.180709	0.960 ± 0.037815	0.705 ± 0.202878	0.920 ± 0.055184	0.759 ± 0.224674	0.972 ± 0.061586
