	mean_best_threshold_tuning_score	mean_best_threshold	mean_test_average_precision	mean_train_average_precision	mean_test_balanced_accuracy	mean_train_balanced_accuracy	mean_test_brier_loss	mean_train_brier_loss	mean_test_f1	mean_train_f1	mean_test_informedness	mean_train_informedness	mean_test_log_loss	mean_train_log_loss	mean_test_markedness	mean_train_markedness	mean_test_mcc	mean_train_mcc	mean_test_negative_predictive_value	mean_train_negative_predictive_value	mean_test_precision	mean_train_precision	mean_test_precision_recall_auc	mean_train_precision_recall_auc	mean_test_roc_auc	mean_train_roc_auc	mean_test_sensitivity	mean_train_sensitivity	mean_test_specificity	mean_train_specificity
mcc	nan	nan	0.942 ± 0.077456	0.964 ± 0.016936	0.844 ± 0.108062	0.894 ± 0.031864	0.10408 ± 0.054699	0.07644 ± 0.015089	0.803 ± 0.150824	0.881 ± 0.042387	0.688 ± 0.216125	0.789 ± 0.063727	0.3440 ± 0.135785	0.2691 ± 0.041829	0.794 ± 0.154452	0.841 ± 0.049996	0.736 ± 0.185314	0.814 ± 0.055675	0.817 ± 0.122119	0.861 ± 0.034669	0.976 ± 0.083983	0.979 ± 0.039879	0.936 ± 0.085633	0.963 ± 0.017114	0.917 ± 0.119320	0.952 ± 0.027484	0.712 ± 0.206341	0.804 ± 0.061821	0.976 ± 0.088779	0.985 ± 0.030292
precision_recall_auc	nan	nan	0.947 ± 0.071372	0.957 ± 0.015405	0.821 ± 0.124075	0.826 ± 0.075236	0.11514 ± 0.055950	0.08991 ± 0.021456	0.753 ± 0.206949	0.779 ± 0.116230	0.642 ± 0.248151	0.651 ± 0.150473	0.3689 ± 0.141755	0.2994 ± 0.058867	0.764 ± 0.211939	0.768 ± 0.072514	0.699 ± 0.212493	0.705 ± 0.114297	0.789 ± 0.129628	0.793 ± 0.083107	0.975 ± 0.145072	0.975 ± 0.046385	0.941 ± 0.080439	0.957 ± 0.015550	0.931 ± 0.107500	0.954 ± 0.018556	0.647 ± 0.247756	0.670 ± 0.165272	0.995 ± 0.035355	0.981 ± 0.035664
roc_auc	nan	nan	0.951 ± 0.065823	0.956 ± 0.015735	0.780 ± 0.132574	0.817 ± 0.072384	0.10959 ± 0.049782	0.09438 ± 0.019236	0.687 ± 0.242787	0.768 ± 0.114010	0.561 ± 0.265148	0.634 ± 0.144769	0.3498 ± 0.119958	0.3066 ± 0.052605	0.665 ± 0.315256	0.754 ± 0.063079	0.617 ± 0.244495	0.689 ± 0.106414	0.762 ± 0.135486	0.788 ± 0.082480	0.902 ± 0.253211	0.966 ± 0.051635	0.944 ± 0.074703	0.956 ± 0.015900	0.939 ± 0.093513	0.955 ± 0.016581	0.597 ± 0.275286	0.660 ± 0.168276	0.964 ± 0.105965	0.974 ± 0.040942
