	mean_best_threshold_tuning_score	mean_best_threshold	mean_test_average_precision	mean_train_average_precision	mean_test_balanced_accuracy	mean_train_balanced_accuracy	mean_test_brier_loss	mean_train_brier_loss	mean_test_f1	mean_train_f1	mean_test_informedness	mean_train_informedness	mean_test_log_loss	mean_train_log_loss	mean_test_markedness	mean_train_markedness	mean_test_mcc	mean_train_mcc	mean_test_negative_predictive_value	mean_train_negative_predictive_value	mean_test_precision	mean_train_precision	mean_test_precision_recall_auc	mean_train_precision_recall_auc	mean_test_roc_auc	mean_train_roc_auc	mean_test_sensitivity	mean_train_sensitivity	mean_test_specificity	mean_train_specificity
mcc	nan	nan	0.845 ± 0.137814	0.999 ± 0.003555	0.749 ± 0.136755	0.992 ± 0.025986	0.18735 ± 0.083867	0.05258 ± 0.038156	0.699 ± 0.213402	0.991 ± 0.030737	0.498 ± 0.273509	0.984 ± 0.051971	0.7637 ± 0.538127	0.2129 ± 0.105031	0.541 ± 0.317827	0.987 ± 0.038624	0.524 ± 0.273273	0.986 ± 0.045353	0.804 ± 0.160578	0.991 ± 0.034796	0.737 ± 0.240535	0.997 ± 0.018557	0.823 ± 0.164057	0.999 ± 0.003580	0.802 ± 0.170329	0.999 ± 0.005115	0.722 ± 0.266523	0.987 ± 0.050044	0.776 ± 0.206338	0.997 ± 0.016556
precision_recall_auc	nan	nan	0.879 ± 0.129419	1.000 ± 0.000000	0.769 ± 0.149183	0.999 ± 0.003514	0.16824 ± 0.082800	0.04130 ± 0.031686	0.729 ± 0.187459	0.999 ± 0.003555	0.538 ± 0.298367	0.998 ± 0.007027	0.7110 ± 0.601642	0.1772 ± 0.092516	0.593 ± 0.297726	0.998 ± 0.005639	0.563 ± 0.295362	0.998 ± 0.006331	0.805 ± 0.163463	0.998 ± 0.005639	0.789 ± 0.207059	1.000 ± 0.000000	0.862 ± 0.151989	1.000 ± 0.000000	0.848 ± 0.160673	1.000 ± 0.000000	0.732 ± 0.239454	0.998 ± 0.007027	0.806 ± 0.202444	1.000 ± 0.000000
roc_auc	nan	nan	0.877 ± 0.132659	0.999 ± 0.006667	0.754 ± 0.161293	0.996 ± 0.023112	0.16895 ± 0.087928	0.02689 ± 0.030251	0.710 ± 0.202359	0.996 ± 0.023285	0.508 ± 0.322585	0.992 ± 0.046223	0.6569 ± 0.527399	0.1322 ± 0.092579	0.574 ± 0.327753	0.992 ± 0.045412	0.537 ± 0.321953	0.992 ± 0.045815	0.788 ± 0.168701	0.997 ± 0.014436	0.786 ± 0.227362	0.995 ± 0.032020	0.857 ± 0.159318	0.999 ± 0.006711	0.849 ± 0.161148	0.999 ± 0.010537	0.702 ± 0.248059	0.996 ± 0.014494	0.806 ± 0.212526	0.995 ± 0.033276
