	mean_best_threshold_tuning_score	mean_best_threshold	mean_test_average_precision	mean_train_average_precision	mean_test_balanced_accuracy	mean_train_balanced_accuracy	mean_test_brier_loss	mean_train_brier_loss	mean_test_f1	mean_train_f1	mean_test_informedness	mean_train_informedness	mean_test_log_loss	mean_train_log_loss	mean_test_markedness	mean_train_markedness	mean_test_mcc	mean_train_mcc	mean_test_negative_predictive_value	mean_train_negative_predictive_value	mean_test_precision	mean_train_precision	mean_test_precision_recall_auc	mean_train_precision_recall_auc	mean_test_roc_auc	mean_train_roc_auc	mean_test_sensitivity	mean_train_sensitivity	mean_test_specificity	mean_train_specificity
mcc	nan	nan	0.848 ± 0.143109	1.000 ± 0.000000	0.792 ± 0.132211	1.000 ± 0.000000	0.16305 ± 0.083020	0.02271 ± 0.003428	0.765 ± 0.147008	1.000 ± 0.000000	0.585 ± 0.264422	1.000 ± 0.000000	0.6214 ± 0.780204	0.1284 ± 0.016515	0.624 ± 0.265245	1.000 ± 0.000000	0.602 ± 0.261817	1.000 ± 0.000000	0.842 ± 0.164142	1.000 ± 0.000000	0.782 ± 0.180866	1.000 ± 0.000000	0.825 ± 0.166591	1.000 ± 0.000000	0.857 ± 0.133611	1.000 ± 0.000000	0.797 ± 0.210388	1.000 ± 0.000000	0.788 ± 0.189941	1.000 ± 0.000000
precision_recall_auc	nan	nan	0.852 ± 0.145915	1.000 ± 0.000000	0.802 ± 0.122380	1.000 ± 0.000000	0.16620 ± 0.081324	0.02276 ± 0.002971	0.774 ± 0.139417	1.000 ± 0.000000	0.604 ± 0.244759	1.000 ± 0.000000	0.5548 ± 0.310342	0.1293 ± 0.014825	0.649 ± 0.223924	1.000 ± 0.000000	0.623 ± 0.230608	1.000 ± 0.000000	0.847 ± 0.148089	1.000 ± 0.000000	0.803 ± 0.173238	1.000 ± 0.000000	0.824 ± 0.180104	1.000 ± 0.000000	0.856 ± 0.136185	1.000 ± 0.000000	0.798 ± 0.208310	1.000 ± 0.000000	0.806 ± 0.198885	1.000 ± 0.000000
roc_auc	nan	nan	0.860 ± 0.129753	1.000 ± 0.000000	0.784 ± 0.129334	1.000 ± 0.000000	0.16669 ± 0.081818	0.02287 ± 0.003568	0.753 ± 0.145964	1.000 ± 0.000000	0.568 ± 0.258669	1.000 ± 0.000000	0.6268 ± 0.670520	0.1289 ± 0.016117	0.619 ± 0.250026	1.000 ± 0.000000	0.590 ± 0.250114	1.000 ± 0.000000	0.826 ± 0.153273	1.000 ± 0.000000	0.793 ± 0.183732	1.000 ± 0.000000	0.837 ± 0.159588	1.000 ± 0.000000	0.862 ± 0.124870	1.000 ± 0.000000	0.767 ± 0.211624	1.000 ± 0.000000	0.801 ± 0.203412	1.000 ± 0.000000
