	mean_best_threshold_tuning_score	mean_best_threshold	mean_test_average_precision	mean_train_average_precision	mean_test_balanced_accuracy	mean_train_balanced_accuracy	mean_test_brier_loss	mean_train_brier_loss	mean_test_f1	mean_train_f1	mean_test_informedness	mean_train_informedness	mean_test_log_loss	mean_train_log_loss	mean_test_markedness	mean_train_markedness	mean_test_mcc	mean_train_mcc	mean_test_negative_predictive_value	mean_train_negative_predictive_value	mean_test_precision	mean_train_precision	mean_test_precision_recall_auc	mean_train_precision_recall_auc	mean_test_roc_auc	mean_train_roc_auc	mean_test_sensitivity	mean_train_sensitivity	mean_test_specificity	mean_train_specificity
mcc	nan	nan	0.881 ± 0.128398	0.978 ± 0.016236	0.785 ± 0.149778	0.955 ± 0.025870	0.17041 ± 0.060918	0.06575 ± 0.032665	0.747 ± 0.191514	0.952 ± 0.028118	0.571 ± 0.299557	0.911 ± 0.051739	0.5431 ± 0.186776	0.2653 ± 0.094724	0.616 ± 0.307005	0.918 ± 0.052836	0.591 ± 0.298796	0.914 ± 0.051907	0.836 ± 0.164541	0.953 ± 0.028476	0.781 ± 0.224930	0.965 ± 0.042538	0.864 ± 0.149159	0.978 ± 0.016480	0.861 ± 0.152267	0.966 ± 0.027871	0.772 ± 0.242115	0.940 ± 0.037101	0.799 ± 0.212970	0.970 ± 0.037204
precision_recall_auc	nan	nan	0.870 ± 0.133826	0.967 ± 0.081165	0.766 ± 0.156042	0.950 ± 0.070060	0.17601 ± 0.062052	0.06906 ± 0.038834	0.724 ± 0.214803	0.936 ± 0.138164	0.532 ± 0.312085	0.899 ± 0.140120	0.5568 ± 0.188204	0.2751 ± 0.104061	0.568 ± 0.344940	0.897 ± 0.203760	0.552 ± 0.315581	0.903 ± 0.140242	0.827 ± 0.170113	0.946 ± 0.067360	0.741 ± 0.250228	0.951 ± 0.142510	0.857 ± 0.143518	0.963 ± 0.103532	0.852 ± 0.151663	0.945 ± 0.139441	0.758 ± 0.260412	0.923 ± 0.139268	0.774 ± 0.221829	0.976 ± 0.033014
roc_auc	nan	nan	0.888 ± 0.121317	0.975 ± 0.016691	0.793 ± 0.139754	0.956 ± 0.026250	0.16870 ± 0.059676	0.06785 ± 0.030602	0.761 ± 0.177911	0.952 ± 0.028748	0.585 ± 0.279509	0.912 ± 0.052501	0.5392 ± 0.182826	0.2720 ± 0.090731	0.628 ± 0.290709	0.919 ± 0.052071	0.605 ± 0.280783	0.915 ± 0.051948	0.852 ± 0.153381	0.952 ± 0.029580	0.776 ± 0.223076	0.967 ± 0.038875	0.872 ± 0.140893	0.975 ± 0.016986	0.866 ± 0.144932	0.960 ± 0.028511	0.798 ± 0.224044	0.939 ± 0.038873	0.787 ± 0.216137	0.973 ± 0.033359
