	mean_best_threshold_tuning_score	mean_best_threshold	mean_test_average_precision	mean_train_average_precision	mean_test_balanced_accuracy	mean_train_balanced_accuracy	mean_test_brier_loss	mean_train_brier_loss	mean_test_f1	mean_train_f1	mean_test_informedness	mean_train_informedness	mean_test_log_loss	mean_train_log_loss	mean_test_markedness	mean_train_markedness	mean_test_mcc	mean_train_mcc	mean_test_negative_predictive_value	mean_train_negative_predictive_value	mean_test_precision	mean_train_precision	mean_test_precision_recall_auc	mean_train_precision_recall_auc	mean_test_roc_auc	mean_train_roc_auc	mean_test_sensitivity	mean_train_sensitivity	mean_test_specificity	mean_train_specificity
mcc	nan	nan	0.934 ± 0.098960	0.966 ± 0.016295	0.857 ± 0.139660	0.915 ± 0.030914	0.10908 ± 0.082161	0.06700 ± 0.018849	0.820 ± 0.185272	0.907 ± 0.035357	0.713 ± 0.279319	0.831 ± 0.061829	0.3954 ± 0.315381	0.2408 ± 0.054444	0.782 ± 0.241986	0.857 ± 0.054262	0.744 ± 0.259471	0.844 ± 0.057575	0.848 ± 0.138837	0.896 ± 0.038140	0.934 ± 0.158096	0.961 ± 0.030431	0.925 ± 0.118407	0.966 ± 0.016420	0.923 ± 0.104729	0.960 ± 0.021092	0.765 ± 0.230651	0.860 ± 0.054625	0.948 ± 0.133997	0.971 ± 0.024317
precision_recall_auc	nan	nan	0.947 ± 0.057011	0.964 ± 0.016576	0.862 ± 0.115225	0.890 ± 0.049584	0.11960 ± 0.071835	0.07552 ± 0.021200	0.833 ± 0.146260	0.875 ± 0.068495	0.724 ± 0.230451	0.781 ± 0.099168	0.3981 ± 0.238589	0.2505 ± 0.056036	0.777 ± 0.204012	0.813 ± 0.070238	0.748 ± 0.215695	0.796 ± 0.083864	0.859 ± 0.123648	0.876 ± 0.054090	0.918 ± 0.152136	0.937 ± 0.045994	0.941 ± 0.064443	0.964 ± 0.016752	0.934 ± 0.074752	0.962 ± 0.018263	0.797 ± 0.189102	0.829 ± 0.099028	0.927 ± 0.146458	0.952 ± 0.037524
roc_auc	nan	nan	0.948 ± 0.054702	0.962 ± 0.019212	0.860 ± 0.107877	0.883 ± 0.048677	0.12082 ± 0.071672	0.07959 ± 0.025025	0.834 ± 0.130575	0.868 ± 0.062610	0.720 ± 0.215754	0.765 ± 0.097354	0.3964 ± 0.236291	0.2579 ± 0.065239	0.770 ± 0.194923	0.791 ± 0.083087	0.743 ± 0.202966	0.777 ± 0.088890	0.864 ± 0.119962	0.874 ± 0.050458	0.905 ± 0.152620	0.917 ± 0.057686	0.942 ± 0.062238	0.962 ± 0.019468	0.938 ± 0.068416	0.961 ± 0.019952	0.807 ± 0.179316	0.831 ± 0.087731	0.913 ± 0.150105	0.934 ± 0.049585
