	mean_best_threshold_tuning_score	mean_best_threshold	mean_test_average_precision	mean_train_average_precision	mean_test_balanced_accuracy	mean_train_balanced_accuracy	mean_test_brier_loss	mean_train_brier_loss	mean_test_f1	mean_train_f1	mean_test_informedness	mean_train_informedness	mean_test_log_loss	mean_train_log_loss	mean_test_markedness	mean_train_markedness	mean_test_mcc	mean_train_mcc	mean_test_negative_predictive_value	mean_train_negative_predictive_value	mean_test_precision	mean_train_precision	mean_test_precision_recall_auc	mean_train_precision_recall_auc	mean_test_roc_auc	mean_train_roc_auc	mean_test_sensitivity	mean_train_sensitivity	mean_test_specificity	mean_train_specificity
mcc	nan	nan	0.907 ± 0.088280	0.999 ± 0.000953	0.839 ± 0.104705	0.985 ± 0.009125	0.12266 ± 0.068099	0.01844 ± 0.005723	0.794 ± 0.148531	0.984 ± 0.009792	0.677 ± 0.209409	0.970 ± 0.018250	0.4945 ± 0.662210	0.0865 ± 0.019164	0.754 ± 0.171893	0.972 ± 0.016926	0.712 ± 0.187959	0.971 ± 0.017401	0.821 ± 0.117757	0.983 ± 0.014494	0.933 ± 0.131492	0.989 ± 0.014073	0.898 ± 0.097384	0.999 ± 0.000649	0.874 ± 0.118348	0.999 ± 0.000542	0.723 ± 0.201637	0.979 ± 0.018242	0.954 ± 0.087970	0.991 ± 0.011530
precision_recall_auc	nan	nan	0.902 ± 0.099964	0.999 ± 0.000947	0.841 ± 0.107056	0.985 ± 0.009178	0.12437 ± 0.070514	0.01766 ± 0.005395	0.797 ± 0.151115	0.984 ± 0.009804	0.682 ± 0.214111	0.970 ± 0.018355	0.7367 ± 1.207173	0.0815 ± 0.016302	0.758 ± 0.175279	0.972 ± 0.016824	0.717 ± 0.192147	0.971 ± 0.017444	0.825 ± 0.120408	0.984 ± 0.014233	0.933 ± 0.131492	0.988 ± 0.012525	0.893 ± 0.107132	0.999 ± 0.000641	0.864 ± 0.132389	0.999 ± 0.000545	0.728 ± 0.205377	0.980 ± 0.017841	0.954 ± 0.087970	0.990 ± 0.010251
roc_auc	nan	nan	0.905 ± 0.091954	0.999 ± 0.000953	0.841 ± 0.100264	0.985 ± 0.009320	0.12224 ± 0.069095	0.01778 ± 0.005398	0.796 ± 0.143708	0.984 ± 0.009825	0.681 ± 0.200528	0.970 ± 0.018640	0.5061 ± 0.673439	0.0819 ± 0.015912	0.765 ± 0.149722	0.972 ± 0.016602	0.719 ± 0.172739	0.971 ± 0.017438	0.822 ± 0.116674	0.984 ± 0.014520	0.943 ± 0.115960	0.988 ± 0.012429	0.895 ± 0.101664	0.999 ± 0.000649	0.871 ± 0.124964	0.999 ± 0.000545	0.723 ± 0.201637	0.979 ± 0.018731	0.958 ± 0.085332	0.990 ± 0.010310
