	mean_best_threshold_tuning_score	mean_best_threshold	mean_test_average_precision	mean_train_average_precision	mean_test_balanced_accuracy	mean_train_balanced_accuracy	mean_test_brier_loss	mean_train_brier_loss	mean_test_f1	mean_train_f1	mean_test_informedness	mean_train_informedness	mean_test_log_loss	mean_train_log_loss	mean_test_markedness	mean_train_markedness	mean_test_mcc	mean_train_mcc	mean_test_negative_predictive_value	mean_train_negative_predictive_value	mean_test_precision	mean_train_precision	mean_test_precision_recall_auc	mean_train_precision_recall_auc	mean_test_roc_auc	mean_train_roc_auc	mean_test_sensitivity	mean_train_sensitivity	mean_test_specificity	mean_train_specificity
mcc	nan	nan	0.876 ± 0.116617	1.000 ± 0.000000	0.787 ± 0.128308	1.000 ± 0.000000	0.15816 ± 0.054031	0.02211 ± 0.002900	0.748 ± 0.163129	1.000 ± 0.000000	0.574 ± 0.256615	1.000 ± 0.000000	0.4804 ± 0.131317	0.1348 ± 0.012235	0.617 ± 0.247620	1.000 ± 0.000000	0.593 ± 0.250228	1.000 ± 0.000000	0.820 ± 0.139134	1.000 ± 0.000000	0.797 ± 0.192959	1.000 ± 0.000000	0.854 ± 0.144991	1.000 ± 0.000000	0.865 ± 0.124265	1.000 ± 0.000000	0.752 ± 0.211952	1.000 ± 0.000000	0.822 ± 0.186033	1.000 ± 0.000000
precision_recall_auc	nan	nan	0.868 ± 0.104460	1.000 ± 0.000000	0.792 ± 0.118142	1.000 ± 0.000000	0.15750 ± 0.051911	0.02204 ± 0.002740	0.754 ± 0.153434	1.000 ± 0.000000	0.585 ± 0.236285	1.000 ± 0.000000	0.4773 ± 0.121572	0.1355 ± 0.010886	0.626 ± 0.232348	1.000 ± 0.000000	0.604 ± 0.232207	1.000 ± 0.000000	0.823 ± 0.135208	1.000 ± 0.000000	0.803 ± 0.185543	1.000 ± 0.000000	0.847 ± 0.122713	1.000 ± 0.000000	0.860 ± 0.110002	1.000 ± 0.000000	0.755 ± 0.206478	1.000 ± 0.000000	0.830 ± 0.173205	1.000 ± 0.000000
roc_auc	nan	nan	0.888 ± 0.094271	1.000 ± 0.000000	0.781 ± 0.129923	1.000 ± 0.000000	0.15796 ± 0.053177	0.02181 ± 0.002769	0.746 ± 0.163095	1.000 ± 0.000000	0.563 ± 0.259847	1.000 ± 0.000000	0.4789 ± 0.127089	0.1346 ± 0.011414	0.599 ± 0.255422	1.000 ± 0.000000	0.579 ± 0.256214	1.000 ± 0.000000	0.821 ± 0.142191	1.000 ± 0.000000	0.778 ± 0.193177	1.000 ± 0.000000	0.872 ± 0.110122	1.000 ± 0.000000	0.873 ± 0.114562	1.000 ± 0.000000	0.760 ± 0.209361	1.000 ± 0.000000	0.803 ± 0.190169	1.000 ± 0.000000
