	mean_best_threshold_tuning_score	mean_best_threshold	mean_test_average_precision	mean_train_average_precision	mean_test_balanced_accuracy	mean_train_balanced_accuracy	mean_test_brier_loss	mean_train_brier_loss	mean_test_f1	mean_train_f1	mean_test_informedness	mean_train_informedness	mean_test_log_loss	mean_train_log_loss	mean_test_markedness	mean_train_markedness	mean_test_mcc	mean_train_mcc	mean_test_negative_predictive_value	mean_train_negative_predictive_value	mean_test_precision	mean_train_precision	mean_test_precision_recall_auc	mean_train_precision_recall_auc	mean_test_roc_auc	mean_train_roc_auc	mean_test_sensitivity	mean_train_sensitivity	mean_test_specificity	mean_train_specificity
mcc	nan	nan	0.871 ± 0.111526	1.000 ± 0.000000	0.800 ± 0.132159	1.000 ± 0.000000	0.15992 ± 0.052415	0.02228 ± 0.002663	0.762 ± 0.168194	1.000 ± 0.000000	0.599 ± 0.264317	1.000 ± 0.000000	0.4837 ± 0.124367	0.1364 ± 0.010845	0.634 ± 0.254387	1.000 ± 0.000000	0.615 ± 0.257240	1.000 ± 0.000000	0.840 ± 0.147254	1.000 ± 0.000000	0.793 ± 0.183904	1.000 ± 0.000000	0.853 ± 0.132625	1.000 ± 0.000000	0.865 ± 0.122603	1.000 ± 0.000000	0.778 ± 0.223106	1.000 ± 0.000000	0.821 ± 0.165088	1.000 ± 0.000000
precision_recall_auc	nan	nan	0.892 ± 0.099758	1.000 ± 0.000000	0.791 ± 0.125015	1.000 ± 0.000000	0.15531 ± 0.051639	0.02176 ± 0.002780	0.752 ± 0.157890	1.000 ± 0.000000	0.582 ± 0.250030	1.000 ± 0.000000	0.4727 ± 0.122317	0.1353 ± 0.011822	0.628 ± 0.243323	1.000 ± 0.000000	0.603 ± 0.244639	1.000 ± 0.000000	0.824 ± 0.142214	1.000 ± 0.000000	0.803 ± 0.193763	1.000 ± 0.000000	0.879 ± 0.115365	1.000 ± 0.000000	0.881 ± 0.119397	1.000 ± 0.000000	0.755 ± 0.212566	1.000 ± 0.000000	0.827 ± 0.187413	1.000 ± 0.000000
roc_auc	nan	nan	0.876 ± 0.107284	1.000 ± 0.000000	0.795 ± 0.134352	1.000 ± 0.000000	0.16027 ± 0.051737	0.02186 ± 0.003050	0.760 ± 0.166340	1.000 ± 0.000000	0.591 ± 0.268704	1.000 ± 0.000000	0.4831 ± 0.121173	0.1350 ± 0.012897	0.634 ± 0.264249	1.000 ± 0.000000	0.611 ± 0.264763	1.000 ± 0.000000	0.828 ± 0.144632	1.000 ± 0.000000	0.806 ± 0.199612	1.000 ± 0.000000	0.862 ± 0.118999	1.000 ± 0.000000	0.863 ± 0.122468	1.000 ± 0.000000	0.765 ± 0.212085	1.000 ± 0.000000	0.826 ± 0.191993	1.000 ± 0.000000
