	mean_best_threshold_tuning_score	mean_best_threshold	mean_test_average_precision	mean_train_average_precision	mean_test_balanced_accuracy	mean_train_balanced_accuracy	mean_test_brier_loss	mean_train_brier_loss	mean_test_f1	mean_train_f1	mean_test_informedness	mean_train_informedness	mean_test_log_loss	mean_train_log_loss	mean_test_markedness	mean_train_markedness	mean_test_mcc	mean_train_mcc	mean_test_negative_predictive_value	mean_train_negative_predictive_value	mean_test_precision	mean_train_precision	mean_test_precision_recall_auc	mean_train_precision_recall_auc	mean_test_roc_auc	mean_train_roc_auc	mean_test_sensitivity	mean_train_sensitivity	mean_test_specificity	mean_train_specificity
mcc	nan	nan	0.801 ± 0.155104	0.973 ± 0.026806	0.689 ± 0.159679	0.916 ± 0.049513	0.22266 ± 0.058990	0.10560 ± 0.041795	0.641 ± 0.192123	0.909 ± 0.053489	0.378 ± 0.319357	0.832 ± 0.099026	0.6440 ± 0.147550	0.3767 ± 0.101706	0.427 ± 0.352069	0.828 ± 0.101279	0.399 ± 0.330115	0.830 ± 0.100124	0.749 ± 0.213902	0.953 ± 0.032239	0.678 ± 0.228468	0.875 ± 0.074995	0.772 ± 0.180473	0.972 ± 0.028052	0.758 ± 0.194595	0.969 ± 0.027115	0.680 ± 0.267452	0.947 ± 0.036302	0.698 ± 0.239677	0.885 ± 0.071022
precision_recall_auc	nan	nan	0.708 ± 0.179401	0.820 ± 0.285942	0.611 ± 0.119672	0.831 ± 0.202803	0.23307 ± 0.040947	0.12967 ± 0.083884	0.436 ± 0.292077	0.698 ± 0.420300	0.222 ± 0.239345	0.662 ± 0.405606	0.6635 ± 0.099730	0.4277 ± 0.188844	0.147 ± 0.427349	0.543 ± 0.600869	0.241 ± 0.254318	0.661 ± 0.405283	0.669 ± 0.166652	0.861 ± 0.187923	0.478 ± 0.332612	0.682 ± 0.413769	0.700 ± 0.184696	0.795 ± 0.325504	0.666 ± 0.199117	0.725 ± 0.434447	0.453 ± 0.343864	0.715 ± 0.429353	0.769 ± 0.211865	0.946 ± 0.070608
roc_auc	nan	nan	0.739 ± 0.187001	0.889 ± 0.227985	0.634 ± 0.157809	0.882 ± 0.149941	0.22995 ± 0.056940	0.12974 ± 0.139835	0.521 ± 0.277335	0.817 ± 0.308840	0.269 ± 0.315618	0.763 ± 0.299882	0.6652 ± 0.149381	0.5770 ± 1.329963	0.257 ± 0.441527	0.707 ± 0.441457	0.292 ± 0.329350	0.762 ± 0.299785	0.703 ± 0.214327	0.914 ± 0.138175	0.554 ± 0.308660	0.793 ± 0.304821	0.708 ± 0.212198	0.880 ± 0.249775	0.682 ± 0.233288	0.839 ± 0.333362	0.560 ± 0.344638	0.844 ± 0.316538	0.709 ± 0.256485	0.919 ± 0.076747
