	mean_ncv_average_precision	mean_ncv_balanced_accuracy	mean_ncv_brier_loss	mean_ncv_f1	mean_ncv_informedness	mean_ncv_log_loss	mean_ncv_markedness	mean_ncv_mcc	mean_ncv_negative_predictive_value	mean_ncv_precision	mean_ncv_precision_recall_auc	mean_ncv_roc_auc	mean_ncv_sensitivity	mean_ncv_specificity
mcc	0.659 ± 0.057345	0.666 ± 0.033016	0.22985 ± 0.017813	0.679 ± 0.025363	0.331 ± 0.066031	0.7192 ± 0.070167	0.366 ± 0.070967	0.348 ± 0.066125	0.784 ± 0.058926	0.582 ± 0.037743	0.636 ± 0.065353	0.720 ± 0.032063	0.822 ± 0.073142	0.509 ± 0.100046
precision_recall_auc	0.729 ± 0.047872	0.682 ± 0.027236	0.21051 ± 0.018758	0.700 ± 0.021032	0.363 ± 0.054471	0.6387 ± 0.069772	0.411 ± 0.053555	0.386 ± 0.052529	0.826 ± 0.039539	0.585 ± 0.025910	0.713 ± 0.054218	0.772 ± 0.035182	0.872 ± 0.037497	0.491 ± 0.059844
roc_auc	0.689 ± 0.067178	0.672 ± 0.055441	0.22050 ± 0.027407	0.674 ± 0.061581	0.343 ± 0.110881	0.6945 ± 0.104199	0.368 ± 0.123811	0.355 ± 0.115679	0.776 ± 0.093467	0.592 ± 0.044327	0.670 ± 0.073291	0.747 ± 0.048440	0.789 ± 0.116534	0.555 ± 0.082433
