	mean_best_threshold_tuning_score	mean_best_threshold	mean_test_average_precision	mean_train_average_precision	mean_test_balanced_accuracy	mean_train_balanced_accuracy	mean_test_brier_loss	mean_train_brier_loss	mean_test_f1	mean_train_f1	mean_test_informedness	mean_train_informedness	mean_test_log_loss	mean_train_log_loss	mean_test_markedness	mean_train_markedness	mean_test_mcc	mean_train_mcc	mean_test_negative_predictive_value	mean_train_negative_predictive_value	mean_test_precision	mean_train_precision	mean_test_precision_recall_auc	mean_train_precision_recall_auc	mean_test_roc_auc	mean_train_roc_auc	mean_test_sensitivity	mean_train_sensitivity	mean_test_specificity	mean_train_specificity
mcc	nan	nan	0.778 ± 0.158813	0.994 ± 0.017974	0.668 ± 0.150224	0.971 ± 0.053585	0.22985 ± 0.073546	0.02748 ± 0.037740	0.670 ± 0.177024	0.968 ± 0.057153	0.336 ± 0.300447	0.942 ± 0.107171	0.7192 ± 0.295031	0.1272 ± 0.122239	0.393 ± 0.354069	0.941 ± 0.107451	0.365 ± 0.309102	0.942 ± 0.107275	0.801 ± 0.251052	0.988 ± 0.028492	0.593 ± 0.185697	0.954 ± 0.085878	0.731 ± 0.201355	0.994 ± 0.018111	0.772 ± 0.150021	0.992 ± 0.025310	0.823 ± 0.234279	0.987 ± 0.030095	0.513 ± 0.274942	0.955 ± 0.085234
precision_recall_auc	nan	nan	0.794 ± 0.146235	0.996 ± 0.010299	0.684 ± 0.132980	0.979 ± 0.042683	0.21051 ± 0.070701	0.01584 ± 0.027436	0.700 ± 0.120446	0.977 ± 0.046524	0.368 ± 0.265961	0.958 ± 0.085366	0.6387 ± 0.247201	0.0792 ± 0.096129	0.421 ± 0.317585	0.958 ± 0.086114	0.399 ± 0.263247	0.958 ± 0.085679	0.817 ± 0.248098	0.988 ± 0.027576	0.603 ± 0.148592	0.970 ± 0.067143	0.755 ± 0.183903	0.996 ± 0.010381	0.787 ± 0.130603	0.995 ± 0.013217	0.875 ± 0.162577	0.986 ± 0.032978	0.493 ± 0.248467	0.972 ± 0.064148
roc_auc	nan	nan	0.769 ± 0.151875	0.999 ± 0.003009	0.670 ± 0.161184	0.990 ± 0.028455	0.22050 ± 0.086587	0.00884 ± 0.013837	0.661 ± 0.200896	0.989 ± 0.031549	0.340 ± 0.322369	0.980 ± 0.056910	0.6945 ± 0.351687	0.0626 ± 0.056360	0.364 ± 0.386739	0.979 ± 0.058334	0.359 ± 0.331244	0.979 ± 0.057596	0.770 ± 0.251713	0.997 ± 0.009165	0.593 ± 0.200676	0.981 ± 0.052104	0.720 ± 0.193215	0.999 ± 0.003031	0.767 ± 0.145136	0.999 ± 0.004002	0.787 ± 0.253188	0.997 ± 0.010298	0.553 ± 0.273378	0.982 ± 0.050321
