	mean_best_threshold_tuning_score	mean_best_threshold	mean_test_average_precision	mean_train_average_precision	mean_test_balanced_accuracy	mean_train_balanced_accuracy	mean_test_brier_loss	mean_train_brier_loss	mean_test_f1	mean_train_f1	mean_test_informedness	mean_train_informedness	mean_test_log_loss	mean_train_log_loss	mean_test_markedness	mean_train_markedness	mean_test_mcc	mean_train_mcc	mean_test_negative_predictive_value	mean_train_negative_predictive_value	mean_test_precision	mean_train_precision	mean_test_precision_recall_auc	mean_train_precision_recall_auc	mean_test_roc_auc	mean_train_roc_auc	mean_test_sensitivity	mean_train_sensitivity	mean_test_specificity	mean_train_specificity
mcc	nan	nan	0.938 ± 0.083142	0.975 ± 0.014604	0.832 ± 0.126568	0.930 ± 0.039142	0.12719 ± 0.052598	0.07101 ± 0.027019	0.799 ± 0.156965	0.923 ± 0.043551	0.665 ± 0.253135	0.860 ± 0.078284	0.4303 ± 0.169515	0.2688 ± 0.084987	0.721 ± 0.232092	0.874 ± 0.073356	0.690 ± 0.240200	0.867 ± 0.075694	0.842 ± 0.140432	0.918 ± 0.043705	0.879 ± 0.169424	0.956 ± 0.035037	0.929 ± 0.099350	0.975 ± 0.014622	0.922 ± 0.102023	0.972 ± 0.015957	0.772 ± 0.212832	0.894 ± 0.057395	0.893 ± 0.164754	0.966 ± 0.027952
precision_recall_auc	nan	nan	0.942 ± 0.072148	0.972 ± 0.014750	0.839 ± 0.113515	0.916 ± 0.038700	0.12321 ± 0.047745	0.07781 ± 0.026975	0.810 ± 0.139173	0.908 ± 0.043759	0.679 ± 0.227030	0.832 ± 0.077399	0.4261 ± 0.174276	0.2879 ± 0.085462	0.742 ± 0.204837	0.853 ± 0.069562	0.707 ± 0.212892	0.842 ± 0.073212	0.849 ± 0.133721	0.901 ± 0.043945	0.893 ± 0.157578	0.951 ± 0.033475	0.935 ± 0.081599	0.972 ± 0.014660	0.927 ± 0.092621	0.970 ± 0.015644	0.782 ± 0.200545	0.869 ± 0.061990	0.897 ± 0.162069	0.963 ± 0.026893
roc_auc	nan	nan	0.936 ± 0.069403	0.971 ± 0.016438	0.830 ± 0.109293	0.909 ± 0.044859	0.12655 ± 0.047165	0.07850 ± 0.029493	0.801 ± 0.134322	0.899 ± 0.050451	0.659 ± 0.218587	0.817 ± 0.089718	0.4328 ± 0.172109	0.2878 ± 0.093129	0.721 ± 0.202301	0.834 ± 0.084276	0.687 ± 0.206913	0.826 ± 0.086714	0.850 ± 0.130835	0.899 ± 0.048428	0.871 ± 0.161758	0.936 ± 0.043727	0.928 ± 0.078531	0.971 ± 0.016094	0.921 ± 0.088688	0.971 ± 0.016472	0.785 ± 0.197124	0.867 ± 0.066537	0.874 ± 0.167283	0.950 ± 0.035307
