	mean_ncv_average_precision	mean_ncv_balanced_accuracy	mean_ncv_brier_loss	mean_ncv_f1	mean_ncv_informedness	mean_ncv_log_loss	mean_ncv_markedness	mean_ncv_mcc	mean_ncv_negative_predictive_value	mean_ncv_precision	mean_ncv_precision_recall_auc	mean_ncv_roc_auc	mean_ncv_sensitivity	mean_ncv_specificity
mcc	0.906 ± 0.028155	0.841 ± 0.038472	0.11855 ± 0.019918	0.825 ± 0.039301	0.681 ± 0.076944	0.3780 ± 0.056306	0.687 ± 0.084093	0.684 ± 0.080264	0.855 ± 0.026847	0.832 ± 0.068937	0.903 ± 0.029246	0.916 ± 0.024772	0.822 ± 0.035136	0.859 ± 0.069267
precision_recall_auc	0.926 ± 0.025156	0.875 ± 0.030864	0.10242 ± 0.020533	0.861 ± 0.035034	0.751 ± 0.061727	0.3416 ± 0.078740	0.767 ± 0.064265	0.759 ± 0.062665	0.868 ± 0.029113	0.899 ± 0.045176	0.924 ± 0.025763	0.928 ± 0.031679	0.828 ± 0.040992	0.923 ± 0.037421
roc_auc	0.928 ± 0.014456	0.866 ± 0.027709	0.10386 ± 0.010771	0.851 ± 0.031153	0.731 ± 0.055418	0.3405 ± 0.036031	0.746 ± 0.061242	0.738 ± 0.057938	0.862 ± 0.023758	0.883 ± 0.049276	0.926 ± 0.015158	0.933 ± 0.012271	0.822 ± 0.035136	0.909 ± 0.042855
