	mean_best_threshold_tuning_score	mean_best_threshold	mean_test_average_precision	mean_train_average_precision	mean_test_balanced_accuracy	mean_train_balanced_accuracy	mean_test_brier_loss	mean_train_brier_loss	mean_test_f1	mean_train_f1	mean_test_informedness	mean_train_informedness	mean_test_log_loss	mean_train_log_loss	mean_test_markedness	mean_train_markedness	mean_test_mcc	mean_train_mcc	mean_test_negative_predictive_value	mean_train_negative_predictive_value	mean_test_precision	mean_train_precision	mean_test_precision_recall_auc	mean_train_precision_recall_auc	mean_test_roc_auc	mean_train_roc_auc	mean_test_sensitivity	mean_train_sensitivity	mean_test_specificity	mean_train_specificity
mcc	nan	nan	0.900 ± 0.114776	0.975 ± 0.014584	0.810 ± 0.147923	0.930 ± 0.039142	0.14850 ± 0.063776	0.07102 ± 0.027019	0.781 ± 0.175759	0.923 ± 0.043551	0.620 ± 0.295846	0.860 ± 0.078284	0.4864 ± 0.172684	0.2688 ± 0.084987	0.655 ± 0.284111	0.874 ± 0.073356	0.635 ± 0.287916	0.867 ± 0.075694	0.850 ± 0.154316	0.918 ± 0.043705	0.805 ± 0.197732	0.956 ± 0.035037	0.888 ± 0.135461	0.975 ± 0.014601	0.874 ± 0.139504	0.972 ± 0.015934	0.802 ± 0.219442	0.894 ± 0.057395	0.818 ± 0.192396	0.966 ± 0.027952
precision_recall_auc	nan	nan	0.917 ± 0.099874	0.972 ± 0.014752	0.827 ± 0.133353	0.916 ± 0.038700	0.13639 ± 0.051878	0.07781 ± 0.026975	0.798 ± 0.158467	0.908 ± 0.043759	0.654 ± 0.266705	0.832 ± 0.077399	0.4611 ± 0.147913	0.2879 ± 0.085461	0.690 ± 0.252192	0.853 ± 0.069562	0.670 ± 0.257161	0.842 ± 0.073212	0.860 ± 0.143969	0.901 ± 0.043945	0.829 ± 0.182592	0.951 ± 0.033475	0.907 ± 0.114152	0.972 ± 0.014662	0.894 ± 0.127814	0.970 ± 0.015654	0.813 ± 0.205204	0.869 ± 0.061990	0.841 ± 0.179196	0.963 ± 0.026893
roc_auc	nan	nan	0.922 ± 0.091486	0.970 ± 0.016429	0.823 ± 0.125954	0.909 ± 0.044859	0.13590 ± 0.050478	0.07850 ± 0.029494	0.794 ± 0.155072	0.899 ± 0.050451	0.647 ± 0.251909	0.817 ± 0.089718	0.4588 ± 0.145549	0.2878 ± 0.093128	0.686 ± 0.238605	0.834 ± 0.084276	0.664 ± 0.242942	0.826 ± 0.086714	0.858 ± 0.138321	0.899 ± 0.048428	0.828 ± 0.177167	0.936 ± 0.043727	0.914 ± 0.100679	0.971 ± 0.016086	0.898 ± 0.123193	0.971 ± 0.016461	0.807 ± 0.204429	0.867 ± 0.066537	0.840 ± 0.172319	0.950 ± 0.035307
