	mean_best_threshold_tuning_score	mean_best_threshold	mean_test_average_precision	mean_train_average_precision	mean_test_balanced_accuracy	mean_train_balanced_accuracy	mean_test_brier_loss	mean_train_brier_loss	mean_test_f1	mean_train_f1	mean_test_informedness	mean_train_informedness	mean_test_log_loss	mean_train_log_loss	mean_test_markedness	mean_train_markedness	mean_test_mcc	mean_train_mcc	mean_test_negative_predictive_value	mean_train_negative_predictive_value	mean_test_precision	mean_train_precision	mean_test_precision_recall_auc	mean_train_precision_recall_auc	mean_test_roc_auc	mean_train_roc_auc	mean_test_sensitivity	mean_train_sensitivity	mean_test_specificity	mean_train_specificity
mcc	nan	nan	0.811 ± 0.170344	0.999 ± 0.003598	0.708 ± 0.153247	0.993 ± 0.028465	0.20228 ± 0.085520	0.06662 ± 0.052487	0.641 ± 0.219719	0.992 ± 0.033210	0.416 ± 0.306495	0.986 ± 0.056930	0.8772 ± 0.773975	0.2547 ± 0.136476	0.490 ± 0.352821	0.990 ± 0.038456	0.453 ± 0.312721	0.988 ± 0.047946	0.755 ± 0.174331	0.991 ± 0.038191	0.736 ± 0.257870	0.999 ± 0.006018	0.776 ± 0.211434	0.999 ± 0.003630	0.789 ± 0.172304	0.999 ± 0.003886	0.637 ± 0.283103	0.987 ± 0.056848	0.779 ± 0.215731	0.999 ± 0.005546
precision_recall_auc	nan	nan	0.846 ± 0.149616	1.000 ± 0.002425	0.728 ± 0.166631	0.996 ± 0.021747	0.18629 ± 0.093577	0.03848 ± 0.028395	0.662 ± 0.233181	0.995 ± 0.025054	0.456 ± 0.333261	0.991 ± 0.043495	0.8110 ± 0.727343	0.1748 ± 0.084678	0.520 ± 0.360371	0.994 ± 0.028193	0.488 ± 0.330537	0.993 ± 0.036072	0.767 ± 0.179131	0.994 ± 0.028193	0.754 ± 0.253050	1.000 ± 0.000000	0.823 ± 0.174852	1.000 ± 0.002448	0.812 ± 0.182740	1.000 ± 0.002432	0.655 ± 0.291611	0.991 ± 0.043495	0.801 ± 0.214640	1.000 ± 0.000000
roc_auc	nan	nan	0.846 ± 0.155706	0.999 ± 0.002731	0.729 ± 0.163631	0.991 ± 0.032478	0.18906 ± 0.101144	0.02693 ± 0.028403	0.650 ± 0.264006	0.989 ± 0.037313	0.458 ± 0.327262	0.981 ± 0.064957	0.7393 ± 0.623761	0.1358 ± 0.086858	0.500 ± 0.397488	0.987 ± 0.043634	0.489 ± 0.330534	0.984 ± 0.054573	0.782 ± 0.188339	0.987 ± 0.043634	0.718 ± 0.282358	1.000 ± 0.000000	0.823 ± 0.181775	0.999 ± 0.002757	0.818 ± 0.185660	0.999 ± 0.002745	0.653 ± 0.319598	0.981 ± 0.064957	0.805 ± 0.202598	1.000 ± 0.000000
