	mean_best_threshold_tuning_score	mean_best_threshold	mean_test_average_precision	mean_train_average_precision	mean_test_balanced_accuracy	mean_train_balanced_accuracy	mean_test_brier_loss	mean_train_brier_loss	mean_test_f1	mean_train_f1	mean_test_informedness	mean_train_informedness	mean_test_log_loss	mean_train_log_loss	mean_test_markedness	mean_train_markedness	mean_test_mcc	mean_train_mcc	mean_test_negative_predictive_value	mean_train_negative_predictive_value	mean_test_precision	mean_train_precision	mean_test_precision_recall_auc	mean_train_precision_recall_auc	mean_test_roc_auc	mean_train_roc_auc	mean_test_sensitivity	mean_train_sensitivity	mean_test_specificity	mean_train_specificity
mcc	nan	nan	0.796 ± 0.169820	0.999 ± 0.003574	0.702 ± 0.135512	0.992 ± 0.028425	0.21186 ± 0.084846	0.07156 ± 0.057909	0.631 ± 0.202821	0.991 ± 0.033154	0.403 ± 0.271025	0.984 ± 0.056850	0.9415 ± 1.016888	0.2670 ± 0.150309	0.486 ± 0.323903	0.989 ± 0.038417	0.443 ± 0.278799	0.987 ± 0.047884	0.757 ± 0.169217	0.990 ± 0.038178	0.728 ± 0.251669	0.999 ± 0.006018	0.757 ± 0.210410	0.999 ± 0.003607	0.776 ± 0.180809	0.999 ± 0.003861	0.630 ± 0.278256	0.985 ± 0.056787	0.773 ± 0.222282	0.999 ± 0.005546
precision_recall_auc	nan	nan	0.851 ± 0.152014	0.999 ± 0.003068	0.726 ± 0.165333	0.991 ± 0.035235	0.19035 ± 0.092705	0.04136 ± 0.031322	0.647 ± 0.251130	0.990 ± 0.041742	0.451 ± 0.330667	0.982 ± 0.070469	0.7891 ± 0.672476	0.1817 ± 0.091823	0.509 ± 0.374458	0.988 ± 0.045347	0.484 ± 0.330038	0.985 ± 0.058367	0.772 ± 0.184257	0.988 ± 0.045347	0.737 ± 0.273556	1.000 ± 0.000000	0.827 ± 0.182290	0.999 ± 0.003098	0.818 ± 0.176301	0.999 ± 0.003040	0.643 ± 0.311368	0.982 ± 0.070469	0.808 ± 0.211737	1.000 ± 0.000000
roc_auc	nan	nan	0.837 ± 0.161603	0.999 ± 0.003954	0.726 ± 0.163756	0.988 ± 0.036786	0.19433 ± 0.097043	0.03001 ± 0.031389	0.644 ± 0.259943	0.987 ± 0.042554	0.452 ± 0.327511	0.977 ± 0.073572	0.7315 ± 0.579062	0.1422 ± 0.095207	0.508 ± 0.391949	0.984 ± 0.048531	0.484 ± 0.334744	0.980 ± 0.061411	0.780 ± 0.190144	0.984 ± 0.048531	0.727 ± 0.285491	1.000 ± 0.000000	0.812 ± 0.191108	0.999 ± 0.003990	0.805 ± 0.185503	0.999 ± 0.004160	0.650 ± 0.324282	0.977 ± 0.073572	0.802 ± 0.204530	1.000 ± 0.000000
