	mean_best_threshold_tuning_score	mean_best_threshold	mean_test_average_precision	mean_train_average_precision	mean_test_balanced_accuracy	mean_train_balanced_accuracy	mean_test_brier_loss	mean_train_brier_loss	mean_test_f1	mean_train_f1	mean_test_informedness	mean_train_informedness	mean_test_log_loss	mean_train_log_loss	mean_test_markedness	mean_train_markedness	mean_test_mcc	mean_train_mcc	mean_test_negative_predictive_value	mean_train_negative_predictive_value	mean_test_precision	mean_train_precision	mean_test_precision_recall_auc	mean_train_precision_recall_auc	mean_test_roc_auc	mean_train_roc_auc	mean_test_sensitivity	mean_train_sensitivity	mean_test_specificity	mean_train_specificity
mcc	nan	nan	0.861 ± 0.136875	0.999 ± 0.003598	0.747 ± 0.168622	0.993 ± 0.028465	0.18669 ± 0.082928	0.06662 ± 0.052487	0.680 ± 0.264394	0.992 ± 0.033210	0.495 ± 0.337243	0.986 ± 0.056930	0.6129 ± 0.393644	0.2547 ± 0.136476	0.528 ± 0.399841	0.990 ± 0.038456	0.514 ± 0.351052	0.988 ± 0.047946	0.798 ± 0.177930	0.991 ± 0.038191	0.731 ± 0.290525	0.999 ± 0.006018	0.841 ± 0.160206	0.999 ± 0.003630	0.835 ± 0.154592	0.999 ± 0.003886	0.695 ± 0.308428	0.987 ± 0.056848	0.800 ± 0.195354	0.999 ± 0.005546
precision_recall_auc	nan	nan	0.870 ± 0.131006	1.000 ± 0.002425	0.743 ± 0.167939	0.996 ± 0.021747	0.18409 ± 0.089657	0.03848 ± 0.028395	0.668 ± 0.276767	0.995 ± 0.025054	0.485 ± 0.335879	0.991 ± 0.043495	0.6110 ± 0.391428	0.1748 ± 0.084678	0.486 ± 0.422769	0.994 ± 0.028193	0.495 ± 0.352477	0.993 ± 0.036072	0.789 ± 0.175249	0.994 ± 0.028193	0.697 ± 0.300781	1.000 ± 0.000000	0.851 ± 0.153963	1.000 ± 0.002448	0.845 ± 0.148452	1.000 ± 0.002432	0.685 ± 0.310571	0.991 ± 0.043495	0.800 ± 0.186810	1.000 ± 0.000000
roc_auc	nan	nan	0.863 ± 0.145357	0.999 ± 0.002731	0.737 ± 0.163197	0.991 ± 0.032478	0.19108 ± 0.097549	0.02693 ± 0.028403	0.651 ± 0.297081	0.989 ± 0.037313	0.474 ± 0.326393	0.981 ± 0.064957	0.6316 ± 0.380100	0.1358 ± 0.086858	0.453 ± 0.443346	0.987 ± 0.043634	0.486 ± 0.337849	0.984 ± 0.054573	0.791 ± 0.177009	0.987 ± 0.043634	0.662 ± 0.317770	1.000 ± 0.000000	0.843 ± 0.169987	0.999 ± 0.002757	0.830 ± 0.170135	0.999 ± 0.002745	0.680 ± 0.330498	0.981 ± 0.064957	0.794 ± 0.193949	1.000 ± 0.000000
