	mean_ncv_average_precision	mean_ncv_balanced_accuracy	mean_ncv_brier_loss	mean_ncv_f1	mean_ncv_informedness	mean_ncv_log_loss	mean_ncv_markedness	mean_ncv_mcc	mean_ncv_negative_predictive_value	mean_ncv_precision	mean_ncv_precision_recall_auc	mean_ncv_roc_auc	mean_ncv_sensitivity	mean_ncv_specificity
mcc	0.792 ± 0.038208	0.733 ± 0.044970	0.19156 ± 0.020092	0.702 ± 0.051317	0.466 ± 0.089939	0.6719 ± 0.205415	0.472 ± 0.090168	0.469 ± 0.089992	0.754 ± 0.041321	0.718 ± 0.053188	0.786 ± 0.039939	0.762 ± 0.044513	0.689 ± 0.059720	0.777 ± 0.050023
precision_recall_auc	0.810 ± 0.018674	0.734 ± 0.027069	0.19203 ± 0.010995	0.694 ± 0.034988	0.468 ± 0.054137	0.6620 ± 0.130991	0.489 ± 0.054316	0.478 ± 0.053664	0.742 ± 0.026516	0.747 ± 0.039424	0.805 ± 0.019285	0.779 ± 0.022023	0.650 ± 0.052705	0.818 ± 0.042855
roc_auc	0.809 ± 0.029659	0.737 ± 0.038242	0.18980 ± 0.023223	0.699 ± 0.048304	0.475 ± 0.076484	0.6661 ± 0.160210	0.492 ± 0.074792	0.483 ± 0.075330	0.747 ± 0.037718	0.745 ± 0.046547	0.804 ± 0.030420	0.790 ± 0.039339	0.661 ± 0.066512	0.814 ± 0.045201
