	mean_best_threshold_tuning_score	mean_best_threshold	mean_test_average_precision	mean_train_average_precision	mean_test_balanced_accuracy	mean_train_balanced_accuracy	mean_test_brier_loss	mean_train_brier_loss	mean_test_f1	mean_train_f1	mean_test_informedness	mean_train_informedness	mean_test_log_loss	mean_train_log_loss	mean_test_markedness	mean_train_markedness	mean_test_mcc	mean_train_mcc	mean_test_negative_predictive_value	mean_train_negative_predictive_value	mean_test_precision	mean_train_precision	mean_test_precision_recall_auc	mean_train_precision_recall_auc	mean_test_roc_auc	mean_train_roc_auc	mean_test_sensitivity	mean_train_sensitivity	mean_test_specificity	mean_train_specificity
mcc	nan	nan	0.925 ± 0.084231	0.974 ± 0.020169	0.867 ± 0.111015	0.906 ± 0.029218	0.10586 ± 0.067745	0.06374 ± 0.019565	0.832 ± 0.152629	0.896 ± 0.033972	0.733 ± 0.222029	0.812 ± 0.058436	0.3481 ± 0.178643	0.2299 ± 0.054693	0.816 ± 0.157478	0.857 ± 0.047976	0.770 ± 0.189985	0.834 ± 0.052474	0.850 ± 0.126690	0.875 ± 0.036656	0.966 ± 0.105676	0.983 ± 0.025216	0.916 ± 0.094390	0.974 ± 0.020313	0.895 ± 0.123085	0.965 ± 0.030591	0.768 ± 0.213816	0.825 ± 0.054542	0.965 ± 0.111689	0.987 ± 0.018872
precision_recall_auc	nan	nan	0.943 ± 0.071112	0.958 ± 0.017092	0.758 ± 0.163486	0.773 ± 0.136691	0.11669 ± 0.061062	0.08412 ± 0.021852	0.613 ± 0.342692	0.655 ± 0.304944	0.517 ± 0.326971	0.545 ± 0.273382	0.3679 ± 0.160349	0.2752 ± 0.057418	0.537 ± 0.505580	0.568 ± 0.453146	0.564 ± 0.325091	0.589 ± 0.277957	0.750 ± 0.144090	0.753 ± 0.117362	0.787 ± 0.402899	0.815 ± 0.361879	0.936 ± 0.080149	0.958 ± 0.017250	0.924 ± 0.106798	0.954 ± 0.020673	0.530 ± 0.335351	0.563 ± 0.287870	0.987 ± 0.066094	0.982 ± 0.036513
roc_auc	nan	nan	0.944 ± 0.076866	0.959 ± 0.019506	0.732 ± 0.164546	0.755 ± 0.131542	0.12194 ± 0.062941	0.08766 ± 0.025448	0.563 ± 0.350600	0.628 ± 0.294977	0.465 ± 0.329093	0.511 ± 0.263085	0.3844 ± 0.165389	0.2834 ± 0.067770	0.475 ± 0.533302	0.556 ± 0.448648	0.516 ± 0.333905	0.565 ± 0.269675	0.722 ± 0.140419	0.736 ± 0.113866	0.753 ± 0.430209	0.821 ± 0.364452	0.937 ± 0.087466	0.959 ± 0.019696	0.932 ± 0.098636	0.958 ± 0.020627	0.470 ± 0.327656	0.526 ± 0.276971	0.995 ± 0.035355	0.985 ± 0.036692
