	mean_best_threshold_tuning_score	mean_best_threshold	mean_test_average_precision	mean_train_average_precision	mean_test_balanced_accuracy	mean_train_balanced_accuracy	mean_test_brier_loss	mean_train_brier_loss	mean_test_f1	mean_train_f1	mean_test_informedness	mean_train_informedness	mean_test_log_loss	mean_train_log_loss	mean_test_markedness	mean_train_markedness	mean_test_mcc	mean_train_mcc	mean_test_negative_predictive_value	mean_train_negative_predictive_value	mean_test_precision	mean_train_precision	mean_test_precision_recall_auc	mean_train_precision_recall_auc	mean_test_roc_auc	mean_train_roc_auc	mean_test_sensitivity	mean_train_sensitivity	mean_test_specificity	mean_train_specificity
mcc	nan	nan	0.959 ± 0.056160	0.975 ± 0.017479	0.861 ± 0.104903	0.902 ± 0.021398	0.08910 ± 0.051205	0.06723 ± 0.014923	0.819 ± 0.172725	0.891 ± 0.025555	0.722 ± 0.209806	0.804 ± 0.042796	0.3055 ± 0.131431	0.2405 ± 0.041360	0.803 ± 0.219500	0.851 ± 0.037225	0.764 ± 0.185210	0.827 ± 0.039097	0.831 ± 0.120591	0.869 ± 0.026199	0.972 ± 0.151240	0.982 ± 0.023917	0.954 ± 0.063019	0.975 ± 0.017608	0.944 ± 0.080857	0.968 ± 0.025768	0.730 ± 0.212666	0.817 ± 0.039585	0.992 ± 0.056569	0.987 ± 0.017003
precision_recall_auc	nan	nan	0.947 ± 0.064802	0.959 ± 0.016874	0.735 ± 0.155459	0.769 ± 0.144301	0.11130 ± 0.062723	0.08403 ± 0.024316	0.576 ± 0.329593	0.643 ± 0.320386	0.470 ± 0.310918	0.538 ± 0.288601	0.3615 ± 0.168281	0.2750 ± 0.063794	0.508 ± 0.500741	0.552 ± 0.478501	0.526 ± 0.312504	0.582 ± 0.294658	0.723 ± 0.142998	0.751 ± 0.121972	0.785 ± 0.403227	0.801 ± 0.381345	0.941 ± 0.072261	0.959 ± 0.017015	0.925 ± 0.096042	0.955 ± 0.019095	0.483 ± 0.317659	0.553 ± 0.300410	0.987 ± 0.066094	0.985 ± 0.035953
roc_auc	nan	nan	0.955 ± 0.055755	0.956 ± 0.015311	0.746 ± 0.157009	0.760 ± 0.115615	0.11288 ± 0.057582	0.09270 ± 0.020137	0.595 ± 0.326788	0.648 ± 0.260320	0.493 ± 0.314018	0.521 ± 0.231230	0.3564 ± 0.142492	0.2961 ± 0.052595	0.547 ± 0.478088	0.596 ± 0.395595	0.550 ± 0.310118	0.580 ± 0.235394	0.733 ± 0.137261	0.738 ± 0.103502	0.813 ± 0.387796	0.858 ± 0.324079	0.950 ± 0.063244	0.955 ± 0.015440	0.944 ± 0.069018	0.954 ± 0.016580	0.497 ± 0.314952	0.539 ± 0.249830	0.996 ± 0.028284	0.982 ± 0.043896
