	mean_best_threshold_tuning_score	mean_best_threshold	mean_test_average_precision	mean_train_average_precision	mean_test_balanced_accuracy	mean_train_balanced_accuracy	mean_test_brier_loss	mean_train_brier_loss	mean_test_f1	mean_train_f1	mean_test_informedness	mean_train_informedness	mean_test_log_loss	mean_train_log_loss	mean_test_markedness	mean_train_markedness	mean_test_mcc	mean_train_mcc	mean_test_negative_predictive_value	mean_train_negative_predictive_value	mean_test_precision	mean_train_precision	mean_test_precision_recall_auc	mean_train_precision_recall_auc	mean_test_roc_auc	mean_train_roc_auc	mean_test_sensitivity	mean_train_sensitivity	mean_test_specificity	mean_train_specificity
mcc	nan	nan	0.831 ± 0.135827	0.993 ± 0.009248	0.754 ± 0.115030	0.958 ± 0.037446	0.18956 ± 0.068267	0.07960 ± 0.044034	0.672 ± 0.193210	0.955 ± 0.041214	0.508 ± 0.230060	0.916 ± 0.074892	0.6973 ± 0.473506	0.2854 ± 0.116626	0.606 ± 0.256785	0.938 ± 0.053979	0.555 ± 0.218592	0.927 ± 0.064460	0.746 ± 0.127361	0.940 ± 0.053664	0.861 ± 0.209707	0.997 ± 0.009732	0.811 ± 0.152887	0.993 ± 0.009357	0.755 ± 0.205746	0.993 ± 0.012656	0.597 ± 0.238903	0.919 ± 0.075130	0.911 ± 0.128686	0.998 ± 0.007840
precision_recall_auc	nan	nan	0.872 ± 0.110367	0.989 ± 0.010138	0.788 ± 0.110441	0.936 ± 0.033734	0.16793 ± 0.065233	0.06527 ± 0.027938	0.718 ± 0.202865	0.930 ± 0.037716	0.576 ± 0.220883	0.871 ± 0.067468	0.5625 ± 0.231449	0.2488 ± 0.081870	0.650 ± 0.279859	0.904 ± 0.048677	0.617 ± 0.214760	0.888 ± 0.057969	0.775 ± 0.125742	0.908 ± 0.047790	0.875 ± 0.228478	0.996 ± 0.011234	0.856 ± 0.127564	0.988 ± 0.010254	0.817 ± 0.158470	0.987 ± 0.014420	0.647 ± 0.233017	0.874 ± 0.067623	0.929 ± 0.119987	0.997 ± 0.008719
roc_auc	nan	nan	0.858 ± 0.111707	0.989 ± 0.010642	0.774 ± 0.110455	0.941 ± 0.034818	0.17512 ± 0.065301	0.06246 ± 0.023732	0.697 ± 0.205226	0.936 ± 0.038717	0.548 ± 0.220910	0.882 ± 0.069636	0.5948 ± 0.256763	0.2408 ± 0.072382	0.635 ± 0.279169	0.912 ± 0.050605	0.595 ± 0.213986	0.897 ± 0.060064	0.764 ± 0.124731	0.915 ± 0.049384	0.872 ± 0.232756	0.997 ± 0.010249	0.841 ± 0.129225	0.989 ± 0.010760	0.801 ± 0.156377	0.988 ± 0.015325	0.623 ± 0.237045	0.884 ± 0.069324	0.925 ± 0.127475	0.998 ± 0.007840
