	mean_best_threshold_tuning_score	mean_best_threshold	mean_test_average_precision	mean_train_average_precision	mean_test_balanced_accuracy	mean_train_balanced_accuracy	mean_test_brier_loss	mean_train_brier_loss	mean_test_f1	mean_train_f1	mean_test_informedness	mean_train_informedness	mean_test_log_loss	mean_train_log_loss	mean_test_markedness	mean_train_markedness	mean_test_mcc	mean_train_mcc	mean_test_negative_predictive_value	mean_train_negative_predictive_value	mean_test_precision	mean_train_precision	mean_test_precision_recall_auc	mean_train_precision_recall_auc	mean_test_roc_auc	mean_train_roc_auc	mean_test_sensitivity	mean_train_sensitivity	mean_test_specificity	mean_train_specificity
mcc	nan	nan	0.932 ± 0.085760	0.973 ± 0.013370	0.828 ± 0.116366	0.922 ± 0.035027	0.12833 ± 0.050944	0.07676 ± 0.024542	0.795 ± 0.141616	0.915 ± 0.038963	0.655 ± 0.232731	0.844 ± 0.070053	0.4272 ± 0.158453	0.2870 ± 0.074823	0.721 ± 0.215213	0.860 ± 0.067291	0.685 ± 0.220890	0.852 ± 0.068436	0.840 ± 0.135995	0.911 ± 0.036778	0.881 ± 0.169400	0.949 ± 0.038856	0.922 ± 0.098300	0.973 ± 0.013500	0.920 ± 0.100199	0.969 ± 0.015662	0.770 ± 0.202423	0.884 ± 0.049843	0.885 ± 0.175909	0.960 ± 0.033602
precision_recall_auc	nan	nan	0.943 ± 0.070090	0.970 ± 0.013800	0.839 ± 0.111586	0.915 ± 0.036670	0.12333 ± 0.049956	0.08036 ± 0.022863	0.805 ± 0.139296	0.906 ± 0.041716	0.677 ± 0.223173	0.829 ± 0.073340	0.4243 ± 0.187740	0.2967 ± 0.071275	0.741 ± 0.204171	0.849 ± 0.066387	0.706 ± 0.210372	0.839 ± 0.069592	0.843 ± 0.134195	0.900 ± 0.041561	0.899 ± 0.154664	0.949 ± 0.033713	0.936 ± 0.079771	0.970 ± 0.013818	0.931 ± 0.085110	0.968 ± 0.014445	0.770 ± 0.202423	0.868 ± 0.058573	0.907 ± 0.146737	0.961 ± 0.026430
roc_auc	nan	nan	0.936 ± 0.069892	0.969 ± 0.014426	0.828 ± 0.108065	0.902 ± 0.039198	0.12670 ± 0.049396	0.08253 ± 0.023300	0.798 ± 0.131234	0.892 ± 0.044230	0.657 ± 0.216130	0.804 ± 0.078395	0.4314 ± 0.186987	0.3013 ± 0.072255	0.713 ± 0.205212	0.822 ± 0.075578	0.683 ± 0.207522	0.813 ± 0.076636	0.842 ± 0.132622	0.892 ± 0.041746	0.871 ± 0.161758	0.930 ± 0.043449	0.928 ± 0.079517	0.969 ± 0.014396	0.924 ± 0.086047	0.968 ± 0.014815	0.777 ± 0.193019	0.858 ± 0.057468	0.880 ± 0.158758	0.946 ± 0.035504
