	mean_ncv_average_precision	mean_ncv_balanced_accuracy	mean_ncv_brier_loss	mean_ncv_f1	mean_ncv_informedness	mean_ncv_log_loss	mean_ncv_markedness	mean_ncv_mcc	mean_ncv_negative_predictive_value	mean_ncv_precision	mean_ncv_precision_recall_auc	mean_ncv_roc_auc	mean_ncv_sensitivity	mean_ncv_specificity
mcc	0.817 ± 0.046588	0.798 ± 0.034723	0.17078 ± 0.021761	0.779 ± 0.037095	0.597 ± 0.069445	0.6410 ± 0.242963	0.599 ± 0.070621	0.598 ± 0.069926	0.822 ± 0.033810	0.777 ± 0.049824	0.809 ± 0.050560	0.829 ± 0.028297	0.783 ± 0.048644	0.814 ± 0.054419
precision_recall_auc	0.868 ± 0.035813	0.810 ± 0.041416	0.14909 ± 0.017867	0.792 ± 0.043468	0.621 ± 0.082833	0.5212 ± 0.093008	0.625 ± 0.087008	0.623 ± 0.084807	0.828 ± 0.033265	0.797 ± 0.063239	0.864 ± 0.037973	0.851 ± 0.029582	0.789 ± 0.043823	0.832 ± 0.064461
roc_auc	0.864 ± 0.052800	0.814 ± 0.040355	0.15357 ± 0.021205	0.797 ± 0.042941	0.628 ± 0.080710	0.5707 ± 0.191348	0.630 ± 0.082514	0.629 ± 0.081514	0.839 ± 0.039205	0.791 ± 0.058551	0.859 ± 0.057186	0.847 ± 0.035665	0.806 ± 0.053990	0.823 ± 0.062287
