	mean_best_threshold_tuning_score	mean_best_threshold	mean_test_average_precision	mean_train_average_precision	mean_test_balanced_accuracy	mean_train_balanced_accuracy	mean_test_brier_loss	mean_train_brier_loss	mean_test_f1	mean_train_f1	mean_test_informedness	mean_train_informedness	mean_test_log_loss	mean_train_log_loss	mean_test_markedness	mean_train_markedness	mean_test_mcc	mean_train_mcc	mean_test_negative_predictive_value	mean_train_negative_predictive_value	mean_test_precision	mean_train_precision	mean_test_precision_recall_auc	mean_train_precision_recall_auc	mean_test_roc_auc	mean_train_roc_auc	mean_test_sensitivity	mean_train_sensitivity	mean_test_specificity	mean_train_specificity
mcc	nan	nan	0.948 ± 0.075744	0.998 ± 0.005087	0.874 ± 0.124094	0.982 ± 0.029445	0.10094 ± 0.075756	0.02372 ± 0.028818	0.851 ± 0.148314	0.981 ± 0.031782	0.749 ± 0.248187	0.964 ± 0.058889	0.3227 ± 0.202924	0.1136 ± 0.107112	0.773 ± 0.231394	0.969 ± 0.054077	0.760 ± 0.238109	0.967 ± 0.056296	0.888 ± 0.131634	0.978 ± 0.034061	0.886 ± 0.153825	0.991 ± 0.029855	0.942 ± 0.085751	0.998 ± 0.005253	0.939 ± 0.090007	0.998 ± 0.004796	0.847 ± 0.190744	0.972 ± 0.044331	0.902 ± 0.139591	0.992 ± 0.025936
precision_recall_auc	nan	nan	0.968 ± 0.046398	1.000 ± 0.000000	0.874 ± 0.115077	1.000 ± 0.000000	0.09597 ± 0.080423	0.00398 ± 0.005072	0.849 ± 0.144369	1.000 ± 0.000000	0.748 ± 0.230154	1.000 ± 0.000000	0.3119 ± 0.250478	0.0340 ± 0.032187	0.784 ± 0.205011	1.000 ± 0.000000	0.764 ± 0.215804	1.000 ± 0.000000	0.884 ± 0.127636	1.000 ± 0.000000	0.900 ± 0.147657	1.000 ± 0.000000	0.963 ± 0.053625	1.000 ± 0.000000	0.964 ± 0.048665	1.000 ± 0.000000	0.837 ± 0.195586	1.000 ± 0.000000	0.911 ± 0.134881	1.000 ± 0.000000
roc_auc	nan	nan	0.965 ± 0.049609	1.000 ± 0.000000	0.867 ± 0.118934	1.000 ± 0.000000	0.10093 ± 0.084301	0.00309 ± 0.004540	0.843 ± 0.146387	1.000 ± 0.000000	0.734 ± 0.237869	1.000 ± 0.000000	0.3294 ± 0.269802	0.0285 ± 0.030081	0.765 ± 0.218095	1.000 ± 0.000000	0.748 ± 0.226064	1.000 ± 0.000000	0.882 ± 0.131115	1.000 ± 0.000000	0.883 ± 0.151448	1.000 ± 0.000000	0.960 ± 0.057054	1.000 ± 0.000000	0.961 ± 0.059775	1.000 ± 0.000000	0.837 ± 0.195586	1.000 ± 0.000000	0.897 ± 0.137176	1.000 ± 0.000000
