	mean_best_threshold_tuning_score	mean_best_threshold	mean_test_average_precision	mean_train_average_precision	mean_test_balanced_accuracy	mean_train_balanced_accuracy	mean_test_brier_loss	mean_train_brier_loss	mean_test_f1	mean_train_f1	mean_test_informedness	mean_train_informedness	mean_test_log_loss	mean_train_log_loss	mean_test_markedness	mean_train_markedness	mean_test_mcc	mean_train_mcc	mean_test_negative_predictive_value	mean_train_negative_predictive_value	mean_test_precision	mean_train_precision	mean_test_precision_recall_auc	mean_train_precision_recall_auc	mean_test_roc_auc	mean_train_roc_auc	mean_test_sensitivity	mean_train_sensitivity	mean_test_specificity	mean_train_specificity
mcc	nan	nan	0.886 ± 0.126327	0.986 ± 0.016747	0.774 ± 0.155784	0.960 ± 0.040289	0.17390 ± 0.062325	0.06380 ± 0.055612	0.737 ± 0.194282	0.957 ± 0.044597	0.548 ± 0.311569	0.920 ± 0.080578	0.6216 ± 0.313937	0.2423 ± 0.167961	0.588 ± 0.313916	0.933 ± 0.071593	0.566 ± 0.311186	0.926 ± 0.075865	0.810 ± 0.161826	0.948 ± 0.049193	0.777 ± 0.213882	0.985 ± 0.034885	0.871 ± 0.146428	0.986 ± 0.017032	0.859 ± 0.156548	0.981 ± 0.023756	0.742 ± 0.238838	0.932 ± 0.065828	0.806 ± 0.194212	0.987 ± 0.029606
precision_recall_auc	nan	nan	0.893 ± 0.126574	0.981 ± 0.023593	0.821 ± 0.143285	0.945 ± 0.049844	0.16924 ± 0.054097	0.07628 ± 0.063246	0.794 ± 0.169547	0.941 ± 0.054767	0.643 ± 0.286569	0.891 ± 0.099689	0.5818 ± 0.216437	0.2755 ± 0.182042	0.667 ± 0.286111	0.907 ± 0.092609	0.654 ± 0.285468	0.899 ± 0.095728	0.854 ± 0.147756	0.934 ± 0.055220	0.813 ± 0.194381	0.973 ± 0.049777	0.876 ± 0.155490	0.982 ± 0.021276	0.872 ± 0.146369	0.980 ± 0.024899	0.807 ± 0.204429	0.913 ± 0.074132	0.836 ± 0.178154	0.978 ± 0.042448
roc_auc	nan	nan	0.879 ± 0.141935	0.985 ± 0.020320	0.797 ± 0.177640	0.952 ± 0.047579	0.18263 ± 0.103147	0.06601 ± 0.059617	0.760 ± 0.221088	0.948 ± 0.052319	0.593 ± 0.355281	0.904 ± 0.095158	0.6513 ± 0.440699	0.2456 ± 0.176114	0.616 ± 0.377285	0.918 ± 0.089982	0.607 ± 0.357066	0.911 ± 0.092259	0.830 ± 0.193483	0.940 ± 0.050584	0.786 ± 0.241797	0.977 ± 0.047989	0.863 ± 0.165296	0.986 ± 0.018570	0.852 ± 0.176873	0.982 ± 0.023786	0.773 ± 0.251999	0.922 ± 0.066835	0.820 ± 0.217594	0.982 ± 0.039683
