	mean_best_threshold_tuning_score	mean_best_threshold	mean_test_average_precision	mean_train_average_precision	mean_test_balanced_accuracy	mean_train_balanced_accuracy	mean_test_brier_loss	mean_train_brier_loss	mean_test_f1	mean_train_f1	mean_test_informedness	mean_train_informedness	mean_test_log_loss	mean_train_log_loss	mean_test_markedness	mean_train_markedness	mean_test_mcc	mean_train_mcc	mean_test_negative_predictive_value	mean_train_negative_predictive_value	mean_test_precision	mean_train_precision	mean_test_precision_recall_auc	mean_train_precision_recall_auc	mean_test_roc_auc	mean_train_roc_auc	mean_test_sensitivity	mean_train_sensitivity	mean_test_specificity	mean_train_specificity
mcc	nan	nan	0.905 ± 0.110527	0.973 ± 0.013363	0.805 ± 0.145402	0.922 ± 0.035027	0.14479 ± 0.062869	0.07676 ± 0.024541	0.778 ± 0.167132	0.915 ± 0.038963	0.611 ± 0.290803	0.844 ± 0.070053	0.4718 ± 0.163993	0.2870 ± 0.074821	0.642 ± 0.287671	0.860 ± 0.067291	0.625 ± 0.287840	0.852 ± 0.068436	0.842 ± 0.154249	0.911 ± 0.036778	0.800 ± 0.195992	0.949 ± 0.038856	0.895 ± 0.126241	0.972 ± 0.013492	0.879 ± 0.137411	0.969 ± 0.015658	0.797 ± 0.202143	0.884 ± 0.049843	0.814 ± 0.192471	0.960 ± 0.033602
precision_recall_auc	nan	nan	0.922 ± 0.087473	0.970 ± 0.013783	0.840 ± 0.119473	0.915 ± 0.036401	0.13504 ± 0.056114	0.08022 ± 0.022798	0.813 ± 0.145861	0.907 ± 0.041373	0.679 ± 0.238946	0.831 ± 0.072801	0.4530 ± 0.160058	0.2963 ± 0.071145	0.708 ± 0.226275	0.850 ± 0.066374	0.692 ± 0.231012	0.840 ± 0.069345	0.869 ± 0.131545	0.901 ± 0.041043	0.839 ± 0.166789	0.949 ± 0.033746	0.914 ± 0.096698	0.970 ± 0.013800	0.902 ± 0.113590	0.968 ± 0.014483	0.825 ± 0.189170	0.869 ± 0.057384	0.854 ± 0.162832	0.961 ± 0.026430
roc_auc	nan	nan	0.926 ± 0.088017	0.969 ± 0.014414	0.836 ± 0.113627	0.902 ± 0.039198	0.13341 ± 0.053288	0.08249 ± 0.023278	0.809 ± 0.141652	0.892 ± 0.044230	0.671 ± 0.227254	0.804 ± 0.078395	0.4484 ± 0.156255	0.3012 ± 0.072206	0.703 ± 0.218713	0.822 ± 0.075578	0.686 ± 0.221284	0.813 ± 0.076636	0.866 ± 0.129817	0.892 ± 0.041746	0.836 ± 0.162628	0.930 ± 0.043449	0.920 ± 0.095228	0.969 ± 0.014383	0.908 ± 0.113546	0.968 ± 0.014825	0.818 ± 0.188750	0.858 ± 0.057468	0.853 ± 0.153001	0.946 ± 0.035504
