	mean_best_threshold_tuning_score	mean_best_threshold	mean_test_average_precision	mean_train_average_precision	mean_test_balanced_accuracy	mean_train_balanced_accuracy	mean_test_brier_loss	mean_train_brier_loss	mean_test_f1	mean_train_f1	mean_test_informedness	mean_train_informedness	mean_test_log_loss	mean_train_log_loss	mean_test_markedness	mean_train_markedness	mean_test_mcc	mean_train_mcc	mean_test_negative_predictive_value	mean_train_negative_predictive_value	mean_test_precision	mean_train_precision	mean_test_precision_recall_auc	mean_train_precision_recall_auc	mean_test_roc_auc	mean_train_roc_auc	mean_test_sensitivity	mean_train_sensitivity	mean_test_specificity	mean_train_specificity
mcc	nan	nan	0.842 ± 0.131463	0.941 ± 0.060794	0.713 ± 0.128073	0.888 ± 0.080376	0.19754 ± 0.068012	0.07972 ± 0.056619	0.632 ± 0.188275	0.881 ± 0.082549	0.427 ± 0.256146	0.775 ± 0.160751	0.6092 ± 0.222552	0.2754 ± 0.165801	0.512 ± 0.296753	0.785 ± 0.166805	0.467 ± 0.254224	0.780 ± 0.163598	0.719 ± 0.144605	0.903 ± 0.053299	0.793 ± 0.230993	0.882 ± 0.123523	0.818 ± 0.154372	0.940 ± 0.061550	0.811 ± 0.160268	0.936 ± 0.064505	0.585 ± 0.240753	0.887 ± 0.056325	0.842 ± 0.186635	0.888 ± 0.124042
precision_recall_auc	nan	nan	0.860 ± 0.125783	0.938 ± 0.091993	0.693 ± 0.160772	0.859 ± 0.189553	0.18967 ± 0.073095	0.06705 ± 0.066399	0.520 ± 0.342805	0.753 ± 0.388318	0.387 ± 0.321543	0.718 ± 0.379105	0.6145 ± 0.280160	0.2330 ± 0.189653	0.324 ± 0.513555	0.644 ± 0.559239	0.411 ± 0.326966	0.726 ± 0.379755	0.702 ± 0.156795	0.858 ± 0.166044	0.622 ± 0.404784	0.786 ± 0.398514	0.836 ± 0.154661	0.936 ± 0.093915	0.844 ± 0.136638	0.942 ± 0.076436	0.482 ± 0.343918	0.727 ± 0.380888	0.905 ± 0.152279	0.991 ± 0.020196
roc_auc	nan	nan	0.872 ± 0.113217	0.953 ± 0.077986	0.724 ± 0.139493	0.895 ± 0.152937	0.18375 ± 0.071501	0.05795 ± 0.053945	0.604 ± 0.284146	0.832 ± 0.313269	0.449 ± 0.278985	0.789 ± 0.305875	0.6005 ± 0.275256	0.2125 ± 0.157351	0.459 ± 0.439469	0.751 ± 0.452168	0.483 ± 0.285343	0.797 ± 0.307892	0.725 ± 0.144799	0.889 ± 0.131083	0.734 ± 0.343789	0.862 ± 0.324766	0.854 ± 0.133084	0.952 ± 0.080140	0.849 ± 0.135606	0.953 ± 0.062393	0.552 ± 0.292523	0.805 ± 0.305246	0.897 ± 0.154659	0.984 ± 0.044989
