	mean_ncv_average_precision	mean_ncv_balanced_accuracy	mean_ncv_brier_loss	mean_ncv_f1	mean_ncv_informedness	mean_ncv_log_loss	mean_ncv_markedness	mean_ncv_mcc	mean_ncv_negative_predictive_value	mean_ncv_precision	mean_ncv_precision_recall_auc	mean_ncv_roc_auc	mean_ncv_sensitivity	mean_ncv_specificity
mcc	0.629 ± 0.063314	0.613 ± 0.065529	0.23757 ± 0.017213	0.579 ± 0.068021	0.225 ± 0.131058	0.6780 ± 0.039492	0.228 ± 0.132425	0.226 ± 0.131721	0.654 ± 0.059850	0.574 ± 0.075559	0.610 ± 0.064652	0.658 ± 0.069521	0.589 ± 0.079436	0.636 ± 0.095827
precision_recall_auc	0.555 ± 0.062564	0.571 ± 0.068312	0.24794 ± 0.017044	0.398 ± 0.160453	0.141 ± 0.136623	0.7012 ± 0.042263	0.215 ± 0.185904	0.167 ± 0.139097	0.603 ± 0.059063	0.612 ± 0.158195	0.557 ± 0.059637	0.563 ± 0.073795	0.328 ± 0.180401	0.814 ± 0.101526
roc_auc	0.578 ± 0.074274	0.589 ± 0.057397	0.24552 ± 0.019225	0.483 ± 0.108123	0.178 ± 0.114795	0.6943 ± 0.044935	0.205 ± 0.118205	0.190 ± 0.114872	0.620 ± 0.052148	0.585 ± 0.076657	0.562 ± 0.074249	0.575 ± 0.097214	0.428 ± 0.141154	0.750 ± 0.083677
