	mean_best_threshold_tuning_score	mean_best_threshold	mean_test_average_precision	mean_train_average_precision	mean_test_balanced_accuracy	mean_train_balanced_accuracy	mean_test_brier_loss	mean_train_brier_loss	mean_test_f1	mean_train_f1	mean_test_informedness	mean_train_informedness	mean_test_log_loss	mean_train_log_loss	mean_test_markedness	mean_train_markedness	mean_test_mcc	mean_train_mcc	mean_test_negative_predictive_value	mean_train_negative_predictive_value	mean_test_precision	mean_train_precision	mean_test_precision_recall_auc	mean_train_precision_recall_auc	mean_test_roc_auc	mean_train_roc_auc	mean_test_sensitivity	mean_train_sensitivity	mean_test_specificity	mean_train_specificity
mcc	nan	nan	0.824 ± 0.144916	0.988 ± 0.019338	0.717 ± 0.136437	0.944 ± 0.053170	0.19599 ± 0.073683	0.05566 ± 0.038922	0.654 ± 0.201555	0.937 ± 0.066772	0.434 ± 0.272874	0.887 ± 0.106340	0.6076 ± 0.208421	0.2205 ± 0.111583	0.507 ± 0.330104	0.906 ± 0.077185	0.470 ± 0.282732	0.896 ± 0.091670	0.746 ± 0.148537	0.935 ± 0.062734	0.761 ± 0.254289	0.972 ± 0.034894	0.796 ± 0.174576	0.988 ± 0.019634	0.788 ± 0.174790	0.987 ± 0.022644	0.633 ± 0.248579	0.910 ± 0.101125	0.801 ± 0.216298	0.977 ± 0.028053
precision_recall_auc	nan	nan	0.836 ± 0.140554	0.972 ± 0.026129	0.694 ± 0.137375	0.899 ± 0.091832	0.18669 ± 0.069993	0.06593 ± 0.041789	0.589 ± 0.256421	0.875 ± 0.130970	0.388 ± 0.274751	0.798 ± 0.183663	0.5888 ± 0.223886	0.2458 ± 0.119509	0.427 ± 0.386036	0.852 ± 0.110520	0.423 ± 0.281856	0.823 ± 0.150195	0.722 ± 0.151470	0.881 ± 0.101036	0.705 ± 0.309971	0.971 ± 0.035274	0.807 ± 0.173307	0.972 ± 0.026651	0.810 ± 0.166547	0.972 ± 0.026541	0.565 ± 0.293201	0.819 ± 0.183978	0.823 ± 0.205091	0.979 ± 0.026367
roc_auc	nan	nan	0.849 ± 0.134039	0.976 ± 0.027221	0.717 ± 0.164229	0.925 ± 0.065605	0.18536 ± 0.076333	0.05623 ± 0.039506	0.627 ± 0.267754	0.914 ± 0.080743	0.434 ± 0.328458	0.850 ± 0.131210	0.5865 ± 0.236884	0.2167 ± 0.112428	0.487 ± 0.396939	0.872 ± 0.104044	0.464 ± 0.338746	0.860 ± 0.117571	0.749 ± 0.166956	0.914 ± 0.075789	0.738 ± 0.293617	0.957 ± 0.044947	0.828 ± 0.157530	0.976 ± 0.027759	0.807 ± 0.175395	0.977 ± 0.027053	0.603 ± 0.309780	0.882 ± 0.117858	0.831 ± 0.175223	0.968 ± 0.033879
