	mean_best_threshold_tuning_score	mean_best_threshold	mean_test_average_precision	mean_train_average_precision	mean_test_balanced_accuracy	mean_train_balanced_accuracy	mean_test_brier_loss	mean_train_brier_loss	mean_test_f1	mean_train_f1	mean_test_informedness	mean_train_informedness	mean_test_log_loss	mean_train_log_loss	mean_test_markedness	mean_train_markedness	mean_test_mcc	mean_train_mcc	mean_test_negative_predictive_value	mean_train_negative_predictive_value	mean_test_precision	mean_train_precision	mean_test_precision_recall_auc	mean_train_precision_recall_auc	mean_test_roc_auc	mean_train_roc_auc	mean_test_sensitivity	mean_train_sensitivity	mean_test_specificity	mean_train_specificity
mcc	nan	nan	0.934 ± 0.089529	0.972 ± 0.018867	0.844 ± 0.121874	0.930 ± 0.046373	0.14053 ± 0.045381	0.07969 ± 0.036920	0.818 ± 0.144500	0.924 ± 0.051481	0.688 ± 0.243748	0.860 ± 0.092746	0.4961 ± 0.167816	0.2959 ± 0.119698	0.726 ± 0.221911	0.875 ± 0.086857	0.705 ± 0.231189	0.867 ± 0.089539	0.872 ± 0.127321	0.921 ± 0.049707	0.854 ± 0.173124	0.954 ± 0.044839	0.927 ± 0.099433	0.972 ± 0.016897	0.911 ± 0.128292	0.965 ± 0.020692	0.823 ± 0.188712	0.897 ± 0.067616	0.865 ± 0.182178	0.963 ± 0.037940
precision_recall_auc	nan	nan	0.935 ± 0.085103	0.969 ± 0.019830	0.849 ± 0.119478	0.923 ± 0.051467	0.13754 ± 0.046798	0.08178 ± 0.041548	0.826 ± 0.140979	0.916 ± 0.057399	0.698 ± 0.238957	0.847 ± 0.102934	0.4981 ± 0.188553	0.2991 ± 0.132303	0.735 ± 0.218572	0.862 ± 0.096654	0.715 ± 0.227383	0.854 ± 0.099600	0.874 ± 0.118400	0.913 ± 0.054923	0.861 ± 0.176378	0.948 ± 0.048769	0.932 ± 0.087637	0.970 ± 0.018163	0.919 ± 0.109813	0.965 ± 0.020135	0.828 ± 0.176102	0.887 ± 0.073836	0.870 ± 0.186810	0.960 ± 0.040064
roc_auc	nan	nan	0.930 ± 0.085286	0.967 ± 0.022388	0.832 ± 0.114202	0.909 ± 0.059418	0.14077 ± 0.043736	0.08613 ± 0.043797	0.807 ± 0.139775	0.900 ± 0.066171	0.665 ± 0.228404	0.819 ± 0.118837	0.5062 ± 0.180577	0.3090 ± 0.137460	0.711 ± 0.206805	0.828 ± 0.116976	0.686 ± 0.215240	0.823 ± 0.117723	0.867 ± 0.119859	0.907 ± 0.057165	0.844 ± 0.172408	0.922 ± 0.067286	0.927 ± 0.087789	0.969 ± 0.019324	0.914 ± 0.109423	0.965 ± 0.020420	0.815 ± 0.187695	0.881 ± 0.074663	0.850 ± 0.185164	0.938 ± 0.055315
