	mean_best_threshold_tuning_score	mean_best_threshold	mean_test_average_precision	mean_train_average_precision	mean_test_balanced_accuracy	mean_train_balanced_accuracy	mean_test_brier_loss	mean_train_brier_loss	mean_test_f1	mean_train_f1	mean_test_informedness	mean_train_informedness	mean_test_log_loss	mean_train_log_loss	mean_test_markedness	mean_train_markedness	mean_test_mcc	mean_train_mcc	mean_test_negative_predictive_value	mean_train_negative_predictive_value	mean_test_precision	mean_train_precision	mean_test_precision_recall_auc	mean_train_precision_recall_auc	mean_test_roc_auc	mean_train_roc_auc	mean_test_sensitivity	mean_train_sensitivity	mean_test_specificity	mean_train_specificity
mcc	nan	nan	0.868 ± 0.152531	0.982 ± 0.021148	0.788 ± 0.164443	0.954 ± 0.041429	0.18661 ± 0.088163	0.07246 ± 0.059138	0.756 ± 0.181649	0.950 ± 0.048932	0.575 ± 0.328886	0.908 ± 0.082858	0.6136 ± 0.276039	0.2664 ± 0.174688	0.616 ± 0.330195	0.929 ± 0.061300	0.594 ± 0.327771	0.918 ± 0.071939	0.815 ± 0.172419	0.939 ± 0.052489	0.801 ± 0.220948	0.990 ± 0.024442	0.848 ± 0.182203	0.983 ± 0.018791	0.836 ± 0.183853	0.977 ± 0.025160	0.758 ± 0.215769	0.917 ± 0.078966	0.817 ± 0.215854	0.992 ± 0.020459
precision_recall_auc	nan	nan	0.878 ± 0.134011	0.983 ± 0.030194	0.805 ± 0.139445	0.954 ± 0.046281	0.17710 ± 0.060396	0.06479 ± 0.061354	0.771 ± 0.168112	0.950 ± 0.053718	0.609 ± 0.278890	0.908 ± 0.092562	0.6120 ± 0.254107	0.2401 ± 0.179601	0.650 ± 0.277492	0.928 ± 0.074565	0.628 ± 0.275776	0.918 ± 0.083522	0.830 ± 0.145445	0.937 ± 0.056820	0.821 ± 0.200695	0.992 ± 0.024667	0.859 ± 0.162024	0.982 ± 0.031632	0.853 ± 0.144658	0.979 ± 0.033256	0.768 ± 0.209124	0.914 ± 0.081907	0.841 ± 0.181740	0.994 ± 0.017633
roc_auc	nan	nan	0.864 ± 0.141773	0.986 ± 0.022068	0.784 ± 0.153031	0.961 ± 0.037711	0.18166 ± 0.072740	0.05971 ± 0.056503	0.741 ± 0.203999	0.958 ± 0.041892	0.569 ± 0.306061	0.922 ± 0.075422	0.6249 ± 0.292164	0.2268 ± 0.168409	0.595 ± 0.332935	0.938 ± 0.064507	0.585 ± 0.308540	0.930 ± 0.069712	0.805 ± 0.155448	0.946 ± 0.045849	0.791 ± 0.234573	0.993 ± 0.027478	0.845 ± 0.168520	0.987 ± 0.019032	0.831 ± 0.172239	0.983 ± 0.024809	0.730 ± 0.233017	0.928 ± 0.063352	0.839 ± 0.177939	0.994 ± 0.020738
