	mean_ncv_average_precision	mean_ncv_balanced_accuracy	mean_ncv_brier_loss	mean_ncv_f1	mean_ncv_informedness	mean_ncv_log_loss	mean_ncv_markedness	mean_ncv_mcc	mean_ncv_negative_predictive_value	mean_ncv_precision	mean_ncv_precision_recall_auc	mean_ncv_roc_auc	mean_ncv_sensitivity	mean_ncv_specificity
mcc	0.890 ± 0.049457	0.838 ± 0.047285	0.13866 ± 0.012796	0.822 ± 0.049331	0.676 ± 0.094570	0.5014 ± 0.066860	0.680 ± 0.098959	0.678 ± 0.096698	0.851 ± 0.034054	0.829 ± 0.068343	0.886 ± 0.052660	0.886 ± 0.030140	0.817 ± 0.037497	0.859 ± 0.065870
precision_recall_auc	0.904 ± 0.040394	0.840 ± 0.033502	0.13421 ± 0.009437	0.823 ± 0.037261	0.680 ± 0.067005	0.4767 ± 0.041774	0.685 ± 0.067572	0.682 ± 0.067182	0.853 ± 0.032909	0.832 ± 0.044898	0.902 ± 0.043808	0.895 ± 0.027636	0.817 ± 0.045737	0.864 ± 0.042855
roc_auc	0.900 ± 0.036380	0.833 ± 0.034171	0.13715 ± 0.009057	0.817 ± 0.037871	0.667 ± 0.068343	0.4880 ± 0.038240	0.668 ± 0.067607	0.667 ± 0.067884	0.851 ± 0.033710	0.817 ± 0.040426	0.897 ± 0.040451	0.893 ± 0.022445	0.817 ± 0.045737	0.850 ± 0.037421
