	mean_best_threshold_tuning_score	mean_best_threshold	mean_test_average_precision	mean_train_average_precision	mean_test_balanced_accuracy	mean_train_balanced_accuracy	mean_test_brier_loss	mean_train_brier_loss	mean_test_f1	mean_train_f1	mean_test_informedness	mean_train_informedness	mean_test_log_loss	mean_train_log_loss	mean_test_markedness	mean_train_markedness	mean_test_mcc	mean_train_mcc	mean_test_negative_predictive_value	mean_train_negative_predictive_value	mean_test_precision	mean_train_precision	mean_test_precision_recall_auc	mean_train_precision_recall_auc	mean_test_roc_auc	mean_train_roc_auc	mean_test_sensitivity	mean_train_sensitivity	mean_test_specificity	mean_train_specificity
mcc	nan	nan	0.953 ± 0.064493	0.972 ± 0.020724	0.890 ± 0.107354	0.929 ± 0.038002	0.09467 ± 0.068199	0.05526 ± 0.028012	0.863 ± 0.145983	0.922 ± 0.043080	0.781 ± 0.214709	0.857 ± 0.076004	0.3332 ± 0.197293	0.2068 ± 0.084792	0.838 ± 0.171830	0.878 ± 0.069781	0.807 ± 0.192098	0.867 ± 0.072730	0.878 ± 0.126178	0.910 ± 0.041076	0.960 ± 0.115617	0.968 ± 0.034005	0.948 ± 0.071782	0.972 ± 0.020897	0.935 ± 0.087331	0.965 ± 0.026141	0.815 ± 0.204325	0.881 ± 0.056415	0.966 ± 0.097646	0.976 ± 0.025719
precision_recall_auc	nan	nan	0.941 ± 0.070042	0.959 ± 0.017570	0.828 ± 0.160471	0.835 ± 0.123848	0.11590 ± 0.074150	0.08347 ± 0.026905	0.755 ± 0.292438	0.769 ± 0.266899	0.656 ± 0.320941	0.669 ± 0.247696	0.3662 ± 0.204188	0.2640 ± 0.076469	0.657 ± 0.427474	0.652 ± 0.383489	0.676 ± 0.320782	0.683 ± 0.248156	0.826 ± 0.147225	0.832 ± 0.112384	0.831 ± 0.316318	0.820 ± 0.283773	0.934 ± 0.079017	0.958 ± 0.017741	0.926 ± 0.086246	0.957 ± 0.018466	0.713 ± 0.297933	0.732 ± 0.264783	0.943 ± 0.126978	0.937 ± 0.058079
roc_auc	nan	nan	0.947 ± 0.065277	0.960 ± 0.019485	0.810 ± 0.168401	0.826 ± 0.142141	0.11484 ± 0.074101	0.08259 ± 0.032297	0.723 ± 0.322833	0.744 ± 0.308591	0.620 ± 0.336802	0.652 ± 0.284282	0.3567 ± 0.201870	0.2583 ± 0.091346	0.587 ± 0.477321	0.603 ± 0.441414	0.634 ± 0.340447	0.659 ± 0.286630	0.820 ± 0.156171	0.831 ± 0.125990	0.768 ± 0.349318	0.773 ± 0.321993	0.940 ± 0.074006	0.960 ± 0.019667	0.935 ± 0.077242	0.959 ± 0.020587	0.700 ± 0.323407	0.722 ± 0.303047	0.920 ± 0.144632	0.930 ± 0.063153
