	mean_best_threshold_tuning_score	mean_best_threshold	mean_test_average_precision	mean_train_average_precision	mean_test_balanced_accuracy	mean_train_balanced_accuracy	mean_test_brier_loss	mean_train_brier_loss	mean_test_f1	mean_train_f1	mean_test_informedness	mean_train_informedness	mean_test_log_loss	mean_train_log_loss	mean_test_markedness	mean_train_markedness	mean_test_mcc	mean_train_mcc	mean_test_negative_predictive_value	mean_train_negative_predictive_value	mean_test_precision	mean_train_precision	mean_test_precision_recall_auc	mean_train_precision_recall_auc	mean_test_roc_auc	mean_train_roc_auc	mean_test_sensitivity	mean_train_sensitivity	mean_test_specificity	mean_train_specificity
mcc	nan	nan	0.939 ± 0.075776	0.971 ± 0.020321	0.855 ± 0.104990	0.921 ± 0.036093	0.11823 ± 0.067101	0.05806 ± 0.024161	0.833 ± 0.126591	0.914 ± 0.041068	0.710 ± 0.209980	0.842 ± 0.072186	0.4066 ± 0.214295	0.2160 ± 0.072904	0.740 ± 0.207181	0.866 ± 0.065425	0.724 ± 0.206920	0.854 ± 0.068576	0.877 ± 0.114373	0.901 ± 0.039994	0.862 ± 0.161898	0.965 ± 0.030779	0.932 ± 0.084941	0.971 ± 0.020479	0.920 ± 0.102288	0.964 ± 0.027103	0.833 ± 0.164096	0.869 ± 0.055568	0.877 ± 0.149219	0.974 ± 0.024091
precision_recall_auc	nan	nan	0.943 ± 0.067656	0.961 ± 0.018638	0.823 ± 0.143882	0.842 ± 0.114005	0.12558 ± 0.070383	0.08134 ± 0.029286	0.763 ± 0.262821	0.788 ± 0.236279	0.647 ± 0.287764	0.683 ± 0.228010	0.4123 ± 0.207640	0.2586 ± 0.079188	0.650 ± 0.377586	0.689 ± 0.311339	0.663 ± 0.287575	0.697 ± 0.221139	0.851 ± 0.141398	0.841 ± 0.106564	0.799 ± 0.284059	0.848 ± 0.228318	0.935 ± 0.078305	0.961 ± 0.018816	0.934 ± 0.077277	0.959 ± 0.019592	0.760 ± 0.284541	0.756 ± 0.240803	0.887 ± 0.152800	0.927 ± 0.062709
roc_auc	nan	nan	0.947 ± 0.066682	0.959 ± 0.017475	0.825 ± 0.140677	0.838 ± 0.108615	0.12126 ± 0.067754	0.08587 ± 0.027690	0.766 ± 0.259766	0.786 ± 0.231293	0.651 ± 0.281355	0.676 ± 0.217229	0.3852 ± 0.189062	0.2681 ± 0.076913	0.640 ± 0.381870	0.670 ± 0.301735	0.662 ± 0.283454	0.684 ± 0.212124	0.855 ± 0.145569	0.844 ± 0.098442	0.785 ± 0.278770	0.827 ± 0.221234	0.939 ± 0.077546	0.959 ± 0.017641	0.942 ± 0.069049	0.958 ± 0.018542	0.772 ± 0.280109	0.767 ± 0.232795	0.879 ± 0.143246	0.909 ± 0.060473
