	mean_best_threshold_tuning_score	mean_best_threshold	mean_test_average_precision	mean_train_average_precision	mean_test_balanced_accuracy	mean_train_balanced_accuracy	mean_test_brier_loss	mean_train_brier_loss	mean_test_f1	mean_train_f1	mean_test_informedness	mean_train_informedness	mean_test_log_loss	mean_train_log_loss	mean_test_markedness	mean_train_markedness	mean_test_mcc	mean_train_mcc	mean_test_negative_predictive_value	mean_train_negative_predictive_value	mean_test_precision	mean_train_precision	mean_test_precision_recall_auc	mean_train_precision_recall_auc	mean_test_roc_auc	mean_train_roc_auc	mean_test_sensitivity	mean_train_sensitivity	mean_test_specificity	mean_train_specificity
mcc	nan	nan	0.927 ± 0.088426	0.981 ± 0.018369	0.852 ± 0.120800	0.917 ± 0.032482	0.11880 ± 0.067059	0.06373 ± 0.020598	0.825 ± 0.149267	0.908 ± 0.037242	0.704 ± 0.241600	0.834 ± 0.064965	0.3891 ± 0.177651	0.2328 ± 0.059703	0.733 ± 0.232359	0.876 ± 0.047780	0.718 ± 0.235499	0.855 ± 0.056126	0.869 ± 0.125282	0.886 ± 0.043324	0.864 ± 0.171242	0.990 ± 0.018012	0.918 ± 0.099429	0.981 ± 0.018501	0.904 ± 0.116622	0.976 ± 0.027666	0.817 ± 0.188231	0.841 ± 0.063447	0.887 ± 0.151795	0.993 ± 0.012432
precision_recall_auc	nan	nan	0.941 ± 0.070538	0.967 ± 0.018526	0.743 ± 0.143240	0.799 ± 0.104859	0.11836 ± 0.071176	0.07600 ± 0.026429	0.610 ± 0.281736	0.723 ± 0.213860	0.486 ± 0.286481	0.598 ± 0.209718	0.3871 ± 0.217937	0.2532 ± 0.070726	0.609 ± 0.368536	0.691 ± 0.305074	0.555 ± 0.268671	0.654 ± 0.200216	0.734 ± 0.139289	0.771 ± 0.101734	0.875 ± 0.308262	0.920 ± 0.240280	0.934 ± 0.079067	0.967 ± 0.018691	0.918 ± 0.106018	0.965 ± 0.022076	0.513 ± 0.301339	0.614 ± 0.223161	0.973 ± 0.102125	0.984 ± 0.043121
roc_auc	nan	nan	0.943 ± 0.066287	0.962 ± 0.021326	0.735 ± 0.142881	0.785 ± 0.110094	0.11696 ± 0.065461	0.08265 ± 0.028779	0.584 ± 0.302515	0.696 ± 0.232165	0.469 ± 0.285761	0.570 ± 0.220189	0.3727 ± 0.169889	0.2682 ± 0.075705	0.549 ± 0.442530	0.661 ± 0.342087	0.533 ± 0.282774	0.629 ± 0.216281	0.719 ± 0.128901	0.758 ± 0.103201	0.830 ± 0.369224	0.903 ± 0.273330	0.936 ± 0.074889	0.962 ± 0.021533	0.923 ± 0.096373	0.961 ± 0.022538	0.478 ± 0.294416	0.584 ± 0.232745	0.991 ± 0.044824	0.986 ± 0.041279
