	mean_best_threshold_tuning_score	mean_best_threshold	mean_test_average_precision	mean_train_average_precision	mean_test_balanced_accuracy	mean_train_balanced_accuracy	mean_test_brier_loss	mean_train_brier_loss	mean_test_f1	mean_train_f1	mean_test_informedness	mean_train_informedness	mean_test_log_loss	mean_train_log_loss	mean_test_markedness	mean_train_markedness	mean_test_mcc	mean_train_mcc	mean_test_negative_predictive_value	mean_train_negative_predictive_value	mean_test_precision	mean_train_precision	mean_test_precision_recall_auc	mean_train_precision_recall_auc	mean_test_roc_auc	mean_train_roc_auc	mean_test_sensitivity	mean_train_sensitivity	mean_test_specificity	mean_train_specificity
mcc	nan	nan	0.896 ± 0.109509	1.000 ± 0.000000	0.765 ± 0.131651	0.999 ± 0.006474	0.16882 ± 0.067485	0.03617 ± 0.031164	0.692 ± 0.227250	0.999 ± 0.006761	0.530 ± 0.263301	0.998 ± 0.012947	0.5194 ± 0.191567	0.1565 ± 0.101716	0.577 ± 0.289376	0.998 ± 0.010551	0.556 ± 0.250150	0.998 ± 0.011754	0.786 ± 0.142449	0.998 ± 0.010551	0.791 ± 0.233023	1.000 ± 0.000000	0.879 ± 0.132380	1.000 ± 0.000000	0.889 ± 0.118047	1.000 ± 0.000000	0.673 ± 0.273985	0.998 ± 0.012947	0.857 ± 0.145690	1.000 ± 0.000000
precision_recall_auc	nan	nan	0.896 ± 0.114074	1.000 ± 0.000241	0.761 ± 0.152130	0.992 ± 0.026202	0.17374 ± 0.088240	0.03095 ± 0.029138	0.679 ± 0.251470	0.991 ± 0.029122	0.521 ± 0.304260	0.984 ± 0.052404	0.5515 ± 0.294439	0.1371 ± 0.098164	0.546 ± 0.364023	0.988 ± 0.037401	0.543 ± 0.301519	0.986 ± 0.045017	0.778 ± 0.166339	0.988 ± 0.037401	0.768 ± 0.272334	1.000 ± 0.000000	0.879 ± 0.136880	1.000 ± 0.000244	0.885 ± 0.129297	1.000 ± 0.000187	0.658 ± 0.295588	0.984 ± 0.052404	0.863 ± 0.159339	1.000 ± 0.000000
roc_auc	nan	nan	0.879 ± 0.121478	1.000 ± 0.000000	0.756 ± 0.142373	0.991 ± 0.024168	0.18309 ± 0.088200	0.02199 ± 0.026783	0.677 ± 0.232595	0.991 ± 0.026475	0.513 ± 0.284746	0.983 ± 0.048336	0.6004 ± 0.328939	0.1108 ± 0.085791	0.567 ± 0.334282	0.987 ± 0.036119	0.544 ± 0.281493	0.985 ± 0.042300	0.779 ± 0.161903	0.987 ± 0.036119	0.788 ± 0.252004	1.000 ± 0.000000	0.859 ± 0.143169	1.000 ± 0.000000	0.864 ± 0.136581	1.000 ± 0.000000	0.650 ± 0.287692	0.983 ± 0.048336	0.863 ± 0.161564	1.000 ± 0.000000
