	mean_best_threshold_tuning_score	mean_best_threshold	mean_test_average_precision	mean_train_average_precision	mean_test_balanced_accuracy	mean_train_balanced_accuracy	mean_test_brier_loss	mean_train_brier_loss	mean_test_f1	mean_train_f1	mean_test_informedness	mean_train_informedness	mean_test_log_loss	mean_train_log_loss	mean_test_markedness	mean_train_markedness	mean_test_mcc	mean_train_mcc	mean_test_negative_predictive_value	mean_train_negative_predictive_value	mean_test_precision	mean_train_precision	mean_test_precision_recall_auc	mean_train_precision_recall_auc	mean_test_roc_auc	mean_train_roc_auc	mean_test_sensitivity	mean_train_sensitivity	mean_test_specificity	mean_train_specificity
mcc	nan	nan	0.936 ± 0.078403	0.981 ± 0.018615	0.865 ± 0.104460	0.909 ± 0.025860	0.10213 ± 0.058741	0.06444 ± 0.016475	0.831 ± 0.142688	0.900 ± 0.030630	0.730 ± 0.208919	0.819 ± 0.051720	0.3328 ± 0.152802	0.2333 ± 0.045367	0.809 ± 0.153962	0.863 ± 0.043067	0.766 ± 0.180826	0.841 ± 0.046865	0.849 ± 0.122957	0.876 ± 0.030490	0.959 ± 0.113697	0.988 ± 0.023362	0.928 ± 0.087436	0.981 ± 0.018759	0.911 ± 0.119364	0.976 ± 0.026144	0.768 ± 0.202933	0.827 ± 0.045943	0.962 ± 0.112286	0.991 ± 0.016357
precision_recall_auc	nan	nan	0.937 ± 0.084004	0.958 ± 0.015645	0.741 ± 0.144389	0.764 ± 0.132070	0.11847 ± 0.066007	0.08418 ± 0.022538	0.593 ± 0.312154	0.643 ± 0.293566	0.482 ± 0.288778	0.528 ± 0.264141	0.3769 ± 0.182654	0.2743 ± 0.059485	0.525 ± 0.471761	0.588 ± 0.429548	0.536 ± 0.290617	0.583 ± 0.266582	0.731 ± 0.142053	0.742 ± 0.110090	0.794 ± 0.386592	0.846 ± 0.347418	0.930 ± 0.092905	0.958 ± 0.015792	0.907 ± 0.132452	0.954 ± 0.018162	0.507 ± 0.313093	0.540 ± 0.274346	0.975 ± 0.089357	0.989 ± 0.036315
roc_auc	nan	nan	0.947 ± 0.073015	0.955 ± 0.015774	0.748 ± 0.155438	0.763 ± 0.113630	0.11811 ± 0.060381	0.09155 ± 0.020180	0.600 ± 0.327495	0.655 ± 0.253446	0.497 ± 0.310876	0.527 ± 0.227260	0.3737 ± 0.164224	0.2931 ± 0.053995	0.549 ± 0.477482	0.617 ± 0.366957	0.553 ± 0.307809	0.588 ± 0.226174	0.734 ± 0.132315	0.740 ± 0.101918	0.815 ± 0.387331	0.877 ± 0.300479	0.940 ± 0.081881	0.955 ± 0.015924	0.931 ± 0.101757	0.954 ± 0.017023	0.502 ± 0.312935	0.546 ± 0.246093	0.995 ± 0.035355	0.981 ± 0.047250
