	mean_best_threshold_tuning_score	mean_best_threshold	mean_test_average_precision	mean_train_average_precision	mean_test_balanced_accuracy	mean_train_balanced_accuracy	mean_test_brier_loss	mean_train_brier_loss	mean_test_f1	mean_train_f1	mean_test_informedness	mean_train_informedness	mean_test_log_loss	mean_train_log_loss	mean_test_markedness	mean_train_markedness	mean_test_mcc	mean_train_mcc	mean_test_negative_predictive_value	mean_train_negative_predictive_value	mean_test_precision	mean_train_precision	mean_test_precision_recall_auc	mean_train_precision_recall_auc	mean_test_roc_auc	mean_train_roc_auc	mean_test_sensitivity	mean_train_sensitivity	mean_test_specificity	mean_train_specificity
mcc	nan	nan	0.958 ± 0.064355	0.969 ± 0.021693	0.853 ± 0.116180	0.906 ± 0.034421	0.09415 ± 0.056967	0.06855 ± 0.020392	0.815 ± 0.160637	0.895 ± 0.040167	0.707 ± 0.232359	0.811 ± 0.068842	0.3163 ± 0.148783	0.2459 ± 0.054606	0.802 ± 0.172438	0.851 ± 0.057857	0.749 ± 0.201945	0.831 ± 0.063107	0.832 ± 0.120483	0.876 ± 0.041025	0.970 ± 0.110657	0.975 ± 0.025985	0.954 ± 0.071867	0.969 ± 0.021852	0.943 ± 0.088120	0.960 ± 0.032121	0.737 ± 0.211195	0.829 ± 0.059231	0.970 ± 0.110657	0.983 ± 0.017857
precision_recall_auc	nan	nan	0.952 ± 0.054594	0.960 ± 0.016924	0.757 ± 0.135568	0.785 ± 0.112615	0.10714 ± 0.055470	0.08454 ± 0.020679	0.631 ± 0.279843	0.694 ± 0.238909	0.513 ± 0.271136	0.570 ± 0.225231	0.3435 ± 0.139617	0.2751 ± 0.054688	0.610 ± 0.403037	0.662 ± 0.340069	0.579 ± 0.262134	0.629 ± 0.219763	0.730 ± 0.116717	0.756 ± 0.101159	0.880 ± 0.328261	0.905 ± 0.272909	0.947 ± 0.061513	0.959 ± 0.017081	0.936 ± 0.076649	0.957 ± 0.019742	0.513 ± 0.271136	0.582 ± 0.235090	1.000 ± 0.000000	0.989 ± 0.035014
roc_auc	nan	nan	0.947 ± 0.056585	0.957 ± 0.018479	0.751 ± 0.142147	0.774 ± 0.106629	0.11079 ± 0.055782	0.08910 ± 0.022333	0.616 ± 0.297008	0.679 ± 0.231529	0.502 ± 0.284295	0.548 ± 0.213259	0.3476 ± 0.138442	0.2853 ± 0.059451	0.579 ± 0.427162	0.646 ± 0.333763	0.562 ± 0.278638	0.609 ± 0.209170	0.732 ± 0.122267	0.748 ± 0.097228	0.847 ± 0.351285	0.898 ± 0.272596	0.941 ± 0.063757	0.956 ± 0.018655	0.932 ± 0.074425	0.955 ± 0.020191	0.510 ± 0.286032	0.566 ± 0.230268	0.992 ± 0.039590	0.982 ± 0.044453
