	mean_best_threshold_tuning_score	mean_best_threshold	mean_test_average_precision	mean_train_average_precision	mean_test_balanced_accuracy	mean_train_balanced_accuracy	mean_test_brier_loss	mean_train_brier_loss	mean_test_f1	mean_train_f1	mean_test_informedness	mean_train_informedness	mean_test_log_loss	mean_train_log_loss	mean_test_markedness	mean_train_markedness	mean_test_mcc	mean_train_mcc	mean_test_negative_predictive_value	mean_train_negative_predictive_value	mean_test_precision	mean_train_precision	mean_test_precision_recall_auc	mean_train_precision_recall_auc	mean_test_roc_auc	mean_train_roc_auc	mean_test_sensitivity	mean_train_sensitivity	mean_test_specificity	mean_train_specificity
mcc	nan	nan	0.948 ± 0.071318	0.972 ± 0.021066	0.849 ± 0.113031	0.906 ± 0.032415	0.10379 ± 0.066809	0.06650 ± 0.019393	0.803 ± 0.181075	0.896 ± 0.037715	0.697 ± 0.226062	0.813 ± 0.064831	0.3380 ± 0.170824	0.2391 ± 0.051809	0.775 ± 0.237327	0.851 ± 0.055192	0.737 ± 0.204620	0.831 ± 0.059651	0.826 ± 0.122708	0.878 ± 0.038753	0.949 ± 0.168895	0.973 ± 0.028071	0.942 ± 0.080782	0.972 ± 0.021225	0.933 ± 0.088640	0.964 ± 0.030658	0.723 ± 0.219797	0.832 ± 0.056362	0.974 ± 0.082214	0.981 ± 0.021423
precision_recall_auc	nan	nan	0.950 ± 0.060164	0.962 ± 0.017489	0.740 ± 0.131746	0.784 ± 0.093556	0.10620 ± 0.055089	0.08158 ± 0.022137	0.600 ± 0.277567	0.703 ± 0.195596	0.479 ± 0.263492	0.568 ± 0.187113	0.3383 ± 0.137768	0.2663 ± 0.058839	0.593 ± 0.381440	0.698 ± 0.250439	0.549 ± 0.254746	0.635 ± 0.175909	0.718 ± 0.113059	0.751 ± 0.087362	0.875 ± 0.328300	0.948 ± 0.199735	0.944 ± 0.067761	0.962 ± 0.017648	0.935 ± 0.079002	0.959 ± 0.020068	0.483 ± 0.269900	0.578 ± 0.196916	0.996 ± 0.028284	0.990 ± 0.034906
roc_auc	nan	nan	0.950 ± 0.058985	0.957 ± 0.019973	0.733 ± 0.150349	0.758 ± 0.119445	0.10696 ± 0.056923	0.08781 ± 0.025017	0.572 ± 0.327087	0.642 ± 0.263117	0.467 ± 0.300698	0.516 ± 0.238889	0.3388 ± 0.142922	0.2813 ± 0.066140	0.516 ± 0.491485	0.619 ± 0.367079	0.526 ± 0.303434	0.580 ± 0.235260	0.716 ± 0.124862	0.734 ± 0.103381	0.800 ± 0.404061	0.884 ± 0.301097	0.945 ± 0.066512	0.957 ± 0.020165	0.936 ± 0.077365	0.956 ± 0.021269	0.467 ± 0.300698	0.528 ± 0.251619	1.000 ± 0.000000	0.988 ± 0.037630
