	mean_ncv_average_precision	mean_ncv_balanced_accuracy	mean_ncv_brier_loss	mean_ncv_f1	mean_ncv_informedness	mean_ncv_log_loss	mean_ncv_markedness	mean_ncv_mcc	mean_ncv_negative_predictive_value	mean_ncv_precision	mean_ncv_precision_recall_auc	mean_ncv_roc_auc	mean_ncv_sensitivity	mean_ncv_specificity
mcc	0.923 ± 0.017387	0.855 ± 0.021957	0.10928 ± 0.009692	0.838 ± 0.026097	0.710 ± 0.043913	0.3558 ± 0.027850	0.725 ± 0.042303	0.718 ± 0.042631	0.851 ± 0.024805	0.874 ± 0.030044	0.921 ± 0.017845	0.905 ± 0.021911	0.806 ± 0.039284	0.905 ± 0.025802
precision_recall_auc	0.908 ± 0.011040	0.755 ± 0.065467	0.11780 ± 0.008749	0.670 ± 0.130003	0.510 ± 0.130934	0.3798 ± 0.026406	0.691 ± 0.061642	0.590 ± 0.101294	0.722 ± 0.054238	0.969 ± 0.054431	0.906 ± 0.011422	0.896 ± 0.012023	0.528 ± 0.141639	0.982 ± 0.031782
roc_auc	0.913 ± 0.013450	0.756 ± 0.055774	0.11626 ± 0.008216	0.671 ± 0.104818	0.512 ± 0.111549	0.3686 ± 0.026286	0.711 ± 0.042630	0.601 ± 0.084707	0.719 ± 0.047262	0.992 ± 0.024325	0.911 ± 0.013885	0.908 ± 0.014823	0.517 ± 0.117268	0.995 ± 0.014374
