	mean_best_threshold_tuning_score	mean_best_threshold	mean_test_average_precision	mean_train_average_precision	mean_test_balanced_accuracy	mean_train_balanced_accuracy	mean_test_brier_loss	mean_train_brier_loss	mean_test_f1	mean_train_f1	mean_test_informedness	mean_train_informedness	mean_test_log_loss	mean_train_log_loss	mean_test_markedness	mean_train_markedness	mean_test_mcc	mean_train_mcc	mean_test_negative_predictive_value	mean_train_negative_predictive_value	mean_test_precision	mean_train_precision	mean_test_precision_recall_auc	mean_train_precision_recall_auc	mean_test_roc_auc	mean_train_roc_auc	mean_test_sensitivity	mean_train_sensitivity	mean_test_specificity	mean_train_specificity
mcc	nan	nan	0.945 ± 0.072628	0.973 ± 0.021924	0.858 ± 0.112429	0.904 ± 0.030324	0.10928 ± 0.067410	0.06703 ± 0.020406	0.830 ± 0.143981	0.893 ± 0.035783	0.716 ± 0.224858	0.808 ± 0.060647	0.3558 ± 0.170768	0.2394 ± 0.056975	0.749 ± 0.213168	0.851 ± 0.050405	0.732 ± 0.217510	0.829 ± 0.055036	0.863 ± 0.123742	0.872 ± 0.036781	0.887 ± 0.153086	0.979 ± 0.026076	0.938 ± 0.081256	0.973 ± 0.022086	0.924 ± 0.105534	0.965 ± 0.032366	0.808 ± 0.185386	0.822 ± 0.054271	0.908 ± 0.124278	0.985 ± 0.018073
precision_recall_auc	nan	nan	0.943 ± 0.068483	0.959 ± 0.015958	0.755 ± 0.136507	0.777 ± 0.119227	0.11780 ± 0.068486	0.08450 ± 0.021386	0.629 ± 0.282577	0.676 ± 0.258631	0.510 ± 0.273013	0.554 ± 0.238455	0.3798 ± 0.178434	0.2744 ± 0.056391	0.596 ± 0.403264	0.636 ± 0.372722	0.570 ± 0.264815	0.612 ± 0.236270	0.736 ± 0.126764	0.751 ± 0.103892	0.860 ± 0.330685	0.885 ± 0.300914	0.937 ± 0.077103	0.958 ± 0.016103	0.923 ± 0.099527	0.955 ± 0.019211	0.527 ± 0.283943	0.566 ± 0.248911	0.983 ± 0.071149	0.988 ± 0.035308
roc_auc	nan	nan	0.947 ± 0.065769	0.957 ± 0.017717	0.754 ± 0.148512	0.760 ± 0.119664	0.11626 ± 0.064896	0.08997 ± 0.021675	0.618 ± 0.305353	0.645 ± 0.265878	0.508 ± 0.297023	0.520 ± 0.239328	0.3686 ± 0.165693	0.2890 ± 0.056420	0.590 ± 0.438155	0.616 ± 0.365260	0.571 ± 0.287510	0.580 ± 0.235776	0.735 ± 0.132546	0.738 ± 0.104980	0.855 ± 0.350255	0.877 ± 0.299624	0.940 ± 0.074325	0.957 ± 0.017885	0.931 ± 0.090273	0.955 ± 0.019435	0.513 ± 0.298978	0.537 ± 0.256958	0.995 ± 0.035355	0.982 ± 0.042196
