	mean_ncv_average_precision	mean_ncv_balanced_accuracy	mean_ncv_brier_loss	mean_ncv_f1	mean_ncv_informedness	mean_ncv_log_loss	mean_ncv_markedness	mean_ncv_mcc	mean_ncv_negative_predictive_value	mean_ncv_precision	mean_ncv_precision_recall_auc	mean_ncv_roc_auc	mean_ncv_sensitivity	mean_ncv_specificity
mcc	0.922 ± 0.021963	0.843 ± 0.044110	0.11215 ± 0.021487	0.825 ± 0.048249	0.685 ± 0.088221	0.3870 ± 0.062761	0.703 ± 0.101109	0.694 ± 0.094451	0.841 ± 0.028379	0.862 ± 0.080235	0.920 ± 0.022558	0.901 ± 0.024098	0.794 ± 0.037497	0.891 ± 0.071710
precision_recall_auc	0.912 ± 0.023829	0.794 ± 0.066665	0.12453 ± 0.019314	0.756 ± 0.089302	0.588 ± 0.133331	0.4147 ± 0.070253	0.638 ± 0.126924	0.612 ± 0.128950	0.781 ± 0.063387	0.856 ± 0.081780	0.910 ± 0.024537	0.896 ± 0.029385	0.683 ± 0.114306	0.905 ± 0.058486
roc_auc	0.894 ± 0.027921	0.790 ± 0.061165	0.13753 ± 0.026123	0.754 ± 0.083038	0.581 ± 0.122329	0.4549 ± 0.078883	0.634 ± 0.115888	0.606 ± 0.115901	0.786 ± 0.061466	0.848 ± 0.097374	0.892 ± 0.028700	0.880 ± 0.030816	0.694 ± 0.126279	0.886 ± 0.094013
