	mean_ncv_average_precision	mean_ncv_balanced_accuracy	mean_ncv_brier_loss	mean_ncv_f1	mean_ncv_informedness	mean_ncv_log_loss	mean_ncv_markedness	mean_ncv_mcc	mean_ncv_negative_predictive_value	mean_ncv_precision	mean_ncv_precision_recall_auc	mean_ncv_roc_auc	mean_ncv_sensitivity	mean_ncv_specificity
mcc	0.937 ± 0.015296	0.891 ± 0.035052	0.09235 ± 0.014742	0.878 ± 0.042330	0.783 ± 0.070103	0.3312 ± 0.030385	0.829 ± 0.063833	0.806 ± 0.065970	0.861 ± 0.037541	0.968 ± 0.043673	0.936 ± 0.015669	0.914 ± 0.018110	0.806 ± 0.060007	0.977 ± 0.032141
precision_recall_auc	0.914 ± 0.014349	0.790 ± 0.048326	0.12435 ± 0.016936	0.744 ± 0.076846	0.579 ± 0.096653	0.4067 ± 0.043697	0.656 ± 0.067897	0.615 ± 0.073727	0.774 ± 0.059750	0.882 ± 0.074272	0.912 ± 0.014757	0.895 ± 0.017382	0.661 ± 0.129497	0.918 ± 0.055876
roc_auc	0.907 ± 0.026092	0.814 ± 0.061212	0.12990 ± 0.027021	0.783 ± 0.080994	0.628 ± 0.122423	0.4079 ± 0.073062	0.675 ± 0.115242	0.650 ± 0.114637	0.807 ± 0.063593	0.869 ± 0.094905	0.905 ± 0.026820	0.899 ± 0.027271	0.728 ± 0.121293	0.900 ± 0.079600
