	mean_best_threshold_tuning_score	mean_best_threshold	mean_test_average_precision	mean_train_average_precision	mean_test_balanced_accuracy	mean_train_balanced_accuracy	mean_test_brier_loss	mean_train_brier_loss	mean_test_f1	mean_train_f1	mean_test_informedness	mean_train_informedness	mean_test_log_loss	mean_train_log_loss	mean_test_markedness	mean_train_markedness	mean_test_mcc	mean_train_mcc	mean_test_negative_predictive_value	mean_train_negative_predictive_value	mean_test_precision	mean_train_precision	mean_test_precision_recall_auc	mean_train_precision_recall_auc	mean_test_roc_auc	mean_train_roc_auc	mean_test_sensitivity	mean_train_sensitivity	mean_test_specificity	mean_train_specificity
mcc	nan	nan	0.949 ± 0.077454	0.971 ± 0.015688	0.892 ± 0.111586	0.925 ± 0.029260	0.09235 ± 0.061676	0.05895 ± 0.018553	0.863 ± 0.153840	0.918 ± 0.033059	0.785 ± 0.223171	0.850 ± 0.058519	0.3312 ± 0.191524	0.2196 ± 0.055547	0.852 ± 0.149159	0.867 ± 0.052831	0.815 ± 0.187782	0.858 ± 0.055411	0.875 ± 0.126979	0.911 ± 0.036414	0.977 ± 0.080945	0.956 ± 0.028057	0.944 ± 0.085167	0.971 ± 0.015805	0.926 ± 0.106702	0.965 ± 0.021589	0.807 ± 0.215236	0.883 ± 0.049252	0.978 ± 0.084007	0.967 ± 0.022022
precision_recall_auc	nan	nan	0.937 ± 0.080972	0.959 ± 0.018464	0.792 ± 0.168530	0.823 ± 0.140699	0.12435 ± 0.070142	0.08300 ± 0.027083	0.694 ± 0.319092	0.739 ± 0.307529	0.584 ± 0.337061	0.646 ± 0.281398	0.4067 ± 0.206234	0.2692 ± 0.075774	0.561 ± 0.472061	0.607 ± 0.439311	0.603 ± 0.338257	0.657 ± 0.282641	0.799 ± 0.163645	0.824 ± 0.124773	0.763 ± 0.347710	0.782 ± 0.325015	0.930 ± 0.089562	0.959 ± 0.018626	0.915 ± 0.110516	0.955 ± 0.023005	0.663 ± 0.328606	0.708 ± 0.303159	0.921 ± 0.134426	0.938 ± 0.059475
roc_auc	nan	nan	0.940 ± 0.078886	0.960 ± 0.020043	0.813 ± 0.153483	0.843 ± 0.106648	0.12990 ± 0.078865	0.08346 ± 0.032153	0.749 ± 0.264509	0.796 ± 0.216635	0.627 ± 0.306965	0.686 ± 0.213296	0.4079 ± 0.221788	0.2650 ± 0.090678	0.633 ± 0.396289	0.683 ± 0.310520	0.646 ± 0.304818	0.697 ± 0.210451	0.823 ± 0.147402	0.846 ± 0.102770	0.811 ± 0.290959	0.836 ± 0.227489	0.933 ± 0.086755	0.960 ± 0.020244	0.920 ± 0.106286	0.959 ± 0.020995	0.725 ± 0.278810	0.771 ± 0.226191	0.902 ± 0.156153	0.915 ± 0.069921
