	mean_best_threshold_tuning_score	mean_best_threshold	mean_test_average_precision	mean_train_average_precision	mean_test_balanced_accuracy	mean_train_balanced_accuracy	mean_test_brier_loss	mean_train_brier_loss	mean_test_f1	mean_train_f1	mean_test_informedness	mean_train_informedness	mean_test_log_loss	mean_train_log_loss	mean_test_markedness	mean_train_markedness	mean_test_mcc	mean_train_mcc	mean_test_negative_predictive_value	mean_train_negative_predictive_value	mean_test_precision	mean_train_precision	mean_test_precision_recall_auc	mean_train_precision_recall_auc	mean_test_roc_auc	mean_train_roc_auc	mean_test_sensitivity	mean_train_sensitivity	mean_test_specificity	mean_train_specificity
mcc	nan	nan	0.957 ± 0.058561	0.973 ± 0.014971	0.895 ± 0.108896	0.926 ± 0.030042	0.09191 ± 0.060383	0.05572 ± 0.019889	0.867 ± 0.147193	0.919 ± 0.033896	0.789 ± 0.217792	0.853 ± 0.060084	0.3292 ± 0.190904	0.2086 ± 0.060181	0.846 ± 0.157819	0.872 ± 0.055787	0.815 ± 0.188387	0.862 ± 0.057723	0.876 ± 0.125657	0.910 ± 0.033853	0.970 ± 0.091986	0.962 ± 0.029238	0.952 ± 0.065183	0.973 ± 0.015085	0.938 ± 0.087112	0.967 ± 0.020513	0.815 ± 0.204325	0.881 ± 0.045716	0.974 ± 0.087622	0.972 ± 0.023161
precision_recall_auc	nan	nan	0.939 ± 0.072411	0.960 ± 0.018014	0.824 ± 0.148746	0.842 ± 0.117252	0.12295 ± 0.069085	0.08143 ± 0.027817	0.754 ± 0.269599	0.784 ± 0.246056	0.649 ± 0.297492	0.684 ± 0.234504	0.3954 ± 0.193262	0.2650 ± 0.075064	0.658 ± 0.390469	0.679 ± 0.349793	0.669 ± 0.295329	0.698 ± 0.231911	0.831 ± 0.147840	0.839 ± 0.107287	0.827 ± 0.292552	0.839 ± 0.259273	0.932 ± 0.081527	0.960 ± 0.018177	0.922 ± 0.090968	0.956 ± 0.021682	0.722 ± 0.289464	0.748 ± 0.249780	0.927 ± 0.131401	0.935 ± 0.060931
roc_auc	nan	nan	0.944 ± 0.077173	0.961 ± 0.019246	0.828 ± 0.145498	0.846 ± 0.093279	0.12706 ± 0.078736	0.08512 ± 0.031023	0.773 ± 0.242652	0.808 ± 0.182423	0.656 ± 0.290995	0.692 ± 0.186559	0.4019 ± 0.224105	0.2684 ± 0.086996	0.673 ± 0.356921	0.696 ± 0.262745	0.675 ± 0.285778	0.702 ± 0.182363	0.836 ± 0.144232	0.850 ± 0.093904	0.838 ± 0.260512	0.845 ± 0.191162	0.938 ± 0.084882	0.960 ± 0.019439	0.926 ± 0.104429	0.959 ± 0.019699	0.747 ± 0.265644	0.786 ± 0.196677	0.909 ± 0.140222	0.906 ± 0.068846
