	mean_best_threshold_tuning_score	mean_best_threshold	mean_test_average_precision	mean_train_average_precision	mean_test_balanced_accuracy	mean_train_balanced_accuracy	mean_test_brier_loss	mean_train_brier_loss	mean_test_f1	mean_train_f1	mean_test_informedness	mean_train_informedness	mean_test_log_loss	mean_train_log_loss	mean_test_markedness	mean_train_markedness	mean_test_mcc	mean_train_mcc	mean_test_negative_predictive_value	mean_train_negative_predictive_value	mean_test_precision	mean_train_precision	mean_test_precision_recall_auc	mean_train_precision_recall_auc	mean_test_roc_auc	mean_train_roc_auc	mean_test_sensitivity	mean_train_sensitivity	mean_test_specificity	mean_train_specificity
mcc	nan	nan	0.907 ± 0.113779	0.968 ± 0.017186	0.817 ± 0.129105	0.918 ± 0.045774	0.14550 ± 0.068492	0.07413 ± 0.031719	0.785 ± 0.151612	0.909 ± 0.050847	0.634 ± 0.258210	0.835 ± 0.091548	0.5149 ± 0.323473	0.2717 ± 0.106011	0.672 ± 0.254756	0.847 ± 0.089803	0.651 ± 0.253893	0.841 ± 0.090534	0.843 ± 0.141585	0.911 ± 0.044006	0.829 ± 0.189126	0.935 ± 0.052066	0.897 ± 0.131180	0.968 ± 0.017043	0.896 ± 0.118055	0.965 ± 0.018970	0.787 ± 0.197891	0.886 ± 0.058004	0.847 ± 0.177111	0.949 ± 0.044308
precision_recall_auc	nan	nan	0.919 ± 0.082176	0.969 ± 0.022482	0.829 ± 0.116741	0.912 ± 0.054810	0.14451 ± 0.062460	0.07086 ± 0.039218	0.797 ± 0.143575	0.903 ± 0.061515	0.657 ± 0.233483	0.823 ± 0.109620	0.5062 ± 0.225371	0.2566 ± 0.128484	0.704 ± 0.221190	0.840 ± 0.105260	0.679 ± 0.224706	0.831 ± 0.107260	0.857 ± 0.140027	0.901 ± 0.056578	0.846 ± 0.172296	0.939 ± 0.054985	0.908 ± 0.094250	0.970 ± 0.022014	0.904 ± 0.098672	0.969 ± 0.023280	0.798 ± 0.206258	0.870 ± 0.074947	0.859 ± 0.168332	0.953 ± 0.044326
roc_auc	nan	nan	0.915 ± 0.087029	0.966 ± 0.024729	0.832 ± 0.116719	0.897 ± 0.061210	0.14267 ± 0.061685	0.07469 ± 0.040358	0.803 ± 0.144058	0.887 ± 0.068298	0.663 ± 0.233438	0.795 ± 0.122420	0.5086 ± 0.232640	0.2658 ± 0.129466	0.707 ± 0.222843	0.804 ± 0.121809	0.683 ± 0.225685	0.799 ± 0.122027	0.863 ± 0.133357	0.896 ± 0.056897	0.844 ± 0.169295	0.907 ± 0.069369	0.907 ± 0.092411	0.968 ± 0.022538	0.902 ± 0.096653	0.968 ± 0.022145	0.805 ± 0.198927	0.869 ± 0.073237	0.858 ± 0.163931	0.926 ± 0.057149
