	mean_ncv_average_precision	mean_ncv_balanced_accuracy	mean_ncv_brier_loss	mean_ncv_f1	mean_ncv_informedness	mean_ncv_log_loss	mean_ncv_markedness	mean_ncv_mcc	mean_ncv_negative_predictive_value	mean_ncv_precision	mean_ncv_precision_recall_auc	mean_ncv_roc_auc	mean_ncv_sensitivity	mean_ncv_specificity
mcc	0.730 ± 0.047909	0.793 ± 0.027887	0.16435 ± 0.012222	0.773 ± 0.032535	0.587 ± 0.055774	0.5295 ± 0.045938	0.587 ± 0.052272	0.587 ± 0.053988	0.818 ± 0.036754	0.769 ± 0.020371	0.711 ± 0.058163	0.828 ± 0.029227	0.778 ± 0.052378	0.809 ± 0.019165
precision_recall_auc	0.754 ± 0.051134	0.801 ± 0.028106	0.16040 ± 0.012691	0.781 ± 0.031386	0.602 ± 0.056212	0.5180 ± 0.045523	0.602 ± 0.055484	0.602 ± 0.055751	0.822 ± 0.029370	0.779 ± 0.032143	0.738 ± 0.058107	0.833 ± 0.023273	0.783 ± 0.040992	0.818 ± 0.030303
roc_auc	0.739 ± 0.052631	0.802 ± 0.028527	0.16194 ± 0.014062	0.783 ± 0.031779	0.604 ± 0.057053	0.6814 ± 0.530921	0.602 ± 0.056339	0.603 ± 0.056651	0.829 ± 0.033823	0.773 ± 0.029923	0.714 ± 0.058802	0.830 ± 0.030641	0.794 ± 0.045737	0.809 ± 0.028748
