	mean_ncv_average_precision	mean_ncv_balanced_accuracy	mean_ncv_brier_loss	mean_ncv_f1	mean_ncv_informedness	mean_ncv_log_loss	mean_ncv_markedness	mean_ncv_mcc	mean_ncv_negative_predictive_value	mean_ncv_precision	mean_ncv_precision_recall_auc	mean_ncv_roc_auc	mean_ncv_sensitivity	mean_ncv_specificity
mcc	0.833 ± 0.031434	0.816 ± 0.035450	0.14976 ± 0.013027	0.795 ± 0.040157	0.632 ± 0.070899	0.4703 ± 0.031372	0.640 ± 0.072170	0.636 ± 0.071407	0.825 ± 0.033426	0.815 ± 0.043784	0.828 ± 0.034882	0.857 ± 0.027394	0.778 ± 0.045361	0.855 ± 0.035855
precision_recall_auc	0.860 ± 0.032036	0.840 ± 0.036151	0.13858 ± 0.012687	0.822 ± 0.040726	0.679 ± 0.072302	0.4422 ± 0.034953	0.684 ± 0.071868	0.682 ± 0.071998	0.849 ± 0.034988	0.835 ± 0.040964	0.855 ± 0.034208	0.877 ± 0.027853	0.811 ± 0.046849	0.868 ± 0.033539
roc_auc	0.854 ± 0.028470	0.827 ± 0.031252	0.13911 ± 0.012134	0.809 ± 0.035233	0.655 ± 0.062503	0.4433 ± 0.031788	0.658 ± 0.062347	0.656 ± 0.062389	0.840 ± 0.029325	0.818 ± 0.035305	0.848 ± 0.031418	0.874 ± 0.024901	0.800 ± 0.038845	0.855 ± 0.028748
