	mean_ncv_average_precision	mean_ncv_balanced_accuracy	mean_ncv_brier_loss	mean_ncv_f1	mean_ncv_informedness	mean_ncv_log_loss	mean_ncv_markedness	mean_ncv_mcc	mean_ncv_negative_predictive_value	mean_ncv_precision	mean_ncv_precision_recall_auc	mean_ncv_roc_auc	mean_ncv_sensitivity	mean_ncv_specificity
mcc	0.720 ± 0.052442	0.665 ± 0.057056	0.20698 ± 0.018356	0.626 ± 0.070261	0.330 ± 0.114111	0.6057 ± 0.047203	0.333 ± 0.112692	0.332 ± 0.113380	0.696 ± 0.053835	0.637 ± 0.060804	0.712 ± 0.057159	0.744 ± 0.045610	0.617 ± 0.084660	0.714 ± 0.048152
precision_recall_auc	0.729 ± 0.040724	0.672 ± 0.056241	0.19940 ± 0.020952	0.634 ± 0.067830	0.345 ± 0.112481	0.5858 ± 0.044865	0.351 ± 0.114866	0.348 ± 0.113611	0.702 ± 0.048672	0.649 ± 0.071173	0.720 ± 0.040497	0.762 ± 0.050526	0.622 ± 0.081985	0.723 ± 0.072506
roc_auc	0.750 ± 0.035991	0.680 ± 0.041120	0.19332 ± 0.017556	0.642 ± 0.055472	0.361 ± 0.082240	0.5699 ± 0.036270	0.368 ± 0.083082	0.364 ± 0.082478	0.711 ± 0.044345	0.657 ± 0.051893	0.743 ± 0.037666	0.774 ± 0.038869	0.633 ± 0.087646	0.727 ± 0.064282
