	mean_best_threshold_tuning_score	mean_best_threshold	mean_test_average_precision	mean_train_average_precision	mean_test_balanced_accuracy	mean_train_balanced_accuracy	mean_test_brier_loss	mean_train_brier_loss	mean_test_f1	mean_train_f1	mean_test_informedness	mean_train_informedness	mean_test_log_loss	mean_train_log_loss	mean_test_markedness	mean_train_markedness	mean_test_mcc	mean_train_mcc	mean_test_negative_predictive_value	mean_train_negative_predictive_value	mean_test_precision	mean_train_precision	mean_test_precision_recall_auc	mean_train_precision_recall_auc	mean_test_roc_auc	mean_train_roc_auc	mean_test_sensitivity	mean_train_sensitivity	mean_test_specificity	mean_train_specificity
mcc	nan	nan	0.914 ± 0.105095	0.963 ± 0.019052	0.797 ± 0.160249	0.903 ± 0.040358	0.14870 ± 0.096460	0.07477 ± 0.020331	0.768 ± 0.183222	0.893 ± 0.045462	0.594 ± 0.320497	0.806 ± 0.080716	0.4710 ± 0.270485	0.2623 ± 0.055522	0.622 ± 0.319306	0.828 ± 0.074595	0.607 ± 0.318667	0.817 ± 0.077041	0.820 ± 0.154476	0.892 ± 0.046664	0.802 ± 0.210540	0.936 ± 0.045611	0.902 ± 0.121625	0.963 ± 0.019310	0.896 ± 0.132431	0.959 ± 0.022853	0.770 ± 0.205204	0.856 ± 0.067074	0.824 ± 0.199551	0.950 ± 0.039780
precision_recall_auc	nan	nan	0.938 ± 0.101581	0.940 ± 0.094667	0.823 ± 0.126840	0.843 ± 0.094970	0.12802 ± 0.063588	0.09356 ± 0.028802	0.773 ± 0.225774	0.800 ± 0.208267	0.647 ± 0.253680	0.687 ± 0.189941	0.3988 ± 0.163386	0.2965 ± 0.073778	0.647 ± 0.340743	0.674 ± 0.296731	0.660 ± 0.253565	0.693 ± 0.192016	0.848 ± 0.142189	0.847 ± 0.083633	0.799 ± 0.250664	0.826 ± 0.219931	0.930 ± 0.114977	0.940 ± 0.095729	0.928 ± 0.114942	0.935 ± 0.133402	0.777 ± 0.253345	0.779 ± 0.206105	0.870 ± 0.142500	0.908 ± 0.059678
roc_auc	nan	nan	0.936 ± 0.104939	0.938 ± 0.094790	0.836 ± 0.114462	0.854 ± 0.066170	0.12560 ± 0.067415	0.09452 ± 0.030027	0.803 ± 0.165494	0.828 ± 0.130103	0.672 ± 0.228925	0.707 ± 0.132340	0.3967 ± 0.181118	0.2970 ± 0.075872	0.692 ± 0.256616	0.713 ± 0.189454	0.685 ± 0.227036	0.715 ± 0.131525	0.856 ± 0.128508	0.857 ± 0.063008	0.836 ± 0.193352	0.856 ± 0.138819	0.928 ± 0.118559	0.937 ± 0.095873	0.924 ± 0.122867	0.934 ± 0.133522	0.802 ± 0.201250	0.808 ± 0.135969	0.870 ± 0.142500	0.900 ± 0.057191
