	mean_ncv_average_precision	mean_ncv_balanced_accuracy	mean_ncv_brier_loss	mean_ncv_f1	mean_ncv_informedness	mean_ncv_log_loss	mean_ncv_markedness	mean_ncv_mcc	mean_ncv_negative_predictive_value	mean_ncv_precision	mean_ncv_precision_recall_auc	mean_ncv_roc_auc	mean_ncv_sensitivity	mean_ncv_specificity
mcc	0.931 ± 0.018264	0.855 ± 0.028277	0.10535 ± 0.014518	0.836 ± 0.032353	0.710 ± 0.056554	0.3584 ± 0.046166	0.743 ± 0.068587	0.726 ± 0.062179	0.837 ± 0.018281	0.906 ± 0.055636	0.930 ± 0.018672	0.913 ± 0.022968	0.778 ± 0.026189	0.932 ± 0.044174
precision_recall_auc	0.909 ± 0.047605	0.787 ± 0.070136	0.12457 ± 0.023795	0.747 ± 0.094540	0.573 ± 0.140272	0.4045 ± 0.090977	0.623 ± 0.138561	0.597 ± 0.138113	0.777 ± 0.064561	0.846 ± 0.094693	0.905 ± 0.051626	0.901 ± 0.033071	0.678 ± 0.119441	0.895 ± 0.071228
roc_auc	0.926 ± 0.021181	0.812 ± 0.049901	0.11717 ± 0.019759	0.783 ± 0.064918	0.623 ± 0.099802	0.3748 ± 0.064173	0.653 ± 0.090001	0.638 ± 0.094781	0.803 ± 0.050217	0.850 ± 0.046865	0.924 ± 0.021634	0.913 ± 0.029880	0.728 ± 0.084660	0.895 ± 0.030679
