	mean_best_threshold_tuning_score	mean_best_threshold	mean_test_average_precision	mean_train_average_precision	mean_test_balanced_accuracy	mean_train_balanced_accuracy	mean_test_brier_loss	mean_train_brier_loss	mean_test_f1	mean_train_f1	mean_test_informedness	mean_train_informedness	mean_test_log_loss	mean_train_log_loss	mean_test_markedness	mean_train_markedness	mean_test_mcc	mean_train_mcc	mean_test_negative_predictive_value	mean_train_negative_predictive_value	mean_test_precision	mean_train_precision	mean_test_precision_recall_auc	mean_train_precision_recall_auc	mean_test_roc_auc	mean_train_roc_auc	mean_test_sensitivity	mean_train_sensitivity	mean_test_specificity	mean_train_specificity
mcc	nan	nan	0.942 ± 0.076992	0.986 ± 0.018003	0.857 ± 0.108597	0.944 ± 0.044134	0.09977 ± 0.071441	0.03742 ± 0.029047	0.822 ± 0.146543	0.939 ± 0.049781	0.714 ± 0.217194	0.888 ± 0.088269	0.3665 ± 0.246766	0.1408 ± 0.096209	0.791 ± 0.174468	0.907 ± 0.074343	0.749 ± 0.194442	0.897 ± 0.081242	0.836 ± 0.117827	0.929 ± 0.053813	0.956 ± 0.124249	0.978 ± 0.027688	0.936 ± 0.085761	0.986 ± 0.018151	0.924 ± 0.099894	0.985 ± 0.022409	0.752 ± 0.194518	0.905 ± 0.074884	0.962 ± 0.112286	0.984 ± 0.021606
precision_recall_auc	nan	nan	0.929 ± 0.083036	0.979 ± 0.019595	0.805 ± 0.164216	0.864 ± 0.148403	0.11600 ± 0.083582	0.04827 ± 0.034691	0.713 ± 0.308300	0.794 ± 0.305746	0.610 ± 0.328431	0.729 ± 0.296807	0.3877 ± 0.253107	0.1620 ± 0.106433	0.618 ± 0.438111	0.697 ± 0.441274	0.636 ± 0.323664	0.740 ± 0.295891	0.808 ± 0.151684	0.858 ± 0.134614	0.811 ± 0.338058	0.839 ± 0.316026	0.921 ± 0.094405	0.979 ± 0.019789	0.910 ± 0.099396	0.979 ± 0.019812	0.673 ± 0.319367	0.760 ± 0.301864	0.937 ± 0.144917	0.969 ± 0.037041
roc_auc	nan	nan	0.929 ± 0.081285	0.973 ± 0.021008	0.808 ± 0.159919	0.871 ± 0.138109	0.11673 ± 0.081127	0.05694 ± 0.036049	0.724 ± 0.304111	0.810 ± 0.282838	0.616 ± 0.319837	0.742 ± 0.276217	0.3774 ± 0.235731	0.1879 ± 0.108480	0.615 ± 0.436782	0.720 ± 0.408787	0.639 ± 0.318960	0.753 ± 0.274701	0.821 ± 0.147336	0.864 ± 0.127478	0.795 ± 0.335764	0.856 ± 0.291266	0.920 ± 0.092640	0.972 ± 0.021216	0.912 ± 0.095238	0.973 ± 0.021321	0.698 ± 0.314471	0.775 ± 0.280650	0.918 ± 0.156414	0.967 ± 0.036044
