	mean_ncv_average_precision	mean_ncv_balanced_accuracy	mean_ncv_brier_loss	mean_ncv_f1	mean_ncv_informedness	mean_ncv_log_loss	mean_ncv_markedness	mean_ncv_mcc	mean_ncv_negative_predictive_value	mean_ncv_precision	mean_ncv_precision_recall_auc	mean_ncv_roc_auc	mean_ncv_sensitivity	mean_ncv_specificity
mcc	0.930 ± 0.014273	0.855 ± 0.023242	0.09977 ± 0.011367	0.834 ± 0.027364	0.709 ± 0.046484	0.3665 ± 0.040921	0.765 ± 0.063934	0.737 ± 0.053844	0.824 ± 0.017478	0.941 ± 0.057259	0.928 ± 0.014582	0.904 ± 0.017063	0.750 ± 0.029280	0.959 ± 0.039800
precision_recall_auc	0.920 ± 0.026998	0.805 ± 0.073988	0.11600 ± 0.023749	0.765 ± 0.099510	0.610 ± 0.147977	0.3877 ± 0.073180	0.678 ± 0.139117	0.642 ± 0.141355	0.784 ± 0.071247	0.894 ± 0.091610	0.918 ± 0.027905	0.903 ± 0.022657	0.678 ± 0.127764	0.932 ± 0.057695
roc_auc	0.919 ± 0.026493	0.810 ± 0.068552	0.11673 ± 0.024206	0.776 ± 0.089837	0.619 ± 0.137104	0.3774 ± 0.070142	0.669 ± 0.131521	0.643 ± 0.132909	0.795 ± 0.065465	0.873 ± 0.086600	0.917 ± 0.027405	0.909 ± 0.022072	0.706 ± 0.114306	0.914 ± 0.062287
