	mean_best_threshold_tuning_score	mean_best_threshold	mean_test_average_precision	mean_train_average_precision	mean_test_balanced_accuracy	mean_train_balanced_accuracy	mean_test_brier_loss	mean_train_brier_loss	mean_test_f1	mean_train_f1	mean_test_informedness	mean_train_informedness	mean_test_log_loss	mean_train_log_loss	mean_test_markedness	mean_train_markedness	mean_test_mcc	mean_train_mcc	mean_test_negative_predictive_value	mean_train_negative_predictive_value	mean_test_precision	mean_train_precision	mean_test_precision_recall_auc	mean_train_precision_recall_auc	mean_test_roc_auc	mean_train_roc_auc	mean_test_sensitivity	mean_train_sensitivity	mean_test_specificity	mean_train_specificity
mcc	nan	nan	0.939 ± 0.081601	0.989 ± 0.013367	0.843 ± 0.127345	0.945 ± 0.038518	0.12308 ± 0.079706	0.03762 ± 0.025387	0.823 ± 0.140727	0.940 ± 0.043392	0.685 ± 0.254690	0.890 ± 0.077036	0.4096 ± 0.234168	0.1415 ± 0.085171	0.717 ± 0.240367	0.908 ± 0.064531	0.700 ± 0.246389	0.899 ± 0.070733	0.872 ± 0.126636	0.930 ± 0.047311	0.845 ± 0.181239	0.978 ± 0.022318	0.933 ± 0.090303	0.989 ± 0.013486	0.921 ± 0.111819	0.989 ± 0.015531	0.835 ± 0.170442	0.906 ± 0.065846	0.850 ± 0.198463	0.984 ± 0.016203
precision_recall_auc	nan	nan	0.941 ± 0.077500	0.976 ± 0.021670	0.788 ± 0.165934	0.865 ± 0.156620	0.12556 ± 0.076480	0.05059 ± 0.035391	0.688 ± 0.319656	0.787 ± 0.325738	0.577 ± 0.331868	0.730 ± 0.313240	0.4116 ± 0.219054	0.1693 ± 0.109118	0.559 ± 0.454260	0.690 ± 0.473328	0.595 ± 0.328031	0.741 ± 0.314810	0.803 ± 0.157653	0.856 ± 0.140358	0.755 ± 0.346450	0.834 ± 0.340836	0.934 ± 0.086512	0.976 ± 0.021878	0.922 ± 0.105238	0.976 ± 0.022879	0.672 ± 0.333082	0.749 ± 0.317375	0.905 ± 0.161071	0.981 ± 0.021918
roc_auc	nan	nan	0.938 ± 0.076758	0.976 ± 0.021272	0.800 ± 0.152692	0.876 ± 0.150270	0.12545 ± 0.073768	0.05034 ± 0.035753	0.712 ± 0.298625	0.808 ± 0.307929	0.600 ± 0.305384	0.752 ± 0.300540	0.4141 ± 0.217060	0.1698 ± 0.108308	0.591 ± 0.419897	0.718 ± 0.447521	0.618 ± 0.302472	0.762 ± 0.300667	0.818 ± 0.149844	0.869 ± 0.137476	0.773 ± 0.323297	0.848 ± 0.318449	0.930 ± 0.085900	0.976 ± 0.021478	0.920 ± 0.102227	0.976 ± 0.022221	0.697 ± 0.316658	0.775 ± 0.303723	0.903 ± 0.146876	0.977 ± 0.030028
