	mean_ncv_average_precision	mean_ncv_balanced_accuracy	mean_ncv_brier_loss	mean_ncv_f1	mean_ncv_informedness	mean_ncv_log_loss	mean_ncv_markedness	mean_ncv_mcc	mean_ncv_negative_predictive_value	mean_ncv_precision	mean_ncv_precision_recall_auc	mean_ncv_roc_auc	mean_ncv_sensitivity	mean_ncv_specificity
mcc	0.906 ± 0.021454	0.844 ± 0.022768	0.12710 ± 0.015799	0.829 ± 0.024624	0.688 ± 0.045536	0.4232 ± 0.051408	0.687 ± 0.046957	0.688 ± 0.046200	0.862 ± 0.020720	0.825 ± 0.031061	0.903 ± 0.022162	0.894 ± 0.022569	0.833 ± 0.026189	0.855 ± 0.028748
precision_recall_auc	0.895 ± 0.033758	0.793 ± 0.062816	0.12495 ± 0.014183	0.757 ± 0.084507	0.586 ± 0.125631	0.4047 ± 0.045678	0.621 ± 0.110455	0.603 ± 0.117606	0.787 ± 0.065186	0.833 ± 0.058218	0.892 ± 0.035436	0.901 ± 0.029618	0.700 ± 0.114755	0.886 ± 0.038629
roc_auc	0.909 ± 0.018395	0.794 ± 0.050026	0.12137 ± 0.008388	0.759 ± 0.068004	0.587 ± 0.100053	0.3964 ± 0.036516	0.621 ± 0.078098	0.604 ± 0.088913	0.790 ± 0.060800	0.830 ± 0.034498	0.906 ± 0.019107	0.909 ± 0.018188	0.706 ± 0.108139	0.882 ± 0.031782
