	mean_best_threshold_tuning_score	mean_best_threshold	mean_test_average_precision	mean_train_average_precision	mean_test_balanced_accuracy	mean_train_balanced_accuracy	mean_test_brier_loss	mean_train_brier_loss	mean_test_f1	mean_train_f1	mean_test_informedness	mean_train_informedness	mean_test_log_loss	mean_train_log_loss	mean_test_markedness	mean_train_markedness	mean_test_mcc	mean_train_mcc	mean_test_negative_predictive_value	mean_train_negative_predictive_value	mean_test_precision	mean_train_precision	mean_test_precision_recall_auc	mean_train_precision_recall_auc	mean_test_roc_auc	mean_train_roc_auc	mean_test_sensitivity	mean_train_sensitivity	mean_test_specificity	mean_train_specificity
mcc	nan	nan	0.919 ± 0.091409	1.000 ± 0.000000	0.803 ± 0.106780	1.000 ± 0.000000	0.13562 ± 0.057392	0.00984 ± 0.001992	0.761 ± 0.144882	1.000 ± 0.000000	0.606 ± 0.213560	1.000 ± 0.000000	0.4322 ± 0.155701	0.0786 ± 0.012491	0.667 ± 0.203149	1.000 ± 0.000000	0.633 ± 0.203956	1.000 ± 0.000000	0.815 ± 0.133041	1.000 ± 0.000000	0.852 ± 0.158114	1.000 ± 0.000000	0.907 ± 0.116659	1.000 ± 0.000000	0.908 ± 0.107104	1.000 ± 0.000000	0.732 ± 0.211148	1.000 ± 0.000000	0.874 ± 0.134103	1.000 ± 0.000000
precision_recall_auc	nan	nan	0.911 ± 0.102458	1.000 ± 0.000000	0.811 ± 0.119911	1.000 ± 0.000000	0.13337 ± 0.061172	0.00925 ± 0.002026	0.766 ± 0.163635	1.000 ± 0.000000	0.623 ± 0.239821	1.000 ± 0.000000	0.4191 ± 0.157662	0.0754 ± 0.011567	0.686 ± 0.215942	1.000 ± 0.000000	0.651 ± 0.224373	1.000 ± 0.000000	0.827 ± 0.142264	1.000 ± 0.000000	0.859 ± 0.163721	1.000 ± 0.000000	0.900 ± 0.119067	1.000 ± 0.000000	0.899 ± 0.115188	1.000 ± 0.000000	0.742 ± 0.229147	1.000 ± 0.000000	0.881 ± 0.144240	1.000 ± 0.000000
roc_auc	nan	nan	0.919 ± 0.092392	1.000 ± 0.000000	0.814 ± 0.111026	1.000 ± 0.000000	0.13417 ± 0.057180	0.00916 ± 0.001913	0.775 ± 0.144739	1.000 ± 0.000000	0.627 ± 0.222052	1.000 ± 0.000000	0.4250 ± 0.153591	0.0743 ± 0.011075	0.687 ± 0.211744	1.000 ± 0.000000	0.654 ± 0.212929	1.000 ± 0.000000	0.834 ± 0.132844	1.000 ± 0.000000	0.853 ± 0.167741	1.000 ± 0.000000	0.909 ± 0.109520	1.000 ± 0.000000	0.903 ± 0.111067	1.000 ± 0.000000	0.755 ± 0.209206	1.000 ± 0.000000	0.872 ± 0.149202	1.000 ± 0.000000
