	mean_best_threshold_tuning_score	mean_best_threshold	mean_test_average_precision	mean_train_average_precision	mean_test_balanced_accuracy	mean_train_balanced_accuracy	mean_test_brier_loss	mean_train_brier_loss	mean_test_f1	mean_train_f1	mean_test_informedness	mean_train_informedness	mean_test_log_loss	mean_train_log_loss	mean_test_markedness	mean_train_markedness	mean_test_mcc	mean_train_mcc	mean_test_negative_predictive_value	mean_train_negative_predictive_value	mean_test_precision	mean_train_precision	mean_test_precision_recall_auc	mean_train_precision_recall_auc	mean_test_roc_auc	mean_train_roc_auc	mean_test_sensitivity	mean_train_sensitivity	mean_test_specificity	mean_train_specificity
mcc	nan	nan	0.804 ± 0.151191	1.000 ± 0.000000	0.718 ± 0.166284	0.988 ± 0.032844	0.20598 ± 0.082751	0.05932 ± 0.047979	0.637 ± 0.269985	0.987 ± 0.037381	0.437 ± 0.332567	0.977 ± 0.065687	0.7806 ± 0.551846	0.2334 ± 0.129044	0.454 ± 0.414666	0.984 ± 0.044913	0.456 ± 0.345201	0.980 ± 0.055514	0.767 ± 0.182143	0.984 ± 0.044810	0.687 ± 0.302077	0.999 ± 0.006018	0.768 ± 0.187546	1.000 ± 0.000000	0.779 ± 0.165613	1.000 ± 0.000000	0.652 ± 0.316626	0.978 ± 0.065724	0.785 ± 0.201841	0.999 ± 0.005546
precision_recall_auc	nan	nan	0.830 ± 0.146119	0.999 ± 0.005491	0.715 ± 0.176475	0.986 ± 0.038823	0.20820 ± 0.085746	0.04009 ± 0.037094	0.624 ± 0.278370	0.985 ± 0.044766	0.431 ± 0.352949	0.973 ± 0.077646	0.7257 ± 0.409476	0.1739 ± 0.109776	0.470 ± 0.434765	0.981 ± 0.052888	0.459 ± 0.364301	0.977 ± 0.065578	0.753 ± 0.188566	0.981 ± 0.052888	0.718 ± 0.318112	1.000 ± 0.000000	0.802 ± 0.176885	0.999 ± 0.005531	0.801 ± 0.167926	0.998 ± 0.007920	0.617 ± 0.326460	0.973 ± 0.077646	0.814 ± 0.216427	1.000 ± 0.000000
roc_auc	nan	nan	0.829 ± 0.148268	0.998 ± 0.006973	0.713 ± 0.169116	0.981 ± 0.044949	0.21852 ± 0.100094	0.02625 ± 0.027066	0.618 ± 0.278521	0.978 ± 0.051778	0.426 ± 0.338232	0.961 ± 0.089898	0.7455 ± 0.399861	0.1320 ± 0.083025	0.459 ± 0.425424	0.973 ± 0.061605	0.455 ± 0.343941	0.967 ± 0.076103	0.760 ± 0.188236	0.973 ± 0.061605	0.700 ± 0.312304	1.000 ± 0.000000	0.802 ± 0.177163	0.998 ± 0.007024	0.800 ± 0.168468	0.997 ± 0.010015	0.620 ± 0.332976	0.961 ± 0.089898	0.806 ± 0.210839	1.000 ± 0.000000
