	mean_ncv_average_precision	mean_ncv_balanced_accuracy	mean_ncv_brier_loss	mean_ncv_f1	mean_ncv_informedness	mean_ncv_log_loss	mean_ncv_markedness	mean_ncv_mcc	mean_ncv_negative_predictive_value	mean_ncv_precision	mean_ncv_precision_recall_auc	mean_ncv_roc_auc	mean_ncv_sensitivity	mean_ncv_specificity
mcc	0.764 ± 0.063796	0.717 ± 0.028407	0.20167 ± 0.028336	0.681 ± 0.036871	0.434 ± 0.056814	0.8086 ± 0.487526	0.443 ± 0.054570	0.439 ± 0.055346	0.737 ± 0.030757	0.706 ± 0.036671	0.754 ± 0.072326	0.762 ± 0.055010	0.661 ± 0.061139	0.773 ± 0.047913
precision_recall_auc	0.800 ± 0.033856	0.726 ± 0.021632	0.19566 ± 0.024333	0.684 ± 0.028880	0.453 ± 0.043263	0.7701 ± 0.180974	0.475 ± 0.047661	0.464 ± 0.043830	0.735 ± 0.024783	0.740 ± 0.041280	0.795 ± 0.034661	0.769 ± 0.045098	0.639 ± 0.053990	0.814 ± 0.045201
roc_auc	0.789 ± 0.057168	0.715 ± 0.027140	0.19868 ± 0.033581	0.667 ± 0.042922	0.430 ± 0.054281	0.6910 ± 0.159187	0.456 ± 0.045740	0.443 ± 0.049355	0.724 ± 0.035906	0.732 ± 0.029169	0.783 ± 0.058942	0.769 ± 0.063676	0.617 ± 0.076129	0.814 ± 0.039800
