	mean_best_threshold_tuning_score	mean_best_threshold	mean_test_average_precision	mean_train_average_precision	mean_test_balanced_accuracy	mean_train_balanced_accuracy	mean_test_brier_loss	mean_train_brier_loss	mean_test_f1	mean_train_f1	mean_test_informedness	mean_train_informedness	mean_test_log_loss	mean_train_log_loss	mean_test_markedness	mean_train_markedness	mean_test_mcc	mean_train_mcc	mean_test_negative_predictive_value	mean_train_negative_predictive_value	mean_test_precision	mean_train_precision	mean_test_precision_recall_auc	mean_train_precision_recall_auc	mean_test_roc_auc	mean_train_roc_auc	mean_test_sensitivity	mean_train_sensitivity	mean_test_specificity	mean_train_specificity
mcc	nan	nan	0.844 ± 0.138639	1.000 ± 0.001899	0.728 ± 0.145164	0.992 ± 0.030723	0.19132 ± 0.063432	0.07659 ± 0.059267	0.659 ± 0.248104	0.991 ± 0.036406	0.455 ± 0.290329	0.984 ± 0.061447	0.6610 ± 0.405854	0.2807 ± 0.156496	0.481 ± 0.372317	0.990 ± 0.038728	0.475 ± 0.305620	0.987 ± 0.050507	0.793 ± 0.174131	0.990 ± 0.038475	0.688 ± 0.274085	0.999 ± 0.006018	0.820 ± 0.167429	1.000 ± 0.001918	0.816 ± 0.149756	1.000 ± 0.001842	0.693 ± 0.303251	0.985 ± 0.061388	0.762 ± 0.192873	0.999 ± 0.005546
precision_recall_auc	nan	nan	0.853 ± 0.143125	0.999 ± 0.004959	0.715 ± 0.159851	0.974 ± 0.056273	0.20264 ± 0.087987	0.05658 ± 0.041484	0.628 ± 0.268297	0.969 ± 0.066564	0.429 ± 0.319701	0.947 ± 0.112545	0.6811 ± 0.519918	0.2228 ± 0.115817	0.453 ± 0.399039	0.965 ± 0.073768	0.447 ± 0.337205	0.956 ± 0.093818	0.762 ± 0.177948	0.965 ± 0.073768	0.691 ± 0.302413	1.000 ± 0.000000	0.830 ± 0.168848	0.999 ± 0.005000	0.820 ± 0.170913	0.998 ± 0.006081	0.635 ± 0.318501	0.947 ± 0.112545	0.794 ± 0.191567	1.000 ± 0.000000
roc_auc	nan	nan	0.850 ± 0.144108	0.999 ± 0.004040	0.721 ± 0.154654	0.982 ± 0.044723	0.20183 ± 0.093909	0.03297 ± 0.027336	0.647 ± 0.260098	0.979 ± 0.052153	0.442 ± 0.309308	0.964 ± 0.089445	0.6931 ± 0.418047	0.1559 ± 0.082593	0.468 ± 0.392184	0.975 ± 0.059902	0.461 ± 0.328795	0.969 ± 0.075108	0.777 ± 0.174763	0.975 ± 0.059902	0.691 ± 0.291881	1.000 ± 0.000000	0.828 ± 0.168756	0.999 ± 0.004072	0.816 ± 0.169828	0.999 ± 0.005048	0.668 ± 0.307912	0.964 ± 0.089445	0.774 ± 0.199295	1.000 ± 0.000000
