	mean_ncv_average_precision	mean_ncv_balanced_accuracy	mean_ncv_brier_loss	mean_ncv_f1	mean_ncv_informedness	mean_ncv_log_loss	mean_ncv_markedness	mean_ncv_mcc	mean_ncv_negative_predictive_value	mean_ncv_precision	mean_ncv_precision_recall_auc	mean_ncv_roc_auc	mean_ncv_sensitivity	mean_ncv_specificity
mcc	0.798 ± 0.028628	0.724 ± 0.023869	0.19132 ± 0.014510	0.694 ± 0.025870	0.448 ± 0.047738	0.6610 ± 0.165546	0.453 ± 0.049302	0.450 ± 0.048410	0.750 ± 0.025430	0.703 ± 0.037531	0.793 ± 0.029538	0.774 ± 0.037758	0.689 ± 0.046849	0.759 ± 0.052705
precision_recall_auc	0.790 ± 0.028994	0.709 ± 0.029194	0.20264 ± 0.022835	0.665 ± 0.044121	0.419 ± 0.058389	0.6811 ± 0.207524	0.437 ± 0.050750	0.427 ± 0.053825	0.724 ± 0.033983	0.713 ± 0.032552	0.786 ± 0.029781	0.747 ± 0.037148	0.628 ± 0.074305	0.791 ± 0.043913
roc_auc	0.804 ± 0.028892	0.717 ± 0.041228	0.20183 ± 0.022880	0.681 ± 0.049474	0.434 ± 0.082455	0.6931 ± 0.149906	0.441 ± 0.082116	0.437 ± 0.082206	0.737 ± 0.040305	0.704 ± 0.045840	0.800 ± 0.029226	0.775 ± 0.052443	0.661 ± 0.061139	0.773 ± 0.037113
