	mean_best_threshold_tuning_score	mean_best_threshold	mean_test_average_precision	mean_train_average_precision	mean_test_balanced_accuracy	mean_train_balanced_accuracy	mean_test_brier_loss	mean_train_brier_loss	mean_test_f1	mean_train_f1	mean_test_informedness	mean_train_informedness	mean_test_log_loss	mean_train_log_loss	mean_test_markedness	mean_train_markedness	mean_test_mcc	mean_train_mcc	mean_test_negative_predictive_value	mean_train_negative_predictive_value	mean_test_precision	mean_train_precision	mean_test_precision_recall_auc	mean_train_precision_recall_auc	mean_test_roc_auc	mean_train_roc_auc	mean_test_sensitivity	mean_train_sensitivity	mean_test_specificity	mean_train_specificity
mcc	nan	nan	0.822 ± 0.139889	1.000 ± 0.000000	0.688 ± 0.136774	0.985 ± 0.023042	0.20065 ± 0.086556	0.06503 ± 0.052003	0.586 ± 0.220695	0.984 ± 0.024629	0.377 ± 0.273548	0.970 ± 0.046084	0.6621 ± 0.427692	0.2537 ± 0.149477	0.459 ± 0.379954	0.977 ± 0.034573	0.425 ± 0.291016	0.973 ± 0.040354	0.687 ± 0.122810	0.977 ± 0.034573	0.772 ± 0.305027	1.000 ± 0.000000	0.799 ± 0.161400	1.000 ± 0.000000	0.754 ± 0.195868	1.000 ± 0.000000	0.510 ± 0.224391	0.970 ± 0.046084	0.867 ± 0.190758	1.000 ± 0.000000
precision_recall_auc	nan	nan	0.879 ± 0.117456	1.000 ± 0.000000	0.699 ± 0.138061	0.950 ± 0.030525	0.15803 ± 0.085282	0.02476 ± 0.016509	0.553 ± 0.275894	0.946 ± 0.033564	0.398 ± 0.276122	0.899 ± 0.061050	0.4907 ± 0.257244	0.1270 ± 0.062617	0.476 ± 0.443040	0.925 ± 0.043812	0.459 ± 0.290558	0.912 ± 0.052459	0.688 ± 0.122694	0.925 ± 0.043812	0.789 ± 0.361379	1.000 ± 0.000000	0.861 ± 0.138595	1.000 ± 0.000000	0.850 ± 0.144445	1.000 ± 0.000000	0.450 ± 0.255329	0.899 ± 0.061050	0.948 ± 0.132465	1.000 ± 0.000000
roc_auc	nan	nan	0.873 ± 0.125900	1.000 ± 0.000000	0.705 ± 0.136123	0.945 ± 0.030965	0.16092 ± 0.090326	0.02355 ± 0.013317	0.564 ± 0.267167	0.941 ± 0.034218	0.409 ± 0.272245	0.890 ± 0.061929	0.5181 ± 0.335848	0.1240 ± 0.052281	0.487 ± 0.420956	0.920 ± 0.043415	0.467 ± 0.281466	0.905 ± 0.052711	0.694 ± 0.133299	0.920 ± 0.043415	0.793 ± 0.340584	1.000 ± 0.000000	0.855 ± 0.147588	1.000 ± 0.000000	0.844 ± 0.159875	1.000 ± 0.000000	0.468 ± 0.260760	0.890 ± 0.061929	0.941 ± 0.124002	1.000 ± 0.000000
