	mean_ncv_average_precision	mean_ncv_balanced_accuracy	mean_ncv_brier_loss	mean_ncv_f1	mean_ncv_informedness	mean_ncv_log_loss	mean_ncv_markedness	mean_ncv_mcc	mean_ncv_negative_predictive_value	mean_ncv_precision	mean_ncv_precision_recall_auc	mean_ncv_roc_auc	mean_ncv_sensitivity	mean_ncv_specificity
mcc	0.921 ± 0.016724	0.852 ± 0.031792	0.10332 ± 0.011918	0.831 ± 0.038968	0.705 ± 0.063584	0.3371 ± 0.029928	0.756 ± 0.073074	0.730 ± 0.067581	0.824 ± 0.025303	0.933 ± 0.054777	0.920 ± 0.016918	0.897 ± 0.030546	0.750 ± 0.039284	0.955 ± 0.037113
precision_recall_auc	0.935 ± 0.011010	0.739 ± 0.067026	0.10350 ± 0.012496	0.636 ± 0.125009	0.478 ± 0.134052	0.3269 ± 0.031063	0.704 ± 0.054525	0.577 ± 0.104952	0.704 ± 0.054525	1.000 ± 0.000000	0.934 ± 0.011223	0.921 ± 0.017755	0.478 ± 0.134052	1.000 ± 0.000000
roc_auc	0.936 ± 0.014109	0.748 ± 0.061627	0.10240 ± 0.010222	0.659 ± 0.108631	0.496 ± 0.123254	0.3234 ± 0.025601	0.693 ± 0.071919	0.585 ± 0.100318	0.713 ± 0.051663	0.980 ± 0.042855	0.934 ± 0.014354	0.926 ± 0.023480	0.506 ± 0.121293	0.991 ± 0.019165
