	mean_best_threshold_tuning_score	mean_best_threshold	mean_test_average_precision	mean_train_average_precision	mean_test_balanced_accuracy	mean_train_balanced_accuracy	mean_test_brier_loss	mean_train_brier_loss	mean_test_f1	mean_train_f1	mean_test_informedness	mean_train_informedness	mean_test_log_loss	mean_train_log_loss	mean_test_markedness	mean_train_markedness	mean_test_mcc	mean_train_mcc	mean_test_negative_predictive_value	mean_train_negative_predictive_value	mean_test_precision	mean_train_precision	mean_test_precision_recall_auc	mean_train_precision_recall_auc	mean_test_roc_auc	mean_train_roc_auc	mean_test_sensitivity	mean_train_sensitivity	mean_test_specificity	mean_train_specificity
mcc	nan	nan	0.955 ± 0.056814	0.968 ± 0.020652	0.852 ± 0.110616	0.900 ± 0.031950	0.09696 ± 0.060073	0.07306 ± 0.016687	0.808 ± 0.180236	0.888 ± 0.037507	0.704 ± 0.221232	0.800 ± 0.063899	0.3239 ± 0.155869	0.2569 ± 0.045034	0.784 ± 0.226648	0.839 ± 0.053379	0.745 ± 0.195405	0.819 ± 0.058394	0.824 ± 0.117414	0.871 ± 0.037857	0.960 ± 0.154524	0.967 ± 0.024277	0.950 ± 0.064329	0.968 ± 0.020810	0.943 ± 0.071949	0.961 ± 0.029460	0.723 ± 0.218503	0.822 ± 0.055268	0.981 ± 0.065380	0.977 ± 0.016624
precision_recall_auc	nan	nan	0.942 ± 0.066907	0.961 ± 0.018245	0.713 ± 0.141772	0.754 ± 0.112229	0.09840 ± 0.055580	0.08308 ± 0.019195	0.539 ± 0.311562	0.638 ± 0.255757	0.427 ± 0.283543	0.509 ± 0.224458	0.3185 ± 0.138408	0.2695 ± 0.049957	0.495 ± 0.481618	0.603 ± 0.397672	0.494 ± 0.288980	0.577 ± 0.233843	0.695 ± 0.120584	0.725 ± 0.089313	0.800 ± 0.404061	0.878 ± 0.327566	0.936 ± 0.074335	0.960 ± 0.018410	0.918 ± 0.100099	0.959 ± 0.021060	0.427 ± 0.283543	0.510 ± 0.226496	1.000 ± 0.000000	0.999 ± 0.006305
roc_auc	nan	nan	0.942 ± 0.065898	0.959 ± 0.021216	0.737 ± 0.156630	0.768 ± 0.119555	0.09914 ± 0.058989	0.08356 ± 0.024349	0.577 ± 0.330942	0.659 ± 0.256970	0.474 ± 0.313260	0.535 ± 0.239109	0.3203 ± 0.151900	0.2699 ± 0.063145	0.514 ± 0.495889	0.634 ± 0.373759	0.530 ± 0.314248	0.600 ± 0.236169	0.720 ± 0.140897	0.740 ± 0.102359	0.793 ± 0.403443	0.893 ± 0.301364	0.935 ± 0.073346	0.959 ± 0.021418	0.919 ± 0.096680	0.958 ± 0.022562	0.478 ± 0.314434	0.540 ± 0.244025	0.996 ± 0.028284	0.996 ± 0.012280
