	mean_ncv_average_precision	mean_ncv_balanced_accuracy	mean_ncv_brier_loss	mean_ncv_f1	mean_ncv_informedness	mean_ncv_log_loss	mean_ncv_markedness	mean_ncv_mcc	mean_ncv_negative_predictive_value	mean_ncv_precision	mean_ncv_precision_recall_auc	mean_ncv_roc_auc	mean_ncv_sensitivity	mean_ncv_specificity
mcc	0.920 ± 0.011775	0.853 ± 0.017269	0.11107 ± 0.009613	0.837 ± 0.019893	0.707 ± 0.034538	0.3613 ± 0.027990	0.718 ± 0.034061	0.712 ± 0.034070	0.853 ± 0.018881	0.864 ± 0.024099	0.918 ± 0.012109	0.909 ± 0.017003	0.811 ± 0.028689	0.895 ± 0.021957
precision_recall_auc	0.911 ± 0.011848	0.750 ± 0.060007	0.11701 ± 0.007649	0.659 ± 0.104937	0.500 ± 0.120014	0.3754 ± 0.022155	0.713 ± 0.051482	0.595 ± 0.093062	0.713 ± 0.051482	1.000 ± 0.000000	0.909 ± 0.012247	0.902 ± 0.013097	0.500 ± 0.120014	1.000 ± 0.000000
roc_auc	0.912 ± 0.012087	0.734 ± 0.053967	0.11536 ± 0.006284	0.642 ± 0.089975	0.467 ± 0.107935	0.3685 ± 0.018304	0.653 ± 0.103856	0.551 ± 0.098222	0.704 ± 0.045562	0.949 ± 0.089925	0.910 ± 0.012491	0.907 ± 0.013648	0.494 ± 0.106219	0.973 ± 0.048862
