	mean_best_threshold_tuning_score	mean_best_threshold	mean_test_average_precision	mean_train_average_precision	mean_test_balanced_accuracy	mean_train_balanced_accuracy	mean_test_brier_loss	mean_train_brier_loss	mean_test_f1	mean_train_f1	mean_test_informedness	mean_train_informedness	mean_test_log_loss	mean_train_log_loss	mean_test_markedness	mean_train_markedness	mean_test_mcc	mean_train_mcc	mean_test_negative_predictive_value	mean_train_negative_predictive_value	mean_test_precision	mean_train_precision	mean_test_precision_recall_auc	mean_train_precision_recall_auc	mean_test_roc_auc	mean_train_roc_auc	mean_test_sensitivity	mean_train_sensitivity	mean_test_specificity	mean_train_specificity
mcc	nan	nan	0.940 ± 0.069731	0.968 ± 0.020652	0.864 ± 0.116737	0.900 ± 0.031950	0.11119 ± 0.071712	0.07306 ± 0.016687	0.838 ± 0.145751	0.888 ± 0.037507	0.727 ± 0.233473	0.800 ± 0.063899	0.3648 ± 0.196566	0.2569 ± 0.045034	0.761 ± 0.217597	0.839 ± 0.053379	0.743 ± 0.224237	0.819 ± 0.058394	0.869 ± 0.121539	0.871 ± 0.037857	0.892 ± 0.159549	0.967 ± 0.024277	0.933 ± 0.078320	0.968 ± 0.020810	0.924 ± 0.096089	0.961 ± 0.029460	0.818 ± 0.181866	0.822 ± 0.055268	0.909 ± 0.144875	0.977 ± 0.016624
precision_recall_auc	nan	nan	0.950 ± 0.063668	0.961 ± 0.018245	0.721 ± 0.145465	0.754 ± 0.112229	0.11284 ± 0.066371	0.08308 ± 0.019195	0.556 ± 0.311555	0.638 ± 0.255757	0.442 ± 0.290929	0.509 ± 0.224458	0.3607 ± 0.170305	0.2695 ± 0.049957	0.512 ± 0.463332	0.603 ± 0.397672	0.505 ± 0.290554	0.577 ± 0.233843	0.707 ± 0.130028	0.725 ± 0.089313	0.805 ± 0.387992	0.878 ± 0.327566	0.944 ± 0.071051	0.960 ± 0.018410	0.932 ± 0.093278	0.959 ± 0.021060	0.455 ± 0.299381	0.510 ± 0.226496	0.987 ± 0.066094	0.999 ± 0.006305
roc_auc	nan	nan	0.951 ± 0.060451	0.959 ± 0.021216	0.737 ± 0.150285	0.768 ± 0.119555	0.11393 ± 0.067346	0.08356 ± 0.024349	0.582 ± 0.320366	0.659 ± 0.256970	0.474 ± 0.300570	0.535 ± 0.239109	0.3617 ± 0.173774	0.2699 ± 0.063145	0.520 ± 0.466841	0.634 ± 0.373759	0.528 ± 0.298214	0.600 ± 0.236169	0.730 ± 0.140603	0.740 ± 0.102359	0.791 ± 0.387330	0.893 ± 0.301364	0.945 ± 0.068040	0.959 ± 0.021418	0.937 ± 0.080630	0.958 ± 0.022562	0.498 ± 0.319212	0.540 ± 0.244025	0.976 ± 0.087037	0.996 ± 0.012280
