	mean_ncv_average_precision	mean_ncv_balanced_accuracy	mean_ncv_brier_loss	mean_ncv_f1	mean_ncv_informedness	mean_ncv_log_loss	mean_ncv_markedness	mean_ncv_mcc	mean_ncv_negative_predictive_value	mean_ncv_precision	mean_ncv_precision_recall_auc	mean_ncv_roc_auc	mean_ncv_sensitivity	mean_ncv_specificity
mcc	0.706 ± 0.088151	0.667 ± 0.033805	0.21768 ± 0.020032	0.677 ± 0.033811	0.334 ± 0.067611	0.7116 ± 0.098283	0.358 ± 0.070215	0.346 ± 0.068412	0.775 ± 0.049142	0.583 ± 0.031235	0.692 ± 0.095588	0.761 ± 0.041974	0.811 ± 0.065210	0.523 ± 0.065169
precision_recall_auc	0.745 ± 0.076342	0.724 ± 0.033611	0.19310 ± 0.022805	0.720 ± 0.030099	0.447 ± 0.067222	0.6566 ± 0.109907	0.453 ± 0.061996	0.450 ± 0.064501	0.805 ± 0.030521	0.648 ± 0.039982	0.730 ± 0.084126	0.795 ± 0.046761	0.811 ± 0.038845	0.636 ± 0.064282
roc_auc	0.740 ± 0.086253	0.722 ± 0.041142	0.19441 ± 0.019356	0.719 ± 0.044480	0.445 ± 0.082283	0.6945 ± 0.083272	0.456 ± 0.086439	0.450 ± 0.084166	0.815 ± 0.058778	0.641 ± 0.036279	0.722 ± 0.096082	0.800 ± 0.044644	0.822 ± 0.073142	0.623 ± 0.048152
