	mean_best_threshold_tuning_score	mean_best_threshold	mean_test_average_precision	mean_train_average_precision	mean_test_balanced_accuracy	mean_train_balanced_accuracy	mean_test_brier_loss	mean_train_brier_loss	mean_test_f1	mean_train_f1	mean_test_informedness	mean_train_informedness	mean_test_log_loss	mean_train_log_loss	mean_test_markedness	mean_train_markedness	mean_test_mcc	mean_train_mcc	mean_test_negative_predictive_value	mean_train_negative_predictive_value	mean_test_precision	mean_train_precision	mean_test_precision_recall_auc	mean_train_precision_recall_auc	mean_test_roc_auc	mean_train_roc_auc	mean_test_sensitivity	mean_train_sensitivity	mean_test_specificity	mean_train_specificity
mcc	nan	nan	0.774 ± 0.148955	0.990 ± 0.023639	0.655 ± 0.133036	0.943 ± 0.069240	0.21656 ± 0.062133	0.06930 ± 0.063907	0.670 ± 0.153792	0.939 ± 0.070505	0.310 ± 0.266073	0.886 ± 0.138479	0.7521 ± 0.424123	0.2528 ± 0.180682	0.399 ± 0.331688	0.883 ± 0.136409	0.351 ± 0.278286	0.884 ± 0.137395	0.831 ± 0.248716	0.977 ± 0.044360	0.568 ± 0.166557	0.905 ± 0.096440	0.726 ± 0.189204	0.989 ± 0.023844	0.765 ± 0.144755	0.985 ± 0.031723	0.862 ± 0.214689	0.978 ± 0.043385	0.448 ± 0.234947	0.908 ± 0.098836
precision_recall_auc	nan	nan	0.829 ± 0.152177	0.994 ± 0.022594	0.682 ± 0.134247	0.973 ± 0.055928	0.20599 ± 0.069285	0.03510 ± 0.046995	0.691 ± 0.133562	0.971 ± 0.059317	0.365 ± 0.268494	0.947 ± 0.111856	0.6960 ± 0.314725	0.1549 ± 0.138816	0.414 ± 0.325508	0.945 ± 0.112846	0.394 ± 0.268651	0.946 ± 0.112328	0.796 ± 0.245469	0.989 ± 0.030618	0.619 ± 0.160355	0.955 ± 0.084807	0.799 ± 0.185165	0.994 ± 0.022787	0.815 ± 0.149038	0.992 ± 0.028789	0.835 ± 0.196692	0.989 ± 0.030571	0.530 ± 0.253546	0.958 ± 0.083318
roc_auc	nan	nan	0.816 ± 0.147769	0.996 ± 0.018082	0.711 ± 0.133278	0.981 ± 0.041505	0.19399 ± 0.068404	0.02277 ± 0.031009	0.709 ± 0.138656	0.979 ± 0.044742	0.421 ± 0.266556	0.963 ± 0.083010	0.6664 ± 0.332043	0.1181 ± 0.098983	0.465 ± 0.299399	0.960 ± 0.085027	0.445 ± 0.266702	0.961 ± 0.083985	0.829 ± 0.211088	0.995 ± 0.021689	0.636 ± 0.160088	0.965 ± 0.067060	0.780 ± 0.184413	0.996 ± 0.018250	0.806 ± 0.141105	0.995 ± 0.022776	0.845 ± 0.191966	0.995 ± 0.021682	0.576 ± 0.220445	0.968 ± 0.064314
