	mean_ncv_average_precision	mean_ncv_balanced_accuracy	mean_ncv_brier_loss	mean_ncv_f1	mean_ncv_informedness	mean_ncv_log_loss	mean_ncv_markedness	mean_ncv_mcc	mean_ncv_negative_predictive_value	mean_ncv_precision	mean_ncv_precision_recall_auc	mean_ncv_roc_auc	mean_ncv_sensitivity	mean_ncv_specificity
mcc	0.710 ± 0.068697	0.653 ± 0.046381	0.21656 ± 0.018690	0.678 ± 0.040923	0.307 ± 0.092762	0.7521 ± 0.102986	0.363 ± 0.103939	0.333 ± 0.096541	0.803 ± 0.076424	0.561 ± 0.037065	0.695 ± 0.073822	0.746 ± 0.053609	0.861 ± 0.070516	0.445 ± 0.076661
precision_recall_auc	0.746 ± 0.055334	0.683 ± 0.060583	0.20599 ± 0.022990	0.695 ± 0.045643	0.365 ± 0.121167	0.6960 ± 0.043619	0.394 ± 0.108285	0.379 ± 0.114335	0.794 ± 0.050211	0.600 ± 0.072111	0.732 ± 0.062862	0.780 ± 0.037426	0.833 ± 0.045361	0.532 ± 0.128654
roc_auc	0.735 ± 0.052750	0.709 ± 0.038097	0.19399 ± 0.012583	0.714 ± 0.031555	0.417 ± 0.076194	0.6664 ± 0.039545	0.438 ± 0.069492	0.427 ± 0.072559	0.818 ± 0.037212	0.620 ± 0.039183	0.720 ± 0.060090	0.793 ± 0.030662	0.844 ± 0.035136	0.573 ± 0.068434
