	mean_best_threshold_tuning_score	mean_best_threshold	mean_test_average_precision	mean_train_average_precision	mean_test_balanced_accuracy	mean_train_balanced_accuracy	mean_test_brier_loss	mean_train_brier_loss	mean_test_f1	mean_train_f1	mean_test_informedness	mean_train_informedness	mean_test_log_loss	mean_train_log_loss	mean_test_markedness	mean_train_markedness	mean_test_mcc	mean_train_mcc	mean_test_negative_predictive_value	mean_train_negative_predictive_value	mean_test_precision	mean_train_precision	mean_test_precision_recall_auc	mean_train_precision_recall_auc	mean_test_roc_auc	mean_train_roc_auc	mean_test_sensitivity	mean_train_sensitivity	mean_test_specificity	mean_train_specificity
mcc	nan	nan	0.935 ± 0.099762	1.000 ± 0.000000	0.864 ± 0.122402	1.000 ± 0.000000	0.11394 ± 0.054503	0.01090 ± 0.002354	0.834 ± 0.153796	1.000 ± 0.000000	0.727 ± 0.244805	1.000 ± 0.000000	0.3824 ± 0.157541	0.0813 ± 0.012963	0.770 ± 0.224764	1.000 ± 0.000000	0.747 ± 0.232726	1.000 ± 0.000000	0.861 ± 0.137355	1.000 ± 0.000000	0.910 ± 0.145339	1.000 ± 0.000000	0.925 ± 0.120600	1.000 ± 0.000000	0.922 ± 0.115505	1.000 ± 0.000000	0.798 ± 0.206258	1.000 ± 0.000000	0.929 ± 0.112979	1.000 ± 0.000000
precision_recall_auc	nan	nan	0.930 ± 0.100603	1.000 ± 0.000000	0.853 ± 0.110101	1.000 ± 0.000000	0.11199 ± 0.057305	0.01014 ± 0.002100	0.823 ± 0.135542	1.000 ± 0.000000	0.706 ± 0.220203	1.000 ± 0.000000	0.3700 ± 0.166016	0.0757 ± 0.012692	0.756 ± 0.198362	1.000 ± 0.000000	0.729 ± 0.205995	1.000 ± 0.000000	0.854 ± 0.127117	1.000 ± 0.000000	0.902 ± 0.142470	1.000 ± 0.000000	0.924 ± 0.111032	1.000 ± 0.000000	0.926 ± 0.104832	1.000 ± 0.000000	0.790 ± 0.192872	1.000 ± 0.000000	0.916 ± 0.127151	1.000 ± 0.000000
roc_auc	nan	nan	0.921 ± 0.112822	1.000 ± 0.000000	0.857 ± 0.117171	1.000 ± 0.000000	0.11268 ± 0.057981	0.01038 ± 0.002069	0.827 ± 0.146583	1.000 ± 0.000000	0.715 ± 0.234343	1.000 ± 0.000000	0.3784 ± 0.182424	0.0762 ± 0.012334	0.764 ± 0.209132	1.000 ± 0.000000	0.737 ± 0.218946	1.000 ± 0.000000	0.853 ± 0.134169	1.000 ± 0.000000	0.911 ± 0.133487	1.000 ± 0.000000	0.912 ± 0.132517	1.000 ± 0.000000	0.916 ± 0.117993	1.000 ± 0.000000	0.787 ± 0.202843	1.000 ± 0.000000	0.928 ± 0.106981	1.000 ± 0.000000
