	mean_best_threshold_tuning_score	mean_best_threshold	mean_test_average_precision	mean_train_average_precision	mean_test_balanced_accuracy	mean_train_balanced_accuracy	mean_test_brier_loss	mean_train_brier_loss	mean_test_f1	mean_train_f1	mean_test_informedness	mean_train_informedness	mean_test_log_loss	mean_train_log_loss	mean_test_markedness	mean_train_markedness	mean_test_mcc	mean_train_mcc	mean_test_negative_predictive_value	mean_train_negative_predictive_value	mean_test_precision	mean_train_precision	mean_test_precision_recall_auc	mean_train_precision_recall_auc	mean_test_roc_auc	mean_train_roc_auc	mean_test_sensitivity	mean_train_sensitivity	mean_test_specificity	mean_train_specificity
mcc	nan	nan	0.901 ± 0.119012	1.000 ± 0.000000	0.855 ± 0.107985	1.000 ± 0.000000	0.13226 ± 0.064605	0.01054 ± 0.001955	0.834 ± 0.127080	1.000 ± 0.000000	0.710 ± 0.215969	1.000 ± 0.000000	0.4271 ± 0.171346	0.0797 ± 0.011120	0.744 ± 0.210081	1.000 ± 0.000000	0.727 ± 0.211321	1.000 ± 0.000000	0.878 ± 0.115057	1.000 ± 0.000000	0.867 ± 0.168224	1.000 ± 0.000000	0.883 ± 0.146406	1.000 ± 0.000000	0.894 ± 0.123110	1.000 ± 0.000000	0.833 ± 0.164096	1.000 ± 0.000000	0.877 ± 0.165434	1.000 ± 0.000000
precision_recall_auc	nan	nan	0.899 ± 0.101354	1.000 ± 0.000000	0.847 ± 0.101643	1.000 ± 0.000000	0.13100 ± 0.066386	0.01011 ± 0.002163	0.823 ± 0.120195	1.000 ± 0.000000	0.694 ± 0.203286	1.000 ± 0.000000	0.4345 ± 0.191164	0.0756 ± 0.012189	0.730 ± 0.203214	1.000 ± 0.000000	0.711 ± 0.201300	1.000 ± 0.000000	0.857 ± 0.109687	1.000 ± 0.000000	0.872 ± 0.167332	1.000 ± 0.000000	0.883 ± 0.130201	1.000 ± 0.000000	0.895 ± 0.099826	1.000 ± 0.000000	0.807 ± 0.156528	1.000 ± 0.000000	0.887 ± 0.157081	1.000 ± 0.000000
roc_auc	nan	nan	0.899 ± 0.107770	1.000 ± 0.000000	0.849 ± 0.105535	1.000 ± 0.000000	0.13432 ± 0.065155	0.01025 ± 0.002013	0.827 ± 0.121358	1.000 ± 0.000000	0.697 ± 0.211070	1.000 ± 0.000000	0.4379 ± 0.184428	0.0765 ± 0.011673	0.731 ± 0.209514	1.000 ± 0.000000	0.714 ± 0.208593	1.000 ± 0.000000	0.855 ± 0.112196	1.000 ± 0.000000	0.876 ± 0.163024	1.000 ± 0.000000	0.881 ± 0.133155	1.000 ± 0.000000	0.891 ± 0.110416	1.000 ± 0.000000	0.808 ± 0.155447	1.000 ± 0.000000	0.889 ± 0.156587	1.000 ± 0.000000
