	mean_best_threshold_tuning_score	mean_best_threshold	mean_test_average_precision	mean_train_average_precision	mean_test_balanced_accuracy	mean_train_balanced_accuracy	mean_test_brier_loss	mean_train_brier_loss	mean_test_f1	mean_train_f1	mean_test_informedness	mean_train_informedness	mean_test_log_loss	mean_train_log_loss	mean_test_markedness	mean_train_markedness	mean_test_mcc	mean_train_mcc	mean_test_negative_predictive_value	mean_train_negative_predictive_value	mean_test_precision	mean_train_precision	mean_test_precision_recall_auc	mean_train_precision_recall_auc	mean_test_roc_auc	mean_train_roc_auc	mean_test_sensitivity	mean_train_sensitivity	mean_test_specificity	mean_train_specificity
mcc	nan	nan	0.929 ± 0.085983	0.969 ± 0.021520	0.835 ± 0.112347	0.906 ± 0.028642	0.12018 ± 0.064640	0.07373 ± 0.018023	0.798 ± 0.146331	0.895 ± 0.033742	0.669 ± 0.224695	0.812 ± 0.057285	0.3847 ± 0.164648	0.2626 ± 0.051410	0.722 ± 0.209660	0.857 ± 0.049092	0.693 ± 0.214239	0.834 ± 0.052411	0.836 ± 0.122805	0.873 ± 0.033561	0.886 ± 0.159519	0.984 ± 0.030290	0.921 ± 0.096676	0.968 ± 0.021761	0.907 ± 0.121467	0.960 ± 0.031748	0.760 ± 0.194627	0.824 ± 0.051324	0.909 ± 0.133130	0.988 ± 0.023442
precision_recall_auc	nan	nan	0.945 ± 0.071494	0.960 ± 0.019122	0.803 ± 0.120096	0.839 ± 0.076188	0.11541 ± 0.054909	0.08505 ± 0.026380	0.729 ± 0.202637	0.799 ± 0.113790	0.605 ± 0.240192	0.677 ± 0.152375	0.3704 ± 0.144097	0.2842 ± 0.072478	0.723 ± 0.211951	0.783 ± 0.078000	0.659 ± 0.205701	0.726 ± 0.117528	0.790 ± 0.131411	0.806 ± 0.082589	0.932 ± 0.175817	0.977 ± 0.042858	0.941 ± 0.076999	0.960 ± 0.018517	0.926 ± 0.104464	0.957 ± 0.022488	0.648 ± 0.259344	0.694 ± 0.162517	0.957 ± 0.104496	0.983 ± 0.035662
roc_auc	nan	nan	0.950 ± 0.067398	0.957 ± 0.016094	0.804 ± 0.132440	0.828 ± 0.066481	0.11405 ± 0.057823	0.09584 ± 0.026459	0.731 ± 0.228761	0.787 ± 0.100427	0.609 ± 0.264879	0.656 ± 0.132962	0.3638 ± 0.144270	0.3086 ± 0.072643	0.695 ± 0.278147	0.757 ± 0.071621	0.653 ± 0.241030	0.703 ± 0.101123	0.800 ± 0.137601	0.800 ± 0.077498	0.895 ± 0.228458	0.957 ± 0.064496	0.944 ± 0.074825	0.956 ± 0.016313	0.931 ± 0.098466	0.954 ± 0.018761	0.670 ± 0.275080	0.689 ± 0.154271	0.939 ± 0.131820	0.967 ± 0.053416
