	mean_ncv_average_precision	mean_ncv_balanced_accuracy	mean_ncv_brier_loss	mean_ncv_f1	mean_ncv_informedness	mean_ncv_log_loss	mean_ncv_markedness	mean_ncv_mcc	mean_ncv_negative_predictive_value	mean_ncv_precision	mean_ncv_precision_recall_auc	mean_ncv_roc_auc	mean_ncv_sensitivity	mean_ncv_specificity
mcc	0.749 ± 0.067498	0.776 ± 0.034485	0.16598 ± 0.017458	0.751 ± 0.041817	0.553 ± 0.068970	0.5225 ± 0.061915	0.558 ± 0.067055	0.555 ± 0.067880	0.793 ± 0.037696	0.765 ± 0.037810	0.733 ± 0.075173	0.829 ± 0.037860	0.739 ± 0.058853	0.814 ± 0.033539
precision_recall_auc	0.760 ± 0.065774	0.780 ± 0.015973	0.16450 ± 0.016715	0.756 ± 0.016955	0.559 ± 0.031947	0.5195 ± 0.052369	0.563 ± 0.035769	0.561 ± 0.033621	0.799 ± 0.016336	0.764 ± 0.031697	0.742 ± 0.074531	0.827 ± 0.035574	0.750 ± 0.029280	0.809 ± 0.035855
roc_auc	0.754 ± 0.061453	0.785 ± 0.020427	0.16571 ± 0.016545	0.763 ± 0.021632	0.570 ± 0.040854	0.5207 ± 0.050384	0.572 ± 0.043840	0.571 ± 0.042218	0.806 ± 0.017462	0.767 ± 0.033915	0.736 ± 0.069284	0.829 ± 0.037768	0.761 ± 0.026836	0.809 ± 0.035855
