	mean_best_threshold_tuning_score	mean_best_threshold	mean_test_average_precision	mean_train_average_precision	mean_test_balanced_accuracy	mean_train_balanced_accuracy	mean_test_brier_loss	mean_train_brier_loss	mean_test_f1	mean_train_f1	mean_test_informedness	mean_train_informedness	mean_test_log_loss	mean_train_log_loss	mean_test_markedness	mean_train_markedness	mean_test_mcc	mean_train_mcc	mean_test_negative_predictive_value	mean_train_negative_predictive_value	mean_test_precision	mean_train_precision	mean_test_precision_recall_auc	mean_train_precision_recall_auc	mean_test_roc_auc	mean_train_roc_auc	mean_test_sensitivity	mean_train_sensitivity	mean_test_specificity	mean_train_specificity
mcc	nan	nan	0.910 ± 0.096471	1.000 ± 0.000000	0.841 ± 0.118159	1.000 ± 0.000000	0.13795 ± 0.058159	0.01914 ± 0.003198	0.814 ± 0.143063	1.000 ± 0.000000	0.681 ± 0.236318	1.000 ± 0.000000	0.4404 ± 0.138648	0.1226 ± 0.015363	0.724 ± 0.224474	1.000 ± 0.000000	0.701 ± 0.227858	1.000 ± 0.000000	0.865 ± 0.129649	1.000 ± 0.000000	0.859 ± 0.177574	1.000 ± 0.000000	0.901 ± 0.107211	1.000 ± 0.000000	0.894 ± 0.112163	1.000 ± 0.000000	0.813 ± 0.192372	1.000 ± 0.000000	0.868 ± 0.172248	1.000 ± 0.000000
precision_recall_auc	nan	nan	0.909 ± 0.107977	1.000 ± 0.000000	0.847 ± 0.108679	1.000 ± 0.000000	0.12841 ± 0.062421	0.01717 ± 0.002181	0.820 ± 0.133715	1.000 ± 0.000000	0.693 ± 0.217359	1.000 ± 0.000000	0.4144 ± 0.154013	0.1134 ± 0.010653	0.733 ± 0.207119	1.000 ± 0.000000	0.712 ± 0.209479	1.000 ± 0.000000	0.861 ± 0.122838	1.000 ± 0.000000	0.872 ± 0.161885	1.000 ± 0.000000	0.901 ± 0.119814	1.000 ± 0.000000	0.903 ± 0.109711	1.000 ± 0.000000	0.808 ± 0.183851	1.000 ± 0.000000	0.885 ± 0.147859	1.000 ± 0.000000
roc_auc	nan	nan	0.910 ± 0.103140	1.000 ± 0.000000	0.843 ± 0.116994	1.000 ± 0.000000	0.12983 ± 0.064751	0.01724 ± 0.002605	0.817 ± 0.143982	1.000 ± 0.000000	0.687 ± 0.233988	1.000 ± 0.000000	0.4177 ± 0.158383	0.1137 ± 0.011676	0.732 ± 0.223200	1.000 ± 0.000000	0.708 ± 0.226164	1.000 ± 0.000000	0.863 ± 0.127933	1.000 ± 0.000000	0.869 ± 0.170600	1.000 ± 0.000000	0.898 ± 0.122361	1.000 ± 0.000000	0.899 ± 0.114385	1.000 ± 0.000000	0.807 ± 0.191545	1.000 ± 0.000000	0.880 ± 0.161624	1.000 ± 0.000000
