	mean_best_threshold_tuning_score	mean_best_threshold	mean_test_average_precision	mean_train_average_precision	mean_test_balanced_accuracy	mean_train_balanced_accuracy	mean_test_brier_loss	mean_train_brier_loss	mean_test_f1	mean_train_f1	mean_test_informedness	mean_train_informedness	mean_test_log_loss	mean_train_log_loss	mean_test_markedness	mean_train_markedness	mean_test_mcc	mean_train_mcc	mean_test_negative_predictive_value	mean_train_negative_predictive_value	mean_test_precision	mean_train_precision	mean_test_precision_recall_auc	mean_train_precision_recall_auc	mean_test_roc_auc	mean_train_roc_auc	mean_test_sensitivity	mean_train_sensitivity	mean_test_specificity	mean_train_specificity
mcc	nan	nan	0.913 ± 0.097928	1.000 ± 0.000000	0.832 ± 0.103720	1.000 ± 0.000000	0.14381 ± 0.057042	0.00974 ± 0.001969	0.785 ± 0.152576	1.000 ± 0.000000	0.664 ± 0.207440	1.000 ± 0.000000	0.4719 ± 0.162028	0.0795 ± 0.010255	0.755 ± 0.154189	1.000 ± 0.000000	0.705 ± 0.179073	1.000 ± 0.000000	0.816 ± 0.122246	1.000 ± 0.000000	0.939 ± 0.126150	1.000 ± 0.000000	0.905 ± 0.106312	1.000 ± 0.000000	0.878 ± 0.140498	1.000 ± 0.000000	0.715 ± 0.212352	1.000 ± 0.000000	0.949 ± 0.108557	1.000 ± 0.000000
precision_recall_auc	nan	nan	0.921 ± 0.086684	1.000 ± 0.000000	0.835 ± 0.101808	1.000 ± 0.000000	0.13792 ± 0.050622	0.00940 ± 0.001797	0.789 ± 0.147890	1.000 ± 0.000000	0.670 ± 0.203615	1.000 ± 0.000000	0.4566 ± 0.150587	0.0773 ± 0.009651	0.758 ± 0.153251	1.000 ± 0.000000	0.709 ± 0.176716	1.000 ± 0.000000	0.816 ± 0.123244	1.000 ± 0.000000	0.942 ± 0.119534	1.000 ± 0.000000	0.913 ± 0.095351	1.000 ± 0.000000	0.890 ± 0.125237	1.000 ± 0.000000	0.717 ± 0.207567	1.000 ± 0.000000	0.953 ± 0.098670	1.000 ± 0.000000
roc_auc	nan	nan	0.915 ± 0.094576	1.000 ± 0.000000	0.832 ± 0.115364	1.000 ± 0.000000	0.14273 ± 0.055687	0.00954 ± 0.001965	0.783 ± 0.167545	1.000 ± 0.000000	0.664 ± 0.230728	1.000 ± 0.000000	0.4725 ± 0.168583	0.0783 ± 0.010934	0.752 ± 0.187444	1.000 ± 0.000000	0.703 ± 0.206863	1.000 ± 0.000000	0.818 ± 0.130866	1.000 ± 0.000000	0.934 ± 0.138176	1.000 ± 0.000000	0.905 ± 0.104515	1.000 ± 0.000000	0.878 ± 0.137137	1.000 ± 0.000000	0.715 ± 0.224044	1.000 ± 0.000000	0.949 ± 0.108557	1.000 ± 0.000000
