	mean_best_threshold_tuning_score	mean_best_threshold	mean_test_average_precision	mean_train_average_precision	mean_test_balanced_accuracy	mean_train_balanced_accuracy	mean_test_brier_loss	mean_train_brier_loss	mean_test_f1	mean_train_f1	mean_test_informedness	mean_train_informedness	mean_test_log_loss	mean_train_log_loss	mean_test_markedness	mean_train_markedness	mean_test_mcc	mean_train_mcc	mean_test_negative_predictive_value	mean_train_negative_predictive_value	mean_test_precision	mean_train_precision	mean_test_precision_recall_auc	mean_train_precision_recall_auc	mean_test_roc_auc	mean_train_roc_auc	mean_test_sensitivity	mean_train_sensitivity	mean_test_specificity	mean_train_specificity
mcc	nan	nan	0.878 ± 0.125555	1.000 ± 0.000000	0.790 ± 0.129297	1.000 ± 0.000000	0.15590 ± 0.057399	0.00967 ± 0.002205	0.753 ± 0.161004	1.000 ± 0.000000	0.580 ± 0.258594	1.000 ± 0.000000	0.4787 ± 0.141936	0.0789 ± 0.011745	0.619 ± 0.249531	1.000 ± 0.000000	0.597 ± 0.250787	1.000 ± 0.000000	0.817 ± 0.131426	1.000 ± 0.000000	0.802 ± 0.188791	1.000 ± 0.000000	0.857 ± 0.154779	1.000 ± 0.000000	0.871 ± 0.131915	1.000 ± 0.000000	0.755 ± 0.203017	1.000 ± 0.000000	0.825 ± 0.177065	1.000 ± 0.000000
precision_recall_auc	nan	nan	0.887 ± 0.114205	1.000 ± 0.000000	0.801 ± 0.124570	1.000 ± 0.000000	0.14866 ± 0.055125	0.00942 ± 0.001642	0.765 ± 0.157974	1.000 ± 0.000000	0.602 ± 0.249140	1.000 ± 0.000000	0.4622 ± 0.136065	0.0777 ± 0.009009	0.643 ± 0.239531	1.000 ± 0.000000	0.620 ± 0.241141	1.000 ± 0.000000	0.828 ± 0.129701	1.000 ± 0.000000	0.815 ± 0.181430	1.000 ± 0.000000	0.865 ± 0.142943	1.000 ± 0.000000	0.884 ± 0.115902	1.000 ± 0.000000	0.765 ± 0.202514	1.000 ± 0.000000	0.837 ± 0.167761	1.000 ± 0.000000
roc_auc	nan	nan	0.881 ± 0.123047	1.000 ± 0.000000	0.786 ± 0.136977	1.000 ± 0.000000	0.15285 ± 0.057455	0.00953 ± 0.002051	0.747 ± 0.171650	1.000 ± 0.000000	0.572 ± 0.273953	1.000 ± 0.000000	0.4724 ± 0.141777	0.0786 ± 0.011071	0.607 ± 0.275206	1.000 ± 0.000000	0.587 ± 0.271625	1.000 ± 0.000000	0.810 ± 0.141409	1.000 ± 0.000000	0.797 ± 0.192392	1.000 ± 0.000000	0.860 ± 0.148738	1.000 ± 0.000000	0.877 ± 0.127916	1.000 ± 0.000000	0.740 ± 0.212052	1.000 ± 0.000000	0.832 ± 0.166525	1.000 ± 0.000000
