	mean_best_threshold_tuning_score	mean_best_threshold	mean_test_average_precision	mean_train_average_precision	mean_test_balanced_accuracy	mean_train_balanced_accuracy	mean_test_brier_loss	mean_train_brier_loss	mean_test_f1	mean_train_f1	mean_test_informedness	mean_train_informedness	mean_test_log_loss	mean_train_log_loss	mean_test_markedness	mean_train_markedness	mean_test_mcc	mean_train_mcc	mean_test_negative_predictive_value	mean_train_negative_predictive_value	mean_test_precision	mean_train_precision	mean_test_precision_recall_auc	mean_train_precision_recall_auc	mean_test_roc_auc	mean_train_roc_auc	mean_test_sensitivity	mean_train_sensitivity	mean_test_specificity	mean_train_specificity
mcc	nan	nan	0.909 ± 0.087803	1.000 ± 0.000000	0.807 ± 0.103062	1.000 ± 0.000000	0.13539 ± 0.056068	0.01057 ± 0.001731	0.769 ± 0.139032	1.000 ± 0.000000	0.614 ± 0.206124	1.000 ± 0.000000	0.4266 ± 0.144370	0.0810 ± 0.010797	0.690 ± 0.191969	1.000 ± 0.000000	0.648 ± 0.194021	1.000 ± 0.000000	0.823 ± 0.128148	1.000 ± 0.000000	0.867 ± 0.161922	1.000 ± 0.000000	0.899 ± 0.103248	1.000 ± 0.000000	0.896 ± 0.105488	1.000 ± 0.000000	0.740 ± 0.205949	1.000 ± 0.000000	0.874 ± 0.159476	1.000 ± 0.000000
precision_recall_auc	nan	nan	0.916 ± 0.090235	1.000 ± 0.000000	0.805 ± 0.107615	1.000 ± 0.000000	0.12968 ± 0.056565	0.01028 ± 0.002030	0.769 ± 0.143182	1.000 ± 0.000000	0.611 ± 0.215230	1.000 ± 0.000000	0.4069 ± 0.143581	0.0766 ± 0.010939	0.680 ± 0.194262	1.000 ± 0.000000	0.641 ± 0.199990	1.000 ± 0.000000	0.827 ± 0.131674	1.000 ± 0.000000	0.852 ± 0.158114	1.000 ± 0.000000	0.904 ± 0.109340	1.000 ± 0.000000	0.909 ± 0.088897	1.000 ± 0.000000	0.752 ± 0.211952	1.000 ± 0.000000	0.859 ± 0.161527	1.000 ± 0.000000
roc_auc	nan	nan	0.919 ± 0.091841	1.000 ± 0.000000	0.797 ± 0.118001	1.000 ± 0.000000	0.13280 ± 0.063449	0.01011 ± 0.002057	0.758 ± 0.156071	1.000 ± 0.000000	0.595 ± 0.236001	1.000 ± 0.000000	0.4155 ± 0.168281	0.0763 ± 0.011425	0.654 ± 0.225846	1.000 ± 0.000000	0.621 ± 0.227027	1.000 ± 0.000000	0.829 ± 0.144142	1.000 ± 0.000000	0.825 ± 0.170309	1.000 ± 0.000000	0.908 ± 0.108190	1.000 ± 0.000000	0.905 ± 0.102866	1.000 ± 0.000000	0.752 ± 0.223664	1.000 ± 0.000000	0.843 ± 0.158761	1.000 ± 0.000000
