	mean_best_threshold_tuning_score	mean_best_threshold	mean_test_average_precision	mean_train_average_precision	mean_test_balanced_accuracy	mean_train_balanced_accuracy	mean_test_brier_loss	mean_train_brier_loss	mean_test_f1	mean_train_f1	mean_test_informedness	mean_train_informedness	mean_test_log_loss	mean_train_log_loss	mean_test_markedness	mean_train_markedness	mean_test_mcc	mean_train_mcc	mean_test_negative_predictive_value	mean_train_negative_predictive_value	mean_test_precision	mean_train_precision	mean_test_precision_recall_auc	mean_train_precision_recall_auc	mean_test_roc_auc	mean_train_roc_auc	mean_test_sensitivity	mean_train_sensitivity	mean_test_specificity	mean_train_specificity
mcc	nan	nan	0.938 ± 0.092345	0.982 ± 0.018760	0.848 ± 0.122088	0.941 ± 0.042360	0.11357 ± 0.079914	0.04095 ± 0.029038	0.818 ± 0.148459	0.935 ± 0.047638	0.697 ± 0.244177	0.882 ± 0.084720	0.3862 ± 0.263916	0.1532 ± 0.097878	0.753 ± 0.225198	0.901 ± 0.071658	0.722 ± 0.231925	0.891 ± 0.078121	0.846 ± 0.130303	0.927 ± 0.051893	0.906 ± 0.160882	0.974 ± 0.028830	0.930 ± 0.103805	0.982 ± 0.018915	0.924 ± 0.110460	0.979 ± 0.023622	0.780 ± 0.194715	0.902 ± 0.072178	0.917 ± 0.149697	0.981 ± 0.022962
precision_recall_auc	nan	nan	0.931 ± 0.096327	0.980 ± 0.020600	0.735 ± 0.189288	0.829 ± 0.185175	0.12224 ± 0.084972	0.04494 ± 0.037818	0.557 ± 0.396142	0.711 ± 0.387264	0.471 ± 0.378576	0.657 ± 0.370350	0.3981 ± 0.275036	0.1488 ± 0.117678	0.367 ± 0.589068	0.575 ± 0.557164	0.488 ± 0.383958	0.665 ± 0.371447	0.750 ± 0.188167	0.831 ± 0.163430	0.617 ± 0.434131	0.743 ± 0.400842	0.921 ± 0.112132	0.979 ± 0.020802	0.917 ± 0.113704	0.979 ± 0.021209	0.535 ± 0.400216	0.685 ± 0.379789	0.936 ± 0.121655	0.972 ± 0.036053
roc_auc	nan	nan	0.929 ± 0.095401	0.978 ± 0.020382	0.770 ± 0.177238	0.846 ± 0.164489	0.13053 ± 0.082864	0.04954 ± 0.039555	0.656 ± 0.346344	0.757 ± 0.341728	0.539 ± 0.354476	0.692 ± 0.328978	0.4302 ± 0.275548	0.1631 ± 0.120446	0.491 ± 0.504482	0.638 ± 0.492296	0.554 ± 0.356520	0.701 ± 0.329152	0.787 ± 0.170644	0.847 ± 0.147485	0.704 ± 0.369156	0.791 ± 0.352912	0.919 ± 0.111185	0.978 ± 0.020582	0.914 ± 0.109634	0.978 ± 0.021324	0.640 ± 0.356921	0.730 ± 0.337108	0.899 ± 0.151014	0.962 ± 0.047448
