	mean_best_threshold_tuning_score	mean_best_threshold	mean_test_average_precision	mean_train_average_precision	mean_test_balanced_accuracy	mean_train_balanced_accuracy	mean_test_brier_loss	mean_train_brier_loss	mean_test_f1	mean_train_f1	mean_test_informedness	mean_train_informedness	mean_test_log_loss	mean_train_log_loss	mean_test_markedness	mean_train_markedness	mean_test_mcc	mean_train_mcc	mean_test_negative_predictive_value	mean_train_negative_predictive_value	mean_test_precision	mean_train_precision	mean_test_precision_recall_auc	mean_train_precision_recall_auc	mean_test_roc_auc	mean_train_roc_auc	mean_test_sensitivity	mean_train_sensitivity	mean_test_specificity	mean_train_specificity
mcc	nan	nan	0.936 ± 0.088724	0.985 ± 0.016777	0.870 ± 0.121391	0.944 ± 0.040722	0.10463 ± 0.079442	0.03649 ± 0.027261	0.838 ± 0.158418	0.939 ± 0.045850	0.739 ± 0.242782	0.888 ± 0.081445	0.3771 ± 0.266487	0.1368 ± 0.092993	0.811 ± 0.196052	0.905 ± 0.069208	0.772 ± 0.218628	0.897 ± 0.075229	0.849 ± 0.127484	0.931 ± 0.049239	0.962 ± 0.122162	0.974 ± 0.028202	0.928 ± 0.099635	0.985 ± 0.016917	0.917 ± 0.109046	0.983 ± 0.020712	0.773 ± 0.205536	0.908 ± 0.068738	0.966 ± 0.117125	0.981 ± 0.022693
precision_recall_auc	nan	nan	0.928 ± 0.084901	0.986 ± 0.017938	0.723 ± 0.192878	0.822 ± 0.208126	0.11475 ± 0.084519	0.03180 ± 0.036036	0.522 ± 0.405970	0.678 ± 0.430104	0.446 ± 0.385756	0.643 ± 0.416251	0.3924 ± 0.257490	0.1082 ± 0.114636	0.347 ± 0.612311	0.528 ± 0.619699	0.471 ± 0.390855	0.648 ± 0.417945	0.733 ± 0.183249	0.829 ± 0.182571	0.614 ± 0.462955	0.699 ± 0.441433	0.918 ± 0.097113	0.986 ± 0.018112	0.913 ± 0.093972	0.986 ± 0.019072	0.487 ± 0.400666	0.659 ± 0.422118	0.959 ± 0.122762	0.984 ± 0.026509
roc_auc	nan	nan	0.926 ± 0.089551	0.985 ± 0.018745	0.771 ± 0.174105	0.871 ± 0.174100	0.12647 ± 0.082262	0.03556 ± 0.041082	0.655 ± 0.343096	0.786 ± 0.352703	0.542 ± 0.348210	0.743 ± 0.348199	0.4099 ± 0.241727	0.1192 ± 0.125752	0.514 ± 0.498496	0.679 ± 0.511537	0.564 ± 0.348995	0.747 ± 0.348762	0.787 ± 0.156104	0.875 ± 0.157606	0.727 ± 0.380236	0.804 ± 0.359170	0.917 ± 0.102104	0.984 ± 0.018932	0.912 ± 0.095563	0.985 ± 0.019042	0.630 ± 0.347961	0.771 ± 0.349827	0.912 ± 0.164304	0.972 ± 0.048612
