	mean_best_threshold_tuning_score	mean_best_threshold	mean_test_average_precision	mean_train_average_precision	mean_test_balanced_accuracy	mean_train_balanced_accuracy	mean_test_brier_loss	mean_train_brier_loss	mean_test_f1	mean_train_f1	mean_test_informedness	mean_train_informedness	mean_test_log_loss	mean_train_log_loss	mean_test_markedness	mean_train_markedness	mean_test_mcc	mean_train_mcc	mean_test_negative_predictive_value	mean_train_negative_predictive_value	mean_test_precision	mean_train_precision	mean_test_precision_recall_auc	mean_train_precision_recall_auc	mean_test_roc_auc	mean_train_roc_auc	mean_test_sensitivity	mean_train_sensitivity	mean_test_specificity	mean_train_specificity
mcc	nan	nan	0.936 ± 0.082041	0.988 ± 0.015901	0.835 ± 0.130011	0.954 ± 0.039223	0.13235 ± 0.079819	0.03159 ± 0.027093	0.810 ± 0.154691	0.949 ± 0.043863	0.669 ± 0.260023	0.907 ± 0.078447	0.4308 ± 0.234986	0.1220 ± 0.094306	0.694 ± 0.248775	0.922 ± 0.067006	0.681 ± 0.253338	0.914 ± 0.072663	0.864 ± 0.130655	0.941 ± 0.048022	0.830 ± 0.178768	0.981 ± 0.027138	0.928 ± 0.090834	0.988 ± 0.016029	0.917 ± 0.112494	0.986 ± 0.020251	0.823 ± 0.183380	0.921 ± 0.065950	0.846 ± 0.177523	0.986 ± 0.022081
precision_recall_auc	nan	nan	0.937 ± 0.075374	0.983 ± 0.018463	0.763 ± 0.182992	0.875 ± 0.161274	0.12968 ± 0.070457	0.03896 ± 0.035835	0.622 ± 0.377370	0.799 ± 0.330646	0.527 ± 0.365984	0.749 ± 0.322547	0.4260 ± 0.201976	0.1303 ± 0.112806	0.458 ± 0.549864	0.699 ± 0.479656	0.544 ± 0.368032	0.756 ± 0.323400	0.782 ± 0.171291	0.873 ± 0.145964	0.676 ± 0.410811	0.826 ± 0.339220	0.929 ± 0.085281	0.983 ± 0.018647	0.922 ± 0.093388	0.984 ± 0.018679	0.605 ± 0.380882	0.775 ± 0.325742	0.922 ± 0.150564	0.974 ± 0.035119
roc_auc	nan	nan	0.934 ± 0.075089	0.978 ± 0.020218	0.760 ± 0.172455	0.851 ± 0.158368	0.13201 ± 0.075473	0.04985 ± 0.040307	0.641 ± 0.351606	0.771 ± 0.325174	0.521 ± 0.344911	0.703 ± 0.316737	0.4265 ± 0.221132	0.1644 ± 0.122068	0.468 ± 0.509445	0.658 ± 0.466252	0.537 ± 0.346229	0.711 ± 0.315586	0.794 ± 0.173456	0.853 ± 0.142659	0.674 ± 0.374667	0.804 ± 0.333273	0.926 ± 0.084930	0.978 ± 0.020416	0.918 ± 0.093932	0.978 ± 0.020739	0.647 ± 0.368302	0.747 ± 0.323535	0.874 ± 0.179353	0.956 ± 0.052869
