	mean_best_threshold_tuning_score	mean_best_threshold	mean_test_average_precision	mean_train_average_precision	mean_test_balanced_accuracy	mean_train_balanced_accuracy	mean_test_brier_loss	mean_train_brier_loss	mean_test_f1	mean_train_f1	mean_test_informedness	mean_train_informedness	mean_test_log_loss	mean_train_log_loss	mean_test_markedness	mean_train_markedness	mean_test_mcc	mean_train_mcc	mean_test_negative_predictive_value	mean_train_negative_predictive_value	mean_test_precision	mean_train_precision	mean_test_precision_recall_auc	mean_train_precision_recall_auc	mean_test_roc_auc	mean_train_roc_auc	mean_test_sensitivity	mean_train_sensitivity	mean_test_specificity	mean_train_specificity
mcc	nan	nan	0.938 ± 0.075206	0.992 ± 0.012557	0.849 ± 0.108021	0.961 ± 0.036388	0.12209 ± 0.075318	0.02500 ± 0.023670	0.832 ± 0.121819	0.958 ± 0.040053	0.698 ± 0.216041	0.922 ± 0.072777	0.4047 ± 0.229429	0.1028 ± 0.079446	0.733 ± 0.208928	0.935 ± 0.063050	0.715 ± 0.210792	0.928 ± 0.067869	0.887 ± 0.114795	0.947 ± 0.045815	0.846 ± 0.172296	0.987 ± 0.020711	0.930 ± 0.085203	0.992 ± 0.012665	0.923 ± 0.095928	0.992 ± 0.014938	0.850 ± 0.157935	0.931 ± 0.060472	0.848 ± 0.184601	0.990 ± 0.015609
precision_recall_auc	nan	nan	0.933 ± 0.073112	0.992 ± 0.014113	0.767 ± 0.178535	0.893 ± 0.178685	0.13321 ± 0.066302	0.02103 ± 0.030860	0.624 ± 0.375487	0.811 ± 0.360556	0.534 ± 0.357070	0.786 ± 0.357369	0.4401 ± 0.201103	0.0760 ± 0.099081	0.466 ± 0.552210	0.720 ± 0.521331	0.554 ± 0.360629	0.789 ± 0.357442	0.790 ± 0.178652	0.897 ± 0.160700	0.676 ± 0.409179	0.823 ± 0.364020	0.924 ± 0.083284	0.992 ± 0.014250	0.917 ± 0.093215	0.992 ± 0.014617	0.608 ± 0.386584	0.800 ± 0.358824	0.926 ± 0.135992	0.987 ± 0.025686
roc_auc	nan	nan	0.939 ± 0.071648	0.989 ± 0.016727	0.800 ± 0.167070	0.911 ± 0.150719	0.13216 ± 0.081965	0.02842 ± 0.040007	0.719 ± 0.304926	0.857 ± 0.295924	0.600 ± 0.334140	0.821 ± 0.301439	0.4266 ± 0.244797	0.0984 ± 0.121726	0.584 ± 0.457367	0.780 ± 0.430151	0.618 ± 0.334273	0.823 ± 0.301183	0.829 ± 0.166727	0.915 ± 0.136737	0.755 ± 0.332588	0.865 ± 0.297364	0.932 ± 0.080688	0.989 ± 0.016883	0.922 ± 0.095504	0.989 ± 0.016992	0.722 ± 0.322797	0.849 ± 0.295966	0.878 ± 0.192237	0.972 ± 0.049756
