	mean_best_threshold_tuning_score	mean_best_threshold	mean_test_average_precision	mean_train_average_precision	mean_test_balanced_accuracy	mean_train_balanced_accuracy	mean_test_brier_loss	mean_train_brier_loss	mean_test_f1	mean_train_f1	mean_test_informedness	mean_train_informedness	mean_test_log_loss	mean_train_log_loss	mean_test_markedness	mean_train_markedness	mean_test_mcc	mean_train_mcc	mean_test_negative_predictive_value	mean_train_negative_predictive_value	mean_test_precision	mean_train_precision	mean_test_precision_recall_auc	mean_train_precision_recall_auc	mean_test_roc_auc	mean_train_roc_auc	mean_test_sensitivity	mean_train_sensitivity	mean_test_specificity	mean_train_specificity
mcc	nan	nan	0.947 ± 0.081932	0.975 ± 0.015528	0.859 ± 0.117066	0.925 ± 0.031116	0.10682 ± 0.070296	0.05595 ± 0.020534	0.827 ± 0.149664	0.918 ± 0.035301	0.717 ± 0.234133	0.850 ± 0.062233	0.3721 ± 0.235681	0.2087 ± 0.063448	0.777 ± 0.195976	0.870 ± 0.054180	0.744 ± 0.212585	0.860 ± 0.057876	0.859 ± 0.137309	0.909 ± 0.037335	0.918 ± 0.137924	0.961 ± 0.027284	0.941 ± 0.090161	0.975 ± 0.015650	0.925 ± 0.119245	0.970 ± 0.020580	0.793 ± 0.215104	0.880 ± 0.053289	0.924 ± 0.132187	0.970 ± 0.021706
precision_recall_auc	nan	nan	0.928 ± 0.082291	0.962 ± 0.019899	0.772 ± 0.156643	0.835 ± 0.147116	0.13863 ± 0.086554	0.07684 ± 0.032854	0.677 ± 0.302993	0.753 ± 0.313995	0.544 ± 0.313285	0.670 ± 0.294232	0.4668 ± 0.294578	0.2544 ± 0.090764	0.517 ± 0.455702	0.629 ± 0.449110	0.562 ± 0.315134	0.681 ± 0.295573	0.787 ± 0.158469	0.835 ± 0.129126	0.730 ± 0.340967	0.794 ± 0.329633	0.918 ± 0.097034	0.962 ± 0.020081	0.908 ± 0.106976	0.958 ± 0.023576	0.663 ± 0.316747	0.723 ± 0.308546	0.881 ± 0.173467	0.947 ± 0.057346
roc_auc	nan	nan	0.932 ± 0.081972	0.959 ± 0.018045	0.785 ± 0.156658	0.824 ± 0.132149	0.13750 ± 0.084954	0.08606 ± 0.029877	0.704 ± 0.293274	0.749 ± 0.286873	0.570 ± 0.313315	0.648 ± 0.264298	0.4566 ± 0.284446	0.2738 ± 0.079908	0.551 ± 0.434095	0.610 ± 0.408468	0.586 ± 0.314765	0.656 ± 0.264402	0.804 ± 0.153560	0.832 ± 0.121081	0.747 ± 0.320514	0.778 ± 0.298618	0.922 ± 0.096860	0.959 ± 0.018224	0.913 ± 0.106505	0.958 ± 0.018752	0.693 ± 0.307429	0.731 ± 0.287954	0.877 ± 0.161375	0.917 ± 0.066847
