	mean_best_threshold_tuning_score	mean_best_threshold	mean_test_average_precision	mean_train_average_precision	mean_test_balanced_accuracy	mean_train_balanced_accuracy	mean_test_brier_loss	mean_train_brier_loss	mean_test_f1	mean_train_f1	mean_test_informedness	mean_train_informedness	mean_test_log_loss	mean_train_log_loss	mean_test_markedness	mean_train_markedness	mean_test_mcc	mean_train_mcc	mean_test_negative_predictive_value	mean_train_negative_predictive_value	mean_test_precision	mean_train_precision	mean_test_precision_recall_auc	mean_train_precision_recall_auc	mean_test_roc_auc	mean_train_roc_auc	mean_test_sensitivity	mean_train_sensitivity	mean_test_specificity	mean_train_specificity
mcc	nan	nan	0.937 ± 0.101135	0.971 ± 0.014353	0.851 ± 0.115748	0.918 ± 0.033818	0.11031 ± 0.074815	0.05855 ± 0.021591	0.820 ± 0.143360	0.910 ± 0.037820	0.702 ± 0.231495	0.836 ± 0.067636	0.3824 ± 0.251680	0.2148 ± 0.069602	0.762 ± 0.207234	0.856 ± 0.062059	0.729 ± 0.216700	0.846 ± 0.064639	0.849 ± 0.127470	0.903 ± 0.038835	0.913 ± 0.155109	0.953 ± 0.030760	0.928 ± 0.119602	0.970 ± 0.014465	0.922 ± 0.113417	0.965 ± 0.019293	0.780 ± 0.194715	0.872 ± 0.052465	0.922 ± 0.148173	0.965 ± 0.024696
precision_recall_auc	nan	nan	0.938 ± 0.075900	0.961 ± 0.017330	0.801 ± 0.157410	0.856 ± 0.129026	0.12131 ± 0.080258	0.07705 ± 0.029241	0.722 ± 0.284067	0.793 ± 0.273554	0.603 ± 0.314821	0.711 ± 0.258052	0.4052 ± 0.258495	0.2527 ± 0.083128	0.611 ± 0.417390	0.693 ± 0.394765	0.626 ± 0.313229	0.725 ± 0.258724	0.799 ± 0.146356	0.845 ± 0.116082	0.812 ± 0.312147	0.848 ± 0.288412	0.929 ± 0.087438	0.961 ± 0.017491	0.929 ± 0.089687	0.958 ± 0.019706	0.675 ± 0.292213	0.750 ± 0.267687	0.928 ± 0.131382	0.961 ± 0.035823
roc_auc	nan	nan	0.930 ± 0.087776	0.964 ± 0.020515	0.788 ± 0.158017	0.855 ± 0.123485	0.13973 ± 0.083210	0.07681 ± 0.037742	0.716 ± 0.277530	0.803 ± 0.250392	0.576 ± 0.316033	0.711 ± 0.246971	0.4585 ± 0.266834	0.2482 ± 0.107693	0.581 ± 0.412723	0.691 ± 0.362363	0.593 ± 0.323633	0.719 ± 0.245985	0.804 ± 0.148346	0.856 ± 0.115377	0.777 ± 0.307150	0.835 ± 0.257844	0.919 ± 0.104182	0.964 ± 0.020708	0.916 ± 0.105088	0.963 ± 0.021751	0.695 ± 0.292387	0.779 ± 0.252198	0.881 ± 0.161905	0.932 ± 0.062609
