	mean_ncv_average_precision	mean_ncv_balanced_accuracy	mean_ncv_brier_loss	mean_ncv_f1	mean_ncv_informedness	mean_ncv_log_loss	mean_ncv_markedness	mean_ncv_mcc	mean_ncv_negative_predictive_value	mean_ncv_precision	mean_ncv_precision_recall_auc	mean_ncv_roc_auc	mean_ncv_sensitivity	mean_ncv_specificity
mcc	0.936 ± 0.010513	0.883 ± 0.034363	0.09570 ± 0.011547	0.867 ± 0.041862	0.765 ± 0.068725	0.3361 ± 0.024788	0.821 ± 0.069483	0.792 ± 0.068436	0.848 ± 0.031340	0.973 ± 0.046718	0.935 ± 0.010792	0.913 ± 0.013687	0.783 ± 0.048644	0.982 ± 0.031782
precision_recall_auc	0.916 ± 0.026994	0.783 ± 0.093993	0.11961 ± 0.025931	0.732 ± 0.136980	0.566 ± 0.187987	0.3932 ± 0.075467	0.636 ± 0.175407	0.600 ± 0.181686	0.764 ± 0.081883	0.872 ± 0.104418	0.914 ± 0.027675	0.896 ± 0.031316	0.639 ± 0.155489	0.927 ± 0.057496
roc_auc	0.899 ± 0.035987	0.802 ± 0.061237	0.13206 ± 0.028865	0.764 ± 0.088386	0.604 ± 0.122474	0.4213 ± 0.080527	0.656 ± 0.107140	0.629 ± 0.112201	0.790 ± 0.066957	0.866 ± 0.073887	0.897 ± 0.037039	0.885 ± 0.032994	0.694 ± 0.128967	0.909 ± 0.047913
