	mean_best_threshold_tuning_score	mean_best_threshold	mean_test_average_precision	mean_train_average_precision	mean_test_balanced_accuracy	mean_train_balanced_accuracy	mean_test_brier_loss	mean_train_brier_loss	mean_test_f1	mean_train_f1	mean_test_informedness	mean_train_informedness	mean_test_log_loss	mean_train_log_loss	mean_test_markedness	mean_train_markedness	mean_test_mcc	mean_train_mcc	mean_test_negative_predictive_value	mean_train_negative_predictive_value	mean_test_precision	mean_train_precision	mean_test_precision_recall_auc	mean_train_precision_recall_auc	mean_test_roc_auc	mean_train_roc_auc	mean_test_sensitivity	mean_train_sensitivity	mean_test_specificity	mean_train_specificity
mcc	nan	nan	0.946 ± 0.075999	0.969 ± 0.015753	0.882 ± 0.105624	0.920 ± 0.031597	0.09570 ± 0.059057	0.06123 ± 0.019434	0.853 ± 0.146399	0.912 ± 0.036022	0.764 ± 0.211249	0.840 ± 0.063195	0.3361 ± 0.180445	0.2254 ± 0.058703	0.842 ± 0.139720	0.858 ± 0.056964	0.799 ± 0.177092	0.849 ± 0.059750	0.859 ± 0.117944	0.906 ± 0.037180	0.983 ± 0.071149	0.952 ± 0.031210	0.941 ± 0.083625	0.969 ± 0.015883	0.920 ± 0.106862	0.964 ± 0.020494	0.783 ± 0.202731	0.876 ± 0.052359	0.981 ± 0.082617	0.963 ± 0.024120
precision_recall_auc	nan	nan	0.933 ± 0.085308	0.960 ± 0.016715	0.789 ± 0.175061	0.817 ± 0.152576	0.11961 ± 0.077407	0.07985 ± 0.026146	0.678 ± 0.337711	0.720 ± 0.330306	0.579 ± 0.350122	0.634 ± 0.305153	0.3932 ± 0.219810	0.2638 ± 0.072044	0.549 ± 0.501518	0.593 ± 0.465026	0.599 ± 0.349877	0.648 ± 0.303528	0.794 ± 0.170947	0.818 ± 0.132962	0.755 ± 0.367877	0.775 ± 0.345756	0.925 ± 0.095406	0.960 ± 0.016865	0.909 ± 0.108366	0.956 ± 0.019939	0.647 ± 0.344852	0.686 ± 0.326045	0.932 ± 0.135436	0.948 ± 0.052110
roc_auc	nan	nan	0.923 ± 0.094193	0.960 ± 0.019262	0.804 ± 0.158179	0.834 ± 0.128156	0.13206 ± 0.079613	0.08137 ± 0.032828	0.720 ± 0.299171	0.768 ± 0.268544	0.609 ± 0.316358	0.668 ± 0.256311	0.4213 ± 0.218032	0.2614 ± 0.093435	0.594 ± 0.444996	0.667 ± 0.348878	0.627 ± 0.315820	0.681 ± 0.249654	0.813 ± 0.155168	0.837 ± 0.117815	0.781 ± 0.328422	0.830 ± 0.256911	0.913 ± 0.109672	0.960 ± 0.019449	0.901 ± 0.110441	0.959 ± 0.020869	0.697 ± 0.310329	0.740 ± 0.272894	0.912 ± 0.145532	0.928 ± 0.062917
