	mean_ncv_average_precision	mean_ncv_balanced_accuracy	mean_ncv_brier_loss	mean_ncv_f1	mean_ncv_informedness	mean_ncv_log_loss	mean_ncv_markedness	mean_ncv_mcc	mean_ncv_negative_predictive_value	mean_ncv_precision	mean_ncv_precision_recall_auc	mean_ncv_roc_auc	mean_ncv_sensitivity	mean_ncv_specificity
mcc	0.909 ± 0.013913	0.850 ± 0.016921	0.11735 ± 0.007319	0.835 ± 0.017587	0.701 ± 0.033842	0.4056 ± 0.021637	0.705 ± 0.038999	0.702 ± 0.036272	0.861 ± 0.010765	0.843 ± 0.036166	0.907 ± 0.014488	0.894 ± 0.012956	0.828 ± 0.017568	0.873 ± 0.035855
precision_recall_auc	0.897 ± 0.024803	0.786 ± 0.079856	0.13102 ± 0.015454	0.741 ± 0.114343	0.572 ± 0.159712	0.4355 ± 0.050938	0.623 ± 0.131435	0.597 ± 0.145426	0.778 ± 0.083440	0.845 ± 0.067549	0.894 ± 0.026119	0.887 ± 0.020680	0.672 ± 0.155930	0.900 ± 0.046945
roc_auc	0.895 ± 0.030457	0.814 ± 0.052581	0.12835 ± 0.012797	0.782 ± 0.073796	0.628 ± 0.105163	0.4282 ± 0.046327	0.666 ± 0.075760	0.646 ± 0.090198	0.808 ± 0.065975	0.858 ± 0.038872	0.891 ± 0.032530	0.887 ± 0.021659	0.728 ± 0.121293	0.900 ± 0.035855
