	mean_best_threshold_tuning_score	mean_best_threshold	mean_test_average_precision	mean_train_average_precision	mean_test_balanced_accuracy	mean_train_balanced_accuracy	mean_test_brier_loss	mean_train_brier_loss	mean_test_f1	mean_train_f1	mean_test_informedness	mean_train_informedness	mean_test_log_loss	mean_train_log_loss	mean_test_markedness	mean_train_markedness	mean_test_mcc	mean_train_mcc	mean_test_negative_predictive_value	mean_train_negative_predictive_value	mean_test_precision	mean_train_precision	mean_test_precision_recall_auc	mean_train_precision_recall_auc	mean_test_roc_auc	mean_train_roc_auc	mean_test_sensitivity	mean_train_sensitivity	mean_test_specificity	mean_train_specificity
mcc	nan	nan	0.934 ± 0.073326	0.975 ± 0.015528	0.864 ± 0.109398	0.925 ± 0.031116	0.11389 ± 0.071216	0.05595 ± 0.020534	0.842 ± 0.129219	0.918 ± 0.035301	0.728 ± 0.218795	0.850 ± 0.062233	0.3989 ± 0.221144	0.2087 ± 0.063448	0.754 ± 0.215540	0.870 ± 0.054180	0.741 ± 0.215552	0.860 ± 0.057876	0.877 ± 0.115960	0.909 ± 0.037335	0.877 ± 0.159533	0.961 ± 0.027284	0.926 ± 0.082293	0.975 ± 0.015650	0.916 ± 0.098708	0.970 ± 0.020580	0.833 ± 0.164096	0.880 ± 0.053289	0.895 ± 0.141151	0.970 ± 0.021706
precision_recall_auc	nan	nan	0.930 ± 0.085311	0.962 ± 0.019899	0.789 ± 0.157316	0.835 ± 0.147116	0.13742 ± 0.081607	0.07684 ± 0.032854	0.695 ± 0.312076	0.753 ± 0.313995	0.578 ± 0.314633	0.670 ± 0.294232	0.4614 ± 0.253755	0.2544 ± 0.090764	0.549 ± 0.460702	0.629 ± 0.449110	0.595 ± 0.316250	0.681 ± 0.295573	0.817 ± 0.163564	0.835 ± 0.129126	0.732 ± 0.337925	0.794 ± 0.329633	0.920 ± 0.099812	0.962 ± 0.020081	0.913 ± 0.106336	0.958 ± 0.023576	0.693 ± 0.331389	0.723 ± 0.308546	0.885 ± 0.156247	0.947 ± 0.057346
roc_auc	nan	nan	0.937 ± 0.078839	0.959 ± 0.018045	0.795 ± 0.154019	0.824 ± 0.132149	0.13367 ± 0.083463	0.08606 ± 0.029877	0.712 ± 0.298061	0.749 ± 0.286873	0.590 ± 0.308038	0.648 ± 0.264298	0.4374 ± 0.254203	0.2738 ± 0.079908	0.577 ± 0.433054	0.610 ± 0.408468	0.609 ± 0.309000	0.656 ± 0.264402	0.821 ± 0.154695	0.832 ± 0.121081	0.756 ± 0.322296	0.778 ± 0.298618	0.929 ± 0.089072	0.959 ± 0.018224	0.922 ± 0.101658	0.958 ± 0.018752	0.703 ± 0.317284	0.731 ± 0.287954	0.887 ± 0.152800	0.917 ± 0.066847
