	mean_best_threshold_tuning_score	mean_best_threshold	mean_test_average_precision	mean_train_average_precision	mean_test_balanced_accuracy	mean_train_balanced_accuracy	mean_test_brier_loss	mean_train_brier_loss	mean_test_f1	mean_train_f1	mean_test_informedness	mean_train_informedness	mean_test_log_loss	mean_train_log_loss	mean_test_markedness	mean_train_markedness	mean_test_mcc	mean_train_mcc	mean_test_negative_predictive_value	mean_train_negative_predictive_value	mean_test_precision	mean_train_precision	mean_test_precision_recall_auc	mean_train_precision_recall_auc	mean_test_roc_auc	mean_train_roc_auc	mean_test_sensitivity	mean_train_sensitivity	mean_test_specificity	mean_train_specificity
mcc	nan	nan	0.821 ± 0.154809	0.981 ± 0.028832	0.743 ± 0.144841	0.942 ± 0.069827	0.18882 ± 0.082804	0.06666 ± 0.046631	0.709 ± 0.179866	0.938 ± 0.072734	0.486 ± 0.289682	0.884 ± 0.139655	0.6285 ± 0.308498	0.2607 ± 0.131704	0.515 ± 0.298561	0.882 ± 0.138313	0.499 ± 0.290868	0.883 ± 0.138952	0.799 ± 0.159637	0.974 ± 0.040377	0.716 ± 0.202491	0.908 ± 0.102880	0.784 ± 0.193299	0.981 ± 0.029080	0.822 ± 0.150856	0.976 ± 0.037519	0.745 ± 0.234140	0.973 ± 0.040958	0.741 ± 0.189707	0.910 ± 0.104679
precision_recall_auc	nan	nan	0.848 ± 0.132904	0.970 ± 0.032399	0.753 ± 0.129231	0.912 ± 0.078405	0.18261 ± 0.072902	0.08130 ± 0.051203	0.723 ± 0.149785	0.906 ± 0.082861	0.507 ± 0.258462	0.824 ± 0.156810	0.6175 ± 0.305390	0.2953 ± 0.143524	0.543 ± 0.262761	0.823 ± 0.156494	0.523 ± 0.257536	0.824 ± 0.156628	0.807 ± 0.155904	0.954 ± 0.044958	0.736 ± 0.175891	0.869 ± 0.117862	0.820 ± 0.165046	0.969 ± 0.032673	0.841 ± 0.128112	0.961 ± 0.041269	0.752 ± 0.211952	0.952 ± 0.046778	0.755 ± 0.183851	0.872 ± 0.118533
roc_auc	nan	nan	0.819 ± 0.141253	0.974 ± 0.031134	0.740 ± 0.134911	0.925 ± 0.080193	0.19103 ± 0.078010	0.07240 ± 0.053193	0.711 ± 0.153471	0.921 ± 0.083924	0.480 ± 0.269822	0.850 ± 0.160385	0.6437 ± 0.317837	0.2713 ± 0.151142	0.503 ± 0.270564	0.850 ± 0.158988	0.490 ± 0.267569	0.850 ± 0.159669	0.795 ± 0.155099	0.963 ± 0.043830	0.707 ± 0.172378	0.888 ± 0.119689	0.782 ± 0.176986	0.974 ± 0.031400	0.817 ± 0.136394	0.967 ± 0.040542	0.752 ± 0.205846	0.962 ± 0.044508	0.728 ± 0.180464	0.889 ± 0.122045
