	mean_best_threshold_tuning_score	mean_best_threshold	mean_test_average_precision	mean_train_average_precision	mean_test_balanced_accuracy	mean_train_balanced_accuracy	mean_test_brier_loss	mean_train_brier_loss	mean_test_f1	mean_train_f1	mean_test_informedness	mean_train_informedness	mean_test_log_loss	mean_train_log_loss	mean_test_markedness	mean_train_markedness	mean_test_mcc	mean_train_mcc	mean_test_negative_predictive_value	mean_train_negative_predictive_value	mean_test_precision	mean_train_precision	mean_test_precision_recall_auc	mean_train_precision_recall_auc	mean_test_roc_auc	mean_train_roc_auc	mean_test_sensitivity	mean_train_sensitivity	mean_test_specificity	mean_train_specificity
mcc	nan	nan	0.812 ± 0.169973	0.981 ± 0.028832	0.665 ± 0.141482	0.942 ± 0.069827	0.21698 ± 0.074885	0.06666 ± 0.046631	0.670 ± 0.164557	0.938 ± 0.072734	0.331 ± 0.282963	0.884 ± 0.139655	0.7322 ± 0.353858	0.2607 ± 0.131704	0.385 ± 0.369580	0.882 ± 0.138313	0.366 ± 0.292731	0.883 ± 0.138952	0.792 ± 0.272203	0.974 ± 0.040377	0.594 ± 0.198675	0.908 ± 0.102880	0.778 ± 0.209414	0.981 ± 0.029080	0.794 ± 0.160748	0.976 ± 0.037519	0.835 ± 0.224297	0.973 ± 0.040958	0.496 ± 0.286577	0.910 ± 0.104679
precision_recall_auc	nan	nan	0.823 ± 0.137892	0.970 ± 0.032399	0.689 ± 0.146531	0.912 ± 0.078405	0.21233 ± 0.070405	0.08130 ± 0.051203	0.701 ± 0.137180	0.906 ± 0.082861	0.379 ± 0.293061	0.824 ± 0.156810	0.7270 ± 0.341798	0.2953 ± 0.143524	0.432 ± 0.350993	0.823 ± 0.156494	0.406 ± 0.301366	0.824 ± 0.156628	0.815 ± 0.266280	0.954 ± 0.044958	0.617 ± 0.159139	0.869 ± 0.117862	0.790 ± 0.172351	0.969 ± 0.032673	0.806 ± 0.142154	0.961 ± 0.041269	0.857 ± 0.186749	0.952 ± 0.046778	0.522 ± 0.271082	0.872 ± 0.118533
roc_auc	nan	nan	0.814 ± 0.154978	0.974 ± 0.031134	0.685 ± 0.147105	0.925 ± 0.080193	0.21518 ± 0.071338	0.07240 ± 0.053193	0.694 ± 0.141030	0.921 ± 0.083924	0.371 ± 0.294210	0.850 ± 0.160385	0.7480 ± 0.360111	0.2713 ± 0.151142	0.443 ± 0.338460	0.850 ± 0.158988	0.402 ± 0.306828	0.850 ± 0.159669	0.822 ± 0.242143	0.963 ± 0.043830	0.621 ± 0.187617	0.888 ± 0.119689	0.779 ± 0.192726	0.974 ± 0.031400	0.802 ± 0.144532	0.967 ± 0.040542	0.847 ± 0.185470	0.962 ± 0.044508	0.524 ± 0.280168	0.889 ± 0.122045
