	mean_best_threshold_tuning_score	mean_best_threshold	mean_test_average_precision	mean_train_average_precision	mean_test_balanced_accuracy	mean_train_balanced_accuracy	mean_test_brier_loss	mean_train_brier_loss	mean_test_f1	mean_train_f1	mean_test_informedness	mean_train_informedness	mean_test_log_loss	mean_train_log_loss	mean_test_markedness	mean_train_markedness	mean_test_mcc	mean_train_mcc	mean_test_negative_predictive_value	mean_train_negative_predictive_value	mean_test_precision	mean_train_precision	mean_test_precision_recall_auc	mean_train_precision_recall_auc	mean_test_roc_auc	mean_train_roc_auc	mean_test_sensitivity	mean_train_sensitivity	mean_test_specificity	mean_train_specificity
mcc	nan	nan	0.964 ± 0.053574	0.988 ± 0.014321	0.883 ± 0.095253	0.962 ± 0.034471	0.08534 ± 0.052089	0.02808 ± 0.024081	0.862 ± 0.115090	0.959 ± 0.038026	0.767 ± 0.190506	0.924 ± 0.068943	0.3127 ± 0.190010	0.1163 ± 0.081565	0.813 ± 0.168166	0.936 ± 0.058727	0.789 ± 0.177476	0.930 ± 0.063755	0.879 ± 0.116973	0.950 ± 0.043402	0.934 ± 0.132136	0.986 ± 0.021215	0.960 ± 0.059206	0.988 ± 0.014416	0.953 ± 0.075436	0.987 ± 0.017767	0.827 ± 0.168224	0.934 ± 0.058613	0.940 ± 0.126974	0.990 ± 0.015839
precision_recall_auc	nan	nan	0.948 ± 0.074165	0.989 ± 0.015186	0.777 ± 0.166616	0.903 ± 0.159763	0.11289 ± 0.073627	0.02684 ± 0.033164	0.666 ± 0.318614	0.840 ± 0.318749	0.555 ± 0.333232	0.806 ± 0.319525	0.3718 ± 0.225459	0.0961 ± 0.105149	0.565 ± 0.458305	0.757 ± 0.463259	0.586 ± 0.329411	0.809 ± 0.319745	0.781 ± 0.162546	0.906 ± 0.144940	0.785 ± 0.352941	0.851 ± 0.321918	0.940 ± 0.089357	0.989 ± 0.015334	0.940 ± 0.081136	0.989 ± 0.015848	0.617 ± 0.336296	0.830 ± 0.317277	0.938 ± 0.133080	0.976 ± 0.045761
roc_auc	nan	nan	0.947 ± 0.062484	0.990 ± 0.015527	0.770 ± 0.146306	0.921 ± 0.139162	0.12126 ± 0.070932	0.02586 ± 0.037742	0.671 ± 0.285949	0.878 ± 0.269619	0.540 ± 0.292613	0.843 ± 0.278324	0.3907 ± 0.216834	0.0916 ± 0.115544	0.552 ± 0.428984	0.810 ± 0.392042	0.571 ± 0.290876	0.844 ± 0.278173	0.785 ± 0.163605	0.925 ± 0.125365	0.767 ± 0.333546	0.885 ± 0.270463	0.940 ± 0.071262	0.990 ± 0.015680	0.936 ± 0.074947	0.990 ± 0.015941	0.647 ± 0.317016	0.872 ± 0.269704	0.893 ± 0.182670	0.971 ± 0.051993
