	mean_best_threshold_tuning_score	mean_best_threshold	mean_test_average_precision	mean_train_average_precision	mean_test_balanced_accuracy	mean_train_balanced_accuracy	mean_test_brier_loss	mean_train_brier_loss	mean_test_f1	mean_train_f1	mean_test_informedness	mean_train_informedness	mean_test_log_loss	mean_train_log_loss	mean_test_markedness	mean_train_markedness	mean_test_mcc	mean_train_mcc	mean_test_negative_predictive_value	mean_train_negative_predictive_value	mean_test_precision	mean_train_precision	mean_test_precision_recall_auc	mean_train_precision_recall_auc	mean_test_roc_auc	mean_train_roc_auc	mean_test_sensitivity	mean_train_sensitivity	mean_test_specificity	mean_train_specificity
mcc	nan	nan	0.945 ± 0.082663	0.988 ± 0.014321	0.884 ± 0.097878	0.962 ± 0.034471	0.10347 ± 0.064010	0.02808 ± 0.024081	0.865 ± 0.119114	0.959 ± 0.038026	0.768 ± 0.195755	0.924 ± 0.068943	0.3733 ± 0.204960	0.1163 ± 0.081565	0.799 ± 0.168714	0.936 ± 0.058727	0.782 ± 0.180720	0.930 ± 0.063755	0.922 ± 0.107242	0.950 ± 0.043402	0.876 ± 0.152682	0.986 ± 0.021215	0.937 ± 0.098764	0.988 ± 0.014416	0.931 ± 0.100612	0.987 ± 0.017767	0.890 ± 0.161870	0.934 ± 0.058613	0.878 ± 0.161990	0.990 ± 0.015839
precision_recall_auc	nan	nan	0.953 ± 0.059173	0.989 ± 0.015186	0.787 ± 0.161468	0.903 ± 0.159763	0.11732 ± 0.064772	0.02684 ± 0.033164	0.675 ± 0.327092	0.840 ± 0.318749	0.574 ± 0.322937	0.806 ± 0.319525	0.3986 ± 0.205393	0.0961 ± 0.105149	0.564 ± 0.473347	0.757 ± 0.463259	0.602 ± 0.322196	0.809 ± 0.319745	0.803 ± 0.166176	0.906 ± 0.144940	0.761 ± 0.363789	0.851 ± 0.321918	0.947 ± 0.066652	0.989 ± 0.015334	0.942 ± 0.078722	0.989 ± 0.015848	0.643 ± 0.348320	0.830 ± 0.317277	0.931 ± 0.130497	0.976 ± 0.045761
roc_auc	nan	nan	0.955 ± 0.059366	0.990 ± 0.015527	0.793 ± 0.146004	0.921 ± 0.139162	0.11687 ± 0.063421	0.02586 ± 0.037742	0.700 ± 0.289881	0.878 ± 0.269619	0.586 ± 0.292008	0.843 ± 0.278324	0.3911 ± 0.204545	0.0916 ± 0.115544	0.577 ± 0.431895	0.810 ± 0.392042	0.609 ± 0.291359	0.844 ± 0.278173	0.811 ± 0.164344	0.925 ± 0.125365	0.767 ± 0.326963	0.885 ± 0.270463	0.950 ± 0.066786	0.990 ± 0.015680	0.945 ± 0.079533	0.990 ± 0.015941	0.683 ± 0.317659	0.872 ± 0.269704	0.903 ± 0.151324	0.971 ± 0.051993
