	mean_best_threshold_tuning_score	mean_best_threshold	mean_test_average_precision	mean_train_average_precision	mean_test_balanced_accuracy	mean_train_balanced_accuracy	mean_test_brier_loss	mean_train_brier_loss	mean_test_f1	mean_train_f1	mean_test_informedness	mean_train_informedness	mean_test_log_loss	mean_train_log_loss	mean_test_markedness	mean_train_markedness	mean_test_mcc	mean_train_mcc	mean_test_negative_predictive_value	mean_train_negative_predictive_value	mean_test_precision	mean_train_precision	mean_test_precision_recall_auc	mean_train_precision_recall_auc	mean_test_roc_auc	mean_train_roc_auc	mean_test_sensitivity	mean_train_sensitivity	mean_test_specificity	mean_train_specificity
mcc	nan	nan	0.869 ± 0.143241	0.999 ± 0.003598	0.777 ± 0.154480	0.974 ± 0.052572	0.18508 ± 0.075480	0.09689 ± 0.045662	0.718 ± 0.230934	0.971 ± 0.061969	0.555 ± 0.308960	0.949 ± 0.105145	0.6969 ± 0.604661	0.3307 ± 0.118664	0.592 ± 0.348577	0.965 ± 0.070288	0.575 ± 0.313014	0.957 ± 0.088275	0.817 ± 0.167187	0.965 ± 0.070288	0.775 ± 0.248835	1.000 ± 0.000000	0.842 ± 0.180390	0.999 ± 0.003647	0.859 ± 0.143994	0.999 ± 0.003085	0.720 ± 0.285099	0.949 ± 0.105145	0.835 ± 0.166369	1.000 ± 0.000000
precision_recall_auc	nan	nan	0.851 ± 0.143312	0.996 ± 0.007788	0.760 ± 0.143415	0.952 ± 0.076306	0.18724 ± 0.073893	0.07098 ± 0.037297	0.693 ± 0.227100	0.942 ± 0.093178	0.519 ± 0.286830	0.903 ± 0.152612	0.7540 ± 0.657310	0.2634 ± 0.101539	0.559 ± 0.329192	0.937 ± 0.096438	0.544 ± 0.286118	0.919 ± 0.125791	0.802 ± 0.164734	0.937 ± 0.096438	0.756 ± 0.249232	1.000 ± 0.000000	0.818 ± 0.184010	0.996 ± 0.007873	0.844 ± 0.140812	0.996 ± 0.008500	0.693 ± 0.285932	0.903 ± 0.152612	0.826 ± 0.175616	1.000 ± 0.000000
roc_auc	nan	nan	0.853 ± 0.144717	0.998 ± 0.004491	0.764 ± 0.139829	0.972 ± 0.055318	0.18368 ± 0.088754	0.05651 ± 0.034542	0.706 ± 0.204820	0.968 ± 0.066009	0.529 ± 0.279659	0.944 ± 0.110635	0.8564 ± 0.773066	0.2262 ± 0.095943	0.578 ± 0.297179	0.962 ± 0.072517	0.553 ± 0.273770	0.953 ± 0.092273	0.808 ± 0.163303	0.962 ± 0.072517	0.770 ± 0.221857	1.000 ± 0.000000	0.822 ± 0.183489	0.998 ± 0.004545	0.841 ± 0.152382	0.998 ± 0.004179	0.712 ± 0.274693	0.944 ± 0.110635	0.817 ± 0.179458	1.000 ± 0.000000
