	mean_best_threshold_tuning_score	mean_best_threshold	mean_test_average_precision	mean_train_average_precision	mean_test_balanced_accuracy	mean_train_balanced_accuracy	mean_test_brier_loss	mean_train_brier_loss	mean_test_f1	mean_train_f1	mean_test_informedness	mean_train_informedness	mean_test_log_loss	mean_train_log_loss	mean_test_markedness	mean_train_markedness	mean_test_mcc	mean_train_mcc	mean_test_negative_predictive_value	mean_train_negative_predictive_value	mean_test_precision	mean_train_precision	mean_test_precision_recall_auc	mean_train_precision_recall_auc	mean_test_roc_auc	mean_train_roc_auc	mean_test_sensitivity	mean_train_sensitivity	mean_test_specificity	mean_train_specificity
mcc	nan	nan	0.951 ± 0.084370	0.967 ± 0.018793	0.855 ± 0.115717	0.915 ± 0.034032	0.10759 ± 0.076634	0.06455 ± 0.022710	0.828 ± 0.143991	0.906 ± 0.039169	0.709 ± 0.231434	0.830 ± 0.068064	0.3696 ± 0.255258	0.2327 ± 0.068492	0.774 ± 0.198498	0.852 ± 0.059431	0.739 ± 0.213038	0.841 ± 0.063395	0.857 ± 0.129169	0.898 ± 0.041298	0.917 ± 0.151952	0.954 ± 0.031349	0.943 ± 0.101763	0.967 ± 0.018941	0.941 ± 0.091304	0.961 ± 0.024210	0.793 ± 0.197949	0.864 ± 0.059231	0.916 ± 0.163333	0.966 ± 0.023751
precision_recall_auc	nan	nan	0.940 ± 0.083931	0.961 ± 0.016832	0.834 ± 0.130961	0.862 ± 0.078158	0.12698 ± 0.088709	0.08201 ± 0.028094	0.795 ± 0.190525	0.834 ± 0.140974	0.668 ± 0.261923	0.723 ± 0.156316	0.4220 ± 0.295771	0.2629 ± 0.074039	0.709 ± 0.280759	0.738 ± 0.202298	0.690 ± 0.255712	0.735 ± 0.150920	0.848 ± 0.135739	0.860 ± 0.077384	0.861 ± 0.207415	0.878 ± 0.147150	0.931 ± 0.099332	0.960 ± 0.016999	0.935 ± 0.087044	0.959 ± 0.017496	0.775 ± 0.228528	0.805 ± 0.155839	0.893 ± 0.153865	0.918 ± 0.062928
roc_auc	nan	nan	0.947 ± 0.068228	0.960 ± 0.016885	0.838 ± 0.128229	0.848 ± 0.084624	0.12567 ± 0.078405	0.08651 ± 0.024293	0.795 ± 0.209362	0.812 ± 0.175745	0.677 ± 0.256459	0.696 ± 0.169249	0.4077 ± 0.261276	0.2727 ± 0.065914	0.695 ± 0.317053	0.697 ± 0.249716	0.694 ± 0.249748	0.705 ± 0.169059	0.859 ± 0.138123	0.851 ± 0.077287	0.836 ± 0.231137	0.846 ± 0.187592	0.940 ± 0.078912	0.960 ± 0.017053	0.941 ± 0.073359	0.959 ± 0.017484	0.792 ± 0.239431	0.788 ± 0.180869	0.885 ± 0.153280	0.908 ± 0.060441
