	mean_best_threshold_tuning_score	mean_best_threshold	mean_test_average_precision	mean_train_average_precision	mean_test_balanced_accuracy	mean_train_balanced_accuracy	mean_test_brier_loss	mean_train_brier_loss	mean_test_f1	mean_train_f1	mean_test_informedness	mean_train_informedness	mean_test_log_loss	mean_train_log_loss	mean_test_markedness	mean_train_markedness	mean_test_mcc	mean_train_mcc	mean_test_negative_predictive_value	mean_train_negative_predictive_value	mean_test_precision	mean_train_precision	mean_test_precision_recall_auc	mean_train_precision_recall_auc	mean_test_roc_auc	mean_train_roc_auc	mean_test_sensitivity	mean_train_sensitivity	mean_test_specificity	mean_train_specificity
mcc	nan	nan	0.948 ± 0.069133	0.968 ± 0.014935	0.876 ± 0.102099	0.900 ± 0.022227	0.09814 ± 0.056136	0.07109 ± 0.012353	0.844 ± 0.143915	0.889 ± 0.026446	0.753 ± 0.204199	0.800 ± 0.044455	0.3269 ± 0.146249	0.2499 ± 0.036156	0.829 ± 0.137665	0.844 ± 0.037567	0.787 ± 0.171807	0.822 ± 0.040171	0.854 ± 0.122766	0.869 ± 0.027615	0.974 ± 0.078982	0.975 ± 0.026235	0.942 ± 0.078244	0.968 ± 0.015045	0.933 ± 0.101071	0.960 ± 0.022514	0.775 ± 0.204990	0.818 ± 0.042650	0.978 ± 0.067128	0.983 ± 0.020577
precision_recall_auc	nan	nan	0.948 ± 0.072674	0.962 ± 0.018354	0.734 ± 0.155194	0.769 ± 0.129557	0.11078 ± 0.061965	0.08249 ± 0.022203	0.573 ± 0.330535	0.654 ± 0.285727	0.468 ± 0.310388	0.538 ± 0.259115	0.3496 ± 0.154248	0.2698 ± 0.057424	0.512 ± 0.499445	0.589 ± 0.428900	0.526 ± 0.310716	0.590 ± 0.262245	0.717 ± 0.137929	0.747 ± 0.112683	0.795 ± 0.403081	0.842 ± 0.345400	0.941 ± 0.081659	0.962 ± 0.018521	0.932 ± 0.107465	0.960 ± 0.020819	0.473 ± 0.312912	0.551 ± 0.271430	0.995 ± 0.035355	0.987 ± 0.030333
roc_auc	nan	nan	0.938 ± 0.083685	0.960 ± 0.019601	0.713 ± 0.157179	0.756 ± 0.130658	0.11687 ± 0.064965	0.08688 ± 0.024666	0.538 ± 0.340002	0.629 ± 0.294812	0.427 ± 0.314358	0.512 ± 0.261316	0.3673 ± 0.167692	0.2795 ± 0.064700	0.439 ± 0.530723	0.560 ± 0.449115	0.479 ± 0.325904	0.567 ± 0.268867	0.702 ± 0.132678	0.735 ± 0.109773	0.737 ± 0.428690	0.825 ± 0.365816	0.929 ± 0.099088	0.959 ± 0.019788	0.923 ± 0.110673	0.958 ± 0.020905	0.442 ± 0.307341	0.523 ± 0.273226	0.985 ± 0.059974	0.988 ± 0.032753
