	mean_ncv_average_precision	mean_ncv_balanced_accuracy	mean_ncv_brier_loss	mean_ncv_f1	mean_ncv_informedness	mean_ncv_log_loss	mean_ncv_markedness	mean_ncv_mcc	mean_ncv_negative_predictive_value	mean_ncv_precision	mean_ncv_precision_recall_auc	mean_ncv_roc_auc	mean_ncv_sensitivity	mean_ncv_specificity
mcc	0.919 ± 0.015652	0.866 ± 0.018557	0.10545 ± 0.011441	0.849 ± 0.021017	0.732 ± 0.037113	0.3457 ± 0.029450	0.776 ± 0.056301	0.754 ± 0.046439	0.840 ± 0.005236	0.936 ± 0.051076	0.917 ± 0.015943	0.893 ± 0.026693	0.778 ± 0.000000	0.955 ± 0.037113
precision_recall_auc	0.919 ± 0.016378	0.734 ± 0.059649	0.11595 ± 0.016486	0.635 ± 0.103714	0.469 ± 0.119298	0.3680 ± 0.053805	0.683 ± 0.079195	0.564 ± 0.098573	0.702 ± 0.049815	0.982 ± 0.057496	0.917 ± 0.016715	0.900 ± 0.025620	0.478 ± 0.117706	0.991 ± 0.028748
roc_auc	0.915 ± 0.015888	0.732 ± 0.061119	0.11927 ± 0.017699	0.629 ± 0.100776	0.463 ± 0.122238	0.3746 ± 0.054940	0.679 ± 0.074708	0.559 ± 0.099251	0.700 ± 0.055172	0.979 ± 0.044583	0.913 ± 0.016208	0.903 ± 0.027095	0.472 ± 0.120726	0.991 ± 0.019165
