	mean_best_threshold_tuning_score	mean_best_threshold	mean_test_average_precision	mean_train_average_precision	mean_test_balanced_accuracy	mean_train_balanced_accuracy	mean_test_brier_loss	mean_train_brier_loss	mean_test_f1	mean_train_f1	mean_test_informedness	mean_train_informedness	mean_test_log_loss	mean_train_log_loss	mean_test_markedness	mean_train_markedness	mean_test_mcc	mean_train_mcc	mean_test_negative_predictive_value	mean_train_negative_predictive_value	mean_test_precision	mean_train_precision	mean_test_precision_recall_auc	mean_train_precision_recall_auc	mean_test_roc_auc	mean_train_roc_auc	mean_test_sensitivity	mean_train_sensitivity	mean_test_specificity	mean_train_specificity
mcc	nan	nan	0.954 ± 0.063821	0.968 ± 0.017568	0.864 ± 0.107797	0.900 ± 0.029756	0.09655 ± 0.059360	0.07102 ± 0.017779	0.834 ± 0.137569	0.888 ± 0.034613	0.728 ± 0.215594	0.800 ± 0.059512	0.3226 ± 0.154647	0.2510 ± 0.048880	0.809 ± 0.172478	0.837 ± 0.049487	0.765 ± 0.192498	0.818 ± 0.054041	0.835 ± 0.118728	0.873 ± 0.037195	0.974 ± 0.091479	0.965 ± 0.027423	0.949 ± 0.071669	0.968 ± 0.017695	0.940 ± 0.083766	0.959 ± 0.026739	0.752 ± 0.187846	0.825 ± 0.054613	0.976 ± 0.088779	0.975 ± 0.020975
precision_recall_auc	nan	nan	0.947 ± 0.065404	0.963 ± 0.019539	0.698 ± 0.150245	0.770 ± 0.111181	0.10552 ± 0.057628	0.08182 ± 0.022905	0.502 ± 0.328820	0.668 ± 0.245949	0.397 ± 0.300491	0.540 ± 0.222362	0.3378 ± 0.140161	0.2671 ± 0.060794	0.443 ± 0.518472	0.628 ± 0.370094	0.462 ± 0.307282	0.601 ± 0.224256	0.688 ± 0.134559	0.743 ± 0.096693	0.755 ± 0.430027	0.885 ± 0.301146	0.942 ± 0.072862	0.963 ± 0.019711	0.927 ± 0.092850	0.960 ± 0.023579	0.402 ± 0.304301	0.552 ± 0.233958	0.995 ± 0.035355	0.988 ± 0.035980
roc_auc	nan	nan	0.954 ± 0.060119	0.960 ± 0.021467	0.721 ± 0.151113	0.771 ± 0.126378	0.10157 ± 0.054529	0.08600 ± 0.026406	0.548 ± 0.329801	0.660 ± 0.277052	0.442 ± 0.302226	0.542 ± 0.252756	0.3268 ± 0.133462	0.2768 ± 0.069661	0.482 ± 0.507583	0.609 ± 0.402061	0.501 ± 0.307301	0.596 ± 0.251366	0.707 ± 0.129258	0.749 ± 0.110587	0.775 ± 0.417261	0.859 ± 0.323922	0.949 ± 0.067546	0.959 ± 0.021673	0.940 ± 0.077695	0.958 ± 0.022785	0.447 ± 0.305264	0.558 ± 0.266986	0.995 ± 0.035355	0.984 ± 0.038147
