	mean_ncv_average_precision	mean_ncv_balanced_accuracy	mean_ncv_brier_loss	mean_ncv_f1	mean_ncv_informedness	mean_ncv_log_loss	mean_ncv_markedness	mean_ncv_mcc	mean_ncv_negative_predictive_value	mean_ncv_precision	mean_ncv_precision_recall_auc	mean_ncv_roc_auc	mean_ncv_sensitivity	mean_ncv_specificity
mcc	0.932 ± 0.010665	0.864 ± 0.020061	0.09655 ± 0.010796	0.844 ± 0.024473	0.727 ± 0.040122	0.3226 ± 0.028089	0.794 ± 0.051523	0.760 ± 0.044528	0.827 ± 0.016668	0.967 ± 0.046047	0.931 ± 0.010889	0.911 ± 0.021343	0.750 ± 0.029280	0.977 ± 0.032141
precision_recall_auc	0.928 ± 0.012579	0.698 ± 0.065819	0.10552 ± 0.014939	0.559 ± 0.118445	0.395 ± 0.131638	0.3378 ± 0.035925	0.661 ± 0.071171	0.508 ± 0.105933	0.673 ± 0.055061	0.988 ± 0.039528	0.926 ± 0.012982	0.914 ± 0.012166	0.400 ± 0.130421	0.995 ± 0.014374
roc_auc	0.931 ± 0.014176	0.723 ± 0.051804	0.10157 ± 0.012390	0.613 ± 0.098503	0.445 ± 0.103609	0.3268 ± 0.029676	0.678 ± 0.063923	0.548 ± 0.087531	0.691 ± 0.039627	0.988 ± 0.039528	0.930 ± 0.014719	0.926 ± 0.011966	0.450 ± 0.099553	0.995 ± 0.014374
