	mean_best_threshold_tuning_score	mean_best_threshold	mean_test_average_precision	mean_train_average_precision	mean_test_balanced_accuracy	mean_train_balanced_accuracy	mean_test_brier_loss	mean_train_brier_loss	mean_test_f1	mean_train_f1	mean_test_informedness	mean_train_informedness	mean_test_log_loss	mean_train_log_loss	mean_test_markedness	mean_train_markedness	mean_test_mcc	mean_train_mcc	mean_test_negative_predictive_value	mean_train_negative_predictive_value	mean_test_precision	mean_train_precision	mean_test_precision_recall_auc	mean_train_precision_recall_auc	mean_test_roc_auc	mean_train_roc_auc	mean_test_sensitivity	mean_train_sensitivity	mean_test_specificity	mean_train_specificity
mcc	nan	nan	0.960 ± 0.061188	0.968 ± 0.014935	0.876 ± 0.103870	0.900 ± 0.022227	0.08529 ± 0.050553	0.07109 ± 0.012353	0.842 ± 0.147303	0.889 ± 0.026446	0.753 ± 0.207740	0.800 ± 0.044455	0.2976 ± 0.135956	0.2499 ± 0.036156	0.839 ± 0.132277	0.844 ± 0.037567	0.792 ± 0.172316	0.822 ± 0.040171	0.846 ± 0.121033	0.869 ± 0.027615	0.993 ± 0.047140	0.975 ± 0.026235	0.955 ± 0.068756	0.968 ± 0.015045	0.948 ± 0.076163	0.960 ± 0.022514	0.757 ± 0.204013	0.818 ± 0.042650	0.996 ± 0.028284	0.983 ± 0.020577
precision_recall_auc	nan	nan	0.951 ± 0.062939	0.962 ± 0.018354	0.722 ± 0.152325	0.769 ± 0.129557	0.10333 ± 0.054152	0.08249 ± 0.022203	0.549 ± 0.331928	0.654 ± 0.285727	0.443 ± 0.304650	0.538 ± 0.259115	0.3322 ± 0.131777	0.2698 ± 0.057424	0.482 ± 0.508454	0.589 ± 0.428900	0.503 ± 0.309575	0.590 ± 0.262245	0.707 ± 0.131811	0.747 ± 0.112683	0.775 ± 0.417261	0.842 ± 0.345400	0.946 ± 0.070408	0.962 ± 0.018521	0.936 ± 0.082055	0.960 ± 0.020819	0.448 ± 0.307636	0.551 ± 0.271430	0.995 ± 0.035355	0.987 ± 0.030333
roc_auc	nan	nan	0.944 ± 0.067480	0.960 ± 0.019601	0.712 ± 0.150076	0.756 ± 0.130658	0.10987 ± 0.057132	0.08688 ± 0.024666	0.528 ± 0.336173	0.629 ± 0.294812	0.423 ± 0.300151	0.512 ± 0.261316	0.3472 ± 0.136784	0.2795 ± 0.064700	0.454 ± 0.515783	0.560 ± 0.449115	0.482 ± 0.308159	0.567 ± 0.268867	0.699 ± 0.121441	0.735 ± 0.109773	0.755 ± 0.430027	0.825 ± 0.365816	0.937 ± 0.076992	0.959 ± 0.019788	0.930 ± 0.082500	0.958 ± 0.020905	0.428 ± 0.303518	0.523 ± 0.273226	0.995 ± 0.035355	0.988 ± 0.032753
