	mean_best_threshold_tuning_score	mean_best_threshold	mean_test_average_precision	mean_train_average_precision	mean_test_balanced_accuracy	mean_train_balanced_accuracy	mean_test_brier_loss	mean_train_brier_loss	mean_test_f1	mean_train_f1	mean_test_informedness	mean_train_informedness	mean_test_log_loss	mean_train_log_loss	mean_test_markedness	mean_train_markedness	mean_test_mcc	mean_train_mcc	mean_test_negative_predictive_value	mean_train_negative_predictive_value	mean_test_precision	mean_train_precision	mean_test_precision_recall_auc	mean_train_precision_recall_auc	mean_test_roc_auc	mean_train_roc_auc	mean_test_sensitivity	mean_train_sensitivity	mean_test_specificity	mean_train_specificity
mcc	nan	nan	0.940 ± 0.072489	0.968 ± 0.014935	0.868 ± 0.110653	0.900 ± 0.022227	0.10906 ± 0.068753	0.07109 ± 0.012353	0.842 ± 0.142807	0.889 ± 0.026446	0.736 ± 0.221305	0.800 ± 0.044455	0.3604 ± 0.181602	0.2499 ± 0.036156	0.768 ± 0.206977	0.844 ± 0.037567	0.751 ± 0.212741	0.822 ± 0.040171	0.875 ± 0.120185	0.869 ± 0.027615	0.893 ± 0.150547	0.975 ± 0.026235	0.933 ± 0.082119	0.968 ± 0.015045	0.923 ± 0.095668	0.960 ± 0.022514	0.823 ± 0.183380	0.818 ± 0.042650	0.913 ± 0.122811	0.983 ± 0.020577
precision_recall_auc	nan	nan	0.947 ± 0.064970	0.962 ± 0.018354	0.741 ± 0.165234	0.769 ± 0.129557	0.11675 ± 0.064701	0.08249 ± 0.022203	0.577 ± 0.349724	0.654 ± 0.285727	0.482 ± 0.330468	0.538 ± 0.259115	0.3772 ± 0.170593	0.2698 ± 0.057424	0.502 ± 0.520918	0.589 ± 0.428900	0.533 ± 0.330238	0.590 ± 0.262245	0.728 ± 0.144378	0.747 ± 0.112683	0.775 ± 0.417261	0.842 ± 0.345400	0.941 ± 0.072471	0.962 ± 0.018521	0.928 ± 0.094376	0.960 ± 0.020819	0.487 ± 0.332635	0.551 ± 0.271430	0.995 ± 0.035355	0.987 ± 0.030333
roc_auc	nan	nan	0.949 ± 0.059663	0.960 ± 0.019601	0.721 ± 0.153671	0.756 ± 0.130658	0.11672 ± 0.063547	0.08688 ± 0.024666	0.544 ± 0.342873	0.629 ± 0.294812	0.442 ± 0.307341	0.512 ± 0.261316	0.3701 ± 0.160892	0.2795 ± 0.064700	0.462 ± 0.525556	0.560 ± 0.449115	0.497 ± 0.314714	0.567 ± 0.268867	0.707 ± 0.125646	0.735 ± 0.109773	0.755 ± 0.430027	0.825 ± 0.365816	0.943 ± 0.067134	0.959 ± 0.019788	0.934 ± 0.083671	0.958 ± 0.020905	0.447 ± 0.310329	0.523 ± 0.273226	0.995 ± 0.035355	0.988 ± 0.032753
