	mean_best_threshold_tuning_score	mean_best_threshold	mean_test_average_precision	mean_train_average_precision	mean_test_balanced_accuracy	mean_train_balanced_accuracy	mean_test_brier_loss	mean_train_brier_loss	mean_test_f1	mean_train_f1	mean_test_informedness	mean_train_informedness	mean_test_log_loss	mean_train_log_loss	mean_test_markedness	mean_train_markedness	mean_test_mcc	mean_train_mcc	mean_test_negative_predictive_value	mean_train_negative_predictive_value	mean_test_precision	mean_train_precision	mean_test_precision_recall_auc	mean_train_precision_recall_auc	mean_test_roc_auc	mean_train_roc_auc	mean_test_sensitivity	mean_train_sensitivity	mean_test_specificity	mean_train_specificity
mcc	nan	nan	0.877 ± 0.106573	0.999 ± 0.003321	0.720 ± 0.117962	0.985 ± 0.039141	0.17336 ± 0.065269	0.03080 ± 0.044843	0.627 ± 0.202987	0.983 ± 0.044979	0.441 ± 0.235924	0.970 ± 0.078281	0.5659 ± 0.336378	0.1265 ± 0.140897	0.569 ± 0.313309	0.979 ± 0.053731	0.504 ± 0.243314	0.974 ± 0.066318	0.728 ± 0.126565	0.980 ± 0.053811	0.840 ± 0.272577	1.000 ± 0.003074	0.861 ± 0.122534	0.999 ± 0.003348	0.840 ± 0.152423	0.999 ± 0.004212	0.550 ± 0.235702	0.970 ± 0.078384	0.891 ± 0.205459	1.000 ± 0.002773
precision_recall_auc	nan	nan	0.876 ± 0.115450	0.999 ± 0.003692	0.753 ± 0.123681	0.966 ± 0.054805	0.17135 ± 0.074403	0.02395 ± 0.030584	0.663 ± 0.211743	0.961 ± 0.063193	0.506 ± 0.247362	0.932 ± 0.109611	0.5827 ± 0.372073	0.1050 ± 0.101290	0.635 ± 0.303201	0.953 ± 0.074342	0.571 ± 0.241553	0.942 ± 0.092419	0.752 ± 0.141933	0.953 ± 0.074342	0.883 ± 0.251368	1.000 ± 0.000000	0.859 ± 0.137282	0.999 ± 0.003726	0.840 ± 0.141013	0.999 ± 0.004543	0.580 ± 0.256414	0.932 ± 0.109611	0.926 ± 0.166059	1.000 ± 0.000000
roc_auc	nan	nan	0.873 ± 0.117480	1.000 ± 0.000629	0.748 ± 0.123701	0.968 ± 0.055348	0.16930 ± 0.076212	0.01815 ± 0.023203	0.658 ± 0.208224	0.963 ± 0.064405	0.496 ± 0.247403	0.936 ± 0.110695	0.5764 ± 0.335417	0.0867 ± 0.085371	0.626 ± 0.308451	0.957 ± 0.073158	0.561 ± 0.244928	0.946 ± 0.092469	0.742 ± 0.135823	0.957 ± 0.073158	0.884 ± 0.255661	1.000 ± 0.000000	0.854 ± 0.139578	1.000 ± 0.000636	0.838 ± 0.148687	1.000 ± 0.000537	0.570 ± 0.244184	0.936 ± 0.110695	0.926 ± 0.173570	1.000 ± 0.000000
