	mean_best_threshold_tuning_score	mean_best_threshold	mean_test_average_precision	mean_train_average_precision	mean_test_balanced_accuracy	mean_train_balanced_accuracy	mean_test_brier_loss	mean_train_brier_loss	mean_test_f1	mean_train_f1	mean_test_informedness	mean_train_informedness	mean_test_log_loss	mean_train_log_loss	mean_test_markedness	mean_train_markedness	mean_test_mcc	mean_train_mcc	mean_test_negative_predictive_value	mean_train_negative_predictive_value	mean_test_precision	mean_train_precision	mean_test_precision_recall_auc	mean_train_precision_recall_auc	mean_test_roc_auc	mean_train_roc_auc	mean_test_sensitivity	mean_train_sensitivity	mean_test_specificity	mean_train_specificity
mcc	nan	nan	0.854 ± 0.143299	0.999 ± 0.003321	0.708 ± 0.111196	0.985 ± 0.039141	0.17852 ± 0.076788	0.03080 ± 0.044843	0.593 ± 0.212121	0.983 ± 0.044979	0.415 ± 0.222393	0.970 ± 0.078281	0.6723 ± 0.547095	0.1265 ± 0.140897	0.556 ± 0.321257	0.979 ± 0.053731	0.486 ± 0.227879	0.974 ± 0.066318	0.710 ± 0.114795	0.980 ± 0.053811	0.846 ± 0.284204	1.000 ± 0.003074	0.833 ± 0.170200	0.999 ± 0.003348	0.807 ± 0.177082	0.999 ± 0.004212	0.500 ± 0.235702	0.970 ± 0.078384	0.915 ± 0.182178	1.000 ± 0.002773
precision_recall_auc	nan	nan	0.885 ± 0.135144	0.999 ± 0.003692	0.741 ± 0.134805	0.966 ± 0.054805	0.16316 ± 0.083699	0.02395 ± 0.030584	0.635 ± 0.242470	0.961 ± 0.063193	0.482 ± 0.269611	0.932 ± 0.109611	0.5725 ± 0.371296	0.1050 ± 0.101290	0.599 ± 0.339177	0.953 ± 0.074342	0.543 ± 0.263345	0.942 ± 0.092419	0.742 ± 0.144110	0.953 ± 0.074342	0.857 ± 0.280690	1.000 ± 0.000000	0.868 ± 0.159117	0.999 ± 0.003726	0.857 ± 0.160533	0.999 ± 0.004543	0.557 ± 0.279415	0.932 ± 0.109611	0.925 ± 0.162019	1.000 ± 0.000000
roc_auc	nan	nan	0.884 ± 0.132702	1.000 ± 0.000629	0.730 ± 0.135317	0.968 ± 0.055348	0.16174 ± 0.082033	0.01815 ± 0.023203	0.625 ± 0.230327	0.963 ± 0.064405	0.460 ± 0.270634	0.936 ± 0.110695	0.5547 ± 0.352467	0.0867 ± 0.085371	0.596 ± 0.337945	0.957 ± 0.073158	0.525 ± 0.275241	0.946 ± 0.092469	0.731 ± 0.141820	0.957 ± 0.073158	0.865 ± 0.282256	1.000 ± 0.000000	0.867 ± 0.158858	1.000 ± 0.000636	0.858 ± 0.152179	1.000 ± 0.000537	0.540 ± 0.264725	0.936 ± 0.110695	0.920 ± 0.185439	1.000 ± 0.000000
