	mean_best_threshold_tuning_score	mean_best_threshold	mean_test_average_precision	mean_train_average_precision	mean_test_balanced_accuracy	mean_train_balanced_accuracy	mean_test_brier_loss	mean_train_brier_loss	mean_test_f1	mean_train_f1	mean_test_informedness	mean_train_informedness	mean_test_log_loss	mean_train_log_loss	mean_test_markedness	mean_train_markedness	mean_test_mcc	mean_train_mcc	mean_test_negative_predictive_value	mean_train_negative_predictive_value	mean_test_precision	mean_train_precision	mean_test_precision_recall_auc	mean_train_precision_recall_auc	mean_test_roc_auc	mean_train_roc_auc	mean_test_sensitivity	mean_train_sensitivity	mean_test_specificity	mean_train_specificity
mcc	nan	nan	0.905 ± 0.107499	1.000 ± 0.000000	0.814 ± 0.125572	1.000 ± 0.000000	0.13932 ± 0.052315	0.01167 ± 0.002601	0.781 ± 0.153282	1.000 ± 0.000000	0.629 ± 0.251143	1.000 ± 0.000000	0.4347 ± 0.127572	0.0868 ± 0.011619	0.681 ± 0.249234	1.000 ± 0.000000	0.652 ± 0.246708	1.000 ± 0.000000	0.841 ± 0.152057	1.000 ± 0.000000	0.840 ± 0.178047	1.000 ± 0.000000	0.890 ± 0.135032	1.000 ± 0.000000	0.906 ± 0.105935	1.000 ± 0.000000	0.777 ± 0.216549	1.000 ± 0.000000	0.852 ± 0.163807	1.000 ± 0.000000
precision_recall_auc	nan	nan	0.920 ± 0.102908	1.000 ± 0.000000	0.806 ± 0.120109	1.000 ± 0.000000	0.13194 ± 0.050876	0.01104 ± 0.002035	0.768 ± 0.154502	1.000 ± 0.000000	0.613 ± 0.240218	1.000 ± 0.000000	0.4170 ± 0.135118	0.0839 ± 0.009480	0.670 ± 0.231696	1.000 ± 0.000000	0.638 ± 0.231725	1.000 ± 0.000000	0.834 ± 0.154414	1.000 ± 0.000000	0.836 ± 0.166713	1.000 ± 0.000000	0.909 ± 0.120109	1.000 ± 0.000000	0.918 ± 0.108294	1.000 ± 0.000000	0.762 ± 0.230848	1.000 ± 0.000000	0.851 ± 0.151014	1.000 ± 0.000000
roc_auc	nan	nan	0.918 ± 0.096871	1.000 ± 0.000000	0.803 ± 0.118803	1.000 ± 0.000000	0.13336 ± 0.047790	0.01124 ± 0.002120	0.767 ± 0.148183	1.000 ± 0.000000	0.605 ± 0.237605	1.000 ± 0.000000	0.4201 ± 0.120680	0.0847 ± 0.010138	0.664 ± 0.238413	1.000 ± 0.000000	0.631 ± 0.233533	1.000 ± 0.000000	0.829 ± 0.146150	1.000 ± 0.000000	0.835 ± 0.176969	1.000 ± 0.000000	0.905 ± 0.119380	1.000 ± 0.000000	0.914 ± 0.098456	1.000 ± 0.000000	0.758 ± 0.214451	1.000 ± 0.000000	0.847 ± 0.163011	1.000 ± 0.000000
