	mean_best_threshold_tuning_score	mean_best_threshold	mean_test_average_precision	mean_train_average_precision	mean_test_balanced_accuracy	mean_train_balanced_accuracy	mean_test_brier_loss	mean_train_brier_loss	mean_test_f1	mean_train_f1	mean_test_informedness	mean_train_informedness	mean_test_log_loss	mean_train_log_loss	mean_test_markedness	mean_train_markedness	mean_test_mcc	mean_train_mcc	mean_test_negative_predictive_value	mean_train_negative_predictive_value	mean_test_precision	mean_train_precision	mean_test_precision_recall_auc	mean_train_precision_recall_auc	mean_test_roc_auc	mean_train_roc_auc	mean_test_sensitivity	mean_train_sensitivity	mean_test_specificity	mean_train_specificity
mcc	nan	nan	0.866 ± 0.124613	0.992 ± 0.017410	0.752 ± 0.136879	0.975 ± 0.041424	0.17031 ± 0.065116	0.04888 ± 0.034089	0.710 ± 0.162293	0.973 ± 0.045707	0.503 ± 0.273758	0.951 ± 0.082849	0.5147 ± 0.169135	0.2190 ± 0.098613	0.568 ± 0.274783	0.958 ± 0.073900	0.532 ± 0.270100	0.954 ± 0.078235	0.801 ± 0.178034	0.970 ± 0.048137	0.767 ± 0.205149	0.987 ± 0.033623	0.846 ± 0.146685	0.992 ± 0.017832	0.847 ± 0.148546	0.989 ± 0.023895	0.733 ± 0.246288	0.961 ± 0.064534	0.770 ± 0.211891	0.990 ± 0.028017
precision_recall_auc	nan	nan	0.872 ± 0.127107	0.991 ± 0.016426	0.756 ± 0.150679	0.974 ± 0.039777	0.16688 ± 0.070943	0.05104 ± 0.028608	0.720 ± 0.177115	0.972 ± 0.044178	0.512 ± 0.301358	0.949 ± 0.079554	0.5116 ± 0.192837	0.2247 ± 0.085445	0.575 ± 0.299373	0.957 ± 0.068454	0.540 ± 0.296496	0.953 ± 0.073850	0.814 ± 0.186135	0.969 ± 0.047071	0.761 ± 0.204977	0.989 ± 0.029904	0.852 ± 0.152089	0.991 ± 0.016833	0.852 ± 0.151798	0.989 ± 0.021468	0.750 ± 0.251413	0.958 ± 0.065287	0.762 ± 0.221442	0.991 ± 0.024426
roc_auc	nan	nan	0.873 ± 0.129817	0.989 ± 0.017512	0.772 ± 0.145452	0.967 ± 0.040909	0.16422 ± 0.071227	0.05469 ± 0.029362	0.731 ± 0.178904	0.964 ± 0.045496	0.544 ± 0.290903	0.933 ± 0.081818	0.5052 ± 0.193609	0.2335 ± 0.086657	0.609 ± 0.279880	0.943 ± 0.071881	0.573 ± 0.281936	0.938 ± 0.076661	0.826 ± 0.178470	0.959 ± 0.047662	0.783 ± 0.203177	0.984 ± 0.033178	0.853 ± 0.155603	0.989 ± 0.017947	0.859 ± 0.148328	0.986 ± 0.022857	0.757 ± 0.258550	0.946 ± 0.065667	0.787 ± 0.209667	0.987 ± 0.026786
