	mean_best_threshold_tuning_score	mean_best_threshold	mean_test_average_precision	mean_train_average_precision	mean_test_balanced_accuracy	mean_train_balanced_accuracy	mean_test_brier_loss	mean_train_brier_loss	mean_test_f1	mean_train_f1	mean_test_informedness	mean_train_informedness	mean_test_log_loss	mean_train_log_loss	mean_test_markedness	mean_train_markedness	mean_test_mcc	mean_train_mcc	mean_test_negative_predictive_value	mean_train_negative_predictive_value	mean_test_precision	mean_train_precision	mean_test_precision_recall_auc	mean_train_precision_recall_auc	mean_test_roc_auc	mean_train_roc_auc	mean_test_sensitivity	mean_train_sensitivity	mean_test_specificity	mean_train_specificity
mcc	nan	nan	0.934 ± 0.085690	0.974 ± 0.013516	0.832 ± 0.121678	0.925 ± 0.035664	0.12770 ± 0.051781	0.07378 ± 0.023831	0.794 ± 0.154487	0.918 ± 0.039964	0.664 ± 0.243355	0.851 ± 0.071327	0.4297 ± 0.166058	0.2782 ± 0.073610	0.723 ± 0.226476	0.867 ± 0.066781	0.691 ± 0.232041	0.859 ± 0.068874	0.836 ± 0.140916	0.912 ± 0.039575	0.887 ± 0.168022	0.954 ± 0.034523	0.924 ± 0.102743	0.974 ± 0.013617	0.922 ± 0.098552	0.972 ± 0.014541	0.760 ± 0.214047	0.886 ± 0.053134	0.904 ± 0.145980	0.965 ± 0.028009
precision_recall_auc	nan	nan	0.944 ± 0.071469	0.971 ± 0.014957	0.842 ± 0.112882	0.916 ± 0.037926	0.12392 ± 0.049068	0.07876 ± 0.025393	0.810 ± 0.140854	0.908 ± 0.042968	0.684 ± 0.225764	0.833 ± 0.075853	0.4286 ± 0.176194	0.2913 ± 0.079705	0.748 ± 0.201990	0.852 ± 0.067963	0.713 ± 0.210965	0.842 ± 0.071643	0.847 ± 0.135482	0.902 ± 0.043596	0.901 ± 0.154008	0.950 ± 0.032421	0.937 ± 0.081051	0.971 ± 0.014732	0.930 ± 0.090016	0.970 ± 0.015251	0.777 ± 0.204429	0.870 ± 0.061499	0.907 ± 0.152198	0.962 ± 0.026075
roc_auc	nan	nan	0.937 ± 0.070313	0.970 ± 0.015228	0.831 ± 0.109657	0.906 ± 0.042037	0.12698 ± 0.048406	0.08079 ± 0.025822	0.801 ± 0.136071	0.896 ± 0.047419	0.663 ± 0.219314	0.812 ± 0.084074	0.4311 ± 0.172572	0.2958 ± 0.080612	0.724 ± 0.201588	0.829 ± 0.078662	0.691 ± 0.206886	0.821 ± 0.081060	0.847 ± 0.133203	0.896 ± 0.046055	0.877 ± 0.155511	0.933 ± 0.041064	0.929 ± 0.079611	0.970 ± 0.015045	0.921 ± 0.088688	0.970 ± 0.015239	0.780 ± 0.201159	0.863 ± 0.063894	0.883 ± 0.154725	0.949 ± 0.033375
