	mean_best_threshold_tuning_score	mean_best_threshold	mean_test_average_precision	mean_train_average_precision	mean_test_balanced_accuracy	mean_train_balanced_accuracy	mean_test_brier_loss	mean_train_brier_loss	mean_test_f1	mean_train_f1	mean_test_informedness	mean_train_informedness	mean_test_log_loss	mean_train_log_loss	mean_test_markedness	mean_train_markedness	mean_test_mcc	mean_train_mcc	mean_test_negative_predictive_value	mean_train_negative_predictive_value	mean_test_precision	mean_train_precision	mean_test_precision_recall_auc	mean_train_precision_recall_auc	mean_test_roc_auc	mean_train_roc_auc	mean_test_sensitivity	mean_train_sensitivity	mean_test_specificity	mean_train_specificity
mcc	nan	nan	0.956 ± 0.057471	0.974 ± 0.013516	0.878 ± 0.109682	0.925 ± 0.035664	0.11029 ± 0.049100	0.07378 ± 0.023832	0.842 ± 0.156962	0.918 ± 0.039964	0.755 ± 0.219364	0.851 ± 0.071327	0.3828 ± 0.144331	0.2782 ± 0.073611	0.829 ± 0.147735	0.867 ± 0.066781	0.788 ± 0.184961	0.859 ± 0.068874	0.860 ± 0.126966	0.912 ± 0.039575	0.970 ± 0.094622	0.954 ± 0.034523	0.951 ± 0.063677	0.974 ± 0.013617	0.941 ± 0.080023	0.972 ± 0.014541	0.780 ± 0.218062	0.886 ± 0.053134	0.975 ± 0.079700	0.965 ± 0.028009
precision_recall_auc	nan	nan	0.955 ± 0.056923	0.971 ± 0.014850	0.880 ± 0.105812	0.916 ± 0.037727	0.10991 ± 0.046345	0.07874 ± 0.025340	0.847 ± 0.149183	0.908 ± 0.042767	0.760 ± 0.211624	0.832 ± 0.075453	0.3825 ± 0.132840	0.2912 ± 0.079584	0.832 ± 0.146729	0.852 ± 0.067674	0.793 ± 0.180056	0.842 ± 0.071298	0.859 ± 0.123751	0.902 ± 0.043176	0.974 ± 0.091479	0.950 ± 0.032421	0.950 ± 0.064515	0.971 ± 0.014635	0.944 ± 0.074097	0.970 ± 0.015080	0.780 ± 0.207403	0.870 ± 0.061022	0.980 ± 0.072843	0.962 ± 0.026075
roc_auc	nan	nan	0.948 ± 0.056077	0.970 ± 0.015237	0.856 ± 0.107826	0.906 ± 0.042037	0.11430 ± 0.044642	0.08079 ± 0.025822	0.822 ± 0.144896	0.896 ± 0.047419	0.712 ± 0.215652	0.812 ± 0.084074	0.3888 ± 0.127380	0.2958 ± 0.080614	0.780 ± 0.173221	0.829 ± 0.078662	0.743 ± 0.192343	0.821 ± 0.081060	0.854 ± 0.127733	0.896 ± 0.046055	0.926 ± 0.130504	0.933 ± 0.041064	0.942 ± 0.063584	0.970 ± 0.015056	0.935 ± 0.072737	0.970 ± 0.015252	0.778 ± 0.207983	0.863 ± 0.063894	0.934 ± 0.121403	0.949 ± 0.033375
