	mean_best_threshold_tuning_score	mean_best_threshold	mean_test_average_precision	mean_train_average_precision	mean_test_balanced_accuracy	mean_train_balanced_accuracy	mean_test_brier_loss	mean_train_brier_loss	mean_test_f1	mean_train_f1	mean_test_informedness	mean_train_informedness	mean_test_log_loss	mean_train_log_loss	mean_test_markedness	mean_train_markedness	mean_test_mcc	mean_train_mcc	mean_test_negative_predictive_value	mean_train_negative_predictive_value	mean_test_precision	mean_train_precision	mean_test_precision_recall_auc	mean_train_precision_recall_auc	mean_test_roc_auc	mean_train_roc_auc	mean_test_sensitivity	mean_train_sensitivity	mean_test_specificity	mean_train_specificity
mcc	nan	nan	0.906 ± 0.109164	0.974 ± 0.013442	0.828 ± 0.135098	0.925 ± 0.035664	0.14508 ± 0.060270	0.07374 ± 0.023784	0.804 ± 0.157681	0.918 ± 0.039964	0.657 ± 0.270195	0.851 ± 0.071327	0.4770 ± 0.165421	0.2781 ± 0.073499	0.688 ± 0.260794	0.867 ± 0.066781	0.671 ± 0.264128	0.859 ± 0.068874	0.867 ± 0.144628	0.912 ± 0.039575	0.821 ± 0.185861	0.954 ± 0.034523	0.894 ± 0.129630	0.974 ± 0.013545	0.885 ± 0.130926	0.972 ± 0.014464	0.825 ± 0.195796	0.886 ± 0.053134	0.832 ± 0.185648	0.965 ± 0.028009
precision_recall_auc	nan	nan	0.915 ± 0.100036	0.971 ± 0.014868	0.826 ± 0.129488	0.916 ± 0.037774	0.13642 ± 0.053328	0.07883 ± 0.025388	0.800 ± 0.151654	0.907 ± 0.042810	0.651 ± 0.258975	0.832 ± 0.075549	0.4612 ± 0.154016	0.2914 ± 0.079702	0.679 ± 0.251755	0.852 ± 0.067769	0.664 ± 0.253595	0.842 ± 0.071395	0.862 ± 0.143452	0.902 ± 0.043318	0.817 ± 0.176448	0.950 ± 0.032420	0.906 ± 0.114403	0.971 ± 0.014657	0.892 ± 0.128565	0.970 ± 0.015152	0.820 ± 0.194423	0.870 ± 0.061129	0.831 ± 0.169600	0.962 ± 0.026075
roc_auc	nan	nan	0.923 ± 0.090559	0.970 ± 0.015217	0.832 ± 0.120609	0.906 ± 0.041873	0.13584 ± 0.051850	0.08073 ± 0.025773	0.805 ± 0.147481	0.896 ± 0.047208	0.663 ± 0.241218	0.812 ± 0.083745	0.4550 ± 0.149177	0.2956 ± 0.080522	0.693 ± 0.235342	0.830 ± 0.078299	0.677 ± 0.236720	0.821 ± 0.080699	0.864 ± 0.132920	0.896 ± 0.046006	0.829 ± 0.171628	0.934 ± 0.041013	0.916 ± 0.099755	0.970 ± 0.015029	0.900 ± 0.120480	0.970 ± 0.015323	0.818 ± 0.188750	0.863 ± 0.063894	0.845 ± 0.157872	0.949 ± 0.033427
