	mean_best_threshold_tuning_score	mean_best_threshold	mean_test_average_precision	mean_train_average_precision	mean_test_balanced_accuracy	mean_train_balanced_accuracy	mean_test_brier_loss	mean_train_brier_loss	mean_test_f1	mean_train_f1	mean_test_informedness	mean_train_informedness	mean_test_log_loss	mean_train_log_loss	mean_test_markedness	mean_train_markedness	mean_test_mcc	mean_train_mcc	mean_test_negative_predictive_value	mean_train_negative_predictive_value	mean_test_precision	mean_train_precision	mean_test_precision_recall_auc	mean_train_precision_recall_auc	mean_test_roc_auc	mean_train_roc_auc	mean_test_sensitivity	mean_train_sensitivity	mean_test_specificity	mean_train_specificity
mcc	nan	nan	0.923 ± 0.082229	1.000 ± 0.000000	0.838 ± 0.099817	1.000 ± 0.000000	0.12940 ± 0.062346	0.01106 ± 0.001982	0.811 ± 0.117752	1.000 ± 0.000000	0.676 ± 0.199634	1.000 ± 0.000000	0.4114 ± 0.164305	0.0799 ± 0.011609	0.714 ± 0.193821	1.000 ± 0.000000	0.694 ± 0.194219	1.000 ± 0.000000	0.851 ± 0.115756	1.000 ± 0.000000	0.863 ± 0.165525	1.000 ± 0.000000	0.914 ± 0.092449	1.000 ± 0.000000	0.908 ± 0.115037	1.000 ± 0.000000	0.798 ± 0.166743	1.000 ± 0.000000	0.878 ± 0.159770	1.000 ± 0.000000
precision_recall_auc	nan	nan	0.918 ± 0.093628	1.000 ± 0.000000	0.842 ± 0.107228	1.000 ± 0.000000	0.12691 ± 0.062952	0.01060 ± 0.002050	0.819 ± 0.123059	1.000 ± 0.000000	0.684 ± 0.214455	1.000 ± 0.000000	0.4148 ± 0.179345	0.0766 ± 0.011546	0.722 ± 0.209860	1.000 ± 0.000000	0.702 ± 0.210171	1.000 ± 0.000000	0.852 ± 0.115077	1.000 ± 0.000000	0.870 ± 0.169556	1.000 ± 0.000000	0.909 ± 0.109325	1.000 ± 0.000000	0.907 ± 0.113431	1.000 ± 0.000000	0.803 ± 0.161273	1.000 ± 0.000000	0.881 ± 0.168695	1.000 ± 0.000000
roc_auc	nan	nan	0.910 ± 0.108205	1.000 ± 0.000000	0.847 ± 0.112874	1.000 ± 0.000000	0.12614 ± 0.062240	0.01025 ± 0.002060	0.821 ± 0.137176	1.000 ± 0.000000	0.694 ± 0.225749	1.000 ± 0.000000	0.4091 ± 0.172759	0.0739 ± 0.010622	0.733 ± 0.212323	1.000 ± 0.000000	0.712 ± 0.216796	1.000 ± 0.000000	0.864 ± 0.119046	1.000 ± 0.000000	0.870 ± 0.169556	1.000 ± 0.000000	0.896 ± 0.134490	1.000 ± 0.000000	0.902 ± 0.116294	1.000 ± 0.000000	0.812 ± 0.179608	1.000 ± 0.000000	0.882 ± 0.165295	1.000 ± 0.000000
