	mean_ncv_average_precision	mean_ncv_balanced_accuracy	mean_ncv_brier_loss	mean_ncv_f1	mean_ncv_informedness	mean_ncv_log_loss	mean_ncv_markedness	mean_ncv_mcc	mean_ncv_negative_predictive_value	mean_ncv_precision	mean_ncv_precision_recall_auc	mean_ncv_roc_auc	mean_ncv_sensitivity	mean_ncv_specificity
mcc	0.736 ± 0.056612	0.707 ± 0.051194	0.21122 ± 0.027551	0.657 ± 0.066498	0.415 ± 0.102388	0.7723 ± 0.333189	0.438 ± 0.099684	0.426 ± 0.100665	0.717 ± 0.049524	0.722 ± 0.056612	0.726 ± 0.062332	0.738 ± 0.058328	0.606 ± 0.084660	0.809 ± 0.041770
precision_recall_auc	0.828 ± 0.062502	0.737 ± 0.049427	0.17718 ± 0.038040	0.683 ± 0.076076	0.475 ± 0.098855	0.6536 ± 0.163794	0.519 ± 0.078756	0.496 ± 0.088749	0.735 ± 0.052452	0.785 ± 0.038543	0.823 ± 0.064205	0.803 ± 0.072281	0.611 ± 0.107981	0.864 ± 0.030303
roc_auc	0.815 ± 0.061718	0.736 ± 0.045924	0.18143 ± 0.034138	0.684 ± 0.073267	0.472 ± 0.091847	0.6053 ± 0.137728	0.510 ± 0.067362	0.490 ± 0.079565	0.738 ± 0.052090	0.772 ± 0.029227	0.810 ± 0.064241	0.800 ± 0.065784	0.622 ± 0.110492	0.850 ± 0.030679
