	mean_best_threshold_tuning_score	mean_best_threshold	mean_test_average_precision	mean_train_average_precision	mean_test_balanced_accuracy	mean_train_balanced_accuracy	mean_test_brier_loss	mean_train_brier_loss	mean_test_f1	mean_train_f1	mean_test_informedness	mean_train_informedness	mean_test_log_loss	mean_train_log_loss	mean_test_markedness	mean_train_markedness	mean_test_mcc	mean_train_mcc	mean_test_negative_predictive_value	mean_train_negative_predictive_value	mean_test_precision	mean_train_precision	mean_test_precision_recall_auc	mean_train_precision_recall_auc	mean_test_roc_auc	mean_train_roc_auc	mean_test_sensitivity	mean_train_sensitivity	mean_test_specificity	mean_train_specificity
mcc	nan	nan	0.839 ± 0.148448	1.000 ± 0.000669	0.724 ± 0.149997	0.988 ± 0.035274	0.19991 ± 0.079234	0.05585 ± 0.048916	0.631 ± 0.263430	0.987 ± 0.040522	0.447 ± 0.299994	0.976 ± 0.070548	0.6721 ± 0.444394	0.2225 ± 0.134742	0.462 ± 0.400631	0.984 ± 0.047362	0.463 ± 0.321566	0.980 ± 0.059253	0.754 ± 0.159175	0.984 ± 0.047362	0.708 ± 0.300023	1.000 ± 0.000000	0.811 ± 0.180341	1.000 ± 0.000676	0.823 ± 0.154359	1.000 ± 0.000640	0.615 ± 0.299229	0.976 ± 0.070548	0.832 ± 0.148035	1.000 ± 0.000000
precision_recall_auc	nan	nan	0.869 ± 0.125214	1.000 ± 0.000413	0.715 ± 0.134669	0.981 ± 0.044502	0.19460 ± 0.077490	0.04552 ± 0.032749	0.605 ± 0.269764	0.978 ± 0.051246	0.430 ± 0.269338	0.961 ± 0.089005	0.6613 ± 0.343486	0.1926 ± 0.093367	0.437 ± 0.399865	0.973 ± 0.060795	0.453 ± 0.283760	0.967 ± 0.075247	0.737 ± 0.146681	0.973 ± 0.060795	0.699 ± 0.314537	1.000 ± 0.000000	0.849 ± 0.149015	1.000 ± 0.000418	0.841 ± 0.149832	1.000 ± 0.000378	0.577 ± 0.296828	0.961 ± 0.089005	0.853 ± 0.149969	1.000 ± 0.000000
roc_auc	nan	nan	0.870 ± 0.126843	0.999 ± 0.002863	0.720 ± 0.158286	0.977 ± 0.049155	0.19136 ± 0.079105	0.03553 ± 0.032437	0.598 ± 0.311286	0.973 ± 0.057070	0.441 ± 0.316572	0.953 ± 0.098310	0.6075 ± 0.272017	0.1590 ± 0.097101	0.402 ± 0.461073	0.968 ± 0.065589	0.457 ± 0.321143	0.960 ± 0.082418	0.749 ± 0.164994	0.968 ± 0.065589	0.653 ± 0.344222	1.000 ± 0.000000	0.848 ± 0.155438	0.999 ± 0.002889	0.855 ± 0.133483	0.999 ± 0.002987	0.590 ± 0.335807	0.953 ± 0.098310	0.851 ± 0.166136	1.000 ± 0.000000
