	mean_best_threshold_tuning_score	mean_best_threshold	mean_test_average_precision	mean_train_average_precision	mean_test_balanced_accuracy	mean_train_balanced_accuracy	mean_test_brier_loss	mean_train_brier_loss	mean_test_f1	mean_train_f1	mean_test_informedness	mean_train_informedness	mean_test_log_loss	mean_train_log_loss	mean_test_markedness	mean_train_markedness	mean_test_mcc	mean_train_mcc	mean_test_negative_predictive_value	mean_train_negative_predictive_value	mean_test_precision	mean_train_precision	mean_test_precision_recall_auc	mean_train_precision_recall_auc	mean_test_roc_auc	mean_train_roc_auc	mean_test_sensitivity	mean_train_sensitivity	mean_test_specificity	mean_train_specificity
mcc	nan	nan	0.780 ± 0.144023	0.950 ± 0.038544	0.654 ± 0.137233	0.901 ± 0.060597	0.22716 ± 0.051992	0.13493 ± 0.039678	0.611 ± 0.171373	0.892 ± 0.065778	0.309 ± 0.274466	0.802 ± 0.121194	0.6539 ± 0.138993	0.4468 ± 0.091025	0.331 ± 0.316799	0.800 ± 0.121956	0.318 ± 0.289763	0.801 ± 0.121508	0.720 ± 0.199945	0.929 ± 0.054822	0.611 ± 0.185525	0.871 ± 0.079958	0.742 ± 0.175963	0.948 ± 0.040009	0.742 ± 0.178693	0.943 ± 0.041724	0.662 ± 0.240706	0.917 ± 0.067242	0.647 ± 0.205141	0.885 ± 0.074405
precision_recall_auc	nan	nan	0.634 ± 0.193261	0.703 ± 0.316426	0.574 ± 0.109356	0.778 ± 0.216439	0.24628 ± 0.039233	0.20732 ± 0.167816	0.344 ± 0.307793	0.595 ± 0.453681	0.148 ± 0.218711	0.556 ± 0.432878	0.6944 ± 0.095798	0.6377 ± 0.525781	0.006 ± 0.437729	0.392 ± 0.646827	0.164 ± 0.238313	0.555 ± 0.432382	0.641 ± 0.165325	0.812 ± 0.202201	0.365 ± 0.335221	0.580 ± 0.445319	0.631 ± 0.210381	0.669 ± 0.352239	0.568 ± 0.239656	0.565 ± 0.464011	0.372 ± 0.363908	0.611 ± 0.464469	0.776 ± 0.252385	0.945 ± 0.078227
roc_auc	nan	nan	0.707 ± 0.188084	0.795 ± 0.280450	0.612 ± 0.137550	0.819 ± 0.167088	0.24134 ± 0.052418	0.17414 ± 0.110402	0.478 ± 0.289520	0.711 ± 0.362636	0.223 ± 0.275100	0.637 ± 0.334175	0.6942 ± 0.147436	0.5413 ± 0.312061	0.155 ± 0.432228	0.546 ± 0.510743	0.237 ± 0.290557	0.636 ± 0.333656	0.688 ± 0.212460	0.855 ± 0.160315	0.467 ± 0.293749	0.690 ± 0.353823	0.675 ± 0.213539	0.786 ± 0.293934	0.641 ± 0.247635	0.721 ± 0.397316	0.538 ± 0.359599	0.736 ± 0.376059	0.685 ± 0.256795	0.901 ± 0.077210
