	mean_best_threshold_tuning_score	mean_best_threshold	mean_test_average_precision	mean_train_average_precision	mean_test_balanced_accuracy	mean_train_balanced_accuracy	mean_test_brier_loss	mean_train_brier_loss	mean_test_f1	mean_train_f1	mean_test_informedness	mean_train_informedness	mean_test_log_loss	mean_train_log_loss	mean_test_markedness	mean_train_markedness	mean_test_mcc	mean_train_mcc	mean_test_negative_predictive_value	mean_train_negative_predictive_value	mean_test_precision	mean_train_precision	mean_test_precision_recall_auc	mean_train_precision_recall_auc	mean_test_roc_auc	mean_train_roc_auc	mean_test_sensitivity	mean_train_sensitivity	mean_test_specificity	mean_train_specificity
mcc	nan	nan	0.793 ± 0.153302	0.990 ± 0.023758	0.675 ± 0.141180	0.963 ± 0.064641	0.22117 ± 0.079028	0.03018 ± 0.046981	0.665 ± 0.163072	0.961 ± 0.066887	0.349 ± 0.282360	0.926 ± 0.129282	0.7269 ± 0.321276	0.1274 ± 0.149853	0.375 ± 0.354771	0.925 ± 0.128604	0.371 ± 0.290220	0.926 ± 0.128908	0.761 ± 0.246433	0.982 ± 0.038268	0.614 ± 0.191009	0.943 ± 0.095817	0.754 ± 0.190247	0.990 ± 0.023936	0.775 ± 0.162760	0.986 ± 0.034091	0.783 ± 0.232676	0.981 ± 0.038243	0.566 ± 0.259796	0.945 ± 0.097008
precision_recall_auc	nan	nan	0.847 ± 0.146887	0.997 ± 0.009644	0.717 ± 0.152361	0.978 ± 0.042268	0.19819 ± 0.097043	0.01626 ± 0.025315	0.712 ± 0.147374	0.975 ± 0.046405	0.435 ± 0.304722	0.956 ± 0.084535	0.6755 ± 0.383863	0.0846 ± 0.089044	0.475 ± 0.337783	0.955 ± 0.086264	0.457 ± 0.307120	0.955 ± 0.085356	0.803 ± 0.224636	0.989 ± 0.026708	0.672 ± 0.193779	0.966 ± 0.069929	0.822 ± 0.176316	0.997 ± 0.009721	0.822 ± 0.162557	0.996 ± 0.012179	0.812 ± 0.208119	0.987 ± 0.031159	0.623 ± 0.253991	0.968 ± 0.066218
roc_auc	nan	nan	0.840 ± 0.147659	0.998 ± 0.009113	0.726 ± 0.156762	0.986 ± 0.035224	0.19151 ± 0.100102	0.01053 ± 0.022065	0.715 ± 0.179172	0.985 ± 0.038501	0.451 ± 0.313524	0.973 ± 0.070449	0.6625 ± 0.386508	0.0666 ± 0.072436	0.474 ± 0.353554	0.972 ± 0.070127	0.466 ± 0.319154	0.972 ± 0.070257	0.810 ± 0.220825	0.996 ± 0.015107	0.664 ± 0.198931	0.975 ± 0.060561	0.810 ± 0.183213	0.998 ± 0.009191	0.825 ± 0.142591	0.998 ± 0.010755	0.813 ± 0.226228	0.996 ± 0.018437	0.638 ± 0.241500	0.977 ± 0.060315
