	mean_ncv_average_precision	mean_ncv_balanced_accuracy	mean_ncv_brier_loss	mean_ncv_f1	mean_ncv_informedness	mean_ncv_log_loss	mean_ncv_markedness	mean_ncv_mcc	mean_ncv_negative_predictive_value	mean_ncv_precision	mean_ncv_precision_recall_auc	mean_ncv_roc_auc	mean_ncv_sensitivity	mean_ncv_specificity
mcc	0.694 ± 0.082790	0.630 ± 0.043188	0.22638 ± 0.019144	0.662 ± 0.039399	0.260 ± 0.086377	0.6944 ± 0.101090	0.321 ± 0.110388	0.289 ± 0.096487	0.781 ± 0.084804	0.541 ± 0.030739	0.679 ± 0.088398	0.733 ± 0.064059	0.856 ± 0.070273	0.405 ± 0.058486
precision_recall_auc	0.749 ± 0.048319	0.691 ± 0.048883	0.19843 ± 0.013770	0.707 ± 0.038637	0.381 ± 0.097766	0.5944 ± 0.059530	0.423 ± 0.090143	0.401 ± 0.093640	0.828 ± 0.050439	0.595 ± 0.046902	0.737 ± 0.054241	0.791 ± 0.030378	0.872 ± 0.037497	0.509 ± 0.085173
roc_auc	0.743 ± 0.057451	0.674 ± 0.037521	0.20221 ± 0.018193	0.689 ± 0.032197	0.349 ± 0.075042	0.6193 ± 0.066359	0.385 ± 0.076462	0.366 ± 0.075102	0.801 ± 0.052910	0.584 ± 0.033893	0.729 ± 0.064805	0.793 ± 0.037007	0.844 ± 0.057378	0.505 ± 0.072506
