	mean_best_threshold_tuning_score	mean_best_threshold	mean_test_average_precision	mean_train_average_precision	mean_test_balanced_accuracy	mean_train_balanced_accuracy	mean_test_brier_loss	mean_train_brier_loss	mean_test_f1	mean_train_f1	mean_test_informedness	mean_train_informedness	mean_test_log_loss	mean_train_log_loss	mean_test_markedness	mean_train_markedness	mean_test_mcc	mean_train_mcc	mean_test_negative_predictive_value	mean_train_negative_predictive_value	mean_test_precision	mean_train_precision	mean_test_precision_recall_auc	mean_train_precision_recall_auc	mean_test_roc_auc	mean_train_roc_auc	mean_test_sensitivity	mean_train_sensitivity	mean_test_specificity	mean_train_specificity
mcc	nan	nan	0.916 ± 0.112161	0.968 ± 0.016436	0.858 ± 0.121233	0.910 ± 0.035561	0.12033 ± 0.073069	0.06552 ± 0.019439	0.824 ± 0.157940	0.901 ± 0.041156	0.715 ± 0.242466	0.821 ± 0.071122	0.4131 ± 0.231637	0.2369 ± 0.056506	0.767 ± 0.226715	0.855 ± 0.067118	0.739 ± 0.232132	0.838 ± 0.068421	0.852 ± 0.132899	0.886 ± 0.039461	0.915 ± 0.155388	0.969 ± 0.042208	0.905 ± 0.130711	0.968 ± 0.016638	0.892 ± 0.133729	0.964 ± 0.021254	0.780 ± 0.207403	0.844 ± 0.057177	0.935 ± 0.116168	0.976 ± 0.033909
precision_recall_auc	nan	nan	0.917 ± 0.103922	0.964 ± 0.018209	0.828 ± 0.131985	0.902 ± 0.043749	0.12973 ± 0.079259	0.07111 ± 0.024183	0.788 ± 0.184670	0.890 ± 0.053809	0.656 ± 0.263969	0.803 ± 0.087498	0.4610 ± 0.324414	0.2520 ± 0.069402	0.686 ± 0.286563	0.836 ± 0.072007	0.674 ± 0.255363	0.819 ± 0.079094	0.835 ± 0.136471	0.880 ± 0.050217	0.851 ± 0.208265	0.957 ± 0.038541	0.906 ± 0.121839	0.964 ± 0.018438	0.887 ± 0.138345	0.959 ± 0.023138	0.765 ± 0.218016	0.835 ± 0.078392	0.891 ± 0.165273	0.968 ± 0.029971
roc_auc	nan	nan	0.913 ± 0.105416	0.967 ± 0.018356	0.828 ± 0.124110	0.905 ± 0.043790	0.13171 ± 0.076427	0.06846 ± 0.020074	0.787 ± 0.178898	0.895 ± 0.053045	0.655 ± 0.248219	0.811 ± 0.087579	0.4598 ± 0.294998	0.2445 ± 0.056161	0.690 ± 0.274199	0.837 ± 0.075136	0.676 ± 0.239999	0.823 ± 0.080693	0.834 ± 0.132801	0.888 ± 0.047616	0.857 ± 0.204021	0.948 ± 0.041784	0.902 ± 0.123904	0.966 ± 0.018578	0.882 ± 0.139652	0.963 ± 0.022664	0.760 ± 0.215368	0.850 ± 0.074141	0.895 ± 0.157548	0.960 ± 0.034674
