	mean_best_threshold_tuning_score	mean_best_threshold	mean_test_average_precision	mean_train_average_precision	mean_test_balanced_accuracy	mean_train_balanced_accuracy	mean_test_brier_loss	mean_train_brier_loss	mean_test_f1	mean_train_f1	mean_test_informedness	mean_train_informedness	mean_test_log_loss	mean_train_log_loss	mean_test_markedness	mean_train_markedness	mean_test_mcc	mean_train_mcc	mean_test_negative_predictive_value	mean_train_negative_predictive_value	mean_test_precision	mean_train_precision	mean_test_precision_recall_auc	mean_train_precision_recall_auc	mean_test_roc_auc	mean_train_roc_auc	mean_test_sensitivity	mean_train_sensitivity	mean_test_specificity	mean_train_specificity
mcc	nan	nan	0.800 ± 0.161462	0.991 ± 0.020060	0.690 ± 0.143198	0.969 ± 0.058927	0.22450 ± 0.089691	0.02846 ± 0.041494	0.675 ± 0.168259	0.967 ± 0.060610	0.381 ± 0.286395	0.938 ± 0.117854	0.7857 ± 0.418111	0.1296 ± 0.134193	0.430 ± 0.312305	0.939 ± 0.115908	0.402 ± 0.293714	0.938 ± 0.116845	0.800 ± 0.197469	0.982 ± 0.035559	0.630 ± 0.187550	0.957 ± 0.087905	0.762 ± 0.199710	0.991 ± 0.020212	0.784 ± 0.164579	0.988 ± 0.028985	0.777 ± 0.236567	0.980 ± 0.036692	0.604 ± 0.221507	0.957 ± 0.090941
precision_recall_auc	nan	nan	0.857 ± 0.143820	0.993 ± 0.020048	0.741 ± 0.128151	0.980 ± 0.047198	0.19279 ± 0.085194	0.01669 ± 0.035513	0.733 ± 0.119283	0.979 ± 0.049904	0.483 ± 0.256303	0.961 ± 0.094396	0.6852 ± 0.379679	0.0794 ± 0.116250	0.511 ± 0.288815	0.962 ± 0.093369	0.500 ± 0.256393	0.962 ± 0.093828	0.823 ± 0.205808	0.987 ± 0.030987	0.688 ± 0.164964	0.975 ± 0.069545	0.835 ± 0.172331	0.993 ± 0.020223	0.832 ± 0.146686	0.992 ± 0.025224	0.832 ± 0.179355	0.985 ± 0.035961	0.651 ± 0.225536	0.976 ± 0.069126
roc_auc	nan	nan	0.824 ± 0.160639	0.998 ± 0.009138	0.741 ± 0.143483	0.989 ± 0.034551	0.19413 ± 0.094446	0.01135 ± 0.023213	0.725 ± 0.166267	0.988 ± 0.036778	0.482 ± 0.286967	0.977 ± 0.069101	0.7033 ± 0.415604	0.0701 ± 0.080498	0.517 ± 0.308202	0.978 ± 0.067731	0.498 ± 0.293176	0.978 ± 0.068360	0.833 ± 0.188951	0.995 ± 0.016946	0.684 ± 0.187247	0.983 ± 0.056168	0.792 ± 0.197426	0.998 ± 0.009214	0.810 ± 0.154137	0.997 ± 0.011221	0.817 ± 0.224619	0.994 ± 0.020424	0.665 ± 0.204353	0.983 ± 0.056959
