	mean_ncv_average_precision	mean_ncv_balanced_accuracy	mean_ncv_brier_loss	mean_ncv_f1	mean_ncv_informedness	mean_ncv_log_loss	mean_ncv_markedness	mean_ncv_mcc	mean_ncv_negative_predictive_value	mean_ncv_precision	mean_ncv_precision_recall_auc	mean_ncv_roc_auc	mean_ncv_sensitivity	mean_ncv_specificity
mcc	0.774 ± 0.073100	0.737 ± 0.044347	0.18331 ± 0.023056	0.719 ± 0.046640	0.474 ± 0.088694	0.6180 ± 0.111431	0.474 ± 0.088979	0.474 ± 0.088795	0.784 ± 0.051209	0.689 ± 0.051486	0.764 ± 0.077874	0.810 ± 0.043218	0.756 ± 0.070273	0.718 ± 0.067079
precision_recall_auc	0.819 ± 0.061236	0.785 ± 0.042389	0.16317 ± 0.020240	0.768 ± 0.044135	0.571 ± 0.084779	0.5592 ± 0.094452	0.569 ± 0.085069	0.570 ± 0.084895	0.820 ± 0.040772	0.749 ± 0.052170	0.810 ± 0.069378	0.837 ± 0.034710	0.789 ± 0.051052	0.782 ± 0.055876
roc_auc	0.812 ± 0.048307	0.772 ± 0.038120	0.16130 ± 0.021497	0.754 ± 0.037849	0.545 ± 0.076241	0.5543 ± 0.084365	0.545 ± 0.079114	0.545 ± 0.077591	0.806 ± 0.031765	0.739 ± 0.056916	0.801 ± 0.052534	0.848 ± 0.033256	0.772 ± 0.040992	0.773 ± 0.064282
