	mean_best_threshold_tuning_score	mean_best_threshold	mean_test_average_precision	mean_train_average_precision	mean_test_balanced_accuracy	mean_train_balanced_accuracy	mean_test_brier_loss	mean_train_brier_loss	mean_test_f1	mean_train_f1	mean_test_informedness	mean_train_informedness	mean_test_log_loss	mean_train_log_loss	mean_test_markedness	mean_train_markedness	mean_test_mcc	mean_train_mcc	mean_test_negative_predictive_value	mean_train_negative_predictive_value	mean_test_precision	mean_train_precision	mean_test_precision_recall_auc	mean_train_precision_recall_auc	mean_test_roc_auc	mean_train_roc_auc	mean_test_sensitivity	mean_train_sensitivity	mean_test_specificity	mean_train_specificity
mcc	nan	nan	0.783 ± 0.139331	0.991 ± 0.020060	0.627 ± 0.144331	0.969 ± 0.058927	0.24629 ± 0.074605	0.02846 ± 0.041494	0.648 ± 0.156563	0.967 ± 0.060610	0.254 ± 0.288661	0.938 ± 0.117854	0.7595 ± 0.366838	0.1296 ± 0.134193	0.302 ± 0.408507	0.939 ± 0.115908	0.284 ± 0.318536	0.938 ± 0.116845	0.761 ± 0.324362	0.982 ± 0.035559	0.541 ± 0.149582	0.957 ± 0.087905	0.748 ± 0.168294	0.991 ± 0.020212	0.757 ± 0.145044	0.988 ± 0.028985	0.847 ± 0.224846	0.980 ± 0.036692	0.407 ± 0.233214	0.957 ± 0.090941
precision_recall_auc	nan	nan	0.800 ± 0.138628	0.993 ± 0.020048	0.664 ± 0.131161	0.980 ± 0.047198	0.22498 ± 0.077962	0.01669 ± 0.035513	0.691 ± 0.106098	0.979 ± 0.049904	0.328 ± 0.262321	0.961 ± 0.094396	0.6690 ± 0.268693	0.0794 ± 0.116250	0.379 ± 0.342365	0.962 ± 0.093369	0.358 ± 0.272194	0.962 ± 0.093828	0.800 ± 0.279699	0.987 ± 0.030987	0.579 ± 0.121691	0.975 ± 0.069545	0.766 ± 0.166883	0.993 ± 0.020223	0.777 ± 0.162667	0.992 ± 0.025224	0.888 ± 0.143461	0.985 ± 0.035961	0.440 ± 0.232555	0.976 ± 0.069126
roc_auc	nan	nan	0.798 ± 0.149953	0.998 ± 0.009138	0.662 ± 0.157450	0.989 ± 0.034551	0.22262 ± 0.084845	0.01135 ± 0.023213	0.677 ± 0.158547	0.988 ± 0.036778	0.324 ± 0.314900	0.977 ± 0.069101	0.6794 ± 0.328998	0.0701 ± 0.080498	0.353 ± 0.386209	0.978 ± 0.067731	0.342 ± 0.334442	0.978 ± 0.068360	0.771 ± 0.282924	0.995 ± 0.016946	0.582 ± 0.161671	0.983 ± 0.056168	0.765 ± 0.178026	0.998 ± 0.009214	0.776 ± 0.172639	0.997 ± 0.011221	0.837 ± 0.203401	0.994 ± 0.020424	0.487 ± 0.243027	0.983 ± 0.056959
