	mean_best_threshold_tuning_score	mean_best_threshold	mean_test_average_precision	mean_train_average_precision	mean_test_balanced_accuracy	mean_train_balanced_accuracy	mean_test_brier_loss	mean_train_brier_loss	mean_test_f1	mean_train_f1	mean_test_informedness	mean_train_informedness	mean_test_log_loss	mean_train_log_loss	mean_test_markedness	mean_train_markedness	mean_test_mcc	mean_train_mcc	mean_test_negative_predictive_value	mean_train_negative_predictive_value	mean_test_precision	mean_train_precision	mean_test_precision_recall_auc	mean_train_precision_recall_auc	mean_test_roc_auc	mean_train_roc_auc	mean_test_sensitivity	mean_train_sensitivity	mean_test_specificity	mean_train_specificity
mcc	nan	nan	0.812 ± 0.156817	0.991 ± 0.018150	0.679 ± 0.156449	0.969 ± 0.055681	0.21066 ± 0.075074	0.03608 ± 0.039584	0.690 ± 0.144760	0.967 ± 0.057900	0.358 ± 0.312898	0.937 ± 0.111363	0.6676 ± 0.272365	0.1643 ± 0.123812	0.393 ± 0.398046	0.939 ± 0.110839	0.383 ± 0.325960	0.938 ± 0.111055	0.774 ± 0.293161	0.980 ± 0.033773	0.619 ± 0.191479	0.959 ± 0.083126	0.776 ± 0.197984	0.991 ± 0.018283	0.802 ± 0.139181	0.987 ± 0.026486	0.845 ± 0.188990	0.978 ± 0.035935	0.513 ± 0.297234	0.960 ± 0.083896
precision_recall_auc	nan	nan	0.827 ± 0.133621	0.994 ± 0.016608	0.689 ± 0.140964	0.983 ± 0.045352	0.20469 ± 0.070137	0.01822 ± 0.034471	0.700 ± 0.136072	0.981 ± 0.048819	0.378 ± 0.281928	0.965 ± 0.090704	0.6445 ± 0.264648	0.0888 ± 0.114282	0.435 ± 0.334569	0.965 ± 0.092350	0.411 ± 0.281275	0.965 ± 0.091521	0.819 ± 0.253800	0.988 ± 0.028761	0.616 ± 0.166631	0.976 ± 0.065255	0.795 ± 0.167687	0.994 ± 0.016740	0.815 ± 0.129100	0.993 ± 0.021390	0.870 ± 0.184551	0.987 ± 0.031294	0.508 ± 0.257413	0.978 ± 0.061538
roc_auc	nan	nan	0.810 ± 0.153881	0.997 ± 0.013672	0.715 ± 0.153345	0.989 ± 0.035843	0.20126 ± 0.075332	0.01557 ± 0.027838	0.716 ± 0.146172	0.988 ± 0.038639	0.430 ± 0.306690	0.978 ± 0.071686	0.6470 ± 0.286218	0.0868 ± 0.097355	0.474 ± 0.346270	0.978 ± 0.072434	0.450 ± 0.319017	0.978 ± 0.072043	0.825 ± 0.242278	0.992 ± 0.023522	0.649 ± 0.187578	0.986 ± 0.053003	0.774 ± 0.192983	0.997 ± 0.013786	0.805 ± 0.133886	0.996 ± 0.016985	0.850 ± 0.182884	0.991 ± 0.026267	0.580 ± 0.268024	0.987 ± 0.050661
