	mean_best_threshold_tuning_score	mean_best_threshold	mean_test_average_precision	mean_train_average_precision	mean_test_balanced_accuracy	mean_train_balanced_accuracy	mean_test_brier_loss	mean_train_brier_loss	mean_test_f1	mean_train_f1	mean_test_informedness	mean_train_informedness	mean_test_log_loss	mean_train_log_loss	mean_test_markedness	mean_train_markedness	mean_test_mcc	mean_train_mcc	mean_test_negative_predictive_value	mean_train_negative_predictive_value	mean_test_precision	mean_train_precision	mean_test_precision_recall_auc	mean_train_precision_recall_auc	mean_test_roc_auc	mean_train_roc_auc	mean_test_sensitivity	mean_train_sensitivity	mean_test_specificity	mean_train_specificity
mcc	nan	nan	0.808 ± 0.155513	0.981 ± 0.103154	0.736 ± 0.144186	0.961 ± 0.029962	0.21796 ± 0.079210	0.12408 ± 0.046034	0.677 ± 0.222646	0.957 ± 0.033131	0.472 ± 0.288373	0.922 ± 0.059924	0.7109 ± 0.381046	0.4030 ± 0.115089	0.515 ± 0.356890	0.936 ± 0.045639	0.497 ± 0.305668	0.928 ± 0.052384	0.779 ± 0.167703	0.953 ± 0.043546	0.736 ± 0.265709	0.982 ± 0.028899	0.777 ± 0.187062	0.981 ± 0.104235	0.739 ± 0.207116	0.976 ± 0.141030	0.683 ± 0.271992	0.937 ± 0.062187	0.789 ± 0.202356	0.985 ± 0.025703
precision_recall_auc	nan	nan	0.845 ± 0.128203	0.992 ± 0.010799	0.755 ± 0.137191	0.953 ± 0.033825	0.19164 ± 0.077738	0.10605 ± 0.040638	0.718 ± 0.175910	0.949 ± 0.036930	0.509 ± 0.274383	0.905 ± 0.067650	0.6270 ± 0.341390	0.3572 ± 0.106712	0.559 ± 0.297791	0.919 ± 0.060026	0.532 ± 0.283380	0.912 ± 0.063319	0.796 ± 0.152629	0.945 ± 0.045928	0.763 ± 0.221996	0.974 ± 0.041728	0.821 ± 0.157429	0.992 ± 0.010901	0.775 ± 0.178402	0.992 ± 0.013332	0.725 ± 0.224145	0.928 ± 0.061781	0.784 ± 0.197804	0.978 ± 0.037217
roc_auc	nan	nan	0.832 ± 0.170925	0.994 ± 0.010188	0.750 ± 0.146409	0.956 ± 0.043234	0.19896 ± 0.086825	0.09521 ± 0.035332	0.717 ± 0.182372	0.950 ± 0.050559	0.500 ± 0.292818	0.911 ± 0.086468	0.7517 ± 0.544260	0.3327 ± 0.098453	0.525 ± 0.328830	0.918 ± 0.072644	0.512 ± 0.306638	0.915 ± 0.078900	0.802 ± 0.171044	0.964 ± 0.049720	0.723 ± 0.215864	0.954 ± 0.054346	0.805 ± 0.204625	0.993 ± 0.010263	0.796 ± 0.190837	0.993 ± 0.012226	0.747 ± 0.226479	0.952 ± 0.075948	0.753 ± 0.184172	0.959 ± 0.050068
