	mean_best_threshold_tuning_score	mean_best_threshold	mean_test_average_precision	mean_train_average_precision	mean_test_balanced_accuracy	mean_train_balanced_accuracy	mean_test_brier_loss	mean_train_brier_loss	mean_test_f1	mean_train_f1	mean_test_informedness	mean_train_informedness	mean_test_log_loss	mean_train_log_loss	mean_test_markedness	mean_train_markedness	mean_test_mcc	mean_train_mcc	mean_test_negative_predictive_value	mean_train_negative_predictive_value	mean_test_precision	mean_train_precision	mean_test_precision_recall_auc	mean_train_precision_recall_auc	mean_test_roc_auc	mean_train_roc_auc	mean_test_sensitivity	mean_train_sensitivity	mean_test_specificity	mean_train_specificity
mcc	nan	nan	0.944 ± 0.074048	0.970 ± 0.022619	0.854 ± 0.113280	0.902 ± 0.032797	0.10314 ± 0.059480	0.07165 ± 0.021195	0.821 ± 0.146698	0.891 ± 0.038534	0.709 ± 0.226560	0.804 ± 0.065594	0.3409 ± 0.166058	0.2522 ± 0.059256	0.788 ± 0.183322	0.845 ± 0.055872	0.745 ± 0.202631	0.824 ± 0.060432	0.842 ± 0.125604	0.872 ± 0.039254	0.946 ± 0.130478	0.973 ± 0.025791	0.937 ± 0.084404	0.969 ± 0.022793	0.931 ± 0.100457	0.962 ± 0.032148	0.762 ± 0.205515	0.822 ± 0.056385	0.947 ± 0.129130	0.981 ± 0.017747
precision_recall_auc	nan	nan	0.944 ± 0.074573	0.959 ± 0.017902	0.762 ± 0.143215	0.772 ± 0.122784	0.11385 ± 0.060495	0.08251 ± 0.020371	0.634 ± 0.289533	0.665 ± 0.265670	0.524 ± 0.286429	0.545 ± 0.245568	0.3595 ± 0.158799	0.2694 ± 0.052649	0.612 ± 0.399791	0.640 ± 0.376494	0.584 ± 0.273568	0.607 ± 0.243408	0.742 ± 0.135871	0.743 ± 0.102942	0.870 ± 0.328261	0.897 ± 0.302163	0.937 ± 0.083127	0.959 ± 0.018062	0.922 ± 0.120449	0.954 ± 0.022471	0.532 ± 0.296851	0.547 ± 0.247924	0.992 ± 0.039590	0.998 ± 0.008059
roc_auc	nan	nan	0.945 ± 0.070490	0.960 ± 0.021345	0.751 ± 0.149912	0.768 ± 0.123108	0.11347 ± 0.060439	0.08462 ± 0.025137	0.610 ± 0.312991	0.658 ± 0.265589	0.502 ± 0.299823	0.537 ± 0.246217	0.3560 ± 0.158273	0.2728 ± 0.064781	0.558 ± 0.455742	0.634 ± 0.372396	0.557 ± 0.295256	0.600 ± 0.242227	0.731 ± 0.131519	0.741 ± 0.103735	0.827 ± 0.370328	0.893 ± 0.301118	0.938 ± 0.079336	0.959 ± 0.021546	0.931 ± 0.107497	0.957 ± 0.023633	0.510 ± 0.301470	0.542 ± 0.251235	0.992 ± 0.039590	0.995 ± 0.011745
