	mean_ncv_average_precision	mean_ncv_balanced_accuracy	mean_ncv_brier_loss	mean_ncv_f1	mean_ncv_informedness	mean_ncv_log_loss	mean_ncv_markedness	mean_ncv_mcc	mean_ncv_negative_predictive_value	mean_ncv_precision	mean_ncv_precision_recall_auc	mean_ncv_roc_auc	mean_ncv_sensitivity	mean_ncv_specificity
mcc	0.740 ± 0.061253	0.682 ± 0.058184	0.21366 ± 0.021759	0.685 ± 0.056396	0.364 ± 0.116369	0.6885 ± 0.074575	0.377 ± 0.120193	0.370 ± 0.118142	0.777 ± 0.074099	0.600 ± 0.048943	0.726 ± 0.067055	0.769 ± 0.046414	0.800 ± 0.074994	0.564 ± 0.061359
precision_recall_auc	0.780 ± 0.040697	0.733 ± 0.044875	0.18629 ± 0.017382	0.733 ± 0.036457	0.466 ± 0.089750	0.6160 ± 0.078268	0.478 ± 0.078247	0.472 ± 0.083841	0.826 ± 0.030295	0.653 ± 0.057213	0.769 ± 0.046566	0.809 ± 0.028466	0.839 ± 0.031536	0.627 ± 0.092907
roc_auc	0.806 ± 0.051630	0.745 ± 0.050235	0.17703 ± 0.019689	0.735 ± 0.049016	0.491 ± 0.100470	0.6205 ± 0.099047	0.491 ± 0.098074	0.491 ± 0.099237	0.809 ± 0.046821	0.682 ± 0.058388	0.796 ± 0.056901	0.828 ± 0.030685	0.800 ± 0.053672	0.691 ± 0.073606
