	mean_best_threshold_tuning_score	mean_best_threshold	mean_test_average_precision	mean_train_average_precision	mean_test_balanced_accuracy	mean_train_balanced_accuracy	mean_test_brier_loss	mean_train_brier_loss	mean_test_f1	mean_train_f1	mean_test_informedness	mean_train_informedness	mean_test_log_loss	mean_train_log_loss	mean_test_markedness	mean_train_markedness	mean_test_mcc	mean_train_mcc	mean_test_negative_predictive_value	mean_train_negative_predictive_value	mean_test_precision	mean_train_precision	mean_test_precision_recall_auc	mean_train_precision_recall_auc	mean_test_roc_auc	mean_train_roc_auc	mean_test_sensitivity	mean_train_sensitivity	mean_test_specificity	mean_train_specificity
mcc	nan	nan	0.871 ± 0.117437	0.986 ± 0.029084	0.779 ± 0.129693	0.941 ± 0.072596	0.16666 ± 0.068213	0.06451 ± 0.052914	0.765 ± 0.135197	0.936 ± 0.075044	0.558 ± 0.259386	0.882 ± 0.145192	0.5256 ± 0.232439	0.2444 ± 0.154487	0.599 ± 0.248508	0.879 ± 0.142365	0.576 ± 0.250214	0.881 ± 0.143745	0.864 ± 0.159408	0.977 ± 0.042165	0.735 ± 0.163327	0.902 ± 0.104261	0.852 ± 0.136781	0.986 ± 0.029356	0.850 ± 0.140463	0.982 ± 0.036585	0.847 ± 0.195876	0.977 ± 0.041678	0.711 ± 0.204862	0.905 ± 0.107674
precision_recall_auc	nan	nan	0.908 ± 0.100548	0.984 ± 0.030547	0.801 ± 0.131984	0.943 ± 0.081269	0.14305 ± 0.065806	0.05107 ± 0.056444	0.788 ± 0.135216	0.939 ± 0.084678	0.603 ± 0.263968	0.885 ± 0.162539	0.4591 ± 0.271793	0.2034 ± 0.162925	0.635 ± 0.253345	0.884 ± 0.160615	0.617 ± 0.256178	0.885 ± 0.161557	0.893 ± 0.166310	0.974 ± 0.044305	0.741 ± 0.155339	0.910 ± 0.118974	0.894 ± 0.118418	0.983 ± 0.030797	0.895 ± 0.121747	0.978 ± 0.040119	0.880 ± 0.186840	0.974 ± 0.043645	0.723 ± 0.189578	0.911 ± 0.121795
roc_auc	nan	nan	0.917 ± 0.104599	0.997 ± 0.012054	0.805 ± 0.159329	0.979 ± 0.045685	0.13407 ± 0.077928	0.02253 ± 0.028975	0.796 ± 0.151411	0.976 ± 0.049263	0.610 ± 0.318658	0.957 ± 0.091369	0.4469 ± 0.376949	0.1167 ± 0.091736	0.634 ± 0.321845	0.955 ± 0.091506	0.620 ± 0.317388	0.956 ± 0.091406	0.870 ± 0.198035	0.994 ± 0.021117	0.764 ± 0.179305	0.961 ± 0.074617	0.904 ± 0.123144	0.997 ± 0.012152	0.905 ± 0.126712	0.996 ± 0.015692	0.867 ± 0.182884	0.994 ± 0.022484	0.743 ± 0.230574	0.963 ± 0.074026
