	mean_best_threshold_tuning_score	mean_best_threshold	mean_test_average_precision	mean_train_average_precision	mean_test_balanced_accuracy	mean_train_balanced_accuracy	mean_test_brier_loss	mean_train_brier_loss	mean_test_f1	mean_train_f1	mean_test_informedness	mean_train_informedness	mean_test_log_loss	mean_train_log_loss	mean_test_markedness	mean_train_markedness	mean_test_mcc	mean_train_mcc	mean_test_negative_predictive_value	mean_train_negative_predictive_value	mean_test_precision	mean_train_precision	mean_test_precision_recall_auc	mean_train_precision_recall_auc	mean_test_roc_auc	mean_train_roc_auc	mean_test_sensitivity	mean_train_sensitivity	mean_test_specificity	mean_train_specificity
mcc	nan	nan	0.757 ± 0.159756	0.985 ± 0.034240	0.700 ± 0.143189	0.948 ± 0.072267	0.22221 ± 0.072946	0.06050 ± 0.053899	0.698 ± 0.170815	0.945 ± 0.074849	0.400 ± 0.286378	0.897 ± 0.144534	0.7270 ± 0.336589	0.2350 ± 0.156928	0.488 ± 0.312506	0.895 ± 0.141642	0.437 ± 0.290569	0.896 ± 0.143052	0.862 ± 0.206779	0.980 ± 0.038775	0.626 ± 0.203289	0.916 ± 0.107507	0.705 ± 0.201391	0.984 ± 0.034595	0.761 ± 0.148432	0.981 ± 0.039895	0.852 ± 0.225431	0.980 ± 0.038160	0.548 ± 0.276634	0.916 ± 0.111509
precision_recall_auc	nan	nan	0.815 ± 0.153606	0.979 ± 0.032327	0.708 ± 0.145718	0.920 ± 0.081880	0.20653 ± 0.076870	0.06263 ± 0.058459	0.721 ± 0.140738	0.916 ± 0.083630	0.415 ± 0.291436	0.841 ± 0.163760	0.6492 ± 0.270578	0.2339 ± 0.170694	0.486 ± 0.304523	0.839 ± 0.159505	0.449 ± 0.281604	0.840 ± 0.161601	0.859 ± 0.206780	0.965 ± 0.047448	0.627 ± 0.178840	0.874 ± 0.116126	0.780 ± 0.192146	0.979 ± 0.032589	0.808 ± 0.142331	0.973 ± 0.042397	0.890 ± 0.153788	0.966 ± 0.045617	0.525 ± 0.261910	0.875 ± 0.122419
roc_auc	nan	nan	0.762 ± 0.163221	0.994 ± 0.021458	0.706 ± 0.148950	0.972 ± 0.051376	0.21300 ± 0.081384	0.02641 ± 0.035732	0.692 ± 0.187381	0.970 ± 0.054567	0.413 ± 0.297901	0.945 ± 0.102751	0.6979 ± 0.328351	0.1259 ± 0.109358	0.465 ± 0.316204	0.943 ± 0.100457	0.439 ± 0.291179	0.944 ± 0.101557	0.822 ± 0.174356	0.994 ± 0.020483	0.642 ± 0.207760	0.950 ± 0.084600	0.709 ± 0.206836	0.994 ± 0.021684	0.769 ± 0.153420	0.993 ± 0.023151	0.800 ± 0.227128	0.993 ± 0.021013	0.613 ± 0.257304	0.951 ± 0.087421
