	mean_best_threshold_tuning_score	mean_best_threshold	mean_test_average_precision	mean_train_average_precision	mean_test_balanced_accuracy	mean_train_balanced_accuracy	mean_test_brier_loss	mean_train_brier_loss	mean_test_f1	mean_train_f1	mean_test_informedness	mean_train_informedness	mean_test_log_loss	mean_train_log_loss	mean_test_markedness	mean_train_markedness	mean_test_mcc	mean_train_mcc	mean_test_negative_predictive_value	mean_train_negative_predictive_value	mean_test_precision	mean_train_precision	mean_test_precision_recall_auc	mean_train_precision_recall_auc	mean_test_roc_auc	mean_train_roc_auc	mean_test_sensitivity	mean_train_sensitivity	mean_test_specificity	mean_train_specificity
mcc	nan	nan	0.909 ± 0.094495	0.951 ± 0.019128	0.792 ± 0.124970	0.878 ± 0.034644	0.14566 ± 0.068374	0.09344 ± 0.019977	0.753 ± 0.158422	0.866 ± 0.039339	0.585 ± 0.249940	0.757 ± 0.069287	0.5493 ± 0.596739	0.3214 ± 0.065821	0.646 ± 0.244457	0.770 ± 0.071368	0.612 ± 0.242636	0.764 ± 0.069866	0.818 ± 0.137992	0.877 ± 0.033850	0.828 ± 0.185055	0.893 ± 0.050684	0.900 ± 0.107605	0.954 ± 0.016240	0.899 ± 0.103011	0.957 ± 0.015811	0.737 ± 0.217150	0.842 ± 0.049205	0.848 ± 0.170222	0.915 ± 0.044319
precision_recall_auc	nan	nan	0.911 ± 0.098318	0.953 ± 0.016240	0.819 ± 0.113182	0.879 ± 0.032745	0.13469 ± 0.054827	0.09393 ± 0.018634	0.786 ± 0.145839	0.866 ± 0.036959	0.639 ± 0.226364	0.757 ± 0.065490	0.6519 ± 1.646591	0.3241 ± 0.061556	0.690 ± 0.215040	0.772 ± 0.066754	0.662 ± 0.217405	0.764 ± 0.065724	0.850 ± 0.134700	0.875 ± 0.034027	0.840 ± 0.165677	0.896 ± 0.046161	0.905 ± 0.097011	0.955 ± 0.014864	0.910 ± 0.085135	0.958 ± 0.013894	0.782 ± 0.209531	0.839 ± 0.048001	0.857 ± 0.154196	0.919 ± 0.040720
roc_auc	nan	nan	0.910 ± 0.095177	0.949 ± 0.018848	0.820 ± 0.116034	0.871 ± 0.035390	0.13353 ± 0.054982	0.09583 ± 0.019060	0.785 ± 0.153148	0.858 ± 0.040259	0.640 ± 0.232069	0.743 ± 0.070781	0.6496 ± 1.646635	0.3295 ± 0.061605	0.690 ± 0.215172	0.753 ± 0.073215	0.663 ± 0.220532	0.748 ± 0.071731	0.850 ± 0.136235	0.873 ± 0.033931	0.841 ± 0.164722	0.880 ± 0.050036	0.906 ± 0.092919	0.953 ± 0.015473	0.908 ± 0.083320	0.957 ± 0.014445	0.783 ± 0.214946	0.838 ± 0.046608	0.857 ± 0.154196	0.905 ± 0.042182
