	mean_best_threshold_tuning_score	mean_best_threshold	mean_test_average_precision	mean_train_average_precision	mean_test_balanced_accuracy	mean_train_balanced_accuracy	mean_test_brier_loss	mean_train_brier_loss	mean_test_f1	mean_train_f1	mean_test_informedness	mean_train_informedness	mean_test_log_loss	mean_train_log_loss	mean_test_markedness	mean_train_markedness	mean_test_mcc	mean_train_mcc	mean_test_negative_predictive_value	mean_train_negative_predictive_value	mean_test_precision	mean_train_precision	mean_test_precision_recall_auc	mean_train_precision_recall_auc	mean_test_roc_auc	mean_train_roc_auc	mean_test_sensitivity	mean_train_sensitivity	mean_test_specificity	mean_train_specificity
mcc	nan	nan	0.966 ± 0.046752	0.971 ± 0.017984	0.869 ± 0.109969	0.905 ± 0.027083	0.09176 ± 0.056744	0.06936 ± 0.014065	0.835 ± 0.172094	0.895 ± 0.031873	0.739 ± 0.219937	0.810 ± 0.054166	0.3078 ± 0.145412	0.2457 ± 0.041324	0.805 ± 0.236580	0.855 ± 0.044402	0.774 ± 0.200683	0.832 ± 0.048687	0.846 ± 0.118285	0.873 ± 0.034065	0.959 ± 0.162785	0.982 ± 0.025283	0.962 ± 0.051557	0.970 ± 0.018107	0.952 ± 0.075720	0.961 ± 0.028023	0.762 ± 0.206890	0.823 ± 0.050529	0.977 ± 0.095410	0.988 ± 0.017727
precision_recall_auc	nan	nan	0.961 ± 0.047548	0.964 ± 0.017960	0.773 ± 0.155256	0.794 ± 0.129623	0.10393 ± 0.058417	0.08031 ± 0.024121	0.647 ± 0.311175	0.699 ± 0.278152	0.547 ± 0.310511	0.589 ± 0.259247	0.3373 ± 0.149778	0.2654 ± 0.065172	0.615 ± 0.440620	0.651 ± 0.381893	0.603 ± 0.298802	0.636 ± 0.255169	0.755 ± 0.137209	0.771 ± 0.114466	0.860 ± 0.350510	0.881 ± 0.300595	0.956 ± 0.053115	0.964 ± 0.018125	0.950 ± 0.068848	0.961 ± 0.020974	0.547 ± 0.310511	0.604 ± 0.269964	1.000 ± 0.000000	0.985 ± 0.041375
roc_auc	nan	nan	0.961 ± 0.046171	0.960 ± 0.018450	0.774 ± 0.148712	0.782 ± 0.119557	0.11024 ± 0.054097	0.08659 ± 0.025257	0.654 ± 0.306939	0.686 ± 0.249877	0.548 ± 0.297424	0.565 ± 0.239115	0.3489 ± 0.134983	0.2803 ± 0.066773	0.610 ± 0.438787	0.657 ± 0.342435	0.602 ± 0.292113	0.622 ± 0.228460	0.755 ± 0.131417	0.759 ± 0.110690	0.855 ± 0.350255	0.898 ± 0.272150	0.956 ± 0.051622	0.960 ± 0.018630	0.952 ± 0.064614	0.959 ± 0.019234	0.553 ± 0.298693	0.582 ± 0.253591	0.995 ± 0.035355	0.983 ± 0.041145
