	mean_best_threshold_tuning_score	mean_best_threshold	mean_test_average_precision	mean_train_average_precision	mean_test_balanced_accuracy	mean_train_balanced_accuracy	mean_test_brier_loss	mean_train_brier_loss	mean_test_f1	mean_train_f1	mean_test_informedness	mean_train_informedness	mean_test_log_loss	mean_train_log_loss	mean_test_markedness	mean_train_markedness	mean_test_mcc	mean_train_mcc	mean_test_negative_predictive_value	mean_train_negative_predictive_value	mean_test_precision	mean_train_precision	mean_test_precision_recall_auc	mean_train_precision_recall_auc	mean_test_roc_auc	mean_train_roc_auc	mean_test_sensitivity	mean_train_sensitivity	mean_test_specificity	mean_train_specificity
mcc	nan	nan	0.940 ± 0.073134	0.971 ± 0.017984	0.836 ± 0.118578	0.905 ± 0.027083	0.11166 ± 0.066757	0.06936 ± 0.014065	0.807 ± 0.142948	0.895 ± 0.031873	0.672 ± 0.237156	0.810 ± 0.054166	0.3606 ± 0.168471	0.2457 ± 0.041324	0.711 ± 0.236988	0.855 ± 0.044402	0.691 ± 0.234504	0.832 ± 0.048687	0.845 ± 0.127750	0.873 ± 0.034065	0.866 ± 0.167734	0.982 ± 0.025283	0.933 ± 0.081677	0.970 ± 0.018107	0.914 ± 0.108330	0.961 ± 0.028023	0.783 ± 0.185958	0.823 ± 0.050529	0.889 ± 0.145788	0.988 ± 0.017727
precision_recall_auc	nan	nan	0.947 ± 0.071927	0.964 ± 0.017960	0.774 ± 0.147071	0.794 ± 0.129623	0.11719 ± 0.068576	0.08031 ± 0.024121	0.657 ± 0.304843	0.699 ± 0.278152	0.548 ± 0.294142	0.589 ± 0.259247	0.3835 ± 0.206826	0.2654 ± 0.065172	0.595 ± 0.433923	0.651 ± 0.381893	0.595 ± 0.287605	0.636 ± 0.255169	0.768 ± 0.134924	0.771 ± 0.114466	0.827 ± 0.352861	0.881 ± 0.300595	0.941 ± 0.081337	0.964 ± 0.018125	0.927 ± 0.105319	0.961 ± 0.020974	0.582 ± 0.312481	0.604 ± 0.269964	0.966 ± 0.113137	0.985 ± 0.041375
roc_auc	nan	nan	0.952 ± 0.066514	0.960 ± 0.018450	0.780 ± 0.147187	0.782 ± 0.119557	0.11488 ± 0.062291	0.08659 ± 0.025257	0.667 ± 0.296718	0.686 ± 0.249877	0.560 ± 0.294375	0.565 ± 0.239115	0.3676 ± 0.168534	0.2803 ± 0.066773	0.620 ± 0.407833	0.657 ± 0.342435	0.608 ± 0.282930	0.622 ± 0.228460	0.767 ± 0.135360	0.759 ± 0.110690	0.853 ± 0.328433	0.898 ± 0.272150	0.946 ± 0.074903	0.960 ± 0.018630	0.936 ± 0.095003	0.959 ± 0.019234	0.582 ± 0.305138	0.582 ± 0.253591	0.978 ± 0.067128	0.983 ± 0.041145
