	mean_best_threshold_tuning_score	mean_best_threshold	mean_test_average_precision	mean_train_average_precision	mean_test_balanced_accuracy	mean_train_balanced_accuracy	mean_test_brier_loss	mean_train_brier_loss	mean_test_f1	mean_train_f1	mean_test_informedness	mean_train_informedness	mean_test_log_loss	mean_train_log_loss	mean_test_markedness	mean_train_markedness	mean_test_mcc	mean_train_mcc	mean_test_negative_predictive_value	mean_train_negative_predictive_value	mean_test_precision	mean_train_precision	mean_test_precision_recall_auc	mean_train_precision_recall_auc	mean_test_roc_auc	mean_train_roc_auc	mean_test_sensitivity	mean_train_sensitivity	mean_test_specificity	mean_train_specificity
mcc	nan	nan	0.948 ± 0.074372	0.964 ± 0.019826	0.859 ± 0.117290	0.906 ± 0.034395	0.10725 ± 0.073987	0.06845 ± 0.020759	0.830 ± 0.148116	0.895 ± 0.039591	0.718 ± 0.234579	0.811 ± 0.068789	0.3682 ± 0.226705	0.2483 ± 0.064178	0.762 ± 0.210735	0.835 ± 0.061870	0.738 ± 0.220820	0.823 ± 0.064930	0.862 ± 0.136205	0.888 ± 0.040554	0.900 ± 0.148136	0.947 ± 0.033334	0.942 ± 0.082931	0.963 ± 0.020034	0.928 ± 0.105510	0.954 ± 0.026623	0.807 ± 0.201637	0.851 ± 0.057627	0.911 ± 0.134881	0.961 ± 0.025237
precision_recall_auc	nan	nan	0.948 ± 0.077052	0.959 ± 0.017378	0.845 ± 0.140546	0.880 ± 0.087947	0.10456 ± 0.067951	0.07383 ± 0.022360	0.797 ± 0.224812	0.848 ± 0.172550	0.690 ± 0.281091	0.760 ± 0.175895	0.3614 ± 0.212590	0.2624 ± 0.069010	0.719 ± 0.331562	0.795 ± 0.191458	0.712 ± 0.271090	0.779 ± 0.159486	0.839 ± 0.152648	0.863 ± 0.080157	0.879 ± 0.231077	0.932 ± 0.138702	0.942 ± 0.086839	0.958 ± 0.017578	0.931 ± 0.104118	0.948 ± 0.023786	0.762 ± 0.255889	0.796 ± 0.182723	0.928 ± 0.131382	0.964 ± 0.026454
roc_auc	nan	nan	0.953 ± 0.070174	0.958 ± 0.016775	0.854 ± 0.138087	0.883 ± 0.073546	0.10450 ± 0.067951	0.07524 ± 0.020870	0.812 ± 0.218170	0.857 ± 0.143603	0.708 ± 0.276174	0.765 ± 0.147092	0.3589 ± 0.212069	0.2660 ± 0.063598	0.731 ± 0.332944	0.791 ± 0.189219	0.728 ± 0.268897	0.782 ± 0.139648	0.848 ± 0.150599	0.866 ± 0.067532	0.883 ± 0.226653	0.925 ± 0.139683	0.947 ± 0.078528	0.957 ± 0.016978	0.936 ± 0.097654	0.948 ± 0.022912	0.777 ± 0.247115	0.806 ± 0.150984	0.931 ± 0.125312	0.959 ± 0.032581
