	mean_best_threshold_tuning_score	mean_best_threshold	mean_test_average_precision	mean_train_average_precision	mean_test_balanced_accuracy	mean_train_balanced_accuracy	mean_test_brier_loss	mean_train_brier_loss	mean_test_f1	mean_train_f1	mean_test_informedness	mean_train_informedness	mean_test_log_loss	mean_train_log_loss	mean_test_markedness	mean_train_markedness	mean_test_mcc	mean_train_mcc	mean_test_negative_predictive_value	mean_train_negative_predictive_value	mean_test_precision	mean_train_precision	mean_test_precision_recall_auc	mean_train_precision_recall_auc	mean_test_roc_auc	mean_train_roc_auc	mean_test_sensitivity	mean_train_sensitivity	mean_test_specificity	mean_train_specificity
mcc	nan	nan	0.838 ± 0.130714	1.000 ± 0.000000	0.745 ± 0.174308	0.995 ± 0.014286	0.20237 ± 0.087841	0.05970 ± 0.041240	0.688 ± 0.253570	0.995 ± 0.015402	0.491 ± 0.348616	0.990 ± 0.028571	0.7628 ± 0.531032	0.2341 ± 0.110980	0.503 ± 0.398762	0.992 ± 0.022460	0.501 ± 0.358012	0.991 ± 0.025455	0.796 ± 0.180336	0.994 ± 0.018132	0.707 ± 0.271132	0.998 ± 0.014142	0.810 ± 0.158499	1.000 ± 0.000000	0.812 ± 0.148054	1.000 ± 0.000000	0.710 ± 0.291723	0.992 ± 0.025614	0.781 ± 0.201750	0.998 ± 0.013865
precision_recall_auc	nan	nan	0.859 ± 0.127193	1.000 ± 0.000000	0.753 ± 0.156284	0.999 ± 0.002856	0.19800 ± 0.090929	0.04113 ± 0.028701	0.709 ± 0.201218	0.999 ± 0.002890	0.507 ± 0.312567	0.999 ± 0.005712	0.7076 ± 0.463144	0.1776 ± 0.083034	0.559 ± 0.308375	0.999 ± 0.004362	0.530 ± 0.307613	0.999 ± 0.005038	0.799 ± 0.169139	0.999 ± 0.004362	0.760 ± 0.212949	1.000 ± 0.000000	0.836 ± 0.152721	1.000 ± 0.000000	0.832 ± 0.153107	1.000 ± 0.000000	0.722 ± 0.257875	0.999 ± 0.005712	0.785 ± 0.208064	1.000 ± 0.000000
roc_auc	nan	nan	0.852 ± 0.125640	1.000 ± 0.000000	0.733 ± 0.179389	0.999 ± 0.003210	0.19246 ± 0.104594	0.02412 ± 0.021070	0.677 ± 0.236897	0.999 ± 0.003248	0.465 ± 0.358778	0.998 ± 0.006419	0.7159 ± 0.536770	0.1272 ± 0.066688	0.513 ± 0.379083	0.999 ± 0.005056	0.486 ± 0.363539	0.998 ± 0.005736	0.780 ± 0.190821	0.999 ± 0.005056	0.733 ± 0.253472	1.000 ± 0.000000	0.827 ± 0.151742	1.000 ± 0.000000	0.831 ± 0.142555	1.000 ± 0.000000	0.685 ± 0.290286	0.998 ± 0.006419	0.780 ± 0.211891	1.000 ± 0.000000
