	mean_best_threshold_tuning_score	mean_best_threshold	mean_test_average_precision	mean_train_average_precision	mean_test_balanced_accuracy	mean_train_balanced_accuracy	mean_test_brier_loss	mean_train_brier_loss	mean_test_f1	mean_train_f1	mean_test_informedness	mean_train_informedness	mean_test_log_loss	mean_train_log_loss	mean_test_markedness	mean_train_markedness	mean_test_mcc	mean_train_mcc	mean_test_negative_predictive_value	mean_train_negative_predictive_value	mean_test_precision	mean_train_precision	mean_test_precision_recall_auc	mean_train_precision_recall_auc	mean_test_roc_auc	mean_train_roc_auc	mean_test_sensitivity	mean_train_sensitivity	mean_test_specificity	mean_train_specificity
mcc	nan	nan	0.952 ± 0.078954	0.967 ± 0.019761	0.864 ± 0.103606	0.902 ± 0.023071	0.09673 ± 0.054197	0.07432 ± 0.015665	0.831 ± 0.142307	0.890 ± 0.028092	0.729 ± 0.207212	0.804 ± 0.046142	0.3290 ± 0.136985	0.2635 ± 0.044561	0.820 ± 0.143510	0.857 ± 0.035796	0.770 ± 0.176150	0.830 ± 0.040453	0.836 ± 0.119326	0.865 ± 0.028472	0.984 ± 0.079179	0.992 ± 0.020141	0.946 ± 0.087078	0.966 ± 0.019975	0.931 ± 0.122125	0.955 ± 0.030730	0.747 ± 0.197748	0.809 ± 0.043647	0.982 ± 0.089648	0.994 ± 0.013858
precision_recall_auc	nan	nan	0.941 ± 0.075857	0.964 ± 0.019589	0.825 ± 0.138832	0.842 ± 0.080120	0.11799 ± 0.059472	0.08340 ± 0.028629	0.750 ± 0.248673	0.802 ± 0.119437	0.650 ± 0.277664	0.684 ± 0.160239	0.3752 ± 0.149571	0.2802 ± 0.079545	0.731 ± 0.332068	0.794 ± 0.087641	0.698 ± 0.254197	0.735 ± 0.126916	0.796 ± 0.143253	0.806 ± 0.086650	0.935 ± 0.241223	0.987 ± 0.036338	0.934 ± 0.085091	0.963 ± 0.019814	0.924 ± 0.114898	0.960 ± 0.022789	0.655 ± 0.277159	0.694 ± 0.164686	0.995 ± 0.035355	0.990 ± 0.029733
roc_auc	nan	nan	0.948 ± 0.066218	0.963 ± 0.017926	0.794 ± 0.137633	0.845 ± 0.072223	0.11861 ± 0.054508	0.08848 ± 0.029586	0.707 ± 0.259870	0.810 ± 0.107616	0.588 ± 0.275266	0.691 ± 0.144446	0.3726 ± 0.133635	0.2891 ± 0.081633	0.657 ± 0.360922	0.786 ± 0.082905	0.634 ± 0.262694	0.735 ± 0.114253	0.773 ± 0.141186	0.815 ± 0.079452	0.884 ± 0.282019	0.971 ± 0.054642	0.942 ± 0.075294	0.963 ± 0.018123	0.938 ± 0.090366	0.962 ± 0.019312	0.625 ± 0.282346	0.714 ± 0.154452	0.963 ± 0.107765	0.977 ± 0.045339
