	mean_best_threshold_tuning_score	mean_best_threshold	mean_test_average_precision	mean_train_average_precision	mean_test_balanced_accuracy	mean_train_balanced_accuracy	mean_test_brier_loss	mean_train_brier_loss	mean_test_f1	mean_train_f1	mean_test_informedness	mean_train_informedness	mean_test_log_loss	mean_train_log_loss	mean_test_markedness	mean_train_markedness	mean_test_mcc	mean_train_mcc	mean_test_negative_predictive_value	mean_train_negative_predictive_value	mean_test_precision	mean_train_precision	mean_test_precision_recall_auc	mean_train_precision_recall_auc	mean_test_roc_auc	mean_train_roc_auc	mean_test_sensitivity	mean_train_sensitivity	mean_test_specificity	mean_train_specificity
mcc	nan	nan	0.947 ± 0.070265	0.967 ± 0.019761	0.850 ± 0.099794	0.902 ± 0.023071	0.10669 ± 0.049977	0.07432 ± 0.015665	0.821 ± 0.124219	0.890 ± 0.028092	0.700 ± 0.199588	0.804 ± 0.046142	0.3517 ± 0.122197	0.2635 ± 0.044561	0.744 ± 0.197651	0.857 ± 0.035796	0.721 ± 0.195880	0.830 ± 0.040453	0.848 ± 0.108674	0.865 ± 0.028472	0.896 ± 0.154498	0.992 ± 0.020141	0.941 ± 0.077630	0.966 ± 0.019975	0.927 ± 0.102776	0.955 ± 0.030730	0.782 ± 0.164863	0.809 ± 0.043647	0.918 ± 0.121117	0.994 ± 0.013858
precision_recall_auc	nan	nan	0.946 ± 0.069212	0.964 ± 0.019589	0.828 ± 0.122460	0.842 ± 0.080120	0.12008 ± 0.060286	0.08340 ± 0.028629	0.765 ± 0.201254	0.802 ± 0.119437	0.656 ± 0.244920	0.684 ± 0.160239	0.3834 ± 0.151612	0.2802 ± 0.079545	0.752 ± 0.217062	0.794 ± 0.087641	0.701 ± 0.211588	0.735 ± 0.126916	0.811 ± 0.135129	0.806 ± 0.086650	0.940 ± 0.169369	0.987 ± 0.036338	0.939 ± 0.077842	0.963 ± 0.019814	0.927 ± 0.097986	0.960 ± 0.022789	0.690 ± 0.256459	0.694 ± 0.164686	0.966 ± 0.088893	0.990 ± 0.029733
roc_auc	nan	nan	0.956 ± 0.061913	0.963 ± 0.017926	0.789 ± 0.127958	0.845 ± 0.072223	0.11909 ± 0.058387	0.08848 ± 0.029586	0.704 ± 0.236850	0.810 ± 0.107616	0.578 ± 0.255915	0.691 ± 0.144446	0.3767 ± 0.144285	0.2891 ± 0.081633	0.657 ± 0.313686	0.786 ± 0.082905	0.624 ± 0.239412	0.735 ± 0.114253	0.778 ± 0.142110	0.815 ± 0.079452	0.879 ± 0.257067	0.971 ± 0.054642	0.950 ± 0.069638	0.963 ± 0.018123	0.944 ± 0.082531	0.962 ± 0.019312	0.635 ± 0.277608	0.714 ± 0.154452	0.943 ± 0.124134	0.977 ± 0.045339
