	mean_best_threshold_tuning_score	mean_best_threshold	mean_test_average_precision	mean_train_average_precision	mean_test_balanced_accuracy	mean_train_balanced_accuracy	mean_test_brier_loss	mean_train_brier_loss	mean_test_f1	mean_train_f1	mean_test_informedness	mean_train_informedness	mean_test_log_loss	mean_train_log_loss	mean_test_markedness	mean_train_markedness	mean_test_mcc	mean_train_mcc	mean_test_negative_predictive_value	mean_train_negative_predictive_value	mean_test_precision	mean_train_precision	mean_test_precision_recall_auc	mean_train_precision_recall_auc	mean_test_roc_auc	mean_train_roc_auc	mean_test_sensitivity	mean_train_sensitivity	mean_test_specificity	mean_train_specificity
mcc	nan	nan	0.944 ± 0.096121	0.987 ± 0.016513	0.862 ± 0.114705	0.945 ± 0.040356	0.09989 ± 0.073930	0.03636 ± 0.026750	0.830 ± 0.144007	0.940 ± 0.045170	0.723 ± 0.229410	0.890 ± 0.080713	0.3576 ± 0.237639	0.1399 ± 0.086862	0.803 ± 0.183035	0.907 ± 0.070802	0.760 ± 0.204867	0.898 ± 0.075617	0.843 ± 0.126945	0.929 ± 0.047861	0.960 ± 0.128968	0.978 ± 0.030228	0.937 ± 0.110751	0.987 ± 0.016643	0.928 ± 0.104580	0.985 ± 0.020286	0.765 ± 0.199695	0.907 ± 0.065242	0.958 ± 0.140102	0.983 ± 0.023497
precision_recall_auc	nan	nan	0.930 ± 0.090284	0.980 ± 0.020131	0.784 ± 0.174236	0.882 ± 0.141418	0.11882 ± 0.081075	0.04629 ± 0.036661	0.675 ± 0.335240	0.825 ± 0.285432	0.568 ± 0.348473	0.764 ± 0.282835	0.3879 ± 0.235383	0.1575 ± 0.113490	0.554 ± 0.486895	0.730 ± 0.417564	0.592 ± 0.349321	0.770 ± 0.283895	0.796 ± 0.160354	0.881 ± 0.129749	0.758 ± 0.370423	0.849 ± 0.293742	0.920 ± 0.108123	0.980 ± 0.020310	0.914 ± 0.097571	0.979 ± 0.023292	0.642 ± 0.344313	0.805 ± 0.282086	0.926 ± 0.149912	0.959 ± 0.058776
roc_auc	nan	nan	0.933 ± 0.096051	0.983 ± 0.018128	0.768 ± 0.171122	0.874 ± 0.152856	0.12202 ± 0.078124	0.04438 ± 0.039628	0.654 ± 0.338280	0.808 ± 0.309008	0.537 ± 0.342245	0.748 ± 0.305713	0.3777 ± 0.213389	0.1477 ± 0.119097	0.497 ± 0.503034	0.702 ± 0.448033	0.556 ± 0.343670	0.753 ± 0.306519	0.792 ± 0.171632	0.878 ± 0.138007	0.705 ± 0.370867	0.824 ± 0.315308	0.923 ± 0.114233	0.983 ± 0.018307	0.920 ± 0.100835	0.983 ± 0.018665	0.647 ± 0.354978	0.794 ± 0.306527	0.890 ± 0.168123	0.954 ± 0.062114
