	mean_best_threshold_tuning_score	mean_best_threshold	mean_test_average_precision	mean_train_average_precision	mean_test_balanced_accuracy	mean_train_balanced_accuracy	mean_test_brier_loss	mean_train_brier_loss	mean_test_f1	mean_train_f1	mean_test_informedness	mean_train_informedness	mean_test_log_loss	mean_train_log_loss	mean_test_markedness	mean_train_markedness	mean_test_mcc	mean_train_mcc	mean_test_negative_predictive_value	mean_train_negative_predictive_value	mean_test_precision	mean_train_precision	mean_test_precision_recall_auc	mean_train_precision_recall_auc	mean_test_roc_auc	mean_train_roc_auc	mean_test_sensitivity	mean_train_sensitivity	mean_test_specificity	mean_train_specificity
mcc	nan	nan	0.951 ± 0.063357	0.987 ± 0.015664	0.855 ± 0.119584	0.947 ± 0.039270	0.09945 ± 0.072066	0.03597 ± 0.026560	0.817 ± 0.157852	0.943 ± 0.043617	0.709 ± 0.239168	0.895 ± 0.078541	0.3555 ± 0.243640	0.1389 ± 0.087128	0.795 ± 0.187988	0.911 ± 0.068853	0.748 ± 0.212687	0.903 ± 0.073555	0.835 ± 0.134608	0.932 ± 0.048046	0.959 ± 0.120663	0.979 ± 0.028310	0.945 ± 0.071256	0.986 ± 0.015797	0.933 ± 0.086214	0.985 ± 0.019061	0.748 ± 0.215926	0.911 ± 0.064390	0.961 ± 0.120919	0.984 ± 0.022125
precision_recall_auc	nan	nan	0.940 ± 0.071458	0.977 ± 0.021588	0.782 ± 0.179823	0.861 ± 0.157612	0.11628 ± 0.080692	0.05426 ± 0.038752	0.657 ± 0.359981	0.784 ± 0.325536	0.563 ± 0.359647	0.721 ± 0.315224	0.3833 ± 0.236606	0.1809 ± 0.118228	0.518 ± 0.526404	0.669 ± 0.471868	0.583 ± 0.362768	0.727 ± 0.316964	0.792 ± 0.169943	0.861 ± 0.141221	0.726 ± 0.392780	0.808 ± 0.335976	0.933 ± 0.081068	0.976 ± 0.021779	0.924 ± 0.085717	0.975 ± 0.025973	0.625 ± 0.364313	0.763 ± 0.319769	0.938 ± 0.123123	0.958 ± 0.058710
roc_auc	nan	nan	0.944 ± 0.069227	0.982 ± 0.020465	0.792 ± 0.166232	0.883 ± 0.144543	0.11369 ± 0.072557	0.04479 ± 0.040821	0.691 ± 0.330088	0.826 ± 0.287436	0.584 ± 0.332464	0.766 ± 0.289087	0.3679 ± 0.213264	0.1502 ± 0.122869	0.558 ± 0.481652	0.727 ± 0.419215	0.604 ± 0.333852	0.769 ± 0.289931	0.809 ± 0.163630	0.887 ± 0.130712	0.749 ± 0.358591	0.840 ± 0.292818	0.938 ± 0.077993	0.982 ± 0.020661	0.928 ± 0.085749	0.982 ± 0.022097	0.670 ± 0.343369	0.815 ± 0.284933	0.914 ± 0.138151	0.951 ± 0.065996
