	mean_best_threshold_tuning_score	mean_best_threshold	mean_test_average_precision	mean_train_average_precision	mean_test_balanced_accuracy	mean_train_balanced_accuracy	mean_test_brier_loss	mean_train_brier_loss	mean_test_f1	mean_train_f1	mean_test_informedness	mean_train_informedness	mean_test_log_loss	mean_train_log_loss	mean_test_markedness	mean_train_markedness	mean_test_mcc	mean_train_mcc	mean_test_negative_predictive_value	mean_train_negative_predictive_value	mean_test_precision	mean_train_precision	mean_test_precision_recall_auc	mean_train_precision_recall_auc	mean_test_roc_auc	mean_train_roc_auc	mean_test_sensitivity	mean_train_sensitivity	mean_test_specificity	mean_train_specificity
mcc	nan	nan	0.933 ± 0.087961	0.987 ± 0.016513	0.841 ± 0.124677	0.945 ± 0.040356	0.12903 ± 0.080162	0.03636 ± 0.026750	0.815 ± 0.151282	0.940 ± 0.045170	0.681 ± 0.249353	0.890 ± 0.080713	0.4264 ± 0.253318	0.1399 ± 0.086862	0.703 ± 0.239031	0.907 ± 0.070802	0.691 ± 0.243271	0.898 ± 0.075617	0.869 ± 0.129635	0.929 ± 0.047861	0.834 ± 0.174363	0.978 ± 0.030228	0.925 ± 0.097894	0.987 ± 0.016643	0.913 ± 0.121215	0.985 ± 0.020286	0.830 ± 0.183627	0.907 ± 0.065242	0.851 ± 0.166136	0.983 ± 0.023497
precision_recall_auc	nan	nan	0.942 ± 0.073317	0.980 ± 0.020131	0.792 ± 0.159830	0.882 ± 0.141418	0.12477 ± 0.070336	0.04629 ± 0.036661	0.694 ± 0.326772	0.825 ± 0.285432	0.583 ± 0.319660	0.764 ± 0.282835	0.4087 ± 0.200490	0.1575 ± 0.113490	0.550 ± 0.466815	0.730 ± 0.417564	0.599 ± 0.322195	0.770 ± 0.283895	0.822 ± 0.151666	0.881 ± 0.129749	0.728 ± 0.353240	0.849 ± 0.293742	0.935 ± 0.083825	0.980 ± 0.020310	0.929 ± 0.086340	0.979 ± 0.023292	0.690 ± 0.340085	0.805 ± 0.282086	0.893 ± 0.150851	0.959 ± 0.058776
roc_auc	nan	nan	0.944 ± 0.072950	0.983 ± 0.018128	0.775 ± 0.161212	0.874 ± 0.152856	0.12845 ± 0.072693	0.04438 ± 0.039628	0.668 ± 0.335147	0.808 ± 0.309008	0.550 ± 0.322424	0.748 ± 0.305713	0.4125 ± 0.209255	0.1477 ± 0.119097	0.498 ± 0.490139	0.702 ± 0.448033	0.564 ± 0.325120	0.753 ± 0.306519	0.812 ± 0.169655	0.878 ± 0.138007	0.686 ± 0.355956	0.824 ± 0.315308	0.937 ± 0.083578	0.983 ± 0.018307	0.934 ± 0.081936	0.983 ± 0.018665	0.680 ± 0.356491	0.794 ± 0.306527	0.870 ± 0.158758	0.954 ± 0.062114
