	mean_best_threshold_tuning_score	mean_best_threshold	mean_test_average_precision	mean_train_average_precision	mean_test_balanced_accuracy	mean_train_balanced_accuracy	mean_test_brier_loss	mean_train_brier_loss	mean_test_f1	mean_train_f1	mean_test_informedness	mean_train_informedness	mean_test_log_loss	mean_train_log_loss	mean_test_markedness	mean_train_markedness	mean_test_mcc	mean_train_mcc	mean_test_negative_predictive_value	mean_train_negative_predictive_value	mean_test_precision	mean_train_precision	mean_test_precision_recall_auc	mean_train_precision_recall_auc	mean_test_roc_auc	mean_train_roc_auc	mean_test_sensitivity	mean_train_sensitivity	mean_test_specificity	mean_train_specificity
mcc	nan	nan	0.891 ± 0.109755	1.000 ± 0.000000	0.787 ± 0.139983	1.000 ± 0.000000	0.15743 ± 0.068608	0.02126 ± 0.002979	0.757 ± 0.160171	1.000 ± 0.000000	0.575 ± 0.279967	1.000 ± 0.000000	0.5030 ± 0.227684	0.1316 ± 0.014739	0.620 ± 0.276965	1.000 ± 0.000000	0.595 ± 0.275166	1.000 ± 0.000000	0.819 ± 0.154148	1.000 ± 0.000000	0.801 ± 0.190710	1.000 ± 0.000000	0.877 ± 0.128333	1.000 ± 0.000000	0.880 ± 0.125358	1.000 ± 0.000000	0.760 ± 0.209361	1.000 ± 0.000000	0.815 ± 0.197755	1.000 ± 0.000000
precision_recall_auc	nan	nan	0.893 ± 0.113067	1.000 ± 0.000000	0.798 ± 0.127705	1.000 ± 0.000000	0.15412 ± 0.069020	0.02077 ± 0.003025	0.768 ± 0.146653	1.000 ± 0.000000	0.597 ± 0.255411	1.000 ± 0.000000	0.4882 ± 0.205541	0.1286 ± 0.014006	0.650 ± 0.253577	1.000 ± 0.000000	0.621 ± 0.250977	1.000 ± 0.000000	0.823 ± 0.148795	1.000 ± 0.000000	0.827 ± 0.181570	1.000 ± 0.000000	0.878 ± 0.137254	1.000 ± 0.000000	0.885 ± 0.119693	1.000 ± 0.000000	0.760 ± 0.203178	1.000 ± 0.000000	0.837 ± 0.183172	1.000 ± 0.000000
roc_auc	nan	nan	0.893 ± 0.125001	1.000 ± 0.000000	0.790 ± 0.126209	1.000 ± 0.000000	0.15541 ± 0.070317	0.02081 ± 0.003116	0.761 ± 0.141073	1.000 ± 0.000000	0.580 ± 0.252419	1.000 ± 0.000000	0.4902 ± 0.205007	0.1287 ± 0.013680	0.636 ± 0.250702	1.000 ± 0.000000	0.605 ± 0.247703	1.000 ± 0.000000	0.816 ± 0.143302	1.000 ± 0.000000	0.819 ± 0.182576	1.000 ± 0.000000	0.876 ± 0.152043	1.000 ± 0.000000	0.880 ± 0.140386	1.000 ± 0.000000	0.753 ± 0.194132	1.000 ± 0.000000	0.827 ± 0.194362	1.000 ± 0.000000
