	mean_best_threshold_tuning_score	mean_best_threshold	mean_test_average_precision	mean_train_average_precision	mean_test_balanced_accuracy	mean_train_balanced_accuracy	mean_test_brier_loss	mean_train_brier_loss	mean_test_f1	mean_train_f1	mean_test_informedness	mean_train_informedness	mean_test_log_loss	mean_train_log_loss	mean_test_markedness	mean_train_markedness	mean_test_mcc	mean_train_mcc	mean_test_negative_predictive_value	mean_train_negative_predictive_value	mean_test_precision	mean_train_precision	mean_test_precision_recall_auc	mean_train_precision_recall_auc	mean_test_roc_auc	mean_train_roc_auc	mean_test_sensitivity	mean_train_sensitivity	mean_test_specificity	mean_train_specificity
mcc	nan	nan	0.892 ± 0.115097	1.000 ± 0.000000	0.814 ± 0.127077	1.000 ± 0.000000	0.13780 ± 0.061584	0.00939 ± 0.001906	0.782 ± 0.156846	1.000 ± 0.000000	0.628 ± 0.254155	1.000 ± 0.000000	0.4428 ± 0.166871	0.0756 ± 0.011782	0.666 ± 0.244905	1.000 ± 0.000000	0.645 ± 0.246734	1.000 ± 0.000000	0.841 ± 0.134660	1.000 ± 0.000000	0.825 ± 0.177449	1.000 ± 0.000000	0.872 ± 0.142889	1.000 ± 0.000000	0.886 ± 0.122849	1.000 ± 0.000000	0.783 ± 0.202731	1.000 ± 0.000000	0.845 ± 0.162960	1.000 ± 0.000000
precision_recall_auc	nan	nan	0.893 ± 0.104924	1.000 ± 0.000000	0.815 ± 0.126905	1.000 ± 0.000000	0.13899 ± 0.061074	0.00914 ± 0.002095	0.782 ± 0.159398	1.000 ± 0.000000	0.629 ± 0.253810	1.000 ± 0.000000	0.4464 ± 0.166704	0.0742 ± 0.012037	0.660 ± 0.243669	1.000 ± 0.000000	0.643 ± 0.246825	1.000 ± 0.000000	0.841 ± 0.137834	1.000 ± 0.000000	0.819 ± 0.168998	1.000 ± 0.000000	0.875 ± 0.128607	1.000 ± 0.000000	0.884 ± 0.107035	1.000 ± 0.000000	0.785 ± 0.203491	1.000 ± 0.000000	0.844 ± 0.153077	1.000 ± 0.000000
roc_auc	nan	nan	0.885 ± 0.121609	1.000 ± 0.000000	0.819 ± 0.125828	1.000 ± 0.000000	0.14002 ± 0.063449	0.00908 ± 0.001923	0.790 ± 0.150850	1.000 ± 0.000000	0.638 ± 0.251657	1.000 ± 0.000000	0.4522 ± 0.176124	0.0733 ± 0.011634	0.670 ± 0.243919	1.000 ± 0.000000	0.652 ± 0.245614	1.000 ± 0.000000	0.850 ± 0.136387	1.000 ± 0.000000	0.820 ± 0.177111	1.000 ± 0.000000	0.867 ± 0.144780	1.000 ± 0.000000	0.886 ± 0.110177	1.000 ± 0.000000	0.802 ± 0.196259	1.000 ± 0.000000	0.836 ± 0.168135	1.000 ± 0.000000
