	mean_best_threshold_tuning_score	mean_best_threshold	mean_test_average_precision	mean_train_average_precision	mean_test_balanced_accuracy	mean_train_balanced_accuracy	mean_test_brier_loss	mean_train_brier_loss	mean_test_f1	mean_train_f1	mean_test_informedness	mean_train_informedness	mean_test_log_loss	mean_train_log_loss	mean_test_markedness	mean_train_markedness	mean_test_mcc	mean_train_mcc	mean_test_negative_predictive_value	mean_train_negative_predictive_value	mean_test_precision	mean_train_precision	mean_test_precision_recall_auc	mean_train_precision_recall_auc	mean_test_roc_auc	mean_train_roc_auc	mean_test_sensitivity	mean_train_sensitivity	mean_test_specificity	mean_train_specificity
mcc	nan	nan	0.931 ± 0.086756	0.950 ± 0.016353	0.838 ± 0.115374	0.866 ± 0.030858	0.13306 ± 0.049370	0.11107 ± 0.027103	0.810 ± 0.140332	0.852 ± 0.034823	0.676 ± 0.230748	0.733 ± 0.061716	0.4233 ± 0.123952	0.3670 ± 0.082894	0.711 ± 0.223033	0.746 ± 0.065140	0.692 ± 0.224638	0.739 ± 0.063044	0.854 ± 0.123510	0.864 ± 0.028932	0.858 ± 0.166912	0.882 ± 0.047960	0.925 ± 0.091235	0.949 ± 0.016163	0.910 ± 0.116780	0.946 ± 0.016803	0.800 ± 0.183658	0.825 ± 0.040797	0.876 ± 0.150591	0.908 ± 0.041458
precision_recall_auc	nan	nan	0.921 ± 0.096241	0.948 ± 0.022214	0.827 ± 0.110066	0.866 ± 0.035589	0.13324 ± 0.058186	0.10635 ± 0.029638	0.794 ± 0.142990	0.851 ± 0.039778	0.655 ± 0.220133	0.731 ± 0.071178	0.4240 ± 0.161300	0.3487 ± 0.087896	0.697 ± 0.213044	0.742 ± 0.073492	0.674 ± 0.213898	0.737 ± 0.072026	0.852 ± 0.125917	0.867 ± 0.034954	0.846 ± 0.168251	0.875 ± 0.049052	0.919 ± 0.098151	0.950 ± 0.016563	0.907 ± 0.120084	0.947 ± 0.018048	0.787 ± 0.199319	0.830 ± 0.047381	0.868 ± 0.145952	0.901 ± 0.043120
roc_auc	nan	nan	0.918 ± 0.095693	0.942 ± 0.027606	0.834 ± 0.117993	0.861 ± 0.036036	0.13355 ± 0.059787	0.11043 ± 0.031780	0.805 ± 0.150049	0.846 ± 0.040329	0.668 ± 0.235987	0.722 ± 0.072072	0.4207 ± 0.163823	0.3592 ± 0.093452	0.699 ± 0.226671	0.728 ± 0.075101	0.682 ± 0.229386	0.725 ± 0.073423	0.863 ± 0.129124	0.868 ± 0.034181	0.836 ± 0.166156	0.860 ± 0.050844	0.921 ± 0.096917	0.948 ± 0.017087	0.911 ± 0.115672	0.945 ± 0.017792	0.810 ± 0.199233	0.834 ± 0.044061	0.858 ± 0.145111	0.888 ± 0.043350
