	mean_best_threshold_tuning_score	mean_best_threshold	mean_test_average_precision	mean_train_average_precision	mean_test_balanced_accuracy	mean_train_balanced_accuracy	mean_test_brier_loss	mean_train_brier_loss	mean_test_f1	mean_train_f1	mean_test_informedness	mean_train_informedness	mean_test_log_loss	mean_train_log_loss	mean_test_markedness	mean_train_markedness	mean_test_mcc	mean_train_mcc	mean_test_negative_predictive_value	mean_train_negative_predictive_value	mean_test_precision	mean_train_precision	mean_test_precision_recall_auc	mean_train_precision_recall_auc	mean_test_roc_auc	mean_train_roc_auc	mean_test_sensitivity	mean_train_sensitivity	mean_test_specificity	mean_train_specificity
mcc	nan	nan	0.916 ± 0.108190	0.958 ± 0.024113	0.812 ± 0.141373	0.888 ± 0.048210	0.14794 ± 0.078699	0.08853 ± 0.028612	0.781 ± 0.164783	0.874 ± 0.055340	0.624 ± 0.282747	0.777 ± 0.096420	0.4693 ± 0.211581	0.3117 ± 0.079387	0.671 ± 0.279195	0.806 ± 0.085697	0.646 ± 0.278707	0.791 ± 0.090692	0.821 ± 0.136815	0.872 ± 0.054748	0.849 ± 0.206772	0.934 ± 0.042425	0.905 ± 0.125560	0.957 ± 0.024844	0.898 ± 0.134253	0.955 ± 0.026989	0.758 ± 0.195796	0.825 ± 0.078937	0.866 ± 0.190445	0.952 ± 0.033942
precision_recall_auc	nan	nan	0.908 ± 0.124779	0.935 ± 0.096646	0.809 ± 0.141700	0.868 ± 0.064057	0.13573 ± 0.066987	0.09947 ± 0.029900	0.768 ± 0.194422	0.842 ± 0.128937	0.618 ± 0.283400	0.736 ± 0.128113	0.4299 ± 0.162035	0.3381 ± 0.079044	0.642 ± 0.312198	0.758 ± 0.183468	0.633 ± 0.280385	0.751 ± 0.127145	0.824 ± 0.138675	0.853 ± 0.059380	0.817 ± 0.221773	0.905 ± 0.135927	0.895 ± 0.143558	0.933 ± 0.098957	0.886 ± 0.167606	0.924 ± 0.127449	0.755 ± 0.221063	0.791 ± 0.131650	0.863 ± 0.169877	0.945 ± 0.030757
roc_auc	nan	nan	0.922 ± 0.099495	0.949 ± 0.020080	0.817 ± 0.129947	0.876 ± 0.033143	0.13291 ± 0.062648	0.09568 ± 0.020505	0.785 ± 0.156938	0.860 ± 0.039718	0.633 ± 0.259895	0.752 ± 0.066286	0.4234 ± 0.152193	0.3292 ± 0.060245	0.668 ± 0.257073	0.783 ± 0.058556	0.649 ± 0.256385	0.767 ± 0.061750	0.832 ± 0.129004	0.859 ± 0.039175	0.836 ± 0.185246	0.923 ± 0.037212	0.911 ± 0.117010	0.948 ± 0.020674	0.907 ± 0.119029	0.942 ± 0.023997	0.770 ± 0.192372	0.808 ± 0.061147	0.863 ± 0.162195	0.944 ± 0.029732
