	mean_best_threshold_tuning_score	mean_best_threshold	mean_test_average_precision	mean_train_average_precision	mean_test_balanced_accuracy	mean_train_balanced_accuracy	mean_test_brier_loss	mean_train_brier_loss	mean_test_f1	mean_train_f1	mean_test_informedness	mean_train_informedness	mean_test_log_loss	mean_train_log_loss	mean_test_markedness	mean_train_markedness	mean_test_mcc	mean_train_mcc	mean_test_negative_predictive_value	mean_train_negative_predictive_value	mean_test_precision	mean_train_precision	mean_test_precision_recall_auc	mean_train_precision_recall_auc	mean_test_roc_auc	mean_train_roc_auc	mean_test_sensitivity	mean_train_sensitivity	mean_test_specificity	mean_train_specificity
mcc	nan	nan	0.779 ± 0.150419	0.988 ± 0.024653	0.682 ± 0.141585	0.961 ± 0.061634	0.20492 ± 0.061583	0.04752 ± 0.044766	0.658 ± 0.203744	0.959 ± 0.065149	0.364 ± 0.283170	0.923 ± 0.123269	0.6489 ± 0.233996	0.1981 ± 0.137386	0.433 ± 0.334558	0.923 ± 0.122369	0.393 ± 0.298218	0.923 ± 0.122783	0.833 ± 0.218268	0.980 ± 0.035906	0.599 ± 0.198938	0.943 ± 0.094237	0.733 ± 0.188755	0.988 ± 0.024890	0.776 ± 0.155573	0.985 ± 0.030148	0.795 ± 0.284825	0.978 ± 0.039928	0.569 ± 0.244926	0.945 ± 0.094829
precision_recall_auc	nan	nan	0.806 ± 0.155714	0.980 ± 0.029703	0.697 ± 0.140859	0.945 ± 0.063080	0.19883 ± 0.064789	0.05165 ± 0.045656	0.678 ± 0.182020	0.940 ± 0.068209	0.393 ± 0.281718	0.891 ± 0.126159	0.6662 ± 0.271691	0.2075 ± 0.134949	0.454 ± 0.300537	0.891 ± 0.127086	0.419 ± 0.285039	0.891 ± 0.126528	0.819 ± 0.186135	0.960 ± 0.048691	0.635 ± 0.199911	0.930 ± 0.086165	0.768 ± 0.196616	0.980 ± 0.029961	0.799 ± 0.139063	0.975 ± 0.037199	0.793 ± 0.248145	0.953 ± 0.059154	0.600 ± 0.240323	0.938 ± 0.079758
roc_auc	nan	nan	0.781 ± 0.158439	0.982 ± 0.033532	0.700 ± 0.144680	0.951 ± 0.067018	0.20219 ± 0.068133	0.04596 ± 0.046519	0.691 ± 0.178183	0.947 ± 0.071046	0.399 ± 0.289361	0.901 ± 0.134035	0.6857 ± 0.299451	0.1901 ± 0.135863	0.459 ± 0.301148	0.900 ± 0.133999	0.424 ± 0.289095	0.901 ± 0.133970	0.831 ± 0.178972	0.973 ± 0.040667	0.628 ± 0.190561	0.928 ± 0.099564	0.734 ± 0.201596	0.982 ± 0.033844	0.783 ± 0.145008	0.978 ± 0.040477	0.808 ± 0.231608	0.970 ± 0.044345	0.591 ± 0.237480	0.932 ± 0.098888
