	mean_best_threshold_tuning_score	mean_best_threshold	mean_test_average_precision	mean_train_average_precision	mean_test_balanced_accuracy	mean_train_balanced_accuracy	mean_test_brier_loss	mean_train_brier_loss	mean_test_f1	mean_train_f1	mean_test_informedness	mean_train_informedness	mean_test_log_loss	mean_train_log_loss	mean_test_markedness	mean_train_markedness	mean_test_mcc	mean_train_mcc	mean_test_negative_predictive_value	mean_train_negative_predictive_value	mean_test_precision	mean_train_precision	mean_test_precision_recall_auc	mean_train_precision_recall_auc	mean_test_roc_auc	mean_train_roc_auc	mean_test_sensitivity	mean_train_sensitivity	mean_test_specificity	mean_train_specificity
mcc	nan	nan	0.861 ± 0.145951	0.988 ± 0.019183	0.748 ± 0.162543	0.963 ± 0.027904	0.18416 ± 0.068532	0.06320 ± 0.029574	0.697 ± 0.214654	0.960 ± 0.030300	0.497 ± 0.325085	0.926 ± 0.055808	0.5674 ± 0.189253	0.2580 ± 0.089014	0.568 ± 0.326147	0.935 ± 0.053719	0.527 ± 0.321231	0.930 ± 0.054509	0.792 ± 0.170094	0.955 ± 0.031940	0.776 ± 0.242086	0.980 ± 0.035775	0.844 ± 0.164771	0.987 ± 0.019599	0.826 ± 0.175420	0.981 ± 0.029940	0.707 ± 0.268974	0.943 ± 0.041429	0.790 ± 0.229685	0.983 ± 0.031583
precision_recall_auc	nan	nan	0.887 ± 0.107435	0.985 ± 0.020034	0.764 ± 0.141778	0.953 ± 0.035593	0.17366 ± 0.062913	0.06395 ± 0.029628	0.717 ± 0.177080	0.950 ± 0.040748	0.528 ± 0.283556	0.907 ± 0.071187	0.5465 ± 0.180928	0.2572 ± 0.088310	0.590 ± 0.276761	0.921 ± 0.061100	0.555 ± 0.276529	0.914 ± 0.065788	0.786 ± 0.158202	0.944 ± 0.043253	0.804 ± 0.200730	0.977 ± 0.038956	0.871 ± 0.125376	0.984 ± 0.020461	0.861 ± 0.137468	0.977 ± 0.031610	0.702 ± 0.235154	0.926 ± 0.062698	0.826 ± 0.191461	0.980 ± 0.034440
roc_auc	nan	nan	0.878 ± 0.125938	0.984 ± 0.020212	0.758 ± 0.156799	0.956 ± 0.029210	0.17260 ± 0.066276	0.06387 ± 0.030857	0.706 ± 0.204649	0.953 ± 0.032121	0.516 ± 0.313599	0.912 ± 0.058420	0.5405 ± 0.184242	0.2568 ± 0.092075	0.580 ± 0.322597	0.925 ± 0.055499	0.544 ± 0.314251	0.918 ± 0.056666	0.776 ± 0.156604	0.946 ± 0.034981	0.804 ± 0.234262	0.979 ± 0.038074	0.863 ± 0.140498	0.983 ± 0.020639	0.846 ± 0.161313	0.975 ± 0.032200	0.680 ± 0.245919	0.931 ± 0.046210	0.836 ± 0.191407	0.981 ± 0.034227
