	mean_ncv_average_precision	mean_ncv_balanced_accuracy	mean_ncv_brier_loss	mean_ncv_f1	mean_ncv_informedness	mean_ncv_log_loss	mean_ncv_markedness	mean_ncv_mcc	mean_ncv_negative_predictive_value	mean_ncv_precision	mean_ncv_precision_recall_auc	mean_ncv_roc_auc	mean_ncv_sensitivity	mean_ncv_specificity
mcc	0.882 ± 0.012532	0.816 ± 0.036240	0.13775 ± 0.009069	0.795 ± 0.042645	0.632 ± 0.072481	0.4326 ± 0.026712	0.639 ± 0.070285	0.636 ± 0.071349	0.825 ± 0.036422	0.814 ± 0.037456	0.879 ± 0.013459	0.876 ± 0.012777	0.778 ± 0.052378	0.855 ± 0.028748
precision_recall_auc	0.876 ± 0.026481	0.809 ± 0.026540	0.13958 ± 0.009156	0.787 ± 0.033075	0.618 ± 0.053080	0.4366 ± 0.032781	0.625 ± 0.046012	0.621 ± 0.049389	0.821 ± 0.034048	0.804 ± 0.022450	0.874 ± 0.026868	0.873 ± 0.020394	0.772 ± 0.055246	0.845 ± 0.023473
roc_auc	0.880 ± 0.019230	0.815 ± 0.021263	0.13689 ± 0.009173	0.795 ± 0.024363	0.630 ± 0.042526	0.4255 ± 0.028105	0.633 ± 0.041151	0.631 ± 0.041715	0.830 ± 0.023707	0.803 ± 0.024721	0.877 ± 0.020245	0.876 ± 0.017077	0.789 ± 0.035136	0.841 ± 0.023957
