	mean_best_threshold_tuning_score	mean_best_threshold	mean_test_average_precision	mean_train_average_precision	mean_test_balanced_accuracy	mean_train_balanced_accuracy	mean_test_brier_loss	mean_train_brier_loss	mean_test_f1	mean_train_f1	mean_test_informedness	mean_train_informedness	mean_test_log_loss	mean_train_log_loss	mean_test_markedness	mean_train_markedness	mean_test_mcc	mean_train_mcc	mean_test_negative_predictive_value	mean_train_negative_predictive_value	mean_test_precision	mean_train_precision	mean_test_precision_recall_auc	mean_train_precision_recall_auc	mean_test_roc_auc	mean_train_roc_auc	mean_test_sensitivity	mean_train_sensitivity	mean_test_specificity	mean_train_specificity
mcc	nan	nan	0.951 ± 0.067966	0.963 ± 0.018046	0.858 ± 0.116812	0.909 ± 0.029954	0.09907 ± 0.069149	0.06901 ± 0.017471	0.830 ± 0.144026	0.899 ± 0.034514	0.717 ± 0.233625	0.817 ± 0.059908	0.3354 ± 0.201348	0.2440 ± 0.051072	0.775 ± 0.197925	0.847 ± 0.054530	0.743 ± 0.213916	0.832 ± 0.056805	0.861 ± 0.130451	0.886 ± 0.034086	0.914 ± 0.141447	0.960 ± 0.030172	0.946 ± 0.074889	0.964 ± 0.018021	0.934 ± 0.101820	0.958 ± 0.022608	0.797 ± 0.200736	0.846 ± 0.048815	0.920 ± 0.147080	0.971 ± 0.023064
precision_recall_auc	nan	nan	0.956 ± 0.068299	0.959 ± 0.014924	0.833 ± 0.156246	0.866 ± 0.125585	0.09257 ± 0.058433	0.07613 ± 0.020785	0.760 ± 0.289312	0.808 ± 0.273360	0.665 ± 0.312492	0.733 ± 0.251169	0.3119 ± 0.175641	0.2605 ± 0.055136	0.660 ± 0.418298	0.713 ± 0.396430	0.683 ± 0.310546	0.746 ± 0.255214	0.836 ± 0.155741	0.851 ± 0.106818	0.824 ± 0.308040	0.862 ± 0.291804	0.951 ± 0.076585	0.959 ± 0.014901	0.943 ± 0.094569	0.952 ± 0.019916	0.728 ± 0.307138	0.761 ± 0.258785	0.937 ± 0.110569	0.972 ± 0.024089
roc_auc	nan	nan	0.955 ± 0.068113	0.961 ± 0.012333	0.845 ± 0.143423	0.883 ± 0.100382	0.09249 ± 0.060111	0.07329 ± 0.016422	0.792 ± 0.245492	0.845 ± 0.217113	0.691 ± 0.286846	0.767 ± 0.200765	0.3133 ± 0.179220	0.2533 ± 0.043200	0.709 ± 0.355711	0.768 ± 0.316128	0.711 ± 0.282277	0.781 ± 0.204091	0.850 ± 0.146259	0.864 ± 0.086279	0.859 ± 0.263097	0.904 ± 0.232674	0.950 ± 0.076526	0.962 ± 0.012329	0.943 ± 0.092868	0.956 ± 0.015659	0.762 ± 0.270429	0.794 ± 0.205859	0.929 ± 0.132899	0.973 ± 0.024519
