	mean_best_threshold_tuning_score	mean_best_threshold	mean_test_average_precision	mean_train_average_precision	mean_test_balanced_accuracy	mean_train_balanced_accuracy	mean_test_brier_loss	mean_train_brier_loss	mean_test_f1	mean_train_f1	mean_test_informedness	mean_train_informedness	mean_test_log_loss	mean_train_log_loss	mean_test_markedness	mean_train_markedness	mean_test_mcc	mean_train_mcc	mean_test_negative_predictive_value	mean_train_negative_predictive_value	mean_test_precision	mean_train_precision	mean_test_precision_recall_auc	mean_train_precision_recall_auc	mean_test_roc_auc	mean_train_roc_auc	mean_test_sensitivity	mean_train_sensitivity	mean_test_specificity	mean_train_specificity
mcc	nan	nan	0.888 ± 0.128452	0.989 ± 0.017067	0.800 ± 0.134154	0.959 ± 0.044253	0.14618 ± 0.079760	0.02897 ± 0.028168	0.772 ± 0.156458	0.955 ± 0.049103	0.600 ± 0.268309	0.917 ± 0.088506	0.5389 ± 0.394244	0.1166 ± 0.089494	0.637 ± 0.259599	0.928 ± 0.076478	0.616 ± 0.262276	0.923 ± 0.082460	0.834 ± 0.140329	0.950 ± 0.053760	0.803 ± 0.193147	0.978 ± 0.026243	0.865 ± 0.163483	0.988 ± 0.017238	0.892 ± 0.105674	0.989 ± 0.019376	0.787 ± 0.196454	0.934 ± 0.072572	0.813 ± 0.203743	0.984 ± 0.019925
precision_recall_auc	nan	nan	0.913 ± 0.089507	0.990 ± 0.019352	0.764 ± 0.153369	0.916 ± 0.161411	0.14483 ± 0.068124	0.02183 ± 0.034510	0.646 ± 0.308093	0.853 ± 0.322139	0.528 ± 0.306739	0.832 ± 0.322821	0.4663 ± 0.202876	0.0780 ± 0.110487	0.540 ± 0.446087	0.785 ± 0.466306	0.561 ± 0.299819	0.835 ± 0.322463	0.772 ± 0.162523	0.918 ± 0.146054	0.768 ± 0.343614	0.867 ± 0.324447	0.898 ± 0.113188	0.990 ± 0.019554	0.910 ± 0.077875	0.990 ± 0.019281	0.607 ± 0.333775	0.842 ± 0.321806	0.921 ± 0.131743	0.990 ± 0.021685
roc_auc	nan	nan	0.920 ± 0.087863	0.991 ± 0.020273	0.755 ± 0.150491	0.914 ± 0.163752	0.13958 ± 0.066582	0.01883 ± 0.036740	0.635 ± 0.303966	0.852 ± 0.323275	0.510 ± 0.300983	0.829 ± 0.327505	0.4505 ± 0.197550	0.0659 ± 0.113911	0.532 ± 0.437005	0.778 ± 0.470594	0.546 ± 0.295223	0.830 ± 0.327252	0.773 ± 0.163734	0.919 ± 0.149280	0.759 ± 0.344049	0.858 ± 0.324194	0.905 ± 0.110017	0.991 ± 0.020514	0.917 ± 0.078618	0.992 ± 0.018945	0.602 ± 0.337260	0.846 ± 0.323321	0.908 ± 0.151307	0.983 ± 0.041877
