	mean_best_threshold_tuning_score	mean_best_threshold	mean_test_average_precision	mean_train_average_precision	mean_test_balanced_accuracy	mean_train_balanced_accuracy	mean_test_brier_loss	mean_train_brier_loss	mean_test_f1	mean_train_f1	mean_test_informedness	mean_train_informedness	mean_test_log_loss	mean_train_log_loss	mean_test_markedness	mean_train_markedness	mean_test_mcc	mean_train_mcc	mean_test_negative_predictive_value	mean_train_negative_predictive_value	mean_test_precision	mean_train_precision	mean_test_precision_recall_auc	mean_train_precision_recall_auc	mean_test_roc_auc	mean_train_roc_auc	mean_test_sensitivity	mean_train_sensitivity	mean_test_specificity	mean_train_specificity
mcc	nan	nan	0.952 ± 0.066907	1.000 ± 0.000000	0.841 ± 0.110297	1.000 ± 0.000000	0.10332 ± 0.047879	0.01074 ± 0.002445	0.800 ± 0.155293	1.000 ± 0.000000	0.683 ± 0.220594	1.000 ± 0.000000	0.3334 ± 0.127916	0.0797 ± 0.015329	0.756 ± 0.182779	1.000 ± 0.000000	0.715 ± 0.198734	1.000 ± 0.000000	0.837 ± 0.120506	1.000 ± 0.000000	0.919 ± 0.143767	1.000 ± 0.000000	0.947 ± 0.074659	1.000 ± 0.000000	0.950 ± 0.065545	1.000 ± 0.000000	0.747 ± 0.211597	1.000 ± 0.000000	0.936 ± 0.114749	1.000 ± 0.000000
precision_recall_auc	nan	nan	0.949 ± 0.060746	1.000 ± 0.000000	0.835 ± 0.110378	1.000 ± 0.000000	0.10401 ± 0.051054	0.01038 ± 0.002357	0.795 ± 0.151595	1.000 ± 0.000000	0.670 ± 0.220757	1.000 ± 0.000000	0.3323 ± 0.138910	0.0761 ± 0.014357	0.736 ± 0.193405	1.000 ± 0.000000	0.700 ± 0.203782	1.000 ± 0.000000	0.838 ± 0.124791	1.000 ± 0.000000	0.898 ± 0.149839	1.000 ± 0.000000	0.942 ± 0.068010	1.000 ± 0.000000	0.947 ± 0.059991	1.000 ± 0.000000	0.753 ± 0.209578	1.000 ± 0.000000	0.917 ± 0.122312	1.000 ± 0.000000
roc_auc	nan	nan	0.960 ± 0.057577	1.000 ± 0.000000	0.843 ± 0.110601	1.000 ± 0.000000	0.10177 ± 0.048902	0.01013 ± 0.002105	0.803 ± 0.154777	1.000 ± 0.000000	0.685 ± 0.221202	1.000 ± 0.000000	0.3232 ± 0.125792	0.0747 ± 0.013286	0.751 ± 0.185568	1.000 ± 0.000000	0.714 ± 0.200263	1.000 ± 0.000000	0.846 ± 0.122713	1.000 ± 0.000000	0.905 ± 0.146704	1.000 ± 0.000000	0.954 ± 0.069599	1.000 ± 0.000000	0.955 ± 0.068720	1.000 ± 0.000000	0.763 ± 0.213862	1.000 ± 0.000000	0.922 ± 0.120441	1.000 ± 0.000000
