	mean_best_threshold_tuning_score	mean_best_threshold	mean_test_average_precision	mean_train_average_precision	mean_test_balanced_accuracy	mean_train_balanced_accuracy	mean_test_brier_loss	mean_train_brier_loss	mean_test_f1	mean_train_f1	mean_test_informedness	mean_train_informedness	mean_test_log_loss	mean_train_log_loss	mean_test_markedness	mean_train_markedness	mean_test_mcc	mean_train_mcc	mean_test_negative_predictive_value	mean_train_negative_predictive_value	mean_test_precision	mean_train_precision	mean_test_precision_recall_auc	mean_train_precision_recall_auc	mean_test_roc_auc	mean_train_roc_auc	mean_test_sensitivity	mean_train_sensitivity	mean_test_specificity	mean_train_specificity
mcc	nan	nan	0.922 ± 0.087901	1.000 ± 0.000000	0.822 ± 0.110833	1.000 ± 0.000000	0.13034 ± 0.054676	0.00923 ± 0.001919	0.787 ± 0.145348	1.000 ± 0.000000	0.644 ± 0.221666	1.000 ± 0.000000	0.4102 ± 0.130837	0.0762 ± 0.011400	0.694 ± 0.213895	1.000 ± 0.000000	0.667 ± 0.214205	1.000 ± 0.000000	0.840 ± 0.136615	1.000 ± 0.000000	0.854 ± 0.157100	1.000 ± 0.000000	0.915 ± 0.094575	1.000 ± 0.000000	0.914 ± 0.097454	1.000 ± 0.000000	0.770 ± 0.208629	1.000 ± 0.000000	0.874 ± 0.134103	1.000 ± 0.000000
precision_recall_auc	nan	nan	0.927 ± 0.082286	1.000 ± 0.000000	0.833 ± 0.107845	1.000 ± 0.000000	0.12670 ± 0.049689	0.00877 ± 0.001538	0.796 ± 0.140496	1.000 ± 0.000000	0.665 ± 0.215690	1.000 ± 0.000000	0.4037 ± 0.123302	0.0730 ± 0.008407	0.721 ± 0.187807	1.000 ± 0.000000	0.690 ± 0.197783	1.000 ± 0.000000	0.850 ± 0.134116	1.000 ± 0.000000	0.871 ± 0.149292	1.000 ± 0.000000	0.919 ± 0.093152	1.000 ± 0.000000	0.919 ± 0.096548	1.000 ± 0.000000	0.780 ± 0.212132	1.000 ± 0.000000	0.885 ± 0.138965	1.000 ± 0.000000
roc_auc	nan	nan	0.917 ± 0.088581	1.000 ± 0.000000	0.818 ± 0.114311	1.000 ± 0.000000	0.13027 ± 0.056517	0.00880 ± 0.001661	0.780 ± 0.148993	1.000 ± 0.000000	0.636 ± 0.228621	1.000 ± 0.000000	0.4123 ± 0.138982	0.0736 ± 0.009143	0.700 ± 0.207877	1.000 ± 0.000000	0.664 ± 0.214055	1.000 ± 0.000000	0.838 ± 0.140156	1.000 ± 0.000000	0.862 ± 0.156457	1.000 ± 0.000000	0.906 ± 0.105667	1.000 ± 0.000000	0.911 ± 0.096186	1.000 ± 0.000000	0.762 ± 0.217574	1.000 ± 0.000000	0.874 ± 0.148887	1.000 ± 0.000000
