	mean_ncv_average_precision	mean_ncv_balanced_accuracy	mean_ncv_brier_loss	mean_ncv_f1	mean_ncv_informedness	mean_ncv_log_loss	mean_ncv_markedness	mean_ncv_mcc	mean_ncv_negative_predictive_value	mean_ncv_precision	mean_ncv_precision_recall_auc	mean_ncv_roc_auc	mean_ncv_sensitivity	mean_ncv_specificity
mcc	0.785 ± 0.049049	0.792 ± 0.033708	0.16285 ± 0.015853	0.771 ± 0.038785	0.585 ± 0.067416	0.5903 ± 0.280936	0.588 ± 0.066797	0.586 ± 0.067027	0.812 ± 0.035090	0.776 ± 0.039583	0.772 ± 0.057788	0.835 ± 0.032428	0.767 ± 0.051052	0.818 ± 0.037113
precision_recall_auc	0.800 ± 0.055619	0.790 ± 0.026858	0.15883 ± 0.015413	0.767 ± 0.030160	0.579 ± 0.053717	0.5025 ± 0.049369	0.582 ± 0.053919	0.581 ± 0.053755	0.808 ± 0.026782	0.775 ± 0.032476	0.786 ± 0.064014	0.838 ± 0.031136	0.761 ± 0.037497	0.818 ± 0.030303
roc_auc	0.791 ± 0.052451	0.792 ± 0.028550	0.16047 ± 0.014611	0.770 ± 0.031785	0.584 ± 0.057100	0.5059 ± 0.046086	0.587 ± 0.057969	0.586 ± 0.057473	0.808 ± 0.027243	0.779 ± 0.036015	0.780 ± 0.057444	0.836 ± 0.028089	0.761 ± 0.037497	0.823 ± 0.033539
