	mean_best_threshold_tuning_score	mean_best_threshold	mean_test_average_precision	mean_train_average_precision	mean_test_balanced_accuracy	mean_train_balanced_accuracy	mean_test_brier_loss	mean_train_brier_loss	mean_test_f1	mean_train_f1	mean_test_informedness	mean_train_informedness	mean_test_log_loss	mean_train_log_loss	mean_test_markedness	mean_train_markedness	mean_test_mcc	mean_train_mcc	mean_test_negative_predictive_value	mean_train_negative_predictive_value	mean_test_precision	mean_train_precision	mean_test_precision_recall_auc	mean_train_precision_recall_auc	mean_test_roc_auc	mean_train_roc_auc	mean_test_sensitivity	mean_train_sensitivity	mean_test_specificity	mean_train_specificity
mcc	nan	nan	0.888 ± 0.123487	1.000 ± 0.000000	0.796 ± 0.128552	1.000 ± 0.000000	0.16285 ± 0.071851	0.02278 ± 0.003248	0.763 ± 0.147234	1.000 ± 0.000000	0.592 ± 0.257104	1.000 ± 0.000000	0.5903 ± 0.715049	0.1377 ± 0.015619	0.628 ± 0.252425	1.000 ± 0.000000	0.608 ± 0.251253	1.000 ± 0.000000	0.828 ± 0.154286	1.000 ± 0.000000	0.800 ± 0.168443	1.000 ± 0.000000	0.871 ± 0.148206	1.000 ± 0.000000	0.877 ± 0.136665	1.000 ± 0.000000	0.772 ± 0.208119	1.000 ± 0.000000	0.820 ± 0.161940	1.000 ± 0.000000
precision_recall_auc	nan	nan	0.891 ± 0.121078	1.000 ± 0.000000	0.795 ± 0.121145	1.000 ± 0.000000	0.15883 ± 0.072365	0.02184 ± 0.003273	0.761 ± 0.137644	1.000 ± 0.000000	0.589 ± 0.242291	1.000 ± 0.000000	0.5025 ± 0.213200	0.1333 ± 0.015293	0.627 ± 0.238321	1.000 ± 0.000000	0.606 ± 0.236435	1.000 ± 0.000000	0.825 ± 0.151975	1.000 ± 0.000000	0.802 ± 0.167503	1.000 ± 0.000000	0.874 ± 0.146040	1.000 ± 0.000000	0.873 ± 0.139834	1.000 ± 0.000000	0.768 ± 0.205018	1.000 ± 0.000000	0.821 ± 0.161653	1.000 ± 0.000000
roc_auc	nan	nan	0.887 ± 0.124753	1.000 ± 0.000000	0.796 ± 0.123491	1.000 ± 0.000000	0.16047 ± 0.069609	0.02167 ± 0.003205	0.764 ± 0.141123	1.000 ± 0.000000	0.592 ± 0.246983	1.000 ± 0.000000	0.5059 ± 0.202316	0.1335 ± 0.014865	0.629 ± 0.245193	1.000 ± 0.000000	0.608 ± 0.242620	1.000 ± 0.000000	0.823 ± 0.148265	1.000 ± 0.000000	0.805 ± 0.170614	1.000 ± 0.000000	0.870 ± 0.145994	1.000 ± 0.000000	0.871 ± 0.141375	1.000 ± 0.000000	0.767 ± 0.199205	1.000 ± 0.000000	0.825 ± 0.163585	1.000 ± 0.000000
