	mean_ncv_average_precision	mean_ncv_balanced_accuracy	mean_ncv_brier_loss	mean_ncv_f1	mean_ncv_informedness	mean_ncv_log_loss	mean_ncv_markedness	mean_ncv_mcc	mean_ncv_negative_predictive_value	mean_ncv_precision	mean_ncv_precision_recall_auc	mean_ncv_roc_auc	mean_ncv_sensitivity	mean_ncv_specificity
mcc	0.890 ± 0.016555	0.852 ± 0.019841	0.12350 ± 0.007381	0.835 ± 0.022486	0.703 ± 0.039682	0.4016 ± 0.018165	0.711 ± 0.040592	0.707 ± 0.040007	0.855 ± 0.018890	0.855 ± 0.027450	0.888 ± 0.017953	0.901 ± 0.013605	0.817 ± 0.026836	0.886 ± 0.023957
precision_recall_auc	0.896 ± 0.024803	0.866 ± 0.019232	0.11390 ± 0.011298	0.852 ± 0.021492	0.732 ± 0.038464	0.3777 ± 0.028929	0.742 ± 0.042453	0.737 ± 0.040382	0.865 ± 0.013991	0.877 ± 0.030960	0.893 ± 0.026049	0.916 ± 0.023282	0.828 ± 0.017568	0.905 ± 0.025802
roc_auc	0.902 ± 0.018279	0.868 ± 0.018212	0.11219 ± 0.008129	0.853 ± 0.020904	0.736 ± 0.036424	0.3725 ± 0.020971	0.750 ± 0.039602	0.743 ± 0.037803	0.863 ± 0.015860	0.887 ± 0.030508	0.898 ± 0.019371	0.919 ± 0.015407	0.822 ± 0.023424	0.914 ± 0.025802
