	mean_best_threshold_tuning_score	mean_best_threshold	mean_test_average_precision	mean_train_average_precision	mean_test_balanced_accuracy	mean_train_balanced_accuracy	mean_test_brier_loss	mean_train_brier_loss	mean_test_f1	mean_train_f1	mean_test_informedness	mean_train_informedness	mean_test_log_loss	mean_train_log_loss	mean_test_markedness	mean_train_markedness	mean_test_mcc	mean_train_mcc	mean_test_negative_predictive_value	mean_train_negative_predictive_value	mean_test_precision	mean_train_precision	mean_test_precision_recall_auc	mean_train_precision_recall_auc	mean_test_roc_auc	mean_train_roc_auc	mean_test_sensitivity	mean_train_sensitivity	mean_test_specificity	mean_train_specificity
mcc	nan	nan	0.878 ± 0.121337	0.979 ± 0.016270	0.809 ± 0.146211	0.924 ± 0.035002	0.15634 ± 0.096937	0.07050 ± 0.026149	0.765 ± 0.192955	0.917 ± 0.039690	0.619 ± 0.292421	0.849 ± 0.070003	0.5402 ± 0.382606	0.2638 ± 0.071761	0.685 ± 0.277463	0.879 ± 0.059013	0.648 ± 0.282161	0.864 ± 0.063747	0.828 ± 0.158853	0.902 ± 0.043593	0.858 ± 0.191432	0.977 ± 0.035989	0.862 ± 0.140715	0.979 ± 0.016571	0.834 ± 0.172366	0.975 ± 0.020400	0.740 ± 0.249512	0.866 ± 0.064476	0.879 ± 0.165088	0.982 ± 0.029688
precision_recall_auc	nan	nan	0.884 ± 0.131865	0.982 ± 0.015072	0.814 ± 0.157590	0.928 ± 0.034549	0.14364 ± 0.103570	0.06475 ± 0.019609	0.771 ± 0.204532	0.921 ± 0.038814	0.628 ± 0.315179	0.856 ± 0.069098	0.5840 ± 0.585528	0.2478 ± 0.058826	0.682 ± 0.306234	0.889 ± 0.053054	0.652 ± 0.307997	0.872 ± 0.060507	0.825 ± 0.158998	0.903 ± 0.047410	0.857 ± 0.196081	0.985 ± 0.026798	0.865 ± 0.158493	0.981 ± 0.015272	0.856 ± 0.167407	0.978 ± 0.019594	0.737 ± 0.248784	0.867 ± 0.068996	0.891 ± 0.150743	0.988 ± 0.021855
roc_auc	nan	nan	0.860 ± 0.137875	0.976 ± 0.020664	0.783 ± 0.143204	0.928 ± 0.046731	0.16843 ± 0.099648	0.06917 ± 0.022197	0.742 ± 0.184096	0.920 ± 0.057050	0.566 ± 0.286407	0.857 ± 0.093462	0.6383 ± 0.546362	0.2581 ± 0.064429	0.623 ± 0.284486	0.880 ± 0.075196	0.592 ± 0.282488	0.868 ± 0.083852	0.810 ± 0.157670	0.915 ± 0.055675	0.813 ± 0.196800	0.965 ± 0.044187	0.837 ± 0.167163	0.975 ± 0.021194	0.831 ± 0.173612	0.977 ± 0.019064	0.730 ± 0.238428	0.885 ± 0.087115	0.836 ± 0.179011	0.972 ± 0.036837
