	mean_best_threshold_tuning_score	mean_best_threshold	mean_test_average_precision	mean_train_average_precision	mean_test_balanced_accuracy	mean_train_balanced_accuracy	mean_test_brier_loss	mean_train_brier_loss	mean_test_f1	mean_train_f1	mean_test_informedness	mean_train_informedness	mean_test_log_loss	mean_train_log_loss	mean_test_markedness	mean_train_markedness	mean_test_mcc	mean_train_mcc	mean_test_negative_predictive_value	mean_train_negative_predictive_value	mean_test_precision	mean_train_precision	mean_test_precision_recall_auc	mean_train_precision_recall_auc	mean_test_roc_auc	mean_train_roc_auc	mean_test_sensitivity	mean_train_sensitivity	mean_test_specificity	mean_train_specificity
mcc	nan	nan	0.789 ± 0.149440	0.992 ± 0.018400	0.684 ± 0.111895	0.962 ± 0.061493	0.21702 ± 0.073665	0.03446 ± 0.045103	0.686 ± 0.111335	0.960 ± 0.063449	0.368 ± 0.223791	0.925 ± 0.122985	0.7750 ± 0.508659	0.1465 ± 0.143186	0.430 ± 0.256523	0.924 ± 0.122000	0.395 ± 0.231944	0.924 ± 0.122460	0.818 ± 0.203157	0.984 ± 0.036076	0.612 ± 0.138846	0.940 ± 0.091323	0.750 ± 0.184444	0.992 ± 0.018529	0.782 ± 0.140806	0.988 ± 0.027947	0.828 ± 0.180081	0.984 ± 0.035645	0.540 ± 0.216418	0.941 ± 0.092916
precision_recall_auc	nan	nan	0.841 ± 0.148521	0.997 ± 0.010251	0.735 ± 0.132377	0.982 ± 0.035774	0.19421 ± 0.089646	0.01721 ± 0.026691	0.732 ± 0.125327	0.980 ± 0.039531	0.469 ± 0.264754	0.965 ± 0.071548	0.6531 ± 0.363644	0.0925 ± 0.091988	0.508 ± 0.258784	0.963 ± 0.074018	0.486 ± 0.259040	0.964 ± 0.072758	0.839 ± 0.169291	0.990 ± 0.026758	0.669 ± 0.153333	0.973 ± 0.052988	0.811 ± 0.184197	0.996 ± 0.010333	0.831 ± 0.142849	0.996 ± 0.013199	0.843 ± 0.168897	0.988 ± 0.031463	0.626 ± 0.217650	0.977 ± 0.046620
roc_auc	nan	nan	0.843 ± 0.146301	0.999 ± 0.007333	0.723 ± 0.140648	0.986 ± 0.036584	0.19264 ± 0.088369	0.01380 ± 0.023284	0.722 ± 0.127466	0.984 ± 0.040077	0.445 ± 0.281296	0.972 ± 0.073168	0.6574 ± 0.368664	0.0839 ± 0.077035	0.480 ± 0.299081	0.971 ± 0.075080	0.461 ± 0.284720	0.972 ± 0.074091	0.819 ± 0.210172	0.996 ± 0.017347	0.661 ± 0.153511	0.974 ± 0.062084	0.812 ± 0.185424	0.999 ± 0.007387	0.833 ± 0.139702	0.998 ± 0.009285	0.833 ± 0.174152	0.996 ± 0.018228	0.612 ± 0.233989	0.976 ± 0.059434
