	mean_best_threshold_tuning_score	mean_best_threshold	mean_test_average_precision	mean_train_average_precision	mean_test_balanced_accuracy	mean_train_balanced_accuracy	mean_test_brier_loss	mean_train_brier_loss	mean_test_f1	mean_train_f1	mean_test_informedness	mean_train_informedness	mean_test_log_loss	mean_train_log_loss	mean_test_markedness	mean_train_markedness	mean_test_mcc	mean_train_mcc	mean_test_negative_predictive_value	mean_train_negative_predictive_value	mean_test_precision	mean_train_precision	mean_test_precision_recall_auc	mean_train_precision_recall_auc	mean_test_roc_auc	mean_train_roc_auc	mean_test_sensitivity	mean_train_sensitivity	mean_test_specificity	mean_train_specificity
mcc	nan	nan	0.831 ± 0.144479	0.993 ± 0.016855	0.760 ± 0.136665	0.972 ± 0.053693	0.17396 ± 0.074269	0.02543 ± 0.039519	0.739 ± 0.146043	0.971 ± 0.055038	0.519 ± 0.273330	0.945 ± 0.107387	0.5846 ± 0.394413	0.1186 ± 0.127659	0.562 ± 0.298938	0.944 ± 0.106707	0.540 ± 0.280565	0.945 ± 0.107007	0.835 ± 0.196692	0.985 ± 0.034049	0.727 ± 0.196507	0.959 ± 0.078452	0.802 ± 0.174957	0.993 ± 0.016974	0.818 ± 0.152481	0.990 ± 0.025655	0.813 ± 0.209983	0.984 ± 0.034537	0.706 ± 0.238541	0.960 ± 0.079653
precision_recall_auc	nan	nan	0.886 ± 0.131533	0.997 ± 0.010186	0.787 ± 0.144035	0.983 ± 0.036078	0.15802 ± 0.083442	0.01622 ± 0.025927	0.766 ± 0.156983	0.981 ± 0.039767	0.575 ± 0.288070	0.967 ± 0.072157	0.5194 ± 0.363498	0.0896 ± 0.089881	0.613 ± 0.288020	0.965 ± 0.074505	0.592 ± 0.285436	0.966 ± 0.073309	0.841 ± 0.164000	0.990 ± 0.025944	0.772 ± 0.189295	0.975 ± 0.053234	0.870 ± 0.152655	0.997 ± 0.010267	0.866 ± 0.152424	0.996 ± 0.013176	0.802 ± 0.202654	0.988 ± 0.030497	0.773 ± 0.206083	0.978 ± 0.047199
roc_auc	nan	nan	0.907 ± 0.107417	0.999 ± 0.007310	0.789 ± 0.160943	0.987 ± 0.036281	0.14845 ± 0.081931	0.01338 ± 0.022665	0.768 ± 0.167007	0.985 ± 0.039648	0.578 ± 0.321886	0.974 ± 0.072562	0.4879 ± 0.334543	0.0823 ± 0.076000	0.606 ± 0.332084	0.973 ± 0.074261	0.590 ± 0.324345	0.974 ± 0.073381	0.834 ± 0.200509	0.996 ± 0.017347	0.772 ± 0.192556	0.976 ± 0.060967	0.893 ± 0.124980	0.999 ± 0.007364	0.890 ± 0.132849	0.998 ± 0.009251	0.805 ± 0.213364	0.996 ± 0.018228	0.773 ± 0.218111	0.978 ± 0.058564
