	mean_best_threshold_tuning_score	mean_best_threshold	mean_test_average_precision	mean_train_average_precision	mean_test_balanced_accuracy	mean_train_balanced_accuracy	mean_test_brier_loss	mean_train_brier_loss	mean_test_f1	mean_train_f1	mean_test_informedness	mean_train_informedness	mean_test_log_loss	mean_train_log_loss	mean_test_markedness	mean_train_markedness	mean_test_mcc	mean_train_mcc	mean_test_negative_predictive_value	mean_train_negative_predictive_value	mean_test_precision	mean_train_precision	mean_test_precision_recall_auc	mean_train_precision_recall_auc	mean_test_roc_auc	mean_train_roc_auc	mean_test_sensitivity	mean_train_sensitivity	mean_test_specificity	mean_train_specificity
mcc	nan	nan	0.830 ± 0.134635	1.000 ± 0.000000	0.707 ± 0.123305	0.996 ± 0.017248	0.19440 ± 0.069235	0.02085 ± 0.030547	0.588 ± 0.236882	0.996 ± 0.018912	0.413 ± 0.246610	0.993 ± 0.034496	0.6489 ± 0.321580	0.0997 ± 0.106941	0.500 ± 0.356556	0.995 ± 0.024789	0.465 ± 0.249466	0.994 ± 0.029701	0.721 ± 0.138927	0.995 ± 0.024789	0.779 ± 0.302232	1.000 ± 0.000000	0.804 ± 0.161855	1.000 ± 0.000000	0.789 ± 0.152739	1.000 ± 0.000000	0.528 ± 0.277976	0.993 ± 0.034496	0.885 ± 0.161387	1.000 ± 0.000000
precision_recall_auc	nan	nan	0.865 ± 0.127982	1.000 ± 0.000635	0.717 ± 0.135457	0.993 ± 0.027043	0.18792 ± 0.079881	0.01730 ± 0.029424	0.612 ± 0.231652	0.992 ± 0.030542	0.434 ± 0.270915	0.985 ± 0.054086	0.6261 ± 0.357383	0.0823 ± 0.099805	0.523 ± 0.349960	0.990 ± 0.037302	0.483 ± 0.271687	0.987 ± 0.045868	0.724 ± 0.149476	0.990 ± 0.037302	0.800 ± 0.278734	1.000 ± 0.000000	0.844 ± 0.153409	1.000 ± 0.000642	0.836 ± 0.156818	1.000 ± 0.000555	0.548 ± 0.274115	0.985 ± 0.054086	0.886 ± 0.161637	1.000 ± 0.000000
roc_auc	nan	nan	0.865 ± 0.120178	1.000 ± 0.000468	0.728 ± 0.143571	0.996 ± 0.016604	0.18296 ± 0.086252	0.01100 ± 0.018117	0.619 ± 0.252288	0.996 ± 0.018111	0.457 ± 0.287141	0.992 ± 0.033207	0.5833 ± 0.300600	0.0662 ± 0.070943	0.525 ± 0.380462	0.994 ± 0.025515	0.501 ± 0.286109	0.993 ± 0.029405	0.735 ± 0.157456	0.994 ± 0.025515	0.789 ± 0.299182	1.000 ± 0.000000	0.845 ± 0.141491	1.000 ± 0.000474	0.832 ± 0.158049	1.000 ± 0.000431	0.560 ± 0.291139	0.992 ± 0.033207	0.897 ± 0.151661	1.000 ± 0.000000
