	mean_best_threshold_tuning_score	mean_best_threshold	mean_test_average_precision	mean_train_average_precision	mean_test_balanced_accuracy	mean_train_balanced_accuracy	mean_test_brier_loss	mean_train_brier_loss	mean_test_f1	mean_train_f1	mean_test_informedness	mean_train_informedness	mean_test_log_loss	mean_train_log_loss	mean_test_markedness	mean_train_markedness	mean_test_mcc	mean_train_mcc	mean_test_negative_predictive_value	mean_train_negative_predictive_value	mean_test_precision	mean_train_precision	mean_test_precision_recall_auc	mean_train_precision_recall_auc	mean_test_roc_auc	mean_train_roc_auc	mean_test_sensitivity	mean_train_sensitivity	mean_test_specificity	mean_train_specificity
mcc	nan	nan	0.890 ± 0.127941	1.000 ± 0.000000	0.746 ± 0.140791	0.996 ± 0.017248	0.15923 ± 0.078585	0.02085 ± 0.030547	0.643 ± 0.251580	0.996 ± 0.018912	0.492 ± 0.281582	0.993 ± 0.034496	0.5872 ± 0.425758	0.0997 ± 0.106941	0.588 ± 0.343735	0.995 ± 0.024789	0.543 ± 0.272180	0.994 ± 0.029701	0.752 ± 0.147257	0.995 ± 0.024789	0.835 ± 0.277228	1.000 ± 0.000000	0.873 ± 0.153835	1.000 ± 0.000000	0.865 ± 0.147980	1.000 ± 0.000000	0.577 ± 0.292499	0.993 ± 0.034496	0.915 ± 0.140426	1.000 ± 0.000000
precision_recall_auc	nan	nan	0.881 ± 0.125596	1.000 ± 0.000635	0.757 ± 0.157298	0.993 ± 0.027043	0.15143 ± 0.083170	0.01730 ± 0.029424	0.673 ± 0.257515	0.992 ± 0.030542	0.515 ± 0.314597	0.985 ± 0.054086	0.5567 ± 0.373553	0.0823 ± 0.099805	0.576 ± 0.376475	0.990 ± 0.037302	0.553 ± 0.310844	0.987 ± 0.045868	0.764 ± 0.154196	0.990 ± 0.037302	0.812 ± 0.283324	1.000 ± 0.000000	0.864 ± 0.148211	1.000 ± 0.000642	0.850 ± 0.151991	1.000 ± 0.000555	0.620 ± 0.289734	0.985 ± 0.054086	0.895 ± 0.161387	1.000 ± 0.000000
roc_auc	nan	nan	0.880 ± 0.124336	1.000 ± 0.000468	0.749 ± 0.154715	0.996 ± 0.016604	0.15721 ± 0.087463	0.01100 ± 0.018117	0.668 ± 0.248830	0.996 ± 0.018111	0.499 ± 0.309429	0.992 ± 0.033207	0.5278 ± 0.325816	0.0662 ± 0.070943	0.551 ± 0.375949	0.994 ± 0.025515	0.533 ± 0.309389	0.993 ± 0.029405	0.753 ± 0.149390	0.994 ± 0.025515	0.798 ± 0.285310	1.000 ± 0.000000	0.863 ± 0.146422	1.000 ± 0.000474	0.848 ± 0.150547	1.000 ± 0.000431	0.617 ± 0.273032	0.992 ± 0.033207	0.882 ± 0.173723	1.000 ± 0.000000
