	mean_ncv_average_precision	mean_ncv_balanced_accuracy	mean_ncv_brier_loss	mean_ncv_f1	mean_ncv_informedness	mean_ncv_log_loss	mean_ncv_markedness	mean_ncv_mcc	mean_ncv_negative_predictive_value	mean_ncv_precision	mean_ncv_precision_recall_auc	mean_ncv_roc_auc	mean_ncv_sensitivity	mean_ncv_specificity
mcc	0.797 ± 0.047530	0.712 ± 0.061831	0.19689 ± 0.032390	0.667 ± 0.076124	0.423 ± 0.123661	0.7926 ± 0.246389	0.444 ± 0.129575	0.433 ± 0.125971	0.725 ± 0.054447	0.719 ± 0.084898	0.792 ± 0.049014	0.761 ± 0.059945	0.628 ± 0.090911	0.795 ± 0.074996
precision_recall_auc	0.822 ± 0.031628	0.753 ± 0.034188	0.18026 ± 0.020237	0.719 ± 0.042410	0.506 ± 0.068376	0.7879 ± 0.172252	0.523 ± 0.071175	0.515 ± 0.069473	0.762 ± 0.032909	0.762 ± 0.050542	0.817 ± 0.033012	0.783 ± 0.036416	0.683 ± 0.058853	0.823 ± 0.050023
roc_auc	0.825 ± 0.041481	0.760 ± 0.034243	0.18095 ± 0.024734	0.725 ± 0.047447	0.521 ± 0.068486	0.7096 ± 0.209362	0.541 ± 0.062176	0.530 ± 0.064763	0.769 ± 0.042552	0.772 ± 0.040219	0.821 ± 0.042449	0.795 ± 0.059906	0.689 ± 0.079436	0.832 ± 0.043122
