	mean_ncv_average_precision	mean_ncv_balanced_accuracy	mean_ncv_brier_loss	mean_ncv_f1	mean_ncv_informedness	mean_ncv_log_loss	mean_ncv_markedness	mean_ncv_mcc	mean_ncv_negative_predictive_value	mean_ncv_precision	mean_ncv_precision_recall_auc	mean_ncv_roc_auc	mean_ncv_sensitivity	mean_ncv_specificity
mcc	0.807 ± 0.034835	0.707 ± 0.055413	0.19138 ± 0.021763	0.676 ± 0.061340	0.413 ± 0.110825	0.6694 ± 0.162882	0.418 ± 0.110265	0.415 ± 0.110492	0.735 ± 0.051352	0.683 ± 0.065433	0.802 ± 0.036176	0.786 ± 0.034859	0.672 ± 0.076129	0.741 ± 0.074381
precision_recall_auc	0.826 ± 0.030261	0.721 ± 0.045642	0.18429 ± 0.025652	0.683 ± 0.065594	0.443 ± 0.091284	0.6546 ± 0.169934	0.451 ± 0.083892	0.447 ± 0.087650	0.741 ± 0.047553	0.710 ± 0.039056	0.822 ± 0.031128	0.799 ± 0.035378	0.661 ± 0.088618	0.782 ± 0.019165
roc_auc	0.818 ± 0.036678	0.721 ± 0.044672	0.19527 ± 0.023948	0.688 ± 0.053882	0.441 ± 0.089343	0.7074 ± 0.182988	0.446 ± 0.085933	0.444 ± 0.087603	0.745 ± 0.047926	0.701 ± 0.042001	0.813 ± 0.037774	0.802 ± 0.045490	0.678 ± 0.073142	0.764 ± 0.035855
