	mean_best_threshold_tuning_score	mean_best_threshold	mean_test_average_precision	mean_train_average_precision	mean_test_balanced_accuracy	mean_train_balanced_accuracy	mean_test_brier_loss	mean_train_brier_loss	mean_test_f1	mean_train_f1	mean_test_informedness	mean_train_informedness	mean_test_log_loss	mean_train_log_loss	mean_test_markedness	mean_train_markedness	mean_test_mcc	mean_train_mcc	mean_test_negative_predictive_value	mean_train_negative_predictive_value	mean_test_precision	mean_train_precision	mean_test_precision_recall_auc	mean_train_precision_recall_auc	mean_test_roc_auc	mean_train_roc_auc	mean_test_sensitivity	mean_train_sensitivity	mean_test_specificity	mean_train_specificity
mcc	nan	nan	0.876 ± 0.126812	1.000 ± 0.000000	0.722 ± 0.147630	0.998 ± 0.006474	0.18006 ± 0.077577	0.04792 ± 0.043848	0.653 ± 0.251561	0.998 ± 0.007001	0.443 ± 0.295259	0.997 ± 0.012948	0.6259 ± 0.400616	0.1921 ± 0.127898	0.461 ± 0.369537	0.997 ± 0.013289	0.462 ± 0.301908	0.997 ± 0.013108	0.794 ± 0.166151	0.999 ± 0.003704	0.667 ± 0.276449	0.998 ± 0.012910	0.855 ± 0.155674	1.000 ± 0.000000	0.863 ± 0.131831	1.000 ± 0.000000	0.695 ± 0.300043	0.999 ± 0.004559	0.748 ± 0.228339	0.998 ± 0.012299
precision_recall_auc	nan	nan	0.885 ± 0.129323	1.000 ± 0.000000	0.749 ± 0.166190	0.999 ± 0.004336	0.17207 ± 0.084404	0.03353 ± 0.027246	0.681 ± 0.267509	0.999 ± 0.004420	0.498 ± 0.332380	0.998 ± 0.008672	0.6014 ± 0.427513	0.1503 ± 0.086332	0.510 ± 0.393935	0.998 ± 0.006553	0.511 ± 0.339444	0.998 ± 0.007615	0.800 ± 0.174107	0.998 ± 0.006553	0.710 ± 0.285672	1.000 ± 0.000000	0.868 ± 0.153789	1.000 ± 0.000000	0.862 ± 0.150560	1.000 ± 0.000000	0.707 ± 0.305022	0.998 ± 0.008672	0.791 ± 0.201699	1.000 ± 0.000000
roc_auc	nan	nan	0.875 ± 0.133406	0.999 ± 0.003651	0.734 ± 0.171581	0.994 ± 0.024299	0.18441 ± 0.092182	0.02004 ± 0.024833	0.665 ± 0.275106	0.994 ± 0.027646	0.467 ± 0.343163	0.989 ± 0.048598	0.6263 ± 0.405895	0.1050 ± 0.082137	0.480 ± 0.413564	0.991 ± 0.040491	0.480 ± 0.356062	0.990 ± 0.044372	0.790 ± 0.179875	0.995 ± 0.024311	0.690 ± 0.297620	0.996 ± 0.029916	0.857 ± 0.156617	0.999 ± 0.003681	0.850 ± 0.152030	0.999 ± 0.004500	0.695 ± 0.311627	0.993 ± 0.037324	0.772 ± 0.218567	0.996 ± 0.028808
