	mean_best_threshold_tuning_score	mean_best_threshold	mean_test_average_precision	mean_train_average_precision	mean_test_balanced_accuracy	mean_train_balanced_accuracy	mean_test_brier_loss	mean_train_brier_loss	mean_test_f1	mean_train_f1	mean_test_informedness	mean_train_informedness	mean_test_log_loss	mean_train_log_loss	mean_test_markedness	mean_train_markedness	mean_test_mcc	mean_train_mcc	mean_test_negative_predictive_value	mean_train_negative_predictive_value	mean_test_precision	mean_train_precision	mean_test_precision_recall_auc	mean_train_precision_recall_auc	mean_test_roc_auc	mean_train_roc_auc	mean_test_sensitivity	mean_train_sensitivity	mean_test_specificity	mean_train_specificity
mcc	nan	nan	0.860 ± 0.140712	0.916 ± 0.082598	0.798 ± 0.123320	0.882 ± 0.083999	0.17607 ± 0.067549	0.09432 ± 0.064528	0.757 ± 0.152952	0.874 ± 0.087266	0.596 ± 0.246639	0.764 ± 0.167998	0.5571 ± 0.201085	0.3190 ± 0.184129	0.638 ± 0.239029	0.761 ± 0.167643	0.614 ± 0.239009	0.763 ± 0.167793	0.812 ± 0.148604	0.919 ± 0.063041	0.826 ± 0.170705	0.843 ± 0.108497	0.832 ± 0.177649	0.914 ± 0.084924	0.845 ± 0.152017	0.921 ± 0.074666	0.743 ± 0.214841	0.911 ± 0.067589	0.853 ± 0.147569	0.853 ± 0.108286
precision_recall_auc	nan	nan	0.781 ± 0.203213	0.885 ± 0.175327	0.691 ± 0.147223	0.829 ± 0.198824	0.20342 ± 0.066261	0.09219 ± 0.086042	0.524 ± 0.335990	0.705 ± 0.406704	0.382 ± 0.294447	0.657 ± 0.397647	0.6195 ± 0.197024	0.3049 ± 0.232496	0.309 ± 0.497872	0.550 ± 0.583182	0.402 ± 0.300353	0.658 ± 0.397772	0.724 ± 0.170883	0.852 ± 0.179942	0.584 ± 0.380288	0.699 ± 0.405617	0.746 ± 0.233699	0.883 ± 0.178664	0.744 ± 0.259753	0.878 ± 0.214276	0.520 ± 0.364434	0.712 ± 0.410273	0.862 ± 0.162744	0.945 ± 0.084793
roc_auc	nan	nan	0.834 ± 0.144794	0.924 ± 0.088716	0.757 ± 0.150585	0.880 ± 0.130394	0.18649 ± 0.069209	0.08401 ± 0.073617	0.681 ± 0.243081	0.842 ± 0.235310	0.513 ± 0.301169	0.760 ± 0.260789	0.5847 ± 0.214508	0.2866 ± 0.206330	0.518 ± 0.364389	0.734 ± 0.347435	0.527 ± 0.297604	0.760 ± 0.260203	0.776 ± 0.166668	0.907 ± 0.115516	0.742 ± 0.260173	0.827 ± 0.237644	0.801 ± 0.183224	0.922 ± 0.091453	0.818 ± 0.154422	0.931 ± 0.073958	0.673 ± 0.281134	0.861 ± 0.238464	0.840 ± 0.157467	0.900 ± 0.104459
