	mean_best_threshold_tuning_score	mean_best_threshold	mean_test_average_precision	mean_train_average_precision	mean_test_balanced_accuracy	mean_train_balanced_accuracy	mean_test_brier_loss	mean_train_brier_loss	mean_test_f1	mean_train_f1	mean_test_informedness	mean_train_informedness	mean_test_log_loss	mean_train_log_loss	mean_test_markedness	mean_train_markedness	mean_test_mcc	mean_train_mcc	mean_test_negative_predictive_value	mean_train_negative_predictive_value	mean_test_precision	mean_train_precision	mean_test_precision_recall_auc	mean_train_precision_recall_auc	mean_test_roc_auc	mean_train_roc_auc	mean_test_sensitivity	mean_train_sensitivity	mean_test_specificity	mean_train_specificity
mcc	nan	nan	0.890 ± 0.116349	1.000 ± 0.000363	0.718 ± 0.133185	0.995 ± 0.017909	0.18062 ± 0.061845	0.03858 ± 0.047589	0.611 ± 0.247466	0.995 ± 0.019819	0.436 ± 0.266369	0.990 ± 0.035818	0.5501 ± 0.176950	0.1547 ± 0.149455	0.498 ± 0.362891	0.993 ± 0.026898	0.477 ± 0.265445	0.992 ± 0.031421	0.737 ± 0.146610	0.993 ± 0.026898	0.762 ± 0.298299	1.000 ± 0.000000	0.871 ± 0.142459	1.000 ± 0.000367	0.871 ± 0.124998	1.000 ± 0.000313	0.572 ± 0.291611	0.990 ± 0.035818	0.864 ± 0.182678	1.000 ± 0.000000
precision_recall_auc	nan	nan	0.888 ± 0.111869	0.999 ± 0.001891	0.699 ± 0.125793	0.975 ± 0.051019	0.17616 ± 0.059982	0.02940 ± 0.036958	0.570 ± 0.250512	0.972 ± 0.059644	0.398 ± 0.251585	0.951 ± 0.102038	0.5847 ± 0.296818	0.1180 ± 0.125262	0.477 ± 0.374603	0.967 ± 0.066250	0.447 ± 0.263435	0.959 ± 0.084719	0.723 ± 0.150244	0.967 ± 0.066250	0.754 ± 0.320233	1.000 ± 0.000000	0.871 ± 0.133952	0.999 ± 0.001912	0.861 ± 0.138293	1.000 ± 0.001639	0.520 ± 0.300962	0.951 ± 0.102038	0.878 ± 0.169682	1.000 ± 0.000000
roc_auc	nan	nan	0.881 ± 0.128240	0.999 ± 0.003541	0.720 ± 0.118557	0.969 ± 0.055049	0.18091 ± 0.065917	0.02393 ± 0.030743	0.606 ± 0.238086	0.964 ± 0.064281	0.440 ± 0.237114	0.937 ± 0.110099	0.5983 ± 0.313942	0.1048 ± 0.104857	0.522 ± 0.349218	0.958 ± 0.071797	0.491 ± 0.235296	0.947 ± 0.091541	0.739 ± 0.146512	0.958 ± 0.071797	0.782 ± 0.299693	1.000 ± 0.000000	0.863 ± 0.152589	0.999 ± 0.003573	0.853 ± 0.145517	0.999 ± 0.004223	0.557 ± 0.288400	0.937 ± 0.110099	0.883 ± 0.183950	1.000 ± 0.000000
