	mean_best_threshold_tuning_score	mean_best_threshold	mean_test_average_precision	mean_train_average_precision	mean_test_balanced_accuracy	mean_train_balanced_accuracy	mean_test_brier_loss	mean_train_brier_loss	mean_test_f1	mean_train_f1	mean_test_informedness	mean_train_informedness	mean_test_log_loss	mean_train_log_loss	mean_test_markedness	mean_train_markedness	mean_test_mcc	mean_train_mcc	mean_test_negative_predictive_value	mean_train_negative_predictive_value	mean_test_precision	mean_train_precision	mean_test_precision_recall_auc	mean_train_precision_recall_auc	mean_test_roc_auc	mean_train_roc_auc	mean_test_sensitivity	mean_train_sensitivity	mean_test_specificity	mean_train_specificity
mcc	nan	nan	0.956 ± 0.061020	0.991 ± 0.017023	0.886 ± 0.098248	0.958 ± 0.049532	0.08645 ± 0.052326	0.02623 ± 0.032616	0.856 ± 0.139865	0.953 ± 0.055918	0.772 ± 0.196495	0.915 ± 0.099064	0.2960 ± 0.138824	0.1145 ± 0.096649	0.845 ± 0.126201	0.934 ± 0.078671	0.805 ± 0.163203	0.924 ± 0.088902	0.857 ± 0.114953	0.944 ± 0.063657	0.988 ± 0.058345	0.990 ± 0.020651	0.951 ± 0.068649	0.991 ± 0.017165	0.944 ± 0.075011	0.990 ± 0.022380	0.780 ± 0.194715	0.922 ± 0.089373	0.992 ± 0.039590	0.993 ± 0.014117
precision_recall_auc	nan	nan	0.951 ± 0.061407	0.983 ± 0.014617	0.759 ± 0.148282	0.826 ± 0.139141	0.10355 ± 0.055385	0.05290 ± 0.036192	0.626 ± 0.302840	0.745 ± 0.277321	0.518 ± 0.296565	0.652 ± 0.278282	0.3293 ± 0.137946	0.1771 ± 0.105834	0.599 ± 0.440267	0.697 ± 0.398334	0.581 ± 0.288117	0.694 ± 0.271060	0.739 ± 0.134537	0.800 ± 0.129660	0.860 ± 0.350510	0.897 ± 0.302230	0.946 ± 0.068937	0.982 ± 0.014768	0.936 ± 0.080396	0.984 ± 0.014263	0.518 ± 0.296565	0.654 ± 0.279597	1.000 ± 0.000000	0.998 ± 0.008885
roc_auc	nan	nan	0.948 ± 0.066516	0.983 ± 0.015173	0.759 ± 0.150457	0.849 ± 0.142090	0.10814 ± 0.056662	0.05302 ± 0.038561	0.637 ± 0.291612	0.780 ± 0.267269	0.518 ± 0.300913	0.699 ± 0.284181	0.3418 ± 0.138927	0.1808 ± 0.108112	0.593 ± 0.435206	0.743 ± 0.371724	0.575 ± 0.297399	0.736 ± 0.269506	0.739 ± 0.138189	0.827 ± 0.140084	0.853 ± 0.336111	0.916 ± 0.273175	0.941 ± 0.076189	0.983 ± 0.015331	0.938 ± 0.074754	0.984 ± 0.014724	0.532 ± 0.287637	0.702 ± 0.285567	0.986 ± 0.056279	0.997 ± 0.010303
