	mean_ncv_average_precision	mean_ncv_balanced_accuracy	mean_ncv_brier_loss	mean_ncv_f1	mean_ncv_informedness	mean_ncv_log_loss	mean_ncv_markedness	mean_ncv_mcc	mean_ncv_negative_predictive_value	mean_ncv_precision	mean_ncv_precision_recall_auc	mean_ncv_roc_auc	mean_ncv_sensitivity	mean_ncv_specificity
mcc	0.937 ± 0.009943	0.867 ± 0.014533	0.09305 ± 0.008260	0.848 ± 0.018443	0.734 ± 0.029067	0.3118 ± 0.019415	0.794 ± 0.038185	0.763 ± 0.030812	0.833 ± 0.019610	0.961 ± 0.043638	0.935 ± 0.010249	0.922 ± 0.014406	0.761 ± 0.037497	0.973 ± 0.031782
precision_recall_auc	0.931 ± 0.007534	0.767 ± 0.051052	0.10444 ± 0.007489	0.691 ± 0.085994	0.533 ± 0.102104	0.3338 ± 0.018761	0.726 ± 0.044765	0.621 ± 0.078675	0.726 ± 0.044765	1.000 ± 0.000000	0.929 ± 0.007758	0.920 ± 0.012213	0.533 ± 0.102104	1.000 ± 0.000000
roc_auc	0.923 ± 0.014466	0.774 ± 0.077388	0.10977 ± 0.013216	0.703 ± 0.121455	0.548 ± 0.154776	0.3472 ± 0.035015	0.705 ± 0.102150	0.620 ± 0.128866	0.740 ± 0.072090	0.965 ± 0.058829	0.921 ± 0.014940	0.917 ± 0.014859	0.567 ± 0.149989	0.982 ± 0.031782
