	mean_best_threshold_tuning_score	mean_best_threshold	mean_test_average_precision	mean_train_average_precision	mean_test_balanced_accuracy	mean_train_balanced_accuracy	mean_test_brier_loss	mean_train_brier_loss	mean_test_f1	mean_train_f1	mean_test_informedness	mean_train_informedness	mean_test_log_loss	mean_train_log_loss	mean_test_markedness	mean_train_markedness	mean_test_mcc	mean_train_mcc	mean_test_negative_predictive_value	mean_train_negative_predictive_value	mean_test_precision	mean_train_precision	mean_test_precision_recall_auc	mean_train_precision_recall_auc	mean_test_roc_auc	mean_train_roc_auc	mean_test_sensitivity	mean_train_sensitivity	mean_test_specificity	mean_train_specificity
mcc	nan	nan	0.802 ± 0.157058	0.985 ± 0.031772	0.687 ± 0.157342	0.956 ± 0.073877	0.22961 ± 0.087529	0.04006 ± 0.054422	0.688 ± 0.148582	0.954 ± 0.076670	0.374 ± 0.314684	0.912 ± 0.147754	0.8085 ± 0.400853	0.1631 ± 0.167319	0.395 ± 0.359013	0.913 ± 0.146093	0.388 ± 0.322471	0.912 ± 0.146884	0.770 ± 0.253188	0.979 ± 0.041468	0.625 ± 0.169775	0.934 ± 0.110159	0.766 ± 0.193898	0.985 ± 0.032043	0.771 ± 0.163580	0.980 ± 0.042609	0.807 ± 0.201637	0.979 ± 0.041790	0.567 ± 0.252459	0.933 ± 0.112869
precision_recall_auc	nan	nan	0.832 ± 0.151177	0.993 ± 0.019896	0.700 ± 0.149118	0.964 ± 0.061590	0.21202 ± 0.090336	0.02562 ± 0.039968	0.694 ± 0.146164	0.961 ± 0.064840	0.399 ± 0.298237	0.928 ± 0.123180	0.7585 ± 0.430167	0.1154 ± 0.125969	0.440 ± 0.318859	0.927 ± 0.122260	0.417 ± 0.302732	0.927 ± 0.122694	0.802 ± 0.224887	0.986 ± 0.033545	0.638 ± 0.173057	0.941 ± 0.093999	0.801 ± 0.186190	0.993 ± 0.020064	0.814 ± 0.156041	0.991 ± 0.025566	0.813 ± 0.202423	0.985 ± 0.034274	0.586 ± 0.246204	0.942 ± 0.095023
roc_auc	nan	nan	0.845 ± 0.148332	0.994 ± 0.016484	0.715 ± 0.145407	0.970 ± 0.057153	0.20236 ± 0.094306	0.02163 ± 0.037132	0.708 ± 0.143272	0.968 ± 0.060499	0.431 ± 0.290815	0.941 ± 0.114306	0.7330 ± 0.456750	0.1010 ± 0.118877	0.473 ± 0.312687	0.941 ± 0.113173	0.450 ± 0.296050	0.941 ± 0.113711	0.814 ± 0.221641	0.988 ± 0.028265	0.659 ± 0.163764	0.952 ± 0.090275	0.816 ± 0.183916	0.994 ± 0.016626	0.826 ± 0.161023	0.993 ± 0.021068	0.817 ± 0.204817	0.988 ± 0.029578	0.614 ± 0.240756	0.953 ± 0.091443
