	mean_best_threshold_tuning_score	mean_best_threshold	mean_test_average_precision	mean_train_average_precision	mean_test_balanced_accuracy	mean_train_balanced_accuracy	mean_test_brier_loss	mean_train_brier_loss	mean_test_f1	mean_train_f1	mean_test_informedness	mean_train_informedness	mean_test_log_loss	mean_train_log_loss	mean_test_markedness	mean_train_markedness	mean_test_mcc	mean_train_mcc	mean_test_negative_predictive_value	mean_train_negative_predictive_value	mean_test_precision	mean_train_precision	mean_test_precision_recall_auc	mean_train_precision_recall_auc	mean_test_roc_auc	mean_train_roc_auc	mean_test_sensitivity	mean_train_sensitivity	mean_test_specificity	mean_train_specificity
mcc	nan	nan	0.838 ± 0.136994	0.985 ± 0.031772	0.725 ± 0.163871	0.956 ± 0.073877	0.19718 ± 0.088653	0.04006 ± 0.054422	0.703 ± 0.177996	0.954 ± 0.076670	0.450 ± 0.327742	0.912 ± 0.147754	0.7160 ± 0.446048	0.1631 ± 0.167319	0.494 ± 0.344314	0.913 ± 0.146093	0.469 ± 0.332112	0.912 ± 0.146884	0.788 ± 0.203587	0.979 ± 0.041468	0.707 ± 0.209216	0.934 ± 0.110159	0.814 ± 0.159957	0.985 ± 0.032043	0.808 ± 0.154956	0.980 ± 0.042609	0.755 ± 0.228627	0.979 ± 0.041790	0.695 ± 0.243958	0.933 ± 0.112869
precision_recall_auc	nan	nan	0.855 ± 0.136468	0.993 ± 0.019896	0.747 ± 0.153123	0.964 ± 0.061590	0.18232 ± 0.087229	0.02562 ± 0.039968	0.714 ± 0.169416	0.961 ± 0.064840	0.493 ± 0.306246	0.928 ± 0.123180	0.6405 ± 0.375504	0.1154 ± 0.125969	0.526 ± 0.318139	0.927 ± 0.122260	0.508 ± 0.308430	0.927 ± 0.122694	0.790 ± 0.197721	0.986 ± 0.033545	0.736 ± 0.186831	0.941 ± 0.093999	0.830 ± 0.165704	0.993 ± 0.020064	0.842 ± 0.141488	0.991 ± 0.025566	0.743 ± 0.228894	0.985 ± 0.034274	0.750 ± 0.206773	0.942 ± 0.095023
roc_auc	nan	nan	0.866 ± 0.127923	0.994 ± 0.016484	0.751 ± 0.158103	0.970 ± 0.057153	0.17323 ± 0.088183	0.02163 ± 0.037132	0.722 ± 0.176365	0.968 ± 0.060499	0.501 ± 0.316207	0.941 ± 0.114306	0.5989 ± 0.374118	0.1010 ± 0.118877	0.550 ± 0.327527	0.941 ± 0.113173	0.522 ± 0.317896	0.941 ± 0.113711	0.801 ± 0.200854	0.988 ± 0.028265	0.748 ± 0.195562	0.952 ± 0.090275	0.843 ± 0.155968	0.994 ± 0.016626	0.851 ± 0.141920	0.993 ± 0.021068	0.753 ± 0.234472	0.988 ± 0.029578	0.748 ± 0.229454	0.953 ± 0.091443
