	mean_best_threshold_tuning_score	mean_best_threshold	mean_test_average_precision	mean_train_average_precision	mean_test_balanced_accuracy	mean_train_balanced_accuracy	mean_test_brier_loss	mean_train_brier_loss	mean_test_f1	mean_train_f1	mean_test_informedness	mean_train_informedness	mean_test_log_loss	mean_train_log_loss	mean_test_markedness	mean_train_markedness	mean_test_mcc	mean_train_mcc	mean_test_negative_predictive_value	mean_train_negative_predictive_value	mean_test_precision	mean_train_precision	mean_test_precision_recall_auc	mean_train_precision_recall_auc	mean_test_roc_auc	mean_train_roc_auc	mean_test_sensitivity	mean_train_sensitivity	mean_test_specificity	mean_train_specificity
mcc	nan	nan	0.790 ± 0.160983	0.985 ± 0.031772	0.640 ± 0.163011	0.956 ± 0.073877	0.23486 ± 0.077744	0.04006 ± 0.054422	0.657 ± 0.156806	0.954 ± 0.076670	0.279 ± 0.326022	0.912 ± 0.147754	0.7167 ± 0.264123	0.1631 ± 0.167319	0.314 ± 0.426183	0.913 ± 0.146093	0.304 ± 0.345383	0.912 ± 0.146884	0.740 ± 0.313601	0.979 ± 0.041468	0.573 ± 0.175073	0.934 ± 0.110159	0.749 ± 0.202669	0.985 ± 0.032043	0.774 ± 0.156051	0.980 ± 0.042609	0.825 ± 0.213125	0.979 ± 0.041790	0.454 ± 0.279548	0.933 ± 0.112869
precision_recall_auc	nan	nan	0.840 ± 0.131305	0.993 ± 0.019896	0.659 ± 0.122211	0.964 ± 0.061590	0.21613 ± 0.070952	0.02562 ± 0.039968	0.671 ± 0.121522	0.961 ± 0.064840	0.318 ± 0.244422	0.928 ± 0.123180	0.6608 ± 0.242237	0.1154 ± 0.125969	0.402 ± 0.283426	0.927 ± 0.122260	0.354 ± 0.254655	0.927 ± 0.122694	0.815 ± 0.222336	0.986 ± 0.033545	0.587 ± 0.154173	0.941 ± 0.093999	0.814 ± 0.159786	0.993 ± 0.020064	0.822 ± 0.139347	0.991 ± 0.025566	0.843 ± 0.183380	0.985 ± 0.034274	0.475 ± 0.236740	0.942 ± 0.095023
roc_auc	nan	nan	0.825 ± 0.148282	0.994 ± 0.016484	0.683 ± 0.150584	0.970 ± 0.057153	0.21062 ± 0.084999	0.02163 ± 0.037132	0.691 ± 0.138810	0.968 ± 0.060499	0.366 ± 0.301169	0.941 ± 0.114306	0.6779 ± 0.329912	0.1010 ± 0.118877	0.431 ± 0.338698	0.941 ± 0.113173	0.393 ± 0.312055	0.941 ± 0.113711	0.804 ± 0.239088	0.988 ± 0.028265	0.626 ± 0.181583	0.952 ± 0.090275	0.791 ± 0.185954	0.994 ± 0.016626	0.816 ± 0.151190	0.993 ± 0.021068	0.830 ± 0.183627	0.988 ± 0.029578	0.536 ± 0.272187	0.953 ± 0.091443
