	mean_best_threshold_tuning_score	mean_best_threshold	mean_test_average_precision	mean_train_average_precision	mean_test_balanced_accuracy	mean_train_balanced_accuracy	mean_test_brier_loss	mean_train_brier_loss	mean_test_f1	mean_train_f1	mean_test_informedness	mean_train_informedness	mean_test_log_loss	mean_train_log_loss	mean_test_markedness	mean_train_markedness	mean_test_mcc	mean_train_mcc	mean_test_negative_predictive_value	mean_train_negative_predictive_value	mean_test_precision	mean_train_precision	mean_test_precision_recall_auc	mean_train_precision_recall_auc	mean_test_roc_auc	mean_train_roc_auc	mean_test_sensitivity	mean_train_sensitivity	mean_test_specificity	mean_train_specificity
mcc	nan	nan	0.794 ± 0.139775	1.000 ± 0.000000	0.733 ± 0.118952	1.000 ± 0.000000	0.20400 ± 0.067585	0.02820 ± 0.002535	0.677 ± 0.158017	1.000 ± 0.000000	0.467 ± 0.237905	1.000 ± 0.000000	0.6109 ± 0.188091	0.1590 ± 0.010381	0.534 ± 0.255997	1.000 ± 0.000000	0.497 ± 0.242376	1.000 ± 0.000000	0.755 ± 0.140068	1.000 ± 0.000000	0.778 ± 0.205128	1.000 ± 0.000000	0.759 ± 0.172273	1.000 ± 0.000000	0.775 ± 0.146243	1.000 ± 0.000000	0.652 ± 0.216712	1.000 ± 0.000000	0.815 ± 0.183016	1.000 ± 0.000000
precision_recall_auc	nan	nan	0.793 ± 0.149582	1.000 ± 0.000000	0.718 ± 0.114657	1.000 ± 0.000000	0.20672 ± 0.068208	0.02744 ± 0.002824	0.660 ± 0.149277	1.000 ± 0.000000	0.437 ± 0.229314	1.000 ± 0.000000	0.6159 ± 0.188301	0.1553 ± 0.011916	0.506 ± 0.247525	1.000 ± 0.000000	0.467 ± 0.233049	1.000 ± 0.000000	0.750 ± 0.143094	1.000 ± 0.000000	0.756 ± 0.209923	1.000 ± 0.000000	0.752 ± 0.190372	1.000 ± 0.000000	0.780 ± 0.147910	1.000 ± 0.000000	0.647 ± 0.217281	1.000 ± 0.000000	0.790 ± 0.196915	1.000 ± 0.000000
roc_auc	nan	nan	0.785 ± 0.157567	1.000 ± 0.000000	0.713 ± 0.124530	1.000 ± 0.000000	0.20733 ± 0.069407	0.02715 ± 0.003194	0.656 ± 0.156783	1.000 ± 0.000000	0.426 ± 0.249059	1.000 ± 0.000000	0.6160 ± 0.193969	0.1553 ± 0.013881	0.483 ± 0.275121	1.000 ± 0.000000	0.452 ± 0.257928	1.000 ± 0.000000	0.739 ± 0.140848	1.000 ± 0.000000	0.744 ± 0.213905	1.000 ± 0.000000	0.742 ± 0.199893	1.000 ± 0.000000	0.771 ± 0.162146	1.000 ± 0.000000	0.633 ± 0.209605	1.000 ± 0.000000	0.793 ± 0.184061	1.000 ± 0.000000
