	mean_ncv_average_precision	mean_ncv_balanced_accuracy	mean_ncv_brier_loss	mean_ncv_f1	mean_ncv_informedness	mean_ncv_log_loss	mean_ncv_markedness	mean_ncv_mcc	mean_ncv_negative_predictive_value	mean_ncv_precision	mean_ncv_precision_recall_auc	mean_ncv_roc_auc	mean_ncv_sensitivity	mean_ncv_specificity
mcc	0.763 ± 0.051965	0.719 ± 0.039280	0.18601 ± 0.015392	0.670 ± 0.048929	0.438 ± 0.078560	0.5621 ± 0.048098	0.467 ± 0.083859	0.452 ± 0.080877	0.723 ± 0.032132	0.744 ± 0.055475	0.753 ± 0.059544	0.792 ± 0.032890	0.611 ± 0.052378	0.827 ± 0.041770
precision_recall_auc	0.777 ± 0.048781	0.729 ± 0.036326	0.18435 ± 0.013259	0.680 ± 0.051087	0.458 ± 0.072652	0.5624 ± 0.051798	0.489 ± 0.066951	0.473 ± 0.069658	0.730 ± 0.035263	0.760 ± 0.036683	0.769 ± 0.057330	0.798 ± 0.029646	0.617 ± 0.066512	0.841 ± 0.023957
roc_auc	0.758 ± 0.060605	0.714 ± 0.042091	0.18674 ± 0.016151	0.661 ± 0.059979	0.427 ± 0.084182	0.5674 ± 0.055659	0.457 ± 0.076513	0.442 ± 0.080206	0.718 ± 0.040226	0.739 ± 0.040857	0.745 ± 0.071950	0.784 ± 0.040263	0.600 ± 0.077690	0.827 ± 0.028748
