	mean_best_threshold_tuning_score	mean_best_threshold	mean_test_average_precision	mean_train_average_precision	mean_test_balanced_accuracy	mean_train_balanced_accuracy	mean_test_brier_loss	mean_train_brier_loss	mean_test_f1	mean_train_f1	mean_test_informedness	mean_train_informedness	mean_test_log_loss	mean_train_log_loss	mean_test_markedness	mean_train_markedness	mean_test_mcc	mean_train_mcc	mean_test_negative_predictive_value	mean_train_negative_predictive_value	mean_test_precision	mean_train_precision	mean_test_precision_recall_auc	mean_train_precision_recall_auc	mean_test_roc_auc	mean_train_roc_auc	mean_test_sensitivity	mean_train_sensitivity	mean_test_specificity	mean_train_specificity
mcc	nan	nan	0.795 ± 0.149075	1.000 ± 0.000000	0.716 ± 0.136825	1.000 ± 0.000000	0.20466 ± 0.070059	0.02812 ± 0.003335	0.665 ± 0.162734	1.000 ± 0.000000	0.432 ± 0.273651	1.000 ± 0.000000	0.6173 ± 0.222481	0.1579 ± 0.013425	0.484 ± 0.295381	1.000 ± 0.000000	0.456 ± 0.280948	1.000 ± 0.000000	0.743 ± 0.155344	1.000 ± 0.000000	0.741 ± 0.214583	1.000 ± 0.000000	0.759 ± 0.183814	1.000 ± 0.000000	0.779 ± 0.152460	1.000 ± 0.000000	0.650 ± 0.214946	1.000 ± 0.000000	0.782 ± 0.201717	1.000 ± 0.000000
precision_recall_auc	nan	nan	0.812 ± 0.141738	1.000 ± 0.000000	0.709 ± 0.126106	1.000 ± 0.000000	0.20443 ± 0.066112	0.02746 ± 0.002949	0.654 ± 0.154076	1.000 ± 0.000000	0.417 ± 0.252212	1.000 ± 0.000000	0.6104 ± 0.187790	0.1560 ± 0.012772	0.487 ± 0.279193	1.000 ± 0.000000	0.449 ± 0.261890	1.000 ± 0.000000	0.740 ± 0.148123	1.000 ± 0.000000	0.747 ± 0.227903	1.000 ± 0.000000	0.781 ± 0.172375	1.000 ± 0.000000	0.796 ± 0.150784	1.000 ± 0.000000	0.640 ± 0.215893	1.000 ± 0.000000	0.777 ± 0.221822	1.000 ± 0.000000
roc_auc	nan	nan	0.789 ± 0.144946	1.000 ± 0.000000	0.717 ± 0.124500	1.000 ± 0.000000	0.20474 ± 0.068795	0.02741 ± 0.002537	0.662 ± 0.145641	1.000 ± 0.000000	0.434 ± 0.249000	1.000 ± 0.000000	0.6092 ± 0.191943	0.1562 ± 0.011660	0.498 ± 0.272795	1.000 ± 0.000000	0.462 ± 0.255867	1.000 ± 0.000000	0.737 ± 0.146529	1.000 ± 0.000000	0.761 ± 0.214781	1.000 ± 0.000000	0.752 ± 0.183170	1.000 ± 0.000000	0.782 ± 0.150229	1.000 ± 0.000000	0.642 ± 0.205680	1.000 ± 0.000000	0.792 ± 0.202121	1.000 ± 0.000000
