	mean_best_threshold_tuning_score	mean_best_threshold	mean_test_average_precision	mean_train_average_precision	mean_test_balanced_accuracy	mean_train_balanced_accuracy	mean_test_brier_loss	mean_train_brier_loss	mean_test_f1	mean_train_f1	mean_test_informedness	mean_train_informedness	mean_test_log_loss	mean_train_log_loss	mean_test_markedness	mean_train_markedness	mean_test_mcc	mean_train_mcc	mean_test_negative_predictive_value	mean_train_negative_predictive_value	mean_test_precision	mean_train_precision	mean_test_precision_recall_auc	mean_train_precision_recall_auc	mean_test_roc_auc	mean_train_roc_auc	mean_test_sensitivity	mean_train_sensitivity	mean_test_specificity	mean_train_specificity
mcc	nan	nan	0.798 ± 0.134254	1.000 ± 0.000000	0.696 ± 0.130564	1.000 ± 0.000000	0.20227 ± 0.066301	0.01662 ± 0.002163	0.647 ± 0.149184	1.000 ± 0.000000	0.393 ± 0.261128	1.000 ± 0.000000	0.5900 ± 0.166839	0.1132 ± 0.010363	0.453 ± 0.285307	1.000 ± 0.000000	0.419 ± 0.268592	1.000 ± 0.000000	0.731 ± 0.151807	1.000 ± 0.000000	0.722 ± 0.223765	1.000 ± 0.000000	0.768 ± 0.161545	1.000 ± 0.000000	0.777 ± 0.149840	1.000 ± 0.000000	0.647 ± 0.205204	1.000 ± 0.000000	0.746 ± 0.227865	1.000 ± 0.000000
precision_recall_auc	nan	nan	0.809 ± 0.128761	1.000 ± 0.000000	0.693 ± 0.139772	1.000 ± 0.002525	0.20023 ± 0.068907	0.01637 ± 0.002006	0.645 ± 0.163718	1.000 ± 0.002571	0.386 ± 0.279544	0.999 ± 0.005051	0.5815 ± 0.171201	0.1118 ± 0.009146	0.438 ± 0.303368	0.999 ± 0.003822	0.409 ± 0.287515	0.999 ± 0.004438	0.738 ± 0.162824	0.999 ± 0.003822	0.700 ± 0.222287	1.000 ± 0.000000	0.781 ± 0.151222	1.000 ± 0.000000	0.786 ± 0.148188	1.000 ± 0.000000	0.655 ± 0.220164	0.999 ± 0.005051	0.731 ± 0.220595	1.000 ± 0.000000
roc_auc	nan	nan	0.798 ± 0.136620	1.000 ± 0.000000	0.693 ± 0.129986	1.000 ± 0.000000	0.20083 ± 0.065219	0.01670 ± 0.001871	0.644 ± 0.151433	1.000 ± 0.000000	0.387 ± 0.259971	1.000 ± 0.000000	0.5866 ± 0.167963	0.1129 ± 0.008563	0.444 ± 0.283399	1.000 ± 0.000000	0.412 ± 0.266855	1.000 ± 0.000000	0.737 ± 0.161649	1.000 ± 0.000000	0.707 ± 0.213514	1.000 ± 0.000000	0.763 ± 0.167589	1.000 ± 0.000000	0.781 ± 0.149624	1.000 ± 0.000000	0.652 ± 0.216712	1.000 ± 0.000000	0.735 ± 0.216241	1.000 ± 0.000000
