	mean_best_threshold_tuning_score	mean_best_threshold	mean_test_average_precision	mean_train_average_precision	mean_test_balanced_accuracy	mean_train_balanced_accuracy	mean_test_brier_loss	mean_train_brier_loss	mean_test_f1	mean_train_f1	mean_test_informedness	mean_train_informedness	mean_test_log_loss	mean_train_log_loss	mean_test_markedness	mean_train_markedness	mean_test_mcc	mean_train_mcc	mean_test_negative_predictive_value	mean_train_negative_predictive_value	mean_test_precision	mean_train_precision	mean_test_precision_recall_auc	mean_train_precision_recall_auc	mean_test_roc_auc	mean_train_roc_auc	mean_test_sensitivity	mean_train_sensitivity	mean_test_specificity	mean_train_specificity
mcc	nan	nan	0.922 ± 0.097811	0.981 ± 0.014293	0.834 ± 0.134481	0.945 ± 0.028757	0.12355 ± 0.060453	0.05632 ± 0.024672	0.804 ± 0.159700	0.940 ± 0.032244	0.668 ± 0.268961	0.890 ± 0.057513	0.4183 ± 0.171292	0.2257 ± 0.076448	0.702 ± 0.265609	0.900 ± 0.056314	0.684 ± 0.265904	0.895 ± 0.056656	0.837 ± 0.141117	0.938 ± 0.032027	0.865 ± 0.182817	0.962 ± 0.035935	0.909 ± 0.119398	0.981 ± 0.014634	0.907 ± 0.110791	0.977 ± 0.018933	0.782 ± 0.188900	0.921 ± 0.042631	0.886 ± 0.163520	0.969 ± 0.028665
precision_recall_auc	nan	nan	0.920 ± 0.104556	0.978 ± 0.015023	0.841 ± 0.118666	0.939 ± 0.035378	0.12129 ± 0.060980	0.05683 ± 0.022527	0.808 ± 0.150574	0.933 ± 0.039757	0.681 ± 0.237332	0.878 ± 0.070755	0.4200 ± 0.186587	0.2270 ± 0.068886	0.714 ± 0.229262	0.889 ± 0.066965	0.696 ± 0.231486	0.884 ± 0.068647	0.841 ± 0.120256	0.932 ± 0.040336	0.873 ± 0.168561	0.957 ± 0.038025	0.905 ± 0.129871	0.978 ± 0.015406	0.910 ± 0.105090	0.974 ± 0.019293	0.780 ± 0.182698	0.912 ± 0.054142	0.901 ± 0.129949	0.966 ± 0.030572
roc_auc	nan	nan	0.921 ± 0.102472	0.980 ± 0.015226	0.839 ± 0.128068	0.943 ± 0.037117	0.12214 ± 0.063730	0.05569 ± 0.023537	0.811 ± 0.152927	0.938 ± 0.041540	0.678 ± 0.256136	0.886 ± 0.074234	0.4191 ± 0.186483	0.2252 ± 0.070819	0.718 ± 0.250054	0.897 ± 0.069733	0.696 ± 0.251115	0.891 ± 0.071787	0.836 ± 0.129265	0.937 ± 0.043053	0.882 ± 0.172590	0.960 ± 0.038260	0.907 ± 0.124741	0.979 ± 0.015598	0.908 ± 0.111694	0.976 ± 0.019748	0.780 ± 0.182698	0.918 ± 0.057422	0.898 ± 0.159066	0.968 ± 0.031012
