	mean_best_threshold_tuning_score	mean_best_threshold	mean_test_average_precision	mean_train_average_precision	mean_test_balanced_accuracy	mean_train_balanced_accuracy	mean_test_brier_loss	mean_train_brier_loss	mean_test_f1	mean_train_f1	mean_test_informedness	mean_train_informedness	mean_test_log_loss	mean_train_log_loss	mean_test_markedness	mean_train_markedness	mean_test_mcc	mean_train_mcc	mean_test_negative_predictive_value	mean_train_negative_predictive_value	mean_test_precision	mean_train_precision	mean_test_precision_recall_auc	mean_train_precision_recall_auc	mean_test_roc_auc	mean_train_roc_auc	mean_test_sensitivity	mean_train_sensitivity	mean_test_specificity	mean_train_specificity
mcc	nan	nan	0.936 ± 0.093121	0.974 ± 0.013186	0.855 ± 0.127088	0.932 ± 0.019270	0.10255 ± 0.068705	0.05541 ± 0.014667	0.829 ± 0.152048	0.925 ± 0.021410	0.709 ± 0.254176	0.864 ± 0.038540	0.3624 ± 0.220372	0.2105 ± 0.050028	0.749 ± 0.235964	0.872 ± 0.037200	0.728 ± 0.243405	0.868 ± 0.037508	0.861 ± 0.133317	0.928 ± 0.026761	0.888 ± 0.168030	0.943 ± 0.029108	0.927 ± 0.107212	0.974 ± 0.013324	0.919 ± 0.123394	0.967 ± 0.019099	0.810 ± 0.191248	0.909 ± 0.035340	0.899 ± 0.157626	0.955 ± 0.024185
precision_recall_auc	nan	nan	0.946 ± 0.085271	0.972 ± 0.014010	0.870 ± 0.127595	0.923 ± 0.064895	0.09659 ± 0.064786	0.05724 ± 0.018386	0.840 ± 0.179062	0.907 ± 0.133071	0.739 ± 0.255190	0.846 ± 0.129790	0.3500 ± 0.218009	0.2164 ± 0.058647	0.759 ± 0.290188	0.847 ± 0.190161	0.753 ± 0.251959	0.851 ± 0.130046	0.864 ± 0.128822	0.918 ± 0.058757	0.895 ± 0.200488	0.929 ± 0.137203	0.939 ± 0.097583	0.971 ± 0.014171	0.927 ± 0.119713	0.964 ± 0.019335	0.808 ± 0.198670	0.887 ± 0.133404	0.931 ± 0.124084	0.960 ± 0.024643
roc_auc	nan	nan	0.947 ± 0.076640	0.973 ± 0.013880	0.872 ± 0.117067	0.924 ± 0.064738	0.09554 ± 0.064417	0.05614 ± 0.018437	0.841 ± 0.173878	0.908 ± 0.133089	0.743 ± 0.234134	0.848 ± 0.129476	0.3455 ± 0.213849	0.2134 ± 0.058890	0.765 ± 0.270756	0.850 ± 0.190170	0.759 ± 0.229976	0.854 ± 0.129769	0.870 ± 0.123640	0.918 ± 0.058518	0.895 ± 0.193232	0.933 ± 0.137681	0.941 ± 0.085074	0.973 ± 0.014038	0.930 ± 0.105623	0.966 ± 0.018947	0.813 ± 0.200312	0.886 ± 0.133316	0.930 ± 0.122474	0.962 ± 0.023998
