	mean_best_threshold_tuning_score	mean_best_threshold	mean_test_average_precision	mean_train_average_precision	mean_test_balanced_accuracy	mean_train_balanced_accuracy	mean_test_brier_loss	mean_train_brier_loss	mean_test_f1	mean_train_f1	mean_test_informedness	mean_train_informedness	mean_test_log_loss	mean_train_log_loss	mean_test_markedness	mean_train_markedness	mean_test_mcc	mean_train_mcc	mean_test_negative_predictive_value	mean_train_negative_predictive_value	mean_test_precision	mean_train_precision	mean_test_precision_recall_auc	mean_train_precision_recall_auc	mean_test_roc_auc	mean_train_roc_auc	mean_test_sensitivity	mean_train_sensitivity	mean_test_specificity	mean_train_specificity
mcc	nan	nan	0.847 ± 0.131390	1.000 ± 0.001258	0.731 ± 0.150295	0.983 ± 0.027032	0.19006 ± 0.064904	0.10208 ± 0.036909	0.703 ± 0.169140	0.981 ± 0.029819	0.463 ± 0.300591	0.965 ± 0.054063	0.6123 ± 0.288284	0.3465 ± 0.092937	0.509 ± 0.310904	0.973 ± 0.039153	0.484 ± 0.303134	0.969 ± 0.046573	0.779 ± 0.165525	0.977 ± 0.038512	0.730 ± 0.210775	0.996 ± 0.015892	0.826 ± 0.154250	1.000 ± 0.001273	0.794 ± 0.170634	1.000 ± 0.001075	0.720 ± 0.210118	0.969 ± 0.054501	0.743 ± 0.228574	0.996 ± 0.013751
precision_recall_auc	nan	nan	0.878 ± 0.108661	0.998 ± 0.007095	0.764 ± 0.145211	0.977 ± 0.032837	0.17438 ± 0.065350	0.08613 ± 0.033381	0.737 ± 0.162229	0.975 ± 0.036952	0.528 ± 0.290423	0.954 ± 0.065674	0.5374 ± 0.214454	0.3038 ± 0.086095	0.554 ± 0.294802	0.965 ± 0.046611	0.540 ± 0.291334	0.960 ± 0.056236	0.794 ± 0.144583	0.968 ± 0.045264	0.760 ± 0.205455	0.997 ± 0.011039	0.862 ± 0.123620	0.998 ± 0.007140	0.843 ± 0.143258	0.998 ± 0.010870	0.748 ± 0.184035	0.957 ± 0.065197	0.780 ± 0.206279	0.998 ± 0.008885
roc_auc	nan	nan	0.857 ± 0.141478	0.998 ± 0.007081	0.754 ± 0.146038	0.982 ± 0.028334	0.17988 ± 0.076247	0.07631 ± 0.028454	0.724 ± 0.162524	0.980 ± 0.031823	0.508 ± 0.292077	0.964 ± 0.056667	0.5720 ± 0.284671	0.2823 ± 0.075085	0.531 ± 0.295565	0.971 ± 0.041099	0.519 ± 0.292467	0.968 ± 0.048868	0.794 ± 0.157931	0.978 ± 0.038804	0.737 ± 0.197075	0.993 ± 0.014824	0.834 ± 0.169966	0.998 ± 0.007126	0.827 ± 0.165857	0.998 ± 0.010923	0.748 ± 0.202374	0.970 ± 0.056023	0.760 ± 0.198463	0.994 ± 0.012028
