	mean_best_threshold_tuning_score	mean_best_threshold	mean_test_average_precision	mean_train_average_precision	mean_test_balanced_accuracy	mean_train_balanced_accuracy	mean_test_brier_loss	mean_train_brier_loss	mean_test_f1	mean_train_f1	mean_test_informedness	mean_train_informedness	mean_test_log_loss	mean_train_log_loss	mean_test_markedness	mean_train_markedness	mean_test_mcc	mean_train_mcc	mean_test_negative_predictive_value	mean_train_negative_predictive_value	mean_test_precision	mean_train_precision	mean_test_precision_recall_auc	mean_train_precision_recall_auc	mean_test_roc_auc	mean_train_roc_auc	mean_test_sensitivity	mean_train_sensitivity	mean_test_specificity	mean_train_specificity
mcc	nan	nan	0.880 ± 0.088299	1.000 ± 0.000000	0.761 ± 0.119233	0.967 ± 0.037851	0.15353 ± 0.064170	0.03860 ± 0.034988	0.681 ± 0.179288	0.964 ± 0.041954	0.522 ± 0.238467	0.934 ± 0.075702	0.4719 ± 0.175217	0.1766 ± 0.108682	0.664 ± 0.222434	0.952 ± 0.052814	0.584 ± 0.225022	0.943 ± 0.064408	0.738 ± 0.119018	0.952 ± 0.052814	0.927 ± 0.153972	1.000 ± 0.000000	0.864 ± 0.103032	1.000 ± 0.000000	0.835 ± 0.123058	1.000 ± 0.000000	0.568 ± 0.210745	0.934 ± 0.075702	0.954 ± 0.093591	1.000 ± 0.000000
precision_recall_auc	nan	nan	0.901 ± 0.085511	1.000 ± 0.000000	0.772 ± 0.118256	0.937 ± 0.034445	0.14420 ± 0.060545	0.03069 ± 0.027666	0.696 ± 0.179127	0.932 ± 0.038458	0.544 ± 0.236513	0.874 ± 0.068889	0.4470 ± 0.156553	0.1441 ± 0.085007	0.682 ± 0.210372	0.909 ± 0.048181	0.605 ± 0.219703	0.891 ± 0.058601	0.745 ± 0.125906	0.909 ± 0.048181	0.937 ± 0.141421	1.000 ± 0.000000	0.888 ± 0.100236	1.000 ± 0.000000	0.872 ± 0.115318	1.000 ± 0.000000	0.585 ± 0.215269	0.874 ± 0.068889	0.959 ± 0.089037	1.000 ± 0.000000
roc_auc	nan	nan	0.893 ± 0.090815	1.000 ± 0.000000	0.779 ± 0.117469	0.935 ± 0.035418	0.14496 ± 0.057931	0.02628 ± 0.021720	0.706 ± 0.176856	0.930 ± 0.039562	0.558 ± 0.234937	0.871 ± 0.070836	0.4462 ± 0.148282	0.1316 ± 0.068909	0.697 ± 0.205525	0.907 ± 0.049782	0.619 ± 0.217205	0.889 ± 0.060381	0.749 ± 0.122663	0.907 ± 0.049782	0.948 ± 0.133514	1.000 ± 0.000000	0.879 ± 0.105619	1.000 ± 0.000000	0.868 ± 0.114562	1.000 ± 0.000000	0.590 ± 0.210172	0.871 ± 0.070836	0.968 ± 0.080661	1.000 ± 0.000000
