	mean_best_threshold_tuning_score	mean_best_threshold	mean_test_average_precision	mean_train_average_precision	mean_test_balanced_accuracy	mean_train_balanced_accuracy	mean_test_brier_loss	mean_train_brier_loss	mean_test_f1	mean_train_f1	mean_test_informedness	mean_train_informedness	mean_test_log_loss	mean_train_log_loss	mean_test_markedness	mean_train_markedness	mean_test_mcc	mean_train_mcc	mean_test_negative_predictive_value	mean_train_negative_predictive_value	mean_test_precision	mean_train_precision	mean_test_precision_recall_auc	mean_train_precision_recall_auc	mean_test_roc_auc	mean_train_roc_auc	mean_test_sensitivity	mean_train_sensitivity	mean_test_specificity	mean_train_specificity
mcc	nan	nan	0.854 ± 0.132115	1.000 ± 0.000250	0.727 ± 0.142897	0.992 ± 0.028007	0.18868 ± 0.070845	0.06249 ± 0.057371	0.628 ± 0.231883	0.991 ± 0.031814	0.455 ± 0.285794	0.985 ± 0.056014	0.6250 ± 0.370583	0.2298 ± 0.165780	0.543 ± 0.335905	0.989 ± 0.038195	0.500 ± 0.281432	0.987 ± 0.047306	0.746 ± 0.161729	0.989 ± 0.038195	0.797 ± 0.266511	1.000 ± 0.000000	0.833 ± 0.155253	1.000 ± 0.000253	0.818 ± 0.168021	1.000 ± 0.000221	0.582 ± 0.292329	0.985 ± 0.056014	0.873 ± 0.177054	1.000 ± 0.000000
precision_recall_auc	nan	nan	0.855 ± 0.131835	1.000 ± 0.000000	0.718 ± 0.132056	1.000 ± 0.002357	0.18879 ± 0.075651	0.02114 ± 0.035108	0.602 ± 0.239382	1.000 ± 0.002385	0.436 ± 0.264111	0.999 ± 0.004713	0.6341 ± 0.369636	0.0989 ± 0.117520	0.529 ± 0.337718	0.999 ± 0.003599	0.487 ± 0.261886	0.999 ± 0.004157	0.732 ± 0.147436	0.999 ± 0.003599	0.797 ± 0.284309	1.000 ± 0.000000	0.834 ± 0.154692	1.000 ± 0.000000	0.814 ± 0.167915	1.000 ± 0.000000	0.540 ± 0.286823	0.999 ± 0.004713	0.896 ± 0.156766	1.000 ± 0.000000
roc_auc	nan	nan	0.855 ± 0.135033	1.000 ± 0.000196	0.731 ± 0.152171	0.997 ± 0.015821	0.17737 ± 0.081637	0.02970 ± 0.037605	0.633 ± 0.252477	0.997 ± 0.017769	0.461 ± 0.304342	0.995 ± 0.031642	0.5977 ± 0.375371	0.1325 ± 0.123825	0.517 ± 0.371283	0.996 ± 0.023358	0.497 ± 0.305148	0.995 ± 0.027574	0.755 ± 0.165247	0.996 ± 0.023358	0.762 ± 0.284980	1.000 ± 0.000000	0.834 ± 0.157819	1.000 ± 0.000199	0.813 ± 0.176944	1.000 ± 0.000185	0.593 ± 0.299584	0.995 ± 0.031642	0.868 ± 0.169561	1.000 ± 0.000000
