	mean_best_threshold_tuning_score	mean_best_threshold	mean_test_average_precision	mean_train_average_precision	mean_test_balanced_accuracy	mean_train_balanced_accuracy	mean_test_brier_loss	mean_train_brier_loss	mean_test_f1	mean_train_f1	mean_test_informedness	mean_train_informedness	mean_test_log_loss	mean_train_log_loss	mean_test_markedness	mean_train_markedness	mean_test_mcc	mean_train_mcc	mean_test_negative_predictive_value	mean_train_negative_predictive_value	mean_test_precision	mean_train_precision	mean_test_precision_recall_auc	mean_train_precision_recall_auc	mean_test_roc_auc	mean_train_roc_auc	mean_test_sensitivity	mean_train_sensitivity	mean_test_specificity	mean_train_specificity
mcc	nan	nan	0.874 ± 0.142160	1.000 ± 0.000250	0.744 ± 0.139949	0.992 ± 0.028007	0.17499 ± 0.077477	0.06249 ± 0.057371	0.640 ± 0.242194	0.991 ± 0.031814	0.488 ± 0.279897	0.985 ± 0.056014	0.5998 ± 0.392502	0.2298 ± 0.165780	0.595 ± 0.330480	0.989 ± 0.038195	0.544 ± 0.263197	0.987 ± 0.047306	0.757 ± 0.160589	0.989 ± 0.038195	0.838 ± 0.276749	1.000 ± 0.000000	0.854 ± 0.169157	1.000 ± 0.000253	0.847 ± 0.167775	1.000 ± 0.000221	0.587 ± 0.300680	0.985 ± 0.056014	0.901 ± 0.187216	1.000 ± 0.000000
precision_recall_auc	nan	nan	0.869 ± 0.134780	1.000 ± 0.000000	0.751 ± 0.131350	1.000 ± 0.002357	0.16424 ± 0.084921	0.02114 ± 0.035108	0.649 ± 0.241388	1.000 ± 0.002385	0.501 ± 0.262701	0.999 ± 0.004713	0.5570 ± 0.392187	0.0989 ± 0.117520	0.615 ± 0.319847	0.999 ± 0.003599	0.561 ± 0.246770	0.999 ± 0.004157	0.762 ± 0.148844	0.999 ± 0.003599	0.853 ± 0.272568	1.000 ± 0.000000	0.850 ± 0.157350	1.000 ± 0.000000	0.836 ± 0.164652	1.000 ± 0.000000	0.588 ± 0.294705	0.999 ± 0.004713	0.913 ± 0.170477	1.000 ± 0.000000
roc_auc	nan	nan	0.873 ± 0.128393	1.000 ± 0.000196	0.760 ± 0.145501	0.997 ± 0.015821	0.16077 ± 0.080647	0.02970 ± 0.037605	0.661 ± 0.255707	0.997 ± 0.017769	0.519 ± 0.291003	0.995 ± 0.031642	0.5491 ± 0.391279	0.1325 ± 0.123825	0.616 ± 0.341442	0.996 ± 0.023358	0.571 ± 0.275662	0.995 ± 0.027574	0.775 ± 0.158594	0.996 ± 0.023358	0.841 ± 0.277036	1.000 ± 0.000000	0.855 ± 0.150796	1.000 ± 0.000199	0.843 ± 0.155717	1.000 ± 0.000185	0.610 ± 0.306505	0.995 ± 0.031642	0.909 ± 0.170740	1.000 ± 0.000000
