	mean_best_threshold_tuning_score	mean_best_threshold	mean_test_average_precision	mean_train_average_precision	mean_test_balanced_accuracy	mean_train_balanced_accuracy	mean_test_brier_loss	mean_train_brier_loss	mean_test_f1	mean_train_f1	mean_test_informedness	mean_train_informedness	mean_test_log_loss	mean_train_log_loss	mean_test_markedness	mean_train_markedness	mean_test_mcc	mean_train_mcc	mean_test_negative_predictive_value	mean_train_negative_predictive_value	mean_test_precision	mean_train_precision	mean_test_precision_recall_auc	mean_train_precision_recall_auc	mean_test_roc_auc	mean_train_roc_auc	mean_test_sensitivity	mean_train_sensitivity	mean_test_specificity	mean_train_specificity
mcc	nan	nan	0.863 ± 0.109864	1.000 ± 0.000000	0.771 ± 0.129112	1.000 ± 0.000000	0.16804 ± 0.057984	0.01427 ± 0.002695	0.731 ± 0.153329	1.000 ± 0.000000	0.543 ± 0.258224	1.000 ± 0.000000	0.5048 ± 0.150639	0.1050 ± 0.012996	0.586 ± 0.265473	1.000 ± 0.000000	0.562 ± 0.258549	1.000 ± 0.000000	0.788 ± 0.146428	1.000 ± 0.000000	0.798 ± 0.189492	1.000 ± 0.000000	0.844 ± 0.130980	1.000 ± 0.000000	0.841 ± 0.132611	1.000 ± 0.000000	0.717 ± 0.201328	1.000 ± 0.000000	0.826 ± 0.182734	1.000 ± 0.000000
precision_recall_auc	nan	nan	0.874 ± 0.107986	1.000 ± 0.000000	0.756 ± 0.122849	1.000 ± 0.000000	0.16580 ± 0.059599	0.01364 ± 0.002366	0.714 ± 0.144971	1.000 ± 0.000000	0.511 ± 0.245699	1.000 ± 0.000000	0.5031 ± 0.161031	0.1020 ± 0.011638	0.570 ± 0.256607	1.000 ± 0.000000	0.538 ± 0.247080	1.000 ± 0.000000	0.776 ± 0.139123	1.000 ± 0.000000	0.794 ± 0.200757	1.000 ± 0.000000	0.858 ± 0.124211	1.000 ± 0.000000	0.848 ± 0.134314	1.000 ± 0.000000	0.698 ± 0.199837	1.000 ± 0.000000	0.813 ± 0.203743	1.000 ± 0.000000
roc_auc	nan	nan	0.880 ± 0.103148	1.000 ± 0.000000	0.766 ± 0.108126	1.000 ± 0.000000	0.16402 ± 0.055840	0.01368 ± 0.002575	0.723 ± 0.128019	1.000 ± 0.000000	0.531 ± 0.216251	1.000 ± 0.000000	0.4981 ± 0.150628	0.1022 ± 0.012157	0.586 ± 0.222742	1.000 ± 0.000000	0.556 ± 0.215188	1.000 ± 0.000000	0.783 ± 0.133031	1.000 ± 0.000000	0.803 ± 0.187457	1.000 ± 0.000000	0.862 ± 0.122473	1.000 ± 0.000000	0.857 ± 0.127389	1.000 ± 0.000000	0.708 ± 0.192879	1.000 ± 0.000000	0.823 ± 0.185222	1.000 ± 0.000000
