	mean_best_threshold_tuning_score	mean_best_threshold	mean_test_average_precision	mean_train_average_precision	mean_test_balanced_accuracy	mean_train_balanced_accuracy	mean_test_brier_loss	mean_train_brier_loss	mean_test_f1	mean_train_f1	mean_test_informedness	mean_train_informedness	mean_test_log_loss	mean_train_log_loss	mean_test_markedness	mean_train_markedness	mean_test_mcc	mean_train_mcc	mean_test_negative_predictive_value	mean_train_negative_predictive_value	mean_test_precision	mean_train_precision	mean_test_precision_recall_auc	mean_train_precision_recall_auc	mean_test_roc_auc	mean_train_roc_auc	mean_test_sensitivity	mean_train_sensitivity	mean_test_specificity	mean_train_specificity
mcc	nan	nan	0.867 ± 0.097962	1.000 ± 0.000000	0.729 ± 0.136238	1.000 ± 0.000000	0.17853 ± 0.054629	0.02529 ± 0.003646	0.693 ± 0.158713	1.000 ± 0.000000	0.458 ± 0.272475	1.000 ± 0.000000	0.5330 ± 0.133706	0.1510 ± 0.013857	0.507 ± 0.280641	1.000 ± 0.000000	0.479 ± 0.273153	1.000 ± 0.000000	0.773 ± 0.156606	1.000 ± 0.000000	0.735 ± 0.208304	1.000 ± 0.000000	0.852 ± 0.110546	1.000 ± 0.000000	0.846 ± 0.124530	1.000 ± 0.000000	0.717 ± 0.207567	1.000 ± 0.000000	0.741 ± 0.228055	1.000 ± 0.000000
precision_recall_auc	nan	nan	0.871 ± 0.108314	1.000 ± 0.000000	0.740 ± 0.138218	1.000 ± 0.000000	0.17729 ± 0.059091	0.02439 ± 0.003155	0.699 ± 0.166969	1.000 ± 0.000000	0.480 ± 0.276437	1.000 ± 0.000000	0.5302 ± 0.146948	0.1480 ± 0.012928	0.525 ± 0.274298	1.000 ± 0.000000	0.500 ± 0.272498	1.000 ± 0.000000	0.789 ± 0.159013	1.000 ± 0.000000	0.736 ± 0.198090	1.000 ± 0.000000	0.855 ± 0.127437	1.000 ± 0.000000	0.848 ± 0.133924	1.000 ± 0.000000	0.725 ± 0.220961	1.000 ± 0.000000	0.755 ± 0.208554	1.000 ± 0.000000
roc_auc	nan	nan	0.868 ± 0.110910	1.000 ± 0.000000	0.739 ± 0.141396	1.000 ± 0.000000	0.17667 ± 0.060684	0.02448 ± 0.003359	0.696 ± 0.172964	1.000 ± 0.000000	0.478 ± 0.282791	1.000 ± 0.000000	0.5307 ± 0.154988	0.1474 ± 0.013505	0.525 ± 0.286826	1.000 ± 0.000000	0.499 ± 0.281955	1.000 ± 0.000000	0.779 ± 0.157620	1.000 ± 0.000000	0.746 ± 0.206929	1.000 ± 0.000000	0.852 ± 0.127970	1.000 ± 0.000000	0.844 ± 0.138069	1.000 ± 0.000000	0.710 ± 0.221595	1.000 ± 0.000000	0.768 ± 0.210626	1.000 ± 0.000000
