	mean_best_threshold_tuning_score	mean_best_threshold	mean_test_average_precision	mean_train_average_precision	mean_test_balanced_accuracy	mean_train_balanced_accuracy	mean_test_brier_loss	mean_train_brier_loss	mean_test_f1	mean_train_f1	mean_test_informedness	mean_train_informedness	mean_test_log_loss	mean_train_log_loss	mean_test_markedness	mean_train_markedness	mean_test_mcc	mean_train_mcc	mean_test_negative_predictive_value	mean_train_negative_predictive_value	mean_test_precision	mean_train_precision	mean_test_precision_recall_auc	mean_train_precision_recall_auc	mean_test_roc_auc	mean_train_roc_auc	mean_test_sensitivity	mean_train_sensitivity	mean_test_specificity	mean_train_specificity
mcc	nan	nan	0.951 ± 0.061442	0.971 ± 0.020683	0.867 ± 0.112435	0.934 ± 0.026607	0.10186 ± 0.059399	0.05682 ± 0.024650	0.844 ± 0.133314	0.929 ± 0.029477	0.733 ± 0.224871	0.869 ± 0.053215	0.3569 ± 0.183951	0.2221 ± 0.079762	0.785 ± 0.201897	0.887 ± 0.054038	0.757 ± 0.211113	0.878 ± 0.053243	0.867 ± 0.122372	0.919 ± 0.027827	0.918 ± 0.148127	0.968 ± 0.036920	0.946 ± 0.068713	0.971 ± 0.020829	0.931 ± 0.089310	0.960 ± 0.029464	0.813 ± 0.180199	0.894 ± 0.036937	0.920 ± 0.150170	0.974 ± 0.031037
precision_recall_auc	nan	nan	0.938 ± 0.079178	0.973 ± 0.034567	0.826 ± 0.132886	0.918 ± 0.110472	0.11337 ± 0.062030	0.05204 ± 0.036600	0.767 ± 0.234986	0.884 ± 0.227901	0.652 ± 0.265773	0.837 ± 0.220943	0.3780 ± 0.178809	0.2021 ± 0.111316	0.686 ± 0.345075	0.826 ± 0.329548	0.680 ± 0.258740	0.845 ± 0.222470	0.824 ± 0.137186	0.905 ± 0.095808	0.862 ± 0.260020	0.921 ± 0.236709	0.931 ± 0.089756	0.973 ± 0.034934	0.922 ± 0.095812	0.965 ± 0.042388	0.723 ± 0.259971	0.851 ± 0.221381	0.929 ± 0.130184	0.986 ± 0.022066
roc_auc	nan	nan	0.931 ± 0.090084	0.979 ± 0.022141	0.841 ± 0.111286	0.946 ± 0.032675	0.12139 ± 0.069311	0.04548 ± 0.027830	0.811 ± 0.135923	0.942 ± 0.035847	0.682 ± 0.222571	0.892 ± 0.065351	0.4085 ± 0.213999	0.1837 ± 0.090808	0.744 ± 0.205546	0.908 ± 0.063574	0.710 ± 0.210300	0.900 ± 0.064182	0.836 ± 0.118320	0.933 ± 0.035930	0.907 ± 0.151641	0.975 ± 0.039444	0.922 ± 0.103059	0.979 ± 0.022297	0.913 ± 0.109438	0.973 ± 0.030683	0.767 ± 0.183658	0.913 ± 0.046605	0.915 ± 0.140426	0.980 ± 0.033292
