	mean_best_threshold_tuning_score	mean_best_threshold	mean_test_average_precision	mean_train_average_precision	mean_test_balanced_accuracy	mean_train_balanced_accuracy	mean_test_brier_loss	mean_train_brier_loss	mean_test_f1	mean_train_f1	mean_test_informedness	mean_train_informedness	mean_test_log_loss	mean_train_log_loss	mean_test_markedness	mean_train_markedness	mean_test_mcc	mean_train_mcc	mean_test_negative_predictive_value	mean_train_negative_predictive_value	mean_test_precision	mean_train_precision	mean_test_precision_recall_auc	mean_train_precision_recall_auc	mean_test_roc_auc	mean_train_roc_auc	mean_test_sensitivity	mean_train_sensitivity	mean_test_specificity	mean_train_specificity
mcc	nan	nan	0.920 ± 0.097933	0.969 ± 0.021842	0.842 ± 0.116648	0.919 ± 0.043348	0.12419 ± 0.066258	0.06421 ± 0.027339	0.818 ± 0.133340	0.912 ± 0.048272	0.684 ± 0.233297	0.838 ± 0.086696	0.4158 ± 0.217167	0.2397 ± 0.082038	0.715 ± 0.233955	0.848 ± 0.091447	0.698 ± 0.231808	0.843 ± 0.088900	0.860 ± 0.134054	0.915 ± 0.038114	0.855 ± 0.172682	0.933 ± 0.063274	0.907 ± 0.119115	0.968 ± 0.022006	0.904 ± 0.114816	0.960 ± 0.029613	0.817 ± 0.178174	0.893 ± 0.047081	0.867 ± 0.160233	0.945 ± 0.053370
precision_recall_auc	nan	nan	0.928 ± 0.094102	0.956 ± 0.032137	0.804 ± 0.145259	0.868 ± 0.131402	0.13068 ± 0.073229	0.07809 ± 0.038719	0.727 ± 0.273363	0.810 ± 0.277136	0.607 ± 0.290518	0.736 ± 0.262805	0.4458 ± 0.251536	0.2770 ± 0.108731	0.591 ± 0.420522	0.700 ± 0.393130	0.623 ± 0.292336	0.740 ± 0.264108	0.825 ± 0.169775	0.874 ± 0.112838	0.766 ± 0.306579	0.826 ± 0.284689	0.917 ± 0.114342	0.955 ± 0.032410	0.910 ± 0.115638	0.943 ± 0.041169	0.728 ± 0.302957	0.796 ± 0.273857	0.879 ± 0.161337	0.940 ± 0.054453
roc_auc	nan	nan	0.919 ± 0.094086	0.970 ± 0.027455	0.812 ± 0.116072	0.916 ± 0.095203	0.13129 ± 0.070267	0.06130 ± 0.034277	0.765 ± 0.196757	0.890 ± 0.189208	0.624 ± 0.232144	0.831 ± 0.190406	0.4417 ± 0.245918	0.2308 ± 0.097274	0.640 ± 0.304284	0.822 ± 0.273092	0.641 ± 0.231522	0.835 ± 0.191439	0.838 ± 0.142185	0.914 ± 0.081892	0.802 ± 0.230931	0.908 ± 0.195592	0.906 ± 0.115023	0.969 ± 0.027680	0.903 ± 0.112170	0.962 ± 0.036131	0.770 ± 0.239022	0.873 ± 0.186670	0.854 ± 0.154801	0.958 ± 0.048290
