	mean_best_threshold_tuning_score	mean_best_threshold	mean_test_average_precision	mean_train_average_precision	mean_test_balanced_accuracy	mean_train_balanced_accuracy	mean_test_brier_loss	mean_train_brier_loss	mean_test_f1	mean_train_f1	mean_test_informedness	mean_train_informedness	mean_test_log_loss	mean_train_log_loss	mean_test_markedness	mean_train_markedness	mean_test_mcc	mean_train_mcc	mean_test_negative_predictive_value	mean_train_negative_predictive_value	mean_test_precision	mean_train_precision	mean_test_precision_recall_auc	mean_train_precision_recall_auc	mean_test_roc_auc	mean_train_roc_auc	mean_test_sensitivity	mean_train_sensitivity	mean_test_specificity	mean_train_specificity
mcc	nan	nan	0.840 ± 0.140813	1.000 ± 0.000000	0.715 ± 0.145845	0.985 ± 0.019923	0.18196 ± 0.081264	0.05948 ± 0.053782	0.627 ± 0.217324	0.985 ± 0.021102	0.430 ± 0.291689	0.971 ± 0.039847	0.5777 ± 0.288966	0.2385 ± 0.152380	0.526 ± 0.340109	0.978 ± 0.030141	0.476 ± 0.297724	0.974 ± 0.035002	0.716 ± 0.143561	0.978 ± 0.030141	0.810 ± 0.254194	1.000 ± 0.000000	0.815 ± 0.170983	1.000 ± 0.000000	0.785 ± 0.182490	1.000 ± 0.000000	0.557 ± 0.244810	0.971 ± 0.039847	0.873 ± 0.173267	1.000 ± 0.000000
precision_recall_auc	nan	nan	0.859 ± 0.125549	1.000 ± 0.000000	0.711 ± 0.131266	0.952 ± 0.031560	0.16793 ± 0.081650	0.03103 ± 0.025511	0.584 ± 0.237573	0.948 ± 0.034607	0.421 ± 0.262533	0.903 ± 0.063120	0.5384 ± 0.271584	0.1494 ± 0.082101	0.561 ± 0.355163	0.928 ± 0.046113	0.493 ± 0.266921	0.916 ± 0.054663	0.692 ± 0.123537	0.928 ± 0.046113	0.869 ± 0.279407	1.000 ± 0.000000	0.838 ± 0.150298	1.000 ± 0.000000	0.818 ± 0.162237	1.000 ± 0.000000	0.468 ± 0.231999	0.903 ± 0.063120	0.953 ± 0.119271	1.000 ± 0.000000
roc_auc	nan	nan	0.861 ± 0.130737	1.000 ± 0.000000	0.707 ± 0.133868	0.946 ± 0.029327	0.16845 ± 0.093892	0.02698 ± 0.021764	0.568 ± 0.254511	0.942 ± 0.032420	0.414 ± 0.267735	0.892 ± 0.058654	0.5991 ± 0.514037	0.1346 ± 0.067086	0.537 ± 0.376301	0.920 ± 0.041191	0.482 ± 0.268641	0.906 ± 0.049946	0.692 ± 0.129055	0.920 ± 0.041191	0.845 ± 0.299944	1.000 ± 0.000000	0.840 ± 0.155936	1.000 ± 0.000000	0.822 ± 0.172474	1.000 ± 0.000000	0.460 ± 0.253233	0.892 ± 0.058654	0.954 ± 0.106349	1.000 ± 0.000000
