	mean_best_threshold_tuning_score	mean_best_threshold	mean_test_average_precision	mean_train_average_precision	mean_test_balanced_accuracy	mean_train_balanced_accuracy	mean_test_brier_loss	mean_train_brier_loss	mean_test_f1	mean_train_f1	mean_test_informedness	mean_train_informedness	mean_test_log_loss	mean_train_log_loss	mean_test_markedness	mean_train_markedness	mean_test_mcc	mean_train_mcc	mean_test_negative_predictive_value	mean_train_negative_predictive_value	mean_test_precision	mean_train_precision	mean_test_precision_recall_auc	mean_train_precision_recall_auc	mean_test_roc_auc	mean_train_roc_auc	mean_test_sensitivity	mean_train_sensitivity	mean_test_specificity	mean_train_specificity
mcc	nan	nan	0.962 ± 0.067629	0.976 ± 0.016623	0.872 ± 0.101224	0.920 ± 0.041190	0.10341 ± 0.068677	0.05512 ± 0.024666	0.846 ± 0.125715	0.912 ± 0.046946	0.744 ± 0.202448	0.840 ± 0.082381	0.3575 ± 0.214258	0.2030 ± 0.074448	0.805 ± 0.158058	0.860 ± 0.079108	0.772 ± 0.179405	0.849 ± 0.080368	0.880 ± 0.126635	0.904 ± 0.042806	0.925 ± 0.139106	0.955 ± 0.047478	0.957 ± 0.075525	0.975 ± 0.016842	0.948 ± 0.100036	0.972 ± 0.020181	0.822 ± 0.193437	0.874 ± 0.059170	0.922 ± 0.155891	0.966 ± 0.037266
precision_recall_auc	nan	nan	0.956 ± 0.066387	0.962 ± 0.017079	0.844 ± 0.123713	0.865 ± 0.086927	0.11997 ± 0.067416	0.08521 ± 0.036233	0.801 ± 0.202907	0.833 ± 0.178411	0.687 ± 0.247426	0.730 ± 0.173853	0.3890 ± 0.194753	0.2756 ± 0.097022	0.709 ± 0.303916	0.724 ± 0.258638	0.706 ± 0.243042	0.736 ± 0.175350	0.857 ± 0.138502	0.865 ± 0.077538	0.852 ± 0.232189	0.859 ± 0.186392	0.951 ± 0.074363	0.962 ± 0.017319	0.946 ± 0.084053	0.960 ± 0.019099	0.788 ± 0.235828	0.811 ± 0.175624	0.899 ± 0.152359	0.920 ± 0.053170
roc_auc	nan	nan	0.957 ± 0.065246	0.961 ± 0.016526	0.839 ± 0.125258	0.848 ± 0.083024	0.11931 ± 0.064547	0.09375 ± 0.033482	0.797 ± 0.202742	0.812 ± 0.175247	0.678 ± 0.250515	0.695 ± 0.166049	0.3838 ± 0.177740	0.2953 ± 0.089081	0.693 ± 0.307485	0.691 ± 0.248734	0.693 ± 0.247672	0.702 ± 0.165254	0.853 ± 0.136127	0.853 ± 0.075707	0.840 ± 0.232235	0.838 ± 0.182532	0.952 ± 0.073005	0.960 ± 0.016761	0.946 ± 0.083099	0.960 ± 0.017868	0.788 ± 0.230356	0.794 ± 0.178031	0.890 ± 0.152864	0.901 ± 0.055454
