	mean_best_threshold_tuning_score	mean_best_threshold	mean_test_average_precision	mean_train_average_precision	mean_test_balanced_accuracy	mean_train_balanced_accuracy	mean_test_brier_loss	mean_train_brier_loss	mean_test_f1	mean_train_f1	mean_test_informedness	mean_train_informedness	mean_test_log_loss	mean_train_log_loss	mean_test_markedness	mean_train_markedness	mean_test_mcc	mean_train_mcc	mean_test_negative_predictive_value	mean_train_negative_predictive_value	mean_test_precision	mean_train_precision	mean_test_precision_recall_auc	mean_train_precision_recall_auc	mean_test_roc_auc	mean_train_roc_auc	mean_test_sensitivity	mean_train_sensitivity	mean_test_specificity	mean_train_specificity
mcc	nan	nan	0.769 ± 0.183592	0.992 ± 0.021554	0.743 ± 0.141348	0.964 ± 0.049248	0.21933 ± 0.082363	0.10626 ± 0.062854	0.736 ± 0.153071	0.960 ± 0.052640	0.485 ± 0.282695	0.928 ± 0.098496	0.7951 ± 0.551284	0.3596 ± 0.154493	0.542 ± 0.269399	0.925 ± 0.099897	0.510 ± 0.274274	0.927 ± 0.099167	0.875 ± 0.157043	0.984 ± 0.036861	0.668 ± 0.174296	0.940 ± 0.070505	0.697 ± 0.242782	0.991 ± 0.021747	0.773 ± 0.178610	0.990 ± 0.026430	0.858 ± 0.183078	0.983 ± 0.041140	0.627 ± 0.233258	0.946 ± 0.066043
precision_recall_auc	nan	nan	0.840 ± 0.175019	0.973 ± 0.035790	0.694 ± 0.147605	0.920 ± 0.087541	0.21298 ± 0.078404	0.10853 ± 0.045176	0.709 ± 0.142489	0.916 ± 0.090761	0.387 ± 0.295210	0.840 ± 0.175081	0.8071 ± 0.870552	0.3689 ± 0.122584	0.429 ± 0.390196	0.842 ± 0.171979	0.423 ± 0.292110	0.841 ± 0.173498	0.791 ± 0.281560	0.957 ± 0.050255	0.639 ± 0.200541	0.885 ± 0.128506	0.807 ± 0.217314	0.973 ± 0.036095	0.815 ± 0.190434	0.967 ± 0.045424	0.858 ± 0.175973	0.956 ± 0.051620	0.529 ± 0.311365	0.885 ± 0.134137
roc_auc	nan	nan	0.834 ± 0.190853	0.983 ± 0.031214	0.742 ± 0.141791	0.945 ± 0.067179	0.21008 ± 0.085171	0.09379 ± 0.047163	0.746 ± 0.135135	0.941 ± 0.068782	0.484 ± 0.283583	0.891 ± 0.134358	0.8152 ± 0.534337	0.3275 ± 0.126248	0.551 ± 0.298536	0.888 ± 0.132418	0.517 ± 0.273659	0.890 ± 0.133344	0.875 ± 0.197037	0.976 ± 0.042827	0.676 ± 0.196127	0.913 ± 0.094630	0.789 ± 0.251397	0.983 ± 0.031577	0.821 ± 0.185985	0.981 ± 0.038882	0.890 ± 0.155620	0.975 ± 0.043196	0.594 ± 0.280422	0.916 ± 0.097458
