	mean_best_threshold_tuning_score	mean_best_threshold	mean_test_average_precision	mean_train_average_precision	mean_test_balanced_accuracy	mean_train_balanced_accuracy	mean_test_brier_loss	mean_train_brier_loss	mean_test_f1	mean_train_f1	mean_test_informedness	mean_train_informedness	mean_test_log_loss	mean_train_log_loss	mean_test_markedness	mean_train_markedness	mean_test_mcc	mean_train_mcc	mean_test_negative_predictive_value	mean_train_negative_predictive_value	mean_test_precision	mean_train_precision	mean_test_precision_recall_auc	mean_train_precision_recall_auc	mean_test_roc_auc	mean_train_roc_auc	mean_test_sensitivity	mean_train_sensitivity	mean_test_specificity	mean_train_specificity
mcc	nan	nan	0.925 ± 0.083345	0.953 ± 0.022129	0.818 ± 0.127402	0.886 ± 0.031642	0.13448 ± 0.052760	0.10064 ± 0.018612	0.790 ± 0.146945	0.874 ± 0.036318	0.636 ± 0.254803	0.773 ± 0.063283	0.4506 ± 0.150019	0.3516 ± 0.058128	0.679 ± 0.243620	0.796 ± 0.059987	0.655 ± 0.247085	0.784 ± 0.060798	0.845 ± 0.136823	0.875 ± 0.036061	0.834 ± 0.182990	0.922 ± 0.040408	0.916 ± 0.093621	0.955 ± 0.015883	0.909 ± 0.111183	0.951 ± 0.018328	0.790 ± 0.192872	0.833 ± 0.055518	0.846 ± 0.190820	0.940 ± 0.036252
precision_recall_auc	nan	nan	0.938 ± 0.082277	0.956 ± 0.017315	0.831 ± 0.124961	0.889 ± 0.035080	0.13923 ± 0.064820	0.09853 ± 0.024653	0.803 ± 0.147530	0.876 ± 0.039709	0.662 ± 0.249922	0.777 ± 0.070161	0.4783 ± 0.274066	0.3420 ± 0.081251	0.708 ± 0.241340	0.801 ± 0.069656	0.683 ± 0.243361	0.789 ± 0.069029	0.847 ± 0.136547	0.876 ± 0.039207	0.861 ± 0.177173	0.925 ± 0.051905	0.931 ± 0.091580	0.956 ± 0.017560	0.921 ± 0.115468	0.953 ± 0.019682	0.790 ± 0.192872	0.835 ± 0.057839	0.872 ± 0.182153	0.942 ± 0.045327
roc_auc	nan	nan	0.929 ± 0.083213	0.952 ± 0.022475	0.830 ± 0.120787	0.879 ± 0.037951	0.14315 ± 0.067719	0.10179 ± 0.027325	0.800 ± 0.144150	0.866 ± 0.042797	0.659 ± 0.241575	0.759 ± 0.075902	0.4910 ± 0.284751	0.3498 ± 0.088440	0.704 ± 0.231197	0.778 ± 0.079309	0.680 ± 0.233998	0.768 ± 0.076846	0.852 ± 0.136061	0.873 ± 0.037792	0.852 ± 0.175631	0.905 ± 0.059055	0.923 ± 0.091015	0.954 ± 0.018553	0.915 ± 0.113945	0.953 ± 0.019647	0.795 ± 0.195042	0.833 ± 0.054517	0.864 ± 0.180713	0.925 ± 0.050436
