	mean_best_threshold_tuning_score	mean_best_threshold	mean_test_average_precision	mean_train_average_precision	mean_test_balanced_accuracy	mean_train_balanced_accuracy	mean_test_brier_loss	mean_train_brier_loss	mean_test_f1	mean_train_f1	mean_test_informedness	mean_train_informedness	mean_test_log_loss	mean_train_log_loss	mean_test_markedness	mean_train_markedness	mean_test_mcc	mean_train_mcc	mean_test_negative_predictive_value	mean_train_negative_predictive_value	mean_test_precision	mean_train_precision	mean_test_precision_recall_auc	mean_train_precision_recall_auc	mean_test_roc_auc	mean_train_roc_auc	mean_test_sensitivity	mean_train_sensitivity	mean_test_specificity	mean_train_specificity
mcc	nan	nan	0.938 ± 0.079382	0.990 ± 0.014796	0.840 ± 0.123224	0.964 ± 0.041370	0.11420 ± 0.072114	0.02703 ± 0.026718	0.806 ± 0.155617	0.960 ± 0.046141	0.680 ± 0.246449	0.927 ± 0.082739	0.3804 ± 0.215976	0.1102 ± 0.087971	0.736 ± 0.228580	0.939 ± 0.071383	0.705 ± 0.234876	0.933 ± 0.076991	0.846 ± 0.133929	0.954 ± 0.049506	0.890 ± 0.170334	0.985 ± 0.027667	0.929 ± 0.094918	0.990 ± 0.014895	0.930 ± 0.087428	0.989 ± 0.016921	0.775 ± 0.204990	0.938 ± 0.067877	0.905 ± 0.161071	0.989 ± 0.021211
precision_recall_auc	nan	nan	0.936 ± 0.082294	0.984 ± 0.019289	0.742 ± 0.180313	0.851 ± 0.194677	0.12384 ± 0.073245	0.03603 ± 0.037483	0.578 ± 0.384392	0.737 ± 0.399321	0.483 ± 0.360626	0.703 ± 0.389354	0.4111 ± 0.246324	0.1261 ± 0.117411	0.398 ± 0.564519	0.610 ± 0.577095	0.502 ± 0.363370	0.706 ± 0.390451	0.770 ± 0.182923	0.857 ± 0.173835	0.627 ± 0.419315	0.753 ± 0.406546	0.929 ± 0.092126	0.984 ± 0.019461	0.922 ± 0.106112	0.983 ± 0.022504	0.570 ± 0.399603	0.724 ± 0.394288	0.913 ± 0.152466	0.978 ± 0.040563
roc_auc	nan	nan	0.923 ± 0.095945	0.989 ± 0.016703	0.746 ± 0.180083	0.884 ± 0.178702	0.13334 ± 0.088899	0.03146 ± 0.038859	0.609 ± 0.368076	0.801 ± 0.358485	0.492 ± 0.360166	0.768 ± 0.357404	0.4520 ± 0.309397	0.1100 ± 0.117309	0.431 ± 0.538283	0.702 ± 0.520713	0.509 ± 0.368252	0.771 ± 0.357755	0.782 ± 0.179287	0.890 ± 0.161947	0.649 ± 0.396690	0.811 ± 0.362369	0.913 ± 0.111760	0.988 ± 0.016858	0.907 ± 0.119668	0.989 ± 0.017910	0.610 ± 0.387020	0.792 ± 0.356962	0.882 ± 0.173134	0.976 ± 0.051670
