	mean_ncv_average_precision	mean_ncv_balanced_accuracy	mean_ncv_brier_loss	mean_ncv_f1	mean_ncv_informedness	mean_ncv_log_loss	mean_ncv_markedness	mean_ncv_mcc	mean_ncv_negative_predictive_value	mean_ncv_precision	mean_ncv_precision_recall_auc	mean_ncv_roc_auc	mean_ncv_sensitivity	mean_ncv_specificity
mcc	0.914 ± 0.022621	0.846 ± 0.018382	0.11949 ± 0.009689	0.831 ± 0.020093	0.692 ± 0.036764	0.4030 ± 0.032915	0.693 ± 0.037469	0.693 ± 0.037029	0.863 ± 0.018914	0.829 ± 0.026385	0.911 ± 0.023707	0.903 ± 0.017538	0.833 ± 0.026189	0.859 ± 0.025802
precision_recall_auc	0.891 ± 0.017727	0.767 ± 0.075478	0.13946 ± 0.019007	0.708 ± 0.129285	0.533 ± 0.150957	0.4466 ± 0.047037	0.603 ± 0.099729	0.565 ± 0.126997	0.760 ± 0.080489	0.843 ± 0.057312	0.887 ± 0.018820	0.891 ± 0.017376	0.633 ± 0.176072	0.900 ± 0.055876
roc_auc	0.892 ± 0.018156	0.796 ± 0.061502	0.13410 ± 0.012353	0.758 ± 0.104681	0.593 ± 0.123004	0.4310 ± 0.034676	0.633 ± 0.076440	0.612 ± 0.100782	0.797 ± 0.068989	0.836 ± 0.049701	0.888 ± 0.019391	0.894 ± 0.017576	0.711 ± 0.149989	0.882 ± 0.053354
