	mean_best_threshold_tuning_score	mean_best_threshold	mean_test_average_precision	mean_train_average_precision	mean_test_balanced_accuracy	mean_train_balanced_accuracy	mean_test_brier_loss	mean_train_brier_loss	mean_test_f1	mean_train_f1	mean_test_informedness	mean_train_informedness	mean_test_log_loss	mean_train_log_loss	mean_test_markedness	mean_train_markedness	mean_test_mcc	mean_train_mcc	mean_test_negative_predictive_value	mean_train_negative_predictive_value	mean_test_precision	mean_train_precision	mean_test_precision_recall_auc	mean_train_precision_recall_auc	mean_test_roc_auc	mean_train_roc_auc	mean_test_sensitivity	mean_train_sensitivity	mean_test_specificity	mean_train_specificity
mcc	nan	nan	0.936 ± 0.076210	0.988 ± 0.014358	0.849 ± 0.117035	0.952 ± 0.039012	0.11949 ± 0.071863	0.03350 ± 0.024363	0.823 ± 0.146270	0.948 ± 0.043183	0.697 ± 0.234070	0.903 ± 0.078024	0.4030 ± 0.215493	0.1324 ± 0.080182	0.732 ± 0.218026	0.919 ± 0.069701	0.713 ± 0.224818	0.911 ± 0.073758	0.881 ± 0.123856	0.936 ± 0.047173	0.852 ± 0.171800	0.982 ± 0.028394	0.928 ± 0.084817	0.988 ± 0.014477	0.917 ± 0.108948	0.987 ± 0.017828	0.833 ± 0.185958	0.917 ± 0.062039	0.864 ± 0.171440	0.987 ± 0.022175
precision_recall_auc	nan	nan	0.941 ± 0.084724	0.985 ± 0.019307	0.765 ± 0.175152	0.862 ± 0.179077	0.13946 ± 0.085196	0.03822 ± 0.037415	0.628 ± 0.372176	0.767 ± 0.367636	0.530 ± 0.350304	0.724 ± 0.358154	0.4466 ± 0.242649	0.1325 ± 0.116738	0.459 ± 0.537318	0.654 ± 0.533249	0.546 ± 0.354502	0.730 ± 0.359328	0.798 ± 0.170221	0.863 ± 0.161319	0.661 ± 0.401776	0.791 ± 0.377184	0.935 ± 0.094431	0.985 ± 0.019474	0.922 ± 0.114830	0.983 ± 0.023398	0.627 ± 0.385111	0.747 ± 0.362229	0.903 ± 0.157600	0.977 ± 0.041067
roc_auc	nan	nan	0.940 ± 0.083627	0.984 ± 0.017598	0.795 ± 0.160491	0.884 ± 0.143462	0.13410 ± 0.086364	0.04372 ± 0.040426	0.698 ± 0.327385	0.828 ± 0.286973	0.591 ± 0.320981	0.768 ± 0.286925	0.4310 ± 0.247568	0.1465 ± 0.120990	0.555 ± 0.472754	0.732 ± 0.418141	0.607 ± 0.322462	0.773 ± 0.287591	0.832 ± 0.162266	0.887 ± 0.130383	0.723 ± 0.350637	0.846 ± 0.293077	0.933 ± 0.093296	0.984 ± 0.017763	0.923 ± 0.113146	0.984 ± 0.019136	0.707 ± 0.347994	0.813 ± 0.284807	0.884 ± 0.159220	0.956 ± 0.061009
