	mean_best_threshold_tuning_score	mean_best_threshold	mean_test_average_precision	mean_train_average_precision	mean_test_balanced_accuracy	mean_train_balanced_accuracy	mean_test_brier_loss	mean_train_brier_loss	mean_test_f1	mean_train_f1	mean_test_informedness	mean_train_informedness	mean_test_log_loss	mean_train_log_loss	mean_test_markedness	mean_train_markedness	mean_test_mcc	mean_train_mcc	mean_test_negative_predictive_value	mean_train_negative_predictive_value	mean_test_precision	mean_train_precision	mean_test_precision_recall_auc	mean_train_precision_recall_auc	mean_test_roc_auc	mean_train_roc_auc	mean_test_sensitivity	mean_train_sensitivity	mean_test_specificity	mean_train_specificity
mcc	nan	nan	0.867 ± 0.142556	1.000 ± 0.001951	0.730 ± 0.159115	0.982 ± 0.044613	0.18696 ± 0.087519	0.06849 ± 0.042922	0.651 ± 0.241905	0.979 ± 0.051803	0.460 ± 0.318229	0.963 ± 0.089226	0.7738 ± 0.717471	0.2543 ± 0.116204	0.535 ± 0.360953	0.975 ± 0.061232	0.495 ± 0.322394	0.969 ± 0.075608	0.772 ± 0.178691	0.975 ± 0.061232	0.763 ± 0.267585	1.000 ± 0.000000	0.847 ± 0.165328	1.000 ± 0.001970	0.838 ± 0.177948	1.000 ± 0.001980	0.640 ± 0.305579	0.963 ± 0.089226	0.820 ± 0.196915	1.000 ± 0.000000
precision_recall_auc	nan	nan	0.874 ± 0.123666	0.999 ± 0.002072	0.743 ± 0.150110	0.956 ± 0.062705	0.17601 ± 0.090846	0.05933 ± 0.033421	0.644 ± 0.263384	0.949 ± 0.073019	0.486 ± 0.300221	0.912 ± 0.125410	0.7734 ± 0.857041	0.2261 ± 0.092902	0.549 ± 0.374426	0.941 ± 0.083319	0.524 ± 0.300143	0.926 ± 0.104970	0.771 ± 0.172697	0.941 ± 0.083319	0.778 ± 0.297431	1.000 ± 0.000000	0.856 ± 0.142147	0.999 ± 0.002093	0.845 ± 0.158079	0.999 ± 0.002033	0.618 ± 0.319034	0.912 ± 0.125410	0.868 ± 0.183992	1.000 ± 0.000000
roc_auc	nan	nan	0.883 ± 0.121967	1.000 ± 0.001315	0.744 ± 0.148786	0.963 ± 0.056103	0.17210 ± 0.093236	0.04119 ± 0.031383	0.653 ± 0.259110	0.958 ± 0.064629	0.488 ± 0.297572	0.926 ± 0.112207	0.7238 ± 0.855133	0.1740 ± 0.087640	0.547 ± 0.379067	0.949 ± 0.076243	0.525 ± 0.301450	0.937 ± 0.094664	0.774 ± 0.165139	0.949 ± 0.076243	0.773 ± 0.300262	1.000 ± 0.000000	0.866 ± 0.140285	1.000 ± 0.001329	0.863 ± 0.151828	1.000 ± 0.001131	0.630 ± 0.309139	0.926 ± 0.112207	0.858 ± 0.194401	1.000 ± 0.000000
