	mean_best_threshold_tuning_score	mean_best_threshold	mean_test_average_precision	mean_train_average_precision	mean_test_balanced_accuracy	mean_train_balanced_accuracy	mean_test_brier_loss	mean_train_brier_loss	mean_test_f1	mean_train_f1	mean_test_informedness	mean_train_informedness	mean_test_log_loss	mean_train_log_loss	mean_test_markedness	mean_train_markedness	mean_test_mcc	mean_train_mcc	mean_test_negative_predictive_value	mean_train_negative_predictive_value	mean_test_precision	mean_train_precision	mean_test_precision_recall_auc	mean_train_precision_recall_auc	mean_test_roc_auc	mean_train_roc_auc	mean_test_sensitivity	mean_train_sensitivity	mean_test_specificity	mean_train_specificity
mcc	nan	nan	0.844 ± 0.149110	1.000 ± 0.001951	0.757 ± 0.143862	0.982 ± 0.044613	0.18714 ± 0.076610	0.06849 ± 0.042922	0.673 ± 0.241394	0.979 ± 0.051803	0.515 ± 0.287724	0.963 ± 0.089226	0.6998 ± 0.458927	0.2543 ± 0.116204	0.563 ± 0.351592	0.975 ± 0.061232	0.543 ± 0.289912	0.969 ± 0.075608	0.772 ± 0.152643	0.975 ± 0.061232	0.791 ± 0.273576	1.000 ± 0.000000	0.818 ± 0.177323	1.000 ± 0.001970	0.832 ± 0.158188	1.000 ± 0.001980	0.637 ± 0.285595	0.963 ± 0.089226	0.878 ± 0.142914	1.000 ± 0.000000
precision_recall_auc	nan	nan	0.845 ± 0.132876	0.999 ± 0.002072	0.737 ± 0.124474	0.956 ± 0.062705	0.18501 ± 0.067707	0.05933 ± 0.033421	0.638 ± 0.230647	0.949 ± 0.073019	0.475 ± 0.248949	0.912 ± 0.125410	0.7246 ± 0.493246	0.2261 ± 0.092902	0.546 ± 0.320940	0.941 ± 0.083319	0.517 ± 0.244173	0.926 ± 0.104970	0.753 ± 0.146867	0.941 ± 0.083319	0.793 ± 0.272805	1.000 ± 0.000000	0.818 ± 0.163779	0.999 ± 0.002093	0.828 ± 0.128363	0.999 ± 0.002033	0.592 ± 0.283848	0.912 ± 0.125410	0.883 ± 0.153732	1.000 ± 0.000000
roc_auc	nan	nan	0.849 ± 0.129759	1.000 ± 0.001315	0.734 ± 0.110295	0.963 ± 0.056103	0.18692 ± 0.069277	0.04119 ± 0.031383	0.641 ± 0.204540	0.958 ± 0.064629	0.468 ± 0.220591	0.926 ± 0.112207	0.7293 ± 0.510121	0.1740 ± 0.087640	0.564 ± 0.282572	0.949 ± 0.076243	0.518 ± 0.216552	0.937 ± 0.094664	0.755 ± 0.150339	0.949 ± 0.076243	0.809 ± 0.250921	1.000 ± 0.000000	0.823 ± 0.157423	1.000 ± 0.001329	0.833 ± 0.135469	1.000 ± 0.001131	0.595 ± 0.278179	0.926 ± 0.112207	0.873 ± 0.169697	1.000 ± 0.000000
