	mean_ncv_average_precision	mean_ncv_balanced_accuracy	mean_ncv_brier_loss	mean_ncv_f1	mean_ncv_informedness	mean_ncv_log_loss	mean_ncv_markedness	mean_ncv_mcc	mean_ncv_negative_predictive_value	mean_ncv_precision	mean_ncv_precision_recall_auc	mean_ncv_roc_auc	mean_ncv_sensitivity	mean_ncv_specificity
mcc	0.919 ± 0.009510	0.865 ± 0.022687	0.10083 ± 0.009080	0.847 ± 0.027126	0.730 ± 0.045373	0.3356 ± 0.022089	0.782 ± 0.059302	0.756 ± 0.051740	0.835 ± 0.015068	0.947 ± 0.050172	0.917 ± 0.009637	0.887 ± 0.016079	0.767 ± 0.023424	0.964 ± 0.035855
precision_recall_auc	0.920 ± 0.013710	0.733 ± 0.070759	0.11317 ± 0.010692	0.626 ± 0.124047	0.467 ± 0.141518	0.3549 ± 0.027908	0.701 ± 0.061938	0.569 ± 0.110718	0.701 ± 0.061938	1.000 ± 0.000000	0.918 ± 0.013952	0.904 ± 0.024104	0.467 ± 0.141518	1.000 ± 0.000000
roc_auc	0.923 ± 0.017234	0.717 ± 0.056579	0.11261 ± 0.013321	0.600 ± 0.106123	0.434 ± 0.113158	0.3515 ± 0.036475	0.676 ± 0.059451	0.540 ± 0.091042	0.687 ± 0.045447	0.989 ± 0.035136	0.921 ± 0.017603	0.913 ± 0.027126	0.439 ± 0.112491	0.995 ± 0.014374
