	mean_best_threshold_tuning_score	mean_best_threshold	mean_test_average_precision	mean_train_average_precision	mean_test_balanced_accuracy	mean_train_balanced_accuracy	mean_test_brier_loss	mean_train_brier_loss	mean_test_f1	mean_train_f1	mean_test_informedness	mean_train_informedness	mean_test_log_loss	mean_train_log_loss	mean_test_markedness	mean_train_markedness	mean_test_mcc	mean_train_mcc	mean_test_negative_predictive_value	mean_train_negative_predictive_value	mean_test_precision	mean_train_precision	mean_test_precision_recall_auc	mean_train_precision_recall_auc	mean_test_roc_auc	mean_train_roc_auc	mean_test_sensitivity	mean_train_sensitivity	mean_test_specificity	mean_train_specificity
mcc	nan	nan	0.941 ± 0.071058	0.966 ± 0.018508	0.868 ± 0.110653	0.899 ± 0.026133	0.10516 ± 0.062378	0.07284 ± 0.015069	0.842 ± 0.142807	0.888 ± 0.030653	0.736 ± 0.221305	0.799 ± 0.052265	0.3476 ± 0.159367	0.2569 ± 0.041471	0.768 ± 0.206977	0.841 ± 0.044402	0.751 ± 0.212741	0.819 ± 0.047704	0.875 ± 0.120185	0.869 ± 0.032646	0.893 ± 0.150547	0.972 ± 0.027130	0.934 ± 0.079834	0.966 ± 0.018640	0.925 ± 0.098342	0.957 ± 0.028009	0.823 ± 0.183380	0.818 ± 0.048338	0.913 ± 0.122811	0.980 ± 0.020909
precision_recall_auc	nan	nan	0.944 ± 0.065565	0.961 ± 0.018267	0.739 ± 0.159677	0.762 ± 0.126728	0.11699 ± 0.065393	0.08273 ± 0.021028	0.577 ± 0.337064	0.643 ± 0.282300	0.478 ± 0.319354	0.524 ± 0.253456	0.3747 ± 0.171587	0.2706 ± 0.054668	0.524 ± 0.498128	0.584 ± 0.426304	0.536 ± 0.317019	0.581 ± 0.257692	0.724 ± 0.137332	0.738 ± 0.107184	0.800 ± 0.404061	0.846 ± 0.346152	0.937 ± 0.074133	0.960 ± 0.018435	0.930 ± 0.088949	0.958 ± 0.020642	0.478 ± 0.319354	0.534 ± 0.263818	1.000 ± 0.000000	0.990 ± 0.023729
roc_auc	nan	nan	0.948 ± 0.062229	0.957 ± 0.019782	0.715 ± 0.160627	0.740 ± 0.133893	0.11477 ± 0.066070	0.08595 ± 0.025159	0.527 ± 0.351766	0.595 ± 0.305751	0.429 ± 0.321253	0.479 ± 0.267786	0.3628 ± 0.169294	0.2771 ± 0.067332	0.433 ± 0.542504	0.528 ± 0.465997	0.482 ± 0.327248	0.537 ± 0.276533	0.705 ± 0.138530	0.721 ± 0.109453	0.728 ± 0.439932	0.807 ± 0.383393	0.941 ± 0.071082	0.957 ± 0.019971	0.937 ± 0.076573	0.956 ± 0.021136	0.438 ± 0.325943	0.489 ± 0.279071	0.991 ± 0.044824	0.990 ± 0.028982
