	mean_best_threshold_tuning_score	mean_best_threshold	mean_test_average_precision	mean_train_average_precision	mean_test_balanced_accuracy	mean_train_balanced_accuracy	mean_test_brier_loss	mean_train_brier_loss	mean_test_f1	mean_train_f1	mean_test_informedness	mean_train_informedness	mean_test_log_loss	mean_train_log_loss	mean_test_markedness	mean_train_markedness	mean_test_mcc	mean_train_mcc	mean_test_negative_predictive_value	mean_train_negative_predictive_value	mean_test_precision	mean_train_precision	mean_test_precision_recall_auc	mean_train_precision_recall_auc	mean_test_roc_auc	mean_train_roc_auc	mean_test_sensitivity	mean_train_sensitivity	mean_test_specificity	mean_train_specificity
mcc	nan	nan	0.933 ± 0.108843	0.975 ± 0.019745	0.869 ± 0.113752	0.944 ± 0.032948	0.10515 ± 0.065528	0.04916 ± 0.026740	0.838 ± 0.149582	0.940 ± 0.036290	0.738 ± 0.227503	0.888 ± 0.065896	0.4145 ± 0.409153	0.1965 ± 0.086360	0.802 ± 0.184896	0.905 ± 0.063115	0.767 ± 0.204259	0.897 ± 0.064277	0.859 ± 0.123940	0.928 ± 0.036976	0.943 ± 0.131712	0.977 ± 0.033710	0.922 ± 0.132584	0.975 ± 0.019878	0.921 ± 0.109672	0.967 ± 0.027994	0.790 ± 0.204291	0.907 ± 0.047629	0.948 ± 0.117352	0.982 ± 0.027535
precision_recall_auc	nan	nan	0.940 ± 0.098703	0.975 ± 0.027056	0.863 ± 0.130247	0.927 ± 0.092089	0.10385 ± 0.066929	0.05089 ± 0.032239	0.817 ± 0.219016	0.903 ± 0.188695	0.727 ± 0.260494	0.854 ± 0.184179	0.3881 ± 0.376207	0.1996 ± 0.093931	0.766 ± 0.299752	0.855 ± 0.274438	0.752 ± 0.244217	0.863 ± 0.185538	0.855 ± 0.132601	0.910 ± 0.080597	0.911 ± 0.218130	0.944 ± 0.196417	0.932 ± 0.116697	0.975 ± 0.027332	0.924 ± 0.110161	0.968 ± 0.033731	0.772 ± 0.251306	0.866 ± 0.182769	0.955 ± 0.100127	0.988 ± 0.019560
roc_auc	nan	nan	0.897 ± 0.125198	0.981 ± 0.018693	0.840 ± 0.129575	0.954 ± 0.035881	0.12653 ± 0.077969	0.04003 ± 0.027299	0.797 ± 0.195468	0.951 ± 0.039454	0.681 ± 0.259149	0.909 ± 0.071763	0.5312 ± 0.474093	0.1688 ± 0.086489	0.736 ± 0.273680	0.922 ± 0.066172	0.710 ± 0.243363	0.916 ± 0.068772	0.847 ± 0.140511	0.942 ± 0.042547	0.890 ± 0.198003	0.980 ± 0.033172	0.878 ± 0.156620	0.980 ± 0.018828	0.886 ± 0.125398	0.975 ± 0.025460	0.762 ± 0.243981	0.925 ± 0.055583	0.919 ± 0.133970	0.984 ± 0.027102
