	mean_best_threshold_tuning_score	mean_best_threshold	mean_test_average_precision	mean_train_average_precision	mean_test_balanced_accuracy	mean_train_balanced_accuracy	mean_test_brier_loss	mean_train_brier_loss	mean_test_f1	mean_train_f1	mean_test_informedness	mean_train_informedness	mean_test_log_loss	mean_train_log_loss	mean_test_markedness	mean_train_markedness	mean_test_mcc	mean_train_mcc	mean_test_negative_predictive_value	mean_train_negative_predictive_value	mean_test_precision	mean_train_precision	mean_test_precision_recall_auc	mean_train_precision_recall_auc	mean_test_roc_auc	mean_train_roc_auc	mean_test_sensitivity	mean_train_sensitivity	mean_test_specificity	mean_train_specificity
mcc	nan	nan	0.930 ± 0.095548	0.975 ± 0.019745	0.842 ± 0.125062	0.944 ± 0.032948	0.12141 ± 0.069295	0.04916 ± 0.026740	0.811 ± 0.164649	0.940 ± 0.036290	0.683 ± 0.250125	0.888 ± 0.065896	0.4182 ± 0.222615	0.1965 ± 0.086360	0.741 ± 0.203405	0.905 ± 0.063115	0.708 ± 0.226150	0.897 ± 0.064277	0.880 ± 0.130417	0.928 ± 0.036976	0.861 ± 0.175830	0.977 ± 0.033710	0.920 ± 0.112458	0.975 ± 0.019878	0.911 ± 0.116788	0.967 ± 0.027994	0.823 ± 0.218633	0.907 ± 0.047629	0.860 ± 0.197174	0.982 ± 0.027535
precision_recall_auc	nan	nan	0.928 ± 0.094377	0.975 ± 0.027056	0.847 ± 0.133482	0.927 ± 0.092089	0.11598 ± 0.067932	0.05089 ± 0.032239	0.799 ± 0.223599	0.903 ± 0.188695	0.693 ± 0.266964	0.854 ± 0.184179	0.4070 ± 0.219543	0.1996 ± 0.093931	0.716 ± 0.308799	0.855 ± 0.274438	0.711 ± 0.255391	0.863 ± 0.185538	0.871 ± 0.137717	0.910 ± 0.080597	0.844 ± 0.232862	0.944 ± 0.196417	0.918 ± 0.111159	0.975 ± 0.027332	0.909 ± 0.114884	0.968 ± 0.033731	0.798 ± 0.259780	0.866 ± 0.182769	0.895 ± 0.143658	0.988 ± 0.019560
roc_auc	nan	nan	0.925 ± 0.093890	0.981 ± 0.018693	0.849 ± 0.123844	0.954 ± 0.035881	0.12176 ± 0.065120	0.04003 ± 0.027299	0.824 ± 0.152370	0.951 ± 0.039454	0.698 ± 0.247688	0.909 ± 0.071763	0.4277 ± 0.228079	0.1688 ± 0.086489	0.752 ± 0.208501	0.922 ± 0.066172	0.721 ± 0.225714	0.916 ± 0.068772	0.873 ± 0.130924	0.942 ± 0.042547	0.879 ± 0.153852	0.980 ± 0.033172	0.914 ± 0.110532	0.980 ± 0.018828	0.902 ± 0.117414	0.975 ± 0.025460	0.822 ± 0.207573	0.925 ± 0.055583	0.876 ± 0.172390	0.984 ± 0.027102
