	mean_best_threshold_tuning_score	mean_best_threshold	mean_test_average_precision	mean_train_average_precision	mean_test_balanced_accuracy	mean_train_balanced_accuracy	mean_test_brier_loss	mean_train_brier_loss	mean_test_f1	mean_train_f1	mean_test_informedness	mean_train_informedness	mean_test_log_loss	mean_train_log_loss	mean_test_markedness	mean_train_markedness	mean_test_mcc	mean_train_mcc	mean_test_negative_predictive_value	mean_train_negative_predictive_value	mean_test_precision	mean_train_precision	mean_test_precision_recall_auc	mean_train_precision_recall_auc	mean_test_roc_auc	mean_train_roc_auc	mean_test_sensitivity	mean_train_sensitivity	mean_test_specificity	mean_train_specificity
mcc	nan	nan	0.923 ± 0.096864	0.945 ± 0.019716	0.829 ± 0.105211	0.862 ± 0.026377	0.13625 ± 0.050605	0.11386 ± 0.024795	0.798 ± 0.133736	0.846 ± 0.031043	0.659 ± 0.210421	0.725 ± 0.052754	0.4246 ± 0.126828	0.3735 ± 0.078176	0.701 ± 0.203981	0.742 ± 0.053089	0.678 ± 0.204341	0.733 ± 0.052319	0.850 ± 0.121715	0.858 ± 0.028209	0.850 ± 0.161009	0.884 ± 0.039575	0.912 ± 0.114405	0.944 ± 0.019451	0.913 ± 0.111935	0.944 ± 0.018926	0.787 ± 0.187597	0.813 ± 0.044730	0.872 ± 0.141118	0.911 ± 0.035115
precision_recall_auc	nan	nan	0.928 ± 0.085784	0.946 ± 0.019282	0.837 ± 0.113303	0.857 ± 0.030082	0.13635 ± 0.057540	0.10968 ± 0.028806	0.809 ± 0.139469	0.841 ± 0.033378	0.674 ± 0.226606	0.713 ± 0.060164	0.4277 ± 0.156117	0.3557 ± 0.088023	0.702 ± 0.217127	0.724 ± 0.063735	0.686 ± 0.219745	0.719 ± 0.061591	0.861 ± 0.125853	0.859 ± 0.027171	0.841 ± 0.158121	0.865 ± 0.045912	0.921 ± 0.094420	0.946 ± 0.017969	0.914 ± 0.111925	0.946 ± 0.017782	0.812 ± 0.186575	0.821 ± 0.038307	0.862 ± 0.140538	0.893 ± 0.041695
roc_auc	nan	nan	0.924 ± 0.083903	0.942 ± 0.024688	0.839 ± 0.111809	0.855 ± 0.028347	0.13679 ± 0.055260	0.11017 ± 0.029894	0.812 ± 0.137954	0.839 ± 0.031930	0.678 ± 0.223618	0.710 ± 0.056694	0.4279 ± 0.147277	0.3566 ± 0.090219	0.708 ± 0.216711	0.720 ± 0.059349	0.692 ± 0.218015	0.715 ± 0.057530	0.865 ± 0.122035	0.859 ± 0.027512	0.843 ± 0.162362	0.861 ± 0.044955	0.918 ± 0.092836	0.945 ± 0.018913	0.911 ± 0.110214	0.945 ± 0.018372	0.815 ± 0.182333	0.821 ± 0.040935	0.863 ± 0.145620	0.890 ± 0.040840
