	mean_best_threshold_tuning_score	mean_best_threshold	mean_test_average_precision	mean_train_average_precision	mean_test_balanced_accuracy	mean_train_balanced_accuracy	mean_test_brier_loss	mean_train_brier_loss	mean_test_f1	mean_train_f1	mean_test_informedness	mean_train_informedness	mean_test_log_loss	mean_train_log_loss	mean_test_markedness	mean_train_markedness	mean_test_mcc	mean_train_mcc	mean_test_negative_predictive_value	mean_train_negative_predictive_value	mean_test_precision	mean_train_precision	mean_test_precision_recall_auc	mean_train_precision_recall_auc	mean_test_roc_auc	mean_train_roc_auc	mean_test_sensitivity	mean_train_sensitivity	mean_test_specificity	mean_train_specificity
mcc	nan	nan	0.876 ± 0.155994	0.996 ± 0.006414	0.775 ± 0.168320	0.946 ± 0.070215	0.16496 ± 0.088125	0.07524 ± 0.049157	0.684 ± 0.290661	0.936 ± 0.083561	0.549 ± 0.336640	0.891 ± 0.140430	0.5413 ± 0.303485	0.2722 ± 0.128927	0.579 ± 0.411359	0.928 ± 0.091411	0.573 ± 0.338921	0.909 ± 0.116782	0.805 ± 0.176843	0.928 ± 0.091891	0.774 ± 0.304077	0.999 ± 0.006018	0.851 ± 0.195583	0.996 ± 0.006478	0.869 ± 0.154134	0.996 ± 0.007113	0.670 ± 0.335858	0.892 ± 0.140936	0.879 ± 0.148836	0.999 ± 0.005546
precision_recall_auc	nan	nan	0.862 ± 0.148400	0.996 ± 0.006586	0.761 ± 0.154447	0.937 ± 0.074196	0.16799 ± 0.090598	0.05989 ± 0.032515	0.662 ± 0.271358	0.926 ± 0.088376	0.522 ± 0.308893	0.874 ± 0.148392	0.6325 ± 0.476510	0.2299 ± 0.084454	0.587 ± 0.374043	0.917 ± 0.096333	0.561 ± 0.303349	0.895 ± 0.123288	0.775 ± 0.163938	0.918 ± 0.095746	0.812 ± 0.287184	0.999 ± 0.004285	0.837 ± 0.182611	0.996 ± 0.006661	0.845 ± 0.153597	0.996 ± 0.006130	0.613 ± 0.319775	0.874 ± 0.148083	0.909 ± 0.124413	1.000 ± 0.002619
roc_auc	nan	nan	0.874 ± 0.141765	0.997 ± 0.005407	0.772 ± 0.152409	0.956 ± 0.065356	0.16338 ± 0.091304	0.04414 ± 0.030381	0.684 ± 0.268055	0.949 ± 0.076904	0.543 ± 0.304818	0.912 ± 0.130712	0.5738 ± 0.406714	0.1878 ± 0.083054	0.591 ± 0.373322	0.942 ± 0.085591	0.575 ± 0.301554	0.926 ± 0.108892	0.789 ± 0.162338	0.942 ± 0.085591	0.802 ± 0.283496	1.000 ± 0.000000	0.851 ± 0.173916	0.997 ± 0.005459	0.855 ± 0.149067	0.997 ± 0.006005	0.648 ± 0.314200	0.912 ± 0.130712	0.895 ± 0.132961	1.000 ± 0.000000
