	mean_best_threshold_tuning_score	mean_best_threshold	mean_test_average_precision	mean_train_average_precision	mean_test_balanced_accuracy	mean_train_balanced_accuracy	mean_test_brier_loss	mean_train_brier_loss	mean_test_f1	mean_train_f1	mean_test_informedness	mean_train_informedness	mean_test_log_loss	mean_train_log_loss	mean_test_markedness	mean_train_markedness	mean_test_mcc	mean_train_mcc	mean_test_negative_predictive_value	mean_train_negative_predictive_value	mean_test_precision	mean_train_precision	mean_test_precision_recall_auc	mean_train_precision_recall_auc	mean_test_roc_auc	mean_train_roc_auc	mean_test_sensitivity	mean_train_sensitivity	mean_test_specificity	mean_train_specificity
mcc	nan	nan	0.845 ± 0.154215	0.996 ± 0.006414	0.744 ± 0.144210	0.946 ± 0.070215	0.18060 ± 0.070928	0.07524 ± 0.049157	0.664 ± 0.248572	0.936 ± 0.083561	0.488 ± 0.288421	0.891 ± 0.140430	0.5648 ± 0.210160	0.2722 ± 0.128927	0.552 ± 0.352943	0.928 ± 0.091411	0.527 ± 0.279388	0.909 ± 0.116782	0.805 ± 0.177039	0.928 ± 0.091891	0.748 ± 0.276087	0.999 ± 0.006018	0.822 ± 0.180927	0.996 ± 0.006478	0.816 ± 0.170771	0.996 ± 0.007113	0.680 ± 0.323564	0.892 ± 0.140936	0.808 ± 0.206121	0.999 ± 0.005546
precision_recall_auc	nan	nan	0.845 ± 0.148543	0.996 ± 0.006586	0.754 ± 0.143838	0.937 ± 0.074196	0.17682 ± 0.082029	0.05989 ± 0.032515	0.656 ± 0.253949	0.926 ± 0.088376	0.508 ± 0.287677	0.874 ± 0.148392	0.5515 ± 0.240758	0.2299 ± 0.084454	0.581 ± 0.343513	0.917 ± 0.096333	0.550 ± 0.271376	0.895 ± 0.123288	0.783 ± 0.173643	0.918 ± 0.095746	0.798 ± 0.273253	0.999 ± 0.004285	0.821 ± 0.176495	0.996 ± 0.006661	0.817 ± 0.165251	0.996 ± 0.006130	0.635 ± 0.324234	0.874 ± 0.148083	0.873 ± 0.164816	1.000 ± 0.002619
roc_auc	nan	nan	0.856 ± 0.142357	0.997 ± 0.005407	0.766 ± 0.132180	0.956 ± 0.065356	0.17277 ± 0.075398	0.04414 ± 0.030381	0.691 ± 0.224787	0.949 ± 0.076904	0.533 ± 0.264360	0.912 ± 0.130712	0.5548 ± 0.235815	0.1878 ± 0.083054	0.597 ± 0.301265	0.942 ± 0.085591	0.568 ± 0.250649	0.926 ± 0.108892	0.811 ± 0.173432	0.942 ± 0.085591	0.785 ± 0.242054	1.000 ± 0.000000	0.832 ± 0.170832	0.997 ± 0.005459	0.833 ± 0.156395	0.997 ± 0.006005	0.697 ± 0.307576	0.912 ± 0.130712	0.836 ± 0.170844	1.000 ± 0.000000
