	mean_best_threshold_tuning_score	mean_best_threshold	mean_test_average_precision	mean_train_average_precision	mean_test_balanced_accuracy	mean_train_balanced_accuracy	mean_test_brier_loss	mean_train_brier_loss	mean_test_f1	mean_train_f1	mean_test_informedness	mean_train_informedness	mean_test_log_loss	mean_train_log_loss	mean_test_markedness	mean_train_markedness	mean_test_mcc	mean_train_mcc	mean_test_negative_predictive_value	mean_train_negative_predictive_value	mean_test_precision	mean_train_precision	mean_test_precision_recall_auc	mean_train_precision_recall_auc	mean_test_roc_auc	mean_train_roc_auc	mean_test_sensitivity	mean_train_sensitivity	mean_test_specificity	mean_train_specificity
mcc	nan	nan	0.896 ± 0.097105	0.968 ± 0.020726	0.785 ± 0.137306	0.924 ± 0.037469	0.15879 ± 0.077253	0.06718 ± 0.026872	0.755 ± 0.145695	0.918 ± 0.041602	0.569 ± 0.274613	0.849 ± 0.074937	0.5089 ± 0.216669	0.2533 ± 0.079035	0.610 ± 0.275203	0.867 ± 0.077942	0.588 ± 0.272020	0.858 ± 0.075980	0.819 ± 0.155921	0.913 ± 0.035583	0.791 ± 0.193699	0.954 ± 0.059497	0.882 ± 0.113771	0.968 ± 0.020989	0.867 ± 0.124035	0.961 ± 0.027481	0.768 ± 0.196548	0.887 ± 0.048350	0.801 ± 0.203913	0.962 ± 0.051977
precision_recall_auc	nan	nan	0.880 ± 0.129416	0.953 ± 0.095758	0.758 ± 0.140050	0.884 ± 0.132948	0.16151 ± 0.069558	0.07418 ± 0.045270	0.682 ± 0.263251	0.831 ± 0.272560	0.515 ± 0.280100	0.768 ± 0.265896	0.5174 ± 0.199582	0.2690 ± 0.120259	0.521 ± 0.388636	0.756 ± 0.370395	0.538 ± 0.277345	0.778 ± 0.261849	0.804 ± 0.151047	0.877 ± 0.114970	0.718 ± 0.297109	0.879 ± 0.267533	0.866 ± 0.145476	0.952 ± 0.097395	0.844 ± 0.172744	0.942 ± 0.123043	0.698 ± 0.298755	0.801 ± 0.268083	0.817 ± 0.204942	0.967 ± 0.048379
roc_auc	nan	nan	0.897 ± 0.089562	0.966 ± 0.023855	0.770 ± 0.142283	0.899 ± 0.106196	0.15957 ± 0.074301	0.07074 ± 0.037994	0.713 ± 0.234281	0.865 ± 0.211468	0.541 ± 0.284565	0.797 ± 0.212392	0.5145 ± 0.218178	0.2594 ± 0.106489	0.553 ± 0.355527	0.802 ± 0.273113	0.559 ± 0.282710	0.806 ± 0.205946	0.810 ± 0.153973	0.892 ± 0.092866	0.743 ± 0.259633	0.910 ± 0.196982	0.885 ± 0.100509	0.965 ± 0.023793	0.862 ± 0.124391	0.958 ± 0.030606	0.725 ± 0.269506	0.838 ± 0.211492	0.816 ± 0.197029	0.959 ± 0.052469
