	mean_best_threshold_tuning_score	mean_best_threshold	mean_test_average_precision	mean_train_average_precision	mean_test_balanced_accuracy	mean_train_balanced_accuracy	mean_test_brier_loss	mean_train_brier_loss	mean_test_f1	mean_train_f1	mean_test_informedness	mean_train_informedness	mean_test_log_loss	mean_train_log_loss	mean_test_markedness	mean_train_markedness	mean_test_mcc	mean_train_mcc	mean_test_negative_predictive_value	mean_train_negative_predictive_value	mean_test_precision	mean_train_precision	mean_test_precision_recall_auc	mean_train_precision_recall_auc	mean_test_roc_auc	mean_train_roc_auc	mean_test_sensitivity	mean_train_sensitivity	mean_test_specificity	mean_train_specificity
mcc	nan	nan	0.814 ± 0.144995	0.986 ± 0.033704	0.679 ± 0.159008	0.949 ± 0.068419	0.21382 ± 0.080015	0.05776 ± 0.059198	0.675 ± 0.177016	0.945 ± 0.069540	0.357 ± 0.318017	0.898 ± 0.136839	0.6872 ± 0.300709	0.2221 ± 0.172885	0.380 ± 0.391645	0.894 ± 0.134209	0.376 ± 0.326566	0.896 ± 0.135481	0.771 ± 0.271222	0.981 ± 0.040947	0.609 ± 0.202878	0.913 ± 0.096677	0.775 ± 0.187144	0.986 ± 0.034012	0.802 ± 0.145886	0.981 ± 0.043354	0.810 ± 0.229635	0.982 ± 0.038950	0.547 ± 0.280744	0.916 ± 0.100456
precision_recall_auc	nan	nan	0.851 ± 0.141774	0.987 ± 0.030615	0.709 ± 0.146684	0.955 ± 0.073266	0.19283 ± 0.091386	0.03815 ± 0.050622	0.705 ± 0.148822	0.952 ± 0.076335	0.417 ± 0.293369	0.910 ± 0.146532	0.6353 ± 0.332938	0.1582 ± 0.151952	0.452 ± 0.322528	0.909 ± 0.144263	0.437 ± 0.293783	0.910 ± 0.145369	0.809 ± 0.224195	0.982 ± 0.037773	0.643 ± 0.163926	0.927 ± 0.109408	0.825 ± 0.171884	0.987 ± 0.030892	0.834 ± 0.144601	0.984 ± 0.037301	0.823 ± 0.210037	0.982 ± 0.037095	0.594 ± 0.226021	0.928 ± 0.112781
roc_auc	nan	nan	0.851 ± 0.148059	0.993 ± 0.024726	0.724 ± 0.146669	0.970 ± 0.058099	0.18948 ± 0.093120	0.02547 ± 0.040970	0.712 ± 0.172823	0.967 ± 0.062038	0.447 ± 0.293338	0.941 ± 0.116199	0.6540 ± 0.353136	0.1185 ± 0.123220	0.478 ± 0.339173	0.939 ± 0.115494	0.466 ± 0.300894	0.940 ± 0.115815	0.816 ± 0.216265	0.992 ± 0.026237	0.662 ± 0.196408	0.947 ± 0.093438	0.823 ± 0.184198	0.993 ± 0.024950	0.839 ± 0.139344	0.991 ± 0.029375	0.813 ± 0.226228	0.992 ± 0.026100	0.634 ± 0.235051	0.948 ± 0.094307
