	mean_best_threshold_tuning_score	mean_best_threshold	mean_test_average_precision	mean_train_average_precision	mean_test_balanced_accuracy	mean_train_balanced_accuracy	mean_test_brier_loss	mean_train_brier_loss	mean_test_f1	mean_train_f1	mean_test_informedness	mean_train_informedness	mean_test_log_loss	mean_train_log_loss	mean_test_markedness	mean_train_markedness	mean_test_mcc	mean_train_mcc	mean_test_negative_predictive_value	mean_train_negative_predictive_value	mean_test_precision	mean_train_precision	mean_test_precision_recall_auc	mean_train_precision_recall_auc	mean_test_roc_auc	mean_train_roc_auc	mean_test_sensitivity	mean_train_sensitivity	mean_test_specificity	mean_train_specificity
mcc	nan	nan	0.884 ± 0.124951	0.988 ± 0.023496	0.776 ± 0.165303	0.943 ± 0.070366	0.16668 ± 0.064505	0.06178 ± 0.050738	0.764 ± 0.169471	0.938 ± 0.073568	0.552 ± 0.330605	0.885 ± 0.140731	0.5302 ± 0.273685	0.2379 ± 0.152767	0.584 ± 0.335093	0.881 ± 0.140605	0.565 ± 0.330108	0.883 ± 0.140637	0.858 ± 0.199018	0.975 ± 0.042857	0.726 ± 0.195399	0.906 ± 0.101764	0.865 ± 0.153053	0.988 ± 0.023699	0.872 ± 0.129470	0.983 ± 0.031410	0.847 ± 0.203679	0.975 ± 0.043301	0.705 ± 0.237815	0.910 ± 0.100824
precision_recall_auc	nan	nan	0.895 ± 0.122761	0.992 ± 0.026441	0.766 ± 0.168373	0.965 ± 0.062307	0.15973 ± 0.084763	0.03752 ± 0.048767	0.757 ± 0.166190	0.962 ± 0.065427	0.531 ± 0.336745	0.930 ± 0.124614	0.5035 ± 0.311973	0.1615 ± 0.142284	0.557 ± 0.346783	0.928 ± 0.123806	0.543 ± 0.339183	0.929 ± 0.124180	0.838 ± 0.208441	0.988 ± 0.032134	0.719 ± 0.193176	0.940 ± 0.094757	0.880 ± 0.143624	0.992 ± 0.026662	0.880 ± 0.137261	0.990 ± 0.032130	0.838 ± 0.200912	0.988 ± 0.031126	0.693 ± 0.236904	0.942 ± 0.096126
roc_auc	nan	nan	0.906 ± 0.104643	0.994 ± 0.023758	0.778 ± 0.166100	0.974 ± 0.055327	0.14810 ± 0.078498	0.02742 ± 0.038634	0.763 ± 0.171495	0.971 ± 0.058553	0.555 ± 0.332199	0.947 ± 0.110654	0.4749 ± 0.320107	0.1299 ± 0.117438	0.590 ± 0.334770	0.945 ± 0.110678	0.571 ± 0.330305	0.946 ± 0.110636	0.855 ± 0.205664	0.991 ± 0.028332	0.735 ± 0.190011	0.954 ± 0.085400	0.891 ± 0.123980	0.994 ± 0.023973	0.895 ± 0.115264	0.992 ± 0.029504	0.838 ± 0.219132	0.992 ± 0.027559	0.717 ± 0.235305	0.956 ± 0.085567
