	mean_best_threshold_tuning_score	mean_best_threshold	mean_test_average_precision	mean_train_average_precision	mean_test_balanced_accuracy	mean_train_balanced_accuracy	mean_test_brier_loss	mean_train_brier_loss	mean_test_f1	mean_train_f1	mean_test_informedness	mean_train_informedness	mean_test_log_loss	mean_train_log_loss	mean_test_markedness	mean_train_markedness	mean_test_mcc	mean_train_mcc	mean_test_negative_predictive_value	mean_train_negative_predictive_value	mean_test_precision	mean_train_precision	mean_test_precision_recall_auc	mean_train_precision_recall_auc	mean_test_roc_auc	mean_train_roc_auc	mean_test_sensitivity	mean_train_sensitivity	mean_test_specificity	mean_train_specificity
mcc	nan	nan	0.761 ± 0.151979	0.988 ± 0.026075	0.645 ± 0.123174	0.942 ± 0.072495	0.22616 ± 0.057233	0.07239 ± 0.061105	0.662 ± 0.149563	0.937 ± 0.074053	0.289 ± 0.246348	0.883 ± 0.144990	0.7300 ± 0.302735	0.2631 ± 0.176643	0.372 ± 0.326147	0.880 ± 0.142229	0.332 ± 0.257070	0.882 ± 0.143564	0.815 ± 0.255325	0.977 ± 0.043361	0.557 ± 0.151843	0.903 ± 0.102994	0.717 ± 0.187463	0.988 ± 0.026311	0.747 ± 0.147475	0.984 ± 0.034017	0.860 ± 0.215893	0.978 ± 0.042113	0.429 ± 0.227024	0.905 ± 0.106592
precision_recall_auc	nan	nan	0.816 ± 0.149952	0.994 ± 0.021651	0.692 ± 0.147734	0.974 ± 0.053887	0.19749 ± 0.075774	0.02798 ± 0.042517	0.694 ± 0.168271	0.971 ± 0.057508	0.383 ± 0.295468	0.947 ± 0.107774	0.6432 ± 0.303544	0.1305 ± 0.125973	0.430 ± 0.329830	0.946 ± 0.108782	0.408 ± 0.297638	0.946 ± 0.108255	0.818 ± 0.220411	0.991 ± 0.028301	0.612 ± 0.176131	0.955 ± 0.083811	0.781 ± 0.184028	0.994 ± 0.021835	0.807 ± 0.144137	0.993 ± 0.027142	0.838 ± 0.214557	0.991 ± 0.028488	0.545 ± 0.235227	0.957 ± 0.082345
roc_auc	nan	nan	0.803 ± 0.148211	0.996 ± 0.016884	0.699 ± 0.138444	0.979 ± 0.047662	0.19995 ± 0.071097	0.02323 ± 0.033539	0.696 ± 0.164028	0.977 ± 0.050706	0.398 ± 0.276888	0.958 ± 0.095325	0.6815 ± 0.376822	0.1175 ± 0.105693	0.446 ± 0.312584	0.956 ± 0.095394	0.423 ± 0.278581	0.957 ± 0.095331	0.829 ± 0.210787	0.994 ± 0.022390	0.617 ± 0.169470	0.962 ± 0.076861	0.766 ± 0.182495	0.996 ± 0.017029	0.793 ± 0.147390	0.995 ± 0.022118	0.837 ± 0.215578	0.994 ± 0.021828	0.561 ± 0.224356	0.964 ± 0.076942
