	mean_best_threshold_tuning_score	mean_best_threshold	mean_test_average_precision	mean_train_average_precision	mean_test_balanced_accuracy	mean_train_balanced_accuracy	mean_test_brier_loss	mean_train_brier_loss	mean_test_f1	mean_train_f1	mean_test_informedness	mean_train_informedness	mean_test_log_loss	mean_train_log_loss	mean_test_markedness	mean_train_markedness	mean_test_mcc	mean_train_mcc	mean_test_negative_predictive_value	mean_train_negative_predictive_value	mean_test_precision	mean_train_precision	mean_test_precision_recall_auc	mean_train_precision_recall_auc	mean_test_roc_auc	mean_train_roc_auc	mean_test_sensitivity	mean_train_sensitivity	mean_test_specificity	mean_train_specificity
mcc	nan	nan	0.920 ± 0.087189	0.964 ± 0.019264	0.815 ± 0.110442	0.898 ± 0.036793	0.13005 ± 0.068974	0.07771 ± 0.019516	0.765 ± 0.155339	0.886 ± 0.042582	0.630 ± 0.220885	0.795 ± 0.073586	0.4143 ± 0.214943	0.2702 ± 0.051307	0.731 ± 0.184987	0.846 ± 0.067978	0.675 ± 0.199943	0.820 ± 0.069306	0.802 ± 0.129182	0.866 ± 0.040592	0.929 ± 0.138956	0.980 ± 0.048993	0.910 ± 0.097500	0.963 ± 0.019482	0.888 ± 0.131028	0.955 ± 0.028127	0.692 ± 0.213789	0.812 ± 0.063747	0.938 ± 0.126797	0.984 ± 0.040852
precision_recall_auc	nan	nan	0.934 ± 0.075994	0.951 ± 0.021141	0.781 ± 0.120059	0.820 ± 0.083857	0.12726 ± 0.054694	0.09241 ± 0.024516	0.688 ± 0.219139	0.767 ± 0.152222	0.563 ± 0.240117	0.640 ± 0.167714	0.3998 ± 0.141916	0.3064 ± 0.065365	0.701 ± 0.260094	0.751 ± 0.188253	0.631 ± 0.210406	0.696 ± 0.149216	0.754 ± 0.126524	0.785 ± 0.083207	0.947 ± 0.206133	0.967 ± 0.145935	0.928 ± 0.083508	0.952 ± 0.018723	0.915 ± 0.116640	0.949 ± 0.019846	0.575 ± 0.253239	0.651 ± 0.174936	0.988 ± 0.062727	0.989 ± 0.036163
roc_auc	nan	nan	0.955 ± 0.057278	0.951 ± 0.014807	0.799 ± 0.118000	0.816 ± 0.059615	0.11464 ± 0.051655	0.09836 ± 0.018712	0.729 ± 0.197665	0.770 ± 0.093166	0.599 ± 0.236001	0.632 ± 0.119230	0.3616 ± 0.122904	0.3175 ± 0.050552	0.719 ± 0.216344	0.749 ± 0.059220	0.655 ± 0.206339	0.686 ± 0.087677	0.777 ± 0.122052	0.786 ± 0.074496	0.942 ± 0.172161	0.962 ± 0.067114	0.949 ± 0.066167	0.951 ± 0.015029	0.948 ± 0.062938	0.950 ± 0.016066	0.635 ± 0.241576	0.662 ± 0.149324	0.964 ± 0.105965	0.969 ± 0.055750
