	mean_best_threshold_tuning_score	mean_best_threshold	mean_test_average_precision	mean_train_average_precision	mean_test_balanced_accuracy	mean_train_balanced_accuracy	mean_test_brier_loss	mean_train_brier_loss	mean_test_f1	mean_train_f1	mean_test_informedness	mean_train_informedness	mean_test_log_loss	mean_train_log_loss	mean_test_markedness	mean_train_markedness	mean_test_mcc	mean_train_mcc	mean_test_negative_predictive_value	mean_train_negative_predictive_value	mean_test_precision	mean_train_precision	mean_test_precision_recall_auc	mean_train_precision_recall_auc	mean_test_roc_auc	mean_train_roc_auc	mean_test_sensitivity	mean_train_sensitivity	mean_test_specificity	mean_train_specificity
mcc	nan	nan	0.963 ± 0.053665	0.957 ± 0.014279	0.860 ± 0.108344	0.894 ± 0.027185	0.10785 ± 0.051400	0.09396 ± 0.030886	0.826 ± 0.140716	0.883 ± 0.030450	0.720 ± 0.216687	0.787 ± 0.054369	0.3672 ± 0.149543	0.3252 ± 0.087034	0.793 ± 0.173417	0.801 ± 0.055509	0.753 ± 0.193070	0.794 ± 0.054548	0.844 ± 0.125270	0.887 ± 0.028764	0.949 ± 0.120440	0.914 ± 0.036462	0.958 ± 0.061009	0.957 ± 0.014274	0.953 ± 0.068621	0.950 ± 0.019156	0.763 ± 0.200170	0.855 ± 0.039277	0.957 ± 0.108801	0.933 ± 0.031389
precision_recall_auc	nan	nan	0.960 ± 0.051392	0.964 ± 0.011915	0.861 ± 0.101164	0.897 ± 0.027864	0.09758 ± 0.055806	0.07306 ± 0.015936	0.836 ± 0.124098	0.886 ± 0.031442	0.722 ± 0.202328	0.794 ± 0.055727	0.3188 ± 0.159889	0.2483 ± 0.053622	0.774 ± 0.179271	0.802 ± 0.057386	0.746 ± 0.188069	0.798 ± 0.056429	0.866 ± 0.124070	0.895 ± 0.025954	0.908 ± 0.134781	0.907 ± 0.038593	0.954 ± 0.058539	0.964 ± 0.011794	0.950 ± 0.064392	0.961 ± 0.014139	0.808 ± 0.185386	0.867 ± 0.033608	0.914 ± 0.129378	0.927 ± 0.031997
roc_auc	nan	nan	0.960 ± 0.063544	0.963 ± 0.011579	0.859 ± 0.104046	0.891 ± 0.028255	0.09774 ± 0.056083	0.07786 ± 0.015668	0.832 ± 0.136997	0.880 ± 0.031942	0.718 ± 0.208092	0.782 ± 0.056511	0.3230 ± 0.158685	0.2666 ± 0.055006	0.781 ± 0.180560	0.794 ± 0.059011	0.747 ± 0.191758	0.788 ± 0.057594	0.869 ± 0.120843	0.886 ± 0.026794	0.911 ± 0.146943	0.908 ± 0.041107	0.955 ± 0.072526	0.963 ± 0.011270	0.951 ± 0.077566	0.962 ± 0.012432	0.803 ± 0.198321	0.854 ± 0.034576	0.915 ± 0.140426	0.928 ± 0.033927
