	mean_best_threshold_tuning_score	mean_best_threshold	mean_test_average_precision	mean_train_average_precision	mean_test_balanced_accuracy	mean_train_balanced_accuracy	mean_test_brier_loss	mean_train_brier_loss	mean_test_f1	mean_train_f1	mean_test_informedness	mean_train_informedness	mean_test_log_loss	mean_train_log_loss	mean_test_markedness	mean_train_markedness	mean_test_mcc	mean_train_mcc	mean_test_negative_predictive_value	mean_train_negative_predictive_value	mean_test_precision	mean_train_precision	mean_test_precision_recall_auc	mean_train_precision_recall_auc	mean_test_roc_auc	mean_train_roc_auc	mean_test_sensitivity	mean_train_sensitivity	mean_test_specificity	mean_train_specificity
mcc	nan	nan	0.958 ± 0.063439	0.970 ± 0.017985	0.861 ± 0.115819	0.901 ± 0.024988	0.09002 ± 0.053613	0.07120 ± 0.019796	0.821 ± 0.181169	0.890 ± 0.029495	0.722 ± 0.231637	0.803 ± 0.049976	0.3082 ± 0.137627	0.2516 ± 0.055902	0.797 ± 0.238399	0.847 ± 0.043587	0.761 ± 0.208147	0.825 ± 0.046077	0.838 ± 0.124503	0.869 ± 0.030252	0.959 ± 0.162785	0.978 ± 0.025893	0.954 ± 0.070920	0.969 ± 0.018122	0.942 ± 0.085117	0.962 ± 0.026083	0.745 ± 0.221063	0.818 ± 0.044649	0.977 ± 0.095410	0.984 ± 0.018228
precision_recall_auc	nan	nan	0.950 ± 0.062201	0.958 ± 0.015692	0.759 ± 0.152331	0.787 ± 0.126809	0.10467 ± 0.056209	0.08377 ± 0.020888	0.622 ± 0.315966	0.686 ± 0.275888	0.519 ± 0.304662	0.573 ± 0.253617	0.3390 ± 0.140271	0.2741 ± 0.054934	0.576 ± 0.454475	0.623 ± 0.406241	0.574 ± 0.299522	0.621 ± 0.253669	0.744 ± 0.136729	0.761 ± 0.110972	0.832 ± 0.371121	0.862 ± 0.322387	0.945 ± 0.069755	0.958 ± 0.015831	0.933 ± 0.085282	0.954 ± 0.019486	0.527 ± 0.312005	0.586 ± 0.263487	0.992 ± 0.056569	0.988 ± 0.017581
roc_auc	nan	nan	0.951 ± 0.061445	0.957 ± 0.016404	0.744 ± 0.156359	0.764 ± 0.127588	0.11005 ± 0.055068	0.08921 ± 0.020784	0.589 ± 0.333745	0.645 ± 0.282681	0.488 ± 0.312717	0.528 ± 0.255177	0.3496 ± 0.135205	0.2870 ± 0.054133	0.528 ± 0.499323	0.586 ± 0.427207	0.544 ± 0.314533	0.584 ± 0.259249	0.728 ± 0.135431	0.740 ± 0.109322	0.800 ± 0.404061	0.847 ± 0.345837	0.946 ± 0.069035	0.957 ± 0.016557	0.935 ± 0.081572	0.955 ± 0.017769	0.488 ± 0.312717	0.537 ± 0.264421	1.000 ± 0.000000	0.991 ± 0.015549
