	mean_best_threshold_tuning_score	mean_best_threshold	mean_test_average_precision	mean_train_average_precision	mean_test_balanced_accuracy	mean_train_balanced_accuracy	mean_test_brier_loss	mean_train_brier_loss	mean_test_f1	mean_train_f1	mean_test_informedness	mean_train_informedness	mean_test_log_loss	mean_train_log_loss	mean_test_markedness	mean_train_markedness	mean_test_mcc	mean_train_mcc	mean_test_negative_predictive_value	mean_train_negative_predictive_value	mean_test_precision	mean_train_precision	mean_test_precision_recall_auc	mean_train_precision_recall_auc	mean_test_roc_auc	mean_train_roc_auc	mean_test_sensitivity	mean_train_sensitivity	mean_test_specificity	mean_train_specificity
mcc	nan	nan	0.941 ± 0.069967	0.970 ± 0.015779	0.866 ± 0.114714	0.901 ± 0.022120	0.10496 ± 0.063897	0.06885 ± 0.015555	0.840 ± 0.144375	0.890 ± 0.026674	0.731 ± 0.229429	0.803 ± 0.044241	0.3469 ± 0.160186	0.2441 ± 0.044803	0.763 ± 0.215596	0.852 ± 0.037711	0.746 ± 0.221143	0.827 ± 0.040233	0.873 ± 0.122506	0.867 ± 0.026928	0.890 ± 0.154893	0.985 ± 0.023273	0.933 ± 0.078511	0.969 ± 0.015897	0.921 ± 0.098996	0.961 ± 0.023544	0.823 ± 0.183380	0.813 ± 0.040615	0.908 ± 0.134149	0.989 ± 0.016232
precision_recall_auc	nan	nan	0.950 ± 0.062233	0.959 ± 0.015363	0.752 ± 0.162299	0.776 ± 0.135303	0.11898 ± 0.066242	0.08432 ± 0.019099	0.604 ± 0.350556	0.661 ± 0.295617	0.505 ± 0.324597	0.551 ± 0.270607	0.3818 ± 0.179762	0.2748 ± 0.050046	0.497 ± 0.519175	0.616 ± 0.403755	0.544 ± 0.327044	0.602 ± 0.265919	0.747 ± 0.138150	0.753 ± 0.116041	0.750 ± 0.412606	0.863 ± 0.322920	0.943 ± 0.071040	0.959 ± 0.015500	0.939 ± 0.078982	0.955 ± 0.018791	0.532 ± 0.337092	0.563 ± 0.280880	0.973 ± 0.084642	0.988 ± 0.017763
roc_auc	nan	nan	0.949 ± 0.064522	0.959 ± 0.017165	0.726 ± 0.152476	0.756 ± 0.128832	0.12040 ± 0.059435	0.08941 ± 0.020533	0.554 ± 0.336118	0.630 ± 0.288431	0.452 ± 0.304953	0.512 ± 0.257665	0.3812 ± 0.151845	0.2870 ± 0.054331	0.492 ± 0.504339	0.583 ± 0.426505	0.510 ± 0.309334	0.571 ± 0.261990	0.712 ± 0.121091	0.731 ± 0.107086	0.780 ± 0.418452	0.852 ± 0.347694	0.942 ± 0.073629	0.958 ± 0.017328	0.939 ± 0.080126	0.957 ± 0.018492	0.452 ± 0.304953	0.517 ± 0.264102	1.000 ± 0.000000	0.994 ± 0.013095
