	mean_ncv_average_precision	mean_ncv_balanced_accuracy	mean_ncv_brier_loss	mean_ncv_f1	mean_ncv_informedness	mean_ncv_log_loss	mean_ncv_markedness	mean_ncv_mcc	mean_ncv_negative_predictive_value	mean_ncv_precision	mean_ncv_precision_recall_auc	mean_ncv_roc_auc	mean_ncv_sensitivity	mean_ncv_specificity
mcc	0.890 ± 0.018743	0.805 ± 0.039411	0.13435 ± 0.009307	0.785 ± 0.042551	0.610 ± 0.078821	0.4247 ± 0.024558	0.616 ± 0.082770	0.613 ± 0.080705	0.821 ± 0.030789	0.795 ± 0.062030	0.888 ± 0.020037	0.888 ± 0.013758	0.778 ± 0.045361	0.832 ± 0.064461
precision_recall_auc	0.886 ± 0.022325	0.825 ± 0.022240	0.13371 ± 0.009777	0.807 ± 0.024679	0.650 ± 0.044481	0.4299 ± 0.035331	0.652 ± 0.044128	0.651 ± 0.044261	0.839 ± 0.021673	0.814 ± 0.025173	0.884 ± 0.023910	0.883 ± 0.019355	0.800 ± 0.028689	0.850 ± 0.021957
roc_auc	0.884 ± 0.016394	0.815 ± 0.028794	0.13354 ± 0.008600	0.796 ± 0.028830	0.630 ± 0.057587	0.4248 ± 0.027242	0.635 ± 0.064105	0.633 ± 0.060795	0.830 ± 0.016602	0.806 ± 0.054372	0.881 ± 0.016737	0.886 ± 0.015377	0.789 ± 0.023424	0.841 ± 0.057695
