	mean_best_threshold_tuning_score	mean_best_threshold	mean_test_average_precision	mean_train_average_precision	mean_test_balanced_accuracy	mean_train_balanced_accuracy	mean_test_brier_loss	mean_train_brier_loss	mean_test_f1	mean_train_f1	mean_test_informedness	mean_train_informedness	mean_test_log_loss	mean_train_log_loss	mean_test_markedness	mean_train_markedness	mean_test_mcc	mean_train_mcc	mean_test_negative_predictive_value	mean_train_negative_predictive_value	mean_test_precision	mean_train_precision	mean_test_precision_recall_auc	mean_train_precision_recall_auc	mean_test_roc_auc	mean_train_roc_auc	mean_test_sensitivity	mean_train_sensitivity	mean_test_specificity	mean_train_specificity
mcc	nan	nan	0.921 ± 0.089924	1.000 ± 0.000000	0.807 ± 0.123771	1.000 ± 0.000000	0.13435 ± 0.054590	0.01227 ± 0.002664	0.774 ± 0.155156	1.000 ± 0.000000	0.615 ± 0.247542	1.000 ± 0.000000	0.4247 ± 0.144016	0.0901 ± 0.013769	0.666 ± 0.233587	1.000 ± 0.000000	0.638 ± 0.238133	1.000 ± 0.000000	0.841 ± 0.131607	1.000 ± 0.000000	0.825 ± 0.185928	1.000 ± 0.000000	0.910 ± 0.102167	1.000 ± 0.000000	0.906 ± 0.107503	1.000 ± 0.000000	0.777 ± 0.202339	1.000 ± 0.000000	0.838 ± 0.190209	1.000 ± 0.000000
precision_recall_auc	nan	nan	0.925 ± 0.084016	1.000 ± 0.000000	0.827 ± 0.119601	1.000 ± 0.000000	0.13371 ± 0.055795	0.01190 ± 0.002363	0.799 ± 0.144408	1.000 ± 0.000000	0.654 ± 0.239201	1.000 ± 0.000000	0.4299 ± 0.162618	0.0889 ± 0.012979	0.691 ± 0.226453	1.000 ± 0.000000	0.671 ± 0.230436	1.000 ± 0.000000	0.854 ± 0.128660	1.000 ± 0.000000	0.837 ± 0.169934	1.000 ± 0.000000	0.917 ± 0.093441	1.000 ± 0.000000	0.905 ± 0.119331	1.000 ± 0.000000	0.800 ± 0.190476	1.000 ± 0.000000	0.854 ± 0.167770	1.000 ± 0.000000
roc_auc	nan	nan	0.925 ± 0.076689	1.000 ± 0.000000	0.817 ± 0.119005	1.000 ± 0.000000	0.13354 ± 0.052911	0.01211 ± 0.002675	0.785 ± 0.151341	1.000 ± 0.000000	0.634 ± 0.238010	1.000 ± 0.000000	0.4248 ± 0.137498	0.0899 ± 0.014300	0.677 ± 0.226696	1.000 ± 0.000000	0.654 ± 0.229842	1.000 ± 0.000000	0.848 ± 0.131017	1.000 ± 0.000000	0.829 ± 0.174503	1.000 ± 0.000000	0.916 ± 0.084775	1.000 ± 0.000000	0.907 ± 0.099742	1.000 ± 0.000000	0.788 ± 0.200064	1.000 ± 0.000000	0.846 ± 0.167466	1.000 ± 0.000000
