	mean_best_threshold_tuning_score	mean_best_threshold	mean_test_average_precision	mean_train_average_precision	mean_test_balanced_accuracy	mean_train_balanced_accuracy	mean_test_brier_loss	mean_train_brier_loss	mean_test_f1	mean_train_f1	mean_test_informedness	mean_train_informedness	mean_test_log_loss	mean_train_log_loss	mean_test_markedness	mean_train_markedness	mean_test_mcc	mean_train_mcc	mean_test_negative_predictive_value	mean_train_negative_predictive_value	mean_test_precision	mean_train_precision	mean_test_precision_recall_auc	mean_train_precision_recall_auc	mean_test_roc_auc	mean_train_roc_auc	mean_test_sensitivity	mean_train_sensitivity	mean_test_specificity	mean_train_specificity
mcc	nan	nan	0.789 ± 0.143629	0.997 ± 0.016907	0.707 ± 0.152465	0.993 ± 0.026590	0.20200 ± 0.076428	0.02036 ± 0.025656	0.643 ± 0.233224	0.992 ± 0.029891	0.413 ± 0.304929	0.986 ± 0.053180	0.7419 ± 0.379110	0.1183 ± 0.082018	0.455 ± 0.358162	0.986 ± 0.052037	0.432 ± 0.324383	0.986 ± 0.052566	0.760 ± 0.168840	0.995 ± 0.023719	0.695 ± 0.255818	0.992 ± 0.031450	0.745 ± 0.185864	0.997 ± 0.017109	0.765 ± 0.140457	0.997 ± 0.017173	0.653 ± 0.286883	0.993 ± 0.031634	0.760 ± 0.190863	0.993 ± 0.026135
precision_recall_auc	nan	nan	0.816 ± 0.142458	0.996 ± 0.015507	0.706 ± 0.150295	0.985 ± 0.034933	0.19187 ± 0.078286	0.01723 ± 0.025679	0.643 ± 0.227944	0.983 ± 0.038760	0.413 ± 0.300591	0.970 ± 0.069865	0.6650 ± 0.293560	0.0933 ± 0.085710	0.449 ± 0.353047	0.972 ± 0.065942	0.429 ± 0.317656	0.971 ± 0.067818	0.750 ± 0.162001	0.985 ± 0.034879	0.699 ± 0.258766	0.988 ± 0.041641	0.778 ± 0.180013	0.996 ± 0.015676	0.798 ± 0.150928	0.995 ± 0.016991	0.655 ± 0.274590	0.980 ± 0.046074	0.758 ± 0.202374	0.990 ± 0.037629
roc_auc	nan	nan	0.797 ± 0.133603	0.998 ± 0.009615	0.714 ± 0.141536	0.992 ± 0.025938	0.19786 ± 0.076565	0.01826 ± 0.025716	0.648 ± 0.222699	0.991 ± 0.028007	0.428 ± 0.283072	0.984 ± 0.051876	0.7223 ± 0.328790	0.1019 ± 0.085520	0.477 ± 0.347325	0.985 ± 0.050488	0.450 ± 0.305209	0.984 ± 0.051151	0.760 ± 0.163225	0.994 ± 0.018352	0.717 ± 0.260026	0.991 ± 0.040050	0.755 ± 0.173102	0.998 ± 0.009713	0.774 ± 0.132629	0.998 ± 0.010216	0.650 ± 0.278683	0.992 ± 0.022131	0.778 ± 0.197732	0.992 ± 0.040161
