	mean_best_threshold_tuning_score	mean_best_threshold	mean_test_average_precision	mean_train_average_precision	mean_test_balanced_accuracy	mean_train_balanced_accuracy	mean_test_brier_loss	mean_train_brier_loss	mean_test_f1	mean_train_f1	mean_test_informedness	mean_train_informedness	mean_test_log_loss	mean_train_log_loss	mean_test_markedness	mean_train_markedness	mean_test_mcc	mean_train_mcc	mean_test_negative_predictive_value	mean_train_negative_predictive_value	mean_test_precision	mean_train_precision	mean_test_precision_recall_auc	mean_train_precision_recall_auc	mean_test_roc_auc	mean_train_roc_auc	mean_test_sensitivity	mean_train_sensitivity	mean_test_specificity	mean_train_specificity
mcc	nan	nan	0.938 ± 0.106789	0.997 ± 0.016907	0.830 ± 0.163629	0.993 ± 0.026590	0.11432 ± 0.083211	0.02036 ± 0.025656	0.768 ± 0.267744	0.992 ± 0.029891	0.660 ± 0.327258	0.986 ± 0.053180	0.3760 ± 0.260115	0.1183 ± 0.082018	0.704 ± 0.370240	0.986 ± 0.052037	0.687 ± 0.320366	0.986 ± 0.052566	0.839 ± 0.164382	0.995 ± 0.023719	0.864 ± 0.258791	0.992 ± 0.031450	0.926 ± 0.128463	0.997 ± 0.017109	0.932 ± 0.119924	0.997 ± 0.017173	0.730 ± 0.303308	0.993 ± 0.031634	0.930 ± 0.119949	0.993 ± 0.026135
precision_recall_auc	nan	nan	0.929 ± 0.091583	0.996 ± 0.015507	0.828 ± 0.156066	0.985 ± 0.034933	0.12193 ± 0.079769	0.01723 ± 0.025679	0.763 ± 0.260441	0.983 ± 0.038760	0.657 ± 0.312132	0.970 ± 0.069865	0.4179 ± 0.275631	0.0933 ± 0.085710	0.698 ± 0.355124	0.972 ± 0.065942	0.683 ± 0.304417	0.971 ± 0.067818	0.830 ± 0.154528	0.985 ± 0.034879	0.868 ± 0.260695	0.988 ± 0.041641	0.917 ± 0.113365	0.996 ± 0.015676	0.918 ± 0.095759	0.995 ± 0.016991	0.722 ± 0.290442	0.980 ± 0.046074	0.935 ± 0.122994	0.990 ± 0.037629
roc_auc	nan	nan	0.929 ± 0.096034	0.998 ± 0.009615	0.835 ± 0.148681	0.992 ± 0.025938	0.12133 ± 0.079762	0.01826 ± 0.025716	0.775 ± 0.251448	0.991 ± 0.028007	0.670 ± 0.297362	0.984 ± 0.051876	0.4281 ± 0.305965	0.1019 ± 0.085520	0.716 ± 0.346800	0.985 ± 0.050488	0.699 ± 0.291001	0.984 ± 0.051151	0.834 ± 0.149887	0.994 ± 0.018352	0.881 ± 0.251946	0.991 ± 0.040050	0.917 ± 0.117911	0.998 ± 0.009713	0.917 ± 0.099760	0.998 ± 0.010216	0.725 ± 0.283348	0.992 ± 0.022131	0.945 ± 0.099617	0.992 ± 0.040161
