	mean_best_threshold_tuning_score	mean_best_threshold	mean_test_average_precision	mean_train_average_precision	mean_test_balanced_accuracy	mean_train_balanced_accuracy	mean_test_brier_loss	mean_train_brier_loss	mean_test_f1	mean_train_f1	mean_test_informedness	mean_train_informedness	mean_test_log_loss	mean_train_log_loss	mean_test_markedness	mean_train_markedness	mean_test_mcc	mean_train_mcc	mean_test_negative_predictive_value	mean_train_negative_predictive_value	mean_test_precision	mean_train_precision	mean_test_precision_recall_auc	mean_train_precision_recall_auc	mean_test_roc_auc	mean_train_roc_auc	mean_test_sensitivity	mean_train_sensitivity	mean_test_specificity	mean_train_specificity
mcc	nan	nan	0.886 ± 0.097564	1.000 ± 0.000000	0.788 ± 0.132245	1.000 ± 0.000000	0.16120 ± 0.055363	0.01417 ± 0.002460	0.755 ± 0.157216	1.000 ± 0.000000	0.577 ± 0.264489	1.000 ± 0.000000	0.5695 ± 0.607692	0.1039 ± 0.012710	0.623 ± 0.255323	1.000 ± 0.000000	0.597 ± 0.257781	1.000 ± 0.000000	0.823 ± 0.134285	1.000 ± 0.000000	0.800 ± 0.202189	1.000 ± 0.000000	0.872 ± 0.111615	1.000 ± 0.000000	0.864 ± 0.109020	1.000 ± 0.000000	0.762 ± 0.194168	1.000 ± 0.000000	0.815 ± 0.207328	1.000 ± 0.000000
precision_recall_auc	nan	nan	0.889 ± 0.098902	1.000 ± 0.000000	0.787 ± 0.113303	1.000 ± 0.000000	0.16144 ± 0.047380	0.01399 ± 0.002547	0.752 ± 0.141626	1.000 ± 0.000000	0.574 ± 0.226606	1.000 ± 0.000000	0.4922 ± 0.120203	0.1027 ± 0.013388	0.617 ± 0.217293	1.000 ± 0.000000	0.593 ± 0.219013	1.000 ± 0.000000	0.828 ± 0.130669	1.000 ± 0.000000	0.789 ± 0.176958	1.000 ± 0.000000	0.873 ± 0.117222	1.000 ± 0.000000	0.870 ± 0.109162	1.000 ± 0.000000	0.767 ± 0.197059	1.000 ± 0.000000	0.807 ± 0.183506	1.000 ± 0.000000
roc_auc	nan	nan	0.883 ± 0.096132	1.000 ± 0.000000	0.767 ± 0.128272	1.000 ± 0.000000	0.16373 ± 0.050618	0.01400 ± 0.002577	0.734 ± 0.151716	1.000 ± 0.000000	0.535 ± 0.256543	1.000 ± 0.000000	0.4989 ± 0.127146	0.1037 ± 0.013734	0.580 ± 0.252055	1.000 ± 0.000000	0.555 ± 0.251258	1.000 ± 0.000000	0.814 ± 0.138968	1.000 ± 0.000000	0.766 ± 0.197912	1.000 ± 0.000000	0.868 ± 0.109489	1.000 ± 0.000000	0.861 ± 0.111983	1.000 ± 0.000000	0.757 ± 0.197662	1.000 ± 0.000000	0.778 ± 0.205575	1.000 ± 0.000000
