	mean_best_threshold_tuning_score	mean_best_threshold	mean_test_average_precision	mean_train_average_precision	mean_test_balanced_accuracy	mean_train_balanced_accuracy	mean_test_brier_loss	mean_train_brier_loss	mean_test_f1	mean_train_f1	mean_test_informedness	mean_train_informedness	mean_test_log_loss	mean_train_log_loss	mean_test_markedness	mean_train_markedness	mean_test_mcc	mean_train_mcc	mean_test_negative_predictive_value	mean_train_negative_predictive_value	mean_test_precision	mean_train_precision	mean_test_precision_recall_auc	mean_train_precision_recall_auc	mean_test_roc_auc	mean_train_roc_auc	mean_test_sensitivity	mean_train_sensitivity	mean_test_specificity	mean_train_specificity
mcc	nan	nan	0.884 ± 0.101957	1.000 ± 0.000000	0.781 ± 0.129106	1.000 ± 0.000000	0.16315 ± 0.053577	0.01395 ± 0.002392	0.751 ± 0.151424	1.000 ± 0.000000	0.563 ± 0.258211	1.000 ± 0.000000	0.5004 ± 0.145526	0.1025 ± 0.012561	0.611 ± 0.250034	1.000 ± 0.000000	0.584 ± 0.251527	1.000 ± 0.000000	0.827 ± 0.135335	1.000 ± 0.000000	0.784 ± 0.198593	1.000 ± 0.000000	0.871 ± 0.116633	1.000 ± 0.000000	0.867 ± 0.110356	1.000 ± 0.000000	0.772 ± 0.193290	1.000 ± 0.000000	0.791 ± 0.212298	1.000 ± 0.000000
precision_recall_auc	nan	nan	0.884 ± 0.108635	1.000 ± 0.000000	0.785 ± 0.125532	1.000 ± 0.000000	0.16226 ± 0.055704	0.01393 ± 0.002421	0.754 ± 0.152047	1.000 ± 0.000000	0.571 ± 0.251065	1.000 ± 0.000000	0.4938 ± 0.138947	0.1025 ± 0.011949	0.610 ± 0.241979	1.000 ± 0.000000	0.588 ± 0.243945	1.000 ± 0.000000	0.828 ± 0.133169	1.000 ± 0.000000	0.782 ± 0.184993	1.000 ± 0.000000	0.866 ± 0.134846	1.000 ± 0.000000	0.865 ± 0.121520	1.000 ± 0.000000	0.772 ± 0.193290	1.000 ± 0.000000	0.799 ± 0.187489	1.000 ± 0.000000
roc_auc	nan	nan	0.885 ± 0.102451	1.000 ± 0.000000	0.783 ± 0.128229	1.000 ± 0.000000	0.16437 ± 0.057002	0.01381 ± 0.002234	0.752 ± 0.155178	1.000 ± 0.000000	0.567 ± 0.256459	1.000 ± 0.000000	0.4982 ± 0.139921	0.1024 ± 0.011182	0.602 ± 0.251106	1.000 ± 0.000000	0.583 ± 0.252235	1.000 ± 0.000000	0.827 ± 0.134875	1.000 ± 0.000000	0.775 ± 0.190837	1.000 ± 0.000000	0.869 ± 0.120620	1.000 ± 0.000000	0.862 ± 0.118119	1.000 ± 0.000000	0.772 ± 0.193290	1.000 ± 0.000000	0.795 ± 0.191995	1.000 ± 0.000000
