	mean_best_threshold_tuning_score	mean_best_threshold	mean_test_average_precision	mean_train_average_precision	mean_test_balanced_accuracy	mean_train_balanced_accuracy	mean_test_brier_loss	mean_train_brier_loss	mean_test_f1	mean_train_f1	mean_test_informedness	mean_train_informedness	mean_test_log_loss	mean_train_log_loss	mean_test_markedness	mean_train_markedness	mean_test_mcc	mean_train_mcc	mean_test_negative_predictive_value	mean_train_negative_predictive_value	mean_test_precision	mean_train_precision	mean_test_precision_recall_auc	mean_train_precision_recall_auc	mean_test_roc_auc	mean_train_roc_auc	mean_test_sensitivity	mean_train_sensitivity	mean_test_specificity	mean_train_specificity
mcc	nan	nan	0.917 ± 0.112561	0.954 ± 0.019412	0.828 ± 0.134397	0.891 ± 0.036808	0.13101 ± 0.077656	0.08423 ± 0.017929	0.789 ± 0.171552	0.878 ± 0.042501	0.655 ± 0.268793	0.782 ± 0.073616	0.4396 ± 0.289144	0.2847 ± 0.051246	0.704 ± 0.256402	0.816 ± 0.064110	0.678 ± 0.260308	0.799 ± 0.068358	0.837 ± 0.136177	0.868 ± 0.043148	0.867 ± 0.186658	0.948 ± 0.035870	0.906 ± 0.130329	0.954 ± 0.019675	0.891 ± 0.141732	0.949 ± 0.023431	0.758 ± 0.217078	0.819 ± 0.063540	0.897 ± 0.150648	0.962 ± 0.029557
precision_recall_auc	nan	nan	0.918 ± 0.088517	0.937 ± 0.094777	0.801 ± 0.150436	0.857 ± 0.088934	0.12785 ± 0.058609	0.09072 ± 0.029019	0.729 ± 0.259612	0.817 ± 0.186480	0.602 ± 0.300873	0.714 ± 0.177868	0.4146 ± 0.156029	0.3006 ± 0.074886	0.611 ± 0.392100	0.741 ± 0.252733	0.619 ± 0.307421	0.735 ± 0.171463	0.807 ± 0.148339	0.838 ± 0.078665	0.804 ± 0.290018	0.904 ± 0.189480	0.908 ± 0.103415	0.936 ± 0.095851	0.896 ± 0.106083	0.925 ± 0.133063	0.697 ± 0.277542	0.755 ± 0.187286	0.905 ± 0.129855	0.960 ± 0.027997
roc_auc	nan	nan	0.924 ± 0.073816	0.935 ± 0.094271	0.828 ± 0.127587	0.861 ± 0.065018	0.12433 ± 0.056403	0.09231 ± 0.027118	0.778 ± 0.203282	0.832 ± 0.131992	0.657 ± 0.255173	0.721 ± 0.130037	0.4037 ± 0.152424	0.3012 ± 0.068919	0.688 ± 0.299651	0.756 ± 0.184300	0.675 ± 0.259393	0.742 ± 0.124699	0.832 ± 0.134474	0.840 ± 0.061426	0.856 ± 0.230787	0.916 ± 0.137370	0.914 ± 0.087371	0.934 ± 0.095325	0.902 ± 0.095409	0.925 ± 0.132673	0.747 ± 0.236279	0.767 ± 0.137909	0.910 ± 0.128571	0.954 ± 0.030214
