	mean_best_threshold_tuning_score	mean_best_threshold	mean_test_average_precision	mean_train_average_precision	mean_test_balanced_accuracy	mean_train_balanced_accuracy	mean_test_brier_loss	mean_train_brier_loss	mean_test_f1	mean_train_f1	mean_test_informedness	mean_train_informedness	mean_test_log_loss	mean_train_log_loss	mean_test_markedness	mean_train_markedness	mean_test_mcc	mean_train_mcc	mean_test_negative_predictive_value	mean_train_negative_predictive_value	mean_test_precision	mean_train_precision	mean_test_precision_recall_auc	mean_train_precision_recall_auc	mean_test_roc_auc	mean_train_roc_auc	mean_test_sensitivity	mean_train_sensitivity	mean_test_specificity	mean_train_specificity
mcc	nan	nan	0.805 ± 0.169745	0.998 ± 0.002048	0.712 ± 0.157316	0.958 ± 0.038938	0.20618 ± 0.090105	0.09142 ± 0.066022	0.627 ± 0.207219	0.954 ± 0.042990	0.424 ± 0.314632	0.915 ± 0.077877	0.6570 ± 0.354649	0.3166 ± 0.174166	0.545 ± 0.335872	0.938 ± 0.054799	0.476 ± 0.319055	0.927 ± 0.066453	0.707 ± 0.153675	0.938 ± 0.054799	0.838 ± 0.244811	1.000 ± 0.000000	0.776 ± 0.199859	0.998 ± 0.002084	0.741 ± 0.223827	0.999 ± 0.001718	0.548 ± 0.237553	0.915 ± 0.077877	0.876 ± 0.189586	1.000 ± 0.000000
precision_recall_auc	nan	nan	0.859 ± 0.142906	0.998 ± 0.002324	0.738 ± 0.144986	0.928 ± 0.029420	0.17766 ± 0.089020	0.04658 ± 0.028820	0.652 ± 0.215357	0.922 ± 0.033252	0.476 ± 0.289972	0.857 ± 0.058839	0.5710 ± 0.309544	0.1948 ± 0.085252	0.586 ± 0.340984	0.896 ± 0.040739	0.529 ± 0.297245	0.876 ± 0.049758	0.722 ± 0.142078	0.897 ± 0.040302	0.863 ± 0.252964	0.999 ± 0.005238	0.837 ± 0.173198	0.997 ± 0.002365	0.826 ± 0.162470	0.998 ± 0.001939	0.557 ± 0.228646	0.858 ± 0.058785	0.919 ± 0.154817	0.999 ± 0.004159
roc_auc	nan	nan	0.857 ± 0.142420	0.997 ± 0.002293	0.747 ± 0.140840	0.923 ± 0.023449	0.17246 ± 0.081650	0.04064 ± 0.016923	0.647 ± 0.246574	0.916 ± 0.027141	0.493 ± 0.281680	0.847 ± 0.046898	0.5697 ± 0.331981	0.1774 ± 0.059130	0.589 ± 0.369287	0.889 ± 0.031430	0.544 ± 0.292058	0.867 ± 0.039075	0.731 ± 0.138688	0.890 ± 0.031042	0.858 ± 0.285838	0.999 ± 0.005238	0.834 ± 0.170767	0.997 ± 0.002333	0.825 ± 0.167437	0.998 ± 0.001936	0.555 ± 0.256773	0.847 ± 0.046964	0.938 ± 0.120187	0.999 ± 0.004159
