	mean_best_threshold_tuning_score	mean_best_threshold	mean_test_average_precision	mean_train_average_precision	mean_test_balanced_accuracy	mean_train_balanced_accuracy	mean_test_brier_loss	mean_train_brier_loss	mean_test_f1	mean_train_f1	mean_test_informedness	mean_train_informedness	mean_test_log_loss	mean_train_log_loss	mean_test_markedness	mean_train_markedness	mean_test_mcc	mean_train_mcc	mean_test_negative_predictive_value	mean_train_negative_predictive_value	mean_test_precision	mean_train_precision	mean_test_precision_recall_auc	mean_train_precision_recall_auc	mean_test_roc_auc	mean_train_roc_auc	mean_test_sensitivity	mean_train_sensitivity	mean_test_specificity	mean_train_specificity
mcc	nan	nan	0.937 ± 0.077666	0.963 ± 0.018382	0.818 ± 0.124801	0.908 ± 0.032922	0.12417 ± 0.069306	0.07102 ± 0.019474	0.783 ± 0.154202	0.898 ± 0.037574	0.637 ± 0.249603	0.816 ± 0.065843	0.4135 ± 0.215546	0.2519 ± 0.055856	0.694 ± 0.233874	0.839 ± 0.062849	0.663 ± 0.238510	0.828 ± 0.064025	0.829 ± 0.142314	0.890 ± 0.036294	0.865 ± 0.175831	0.950 ± 0.034825	0.930 ± 0.084561	0.963 ± 0.018609	0.912 ± 0.115555	0.957 ± 0.023583	0.762 ± 0.214953	0.854 ± 0.049614	0.875 ± 0.164518	0.962 ± 0.027218
precision_recall_auc	nan	nan	0.927 ± 0.095369	0.958 ± 0.021615	0.796 ± 0.148243	0.870 ± 0.117021	0.12921 ± 0.074683	0.07912 ± 0.029634	0.711 ± 0.279640	0.820 ± 0.248620	0.593 ± 0.296487	0.740 ± 0.234043	0.4333 ± 0.250830	0.2723 ± 0.083392	0.598 ± 0.411680	0.727 ± 0.353889	0.616 ± 0.291830	0.751 ± 0.235554	0.804 ± 0.162019	0.860 ± 0.099445	0.794 ± 0.304457	0.867 ± 0.260986	0.919 ± 0.109223	0.957 ± 0.021902	0.899 ± 0.136342	0.950 ± 0.026751	0.682 ± 0.308464	0.781 ± 0.241366	0.911 ± 0.128686	0.960 ± 0.032023
roc_auc	nan	nan	0.925 ± 0.094960	0.960 ± 0.018563	0.812 ± 0.131394	0.888 ± 0.087520	0.12527 ± 0.076223	0.07544 ± 0.021752	0.755 ± 0.214017	0.858 ± 0.181466	0.623 ± 0.262788	0.775 ± 0.175040	0.4215 ± 0.251932	0.2630 ± 0.062391	0.655 ± 0.317324	0.778 ± 0.260061	0.646 ± 0.254106	0.785 ± 0.176372	0.820 ± 0.150731	0.875 ± 0.075244	0.835 ± 0.231402	0.903 ± 0.190905	0.916 ± 0.108750	0.959 ± 0.018794	0.897 ± 0.136746	0.952 ± 0.023537	0.730 ± 0.257847	0.819 ± 0.176978	0.893 ± 0.140339	0.957 ± 0.035129
