	mean_best_threshold_tuning_score	mean_best_threshold	mean_test_average_precision	mean_train_average_precision	mean_test_balanced_accuracy	mean_train_balanced_accuracy	mean_test_brier_loss	mean_train_brier_loss	mean_test_f1	mean_train_f1	mean_test_informedness	mean_train_informedness	mean_test_log_loss	mean_train_log_loss	mean_test_markedness	mean_train_markedness	mean_test_mcc	mean_train_mcc	mean_test_negative_predictive_value	mean_train_negative_predictive_value	mean_test_precision	mean_train_precision	mean_test_precision_recall_auc	mean_train_precision_recall_auc	mean_test_roc_auc	mean_train_roc_auc	mean_test_sensitivity	mean_train_sensitivity	mean_test_specificity	mean_train_specificity
mcc	nan	nan	0.924 ± 0.094241	0.977 ± 0.018071	0.830 ± 0.117029	0.940 ± 0.026249	0.12944 ± 0.064661	0.06563 ± 0.022562	0.794 ± 0.150159	0.935 ± 0.029439	0.660 ± 0.234058	0.880 ± 0.052497	0.4372 ± 0.197157	0.2537 ± 0.067970	0.714 ± 0.216195	0.902 ± 0.049819	0.685 ± 0.221852	0.891 ± 0.050679	0.833 ± 0.130777	0.919 ± 0.032883	0.882 ± 0.158015	0.983 ± 0.034087	0.914 ± 0.108639	0.976 ± 0.018511	0.898 ± 0.128197	0.972 ± 0.023479	0.758 ± 0.203603	0.893 ± 0.043846	0.902 ± 0.130133	0.986 ± 0.026794
precision_recall_auc	nan	nan	0.931 ± 0.090990	0.970 ± 0.016797	0.828 ± 0.128618	0.934 ± 0.026636	0.12123 ± 0.066390	0.06913 ± 0.021717	0.793 ± 0.160646	0.928 ± 0.030236	0.655 ± 0.257237	0.867 ± 0.053272	0.4053 ± 0.196459	0.2604 ± 0.063890	0.703 ± 0.249170	0.892 ± 0.051515	0.677 ± 0.250519	0.880 ± 0.051946	0.830 ± 0.126983	0.911 ± 0.030897	0.872 ± 0.178860	0.981 ± 0.032710	0.923 ± 0.104473	0.969 ± 0.017197	0.905 ± 0.127229	0.963 ± 0.022329	0.760 ± 0.194627	0.882 ± 0.041875	0.895 ± 0.146820	0.985 ± 0.025410
roc_auc	nan	nan	0.926 ± 0.092390	0.967 ± 0.017584	0.828 ± 0.131244	0.928 ± 0.031425	0.12253 ± 0.065599	0.07240 ± 0.024146	0.795 ± 0.161926	0.922 ± 0.035461	0.657 ± 0.262489	0.856 ± 0.062850	0.4076 ± 0.193599	0.2697 ± 0.070827	0.703 ± 0.253627	0.880 ± 0.062077	0.678 ± 0.255643	0.868 ± 0.061977	0.829 ± 0.128233	0.908 ± 0.034840	0.874 ± 0.182270	0.972 ± 0.038907	0.917 ± 0.105909	0.966 ± 0.018042	0.898 ± 0.129445	0.958 ± 0.022609	0.762 ± 0.194168	0.878 ± 0.046676	0.895 ± 0.155265	0.978 ± 0.030588
