	mean_ncv_average_precision	mean_ncv_balanced_accuracy	mean_ncv_brier_loss	mean_ncv_f1	mean_ncv_informedness	mean_ncv_log_loss	mean_ncv_markedness	mean_ncv_mcc	mean_ncv_negative_predictive_value	mean_ncv_precision	mean_ncv_precision_recall_auc	mean_ncv_roc_auc	mean_ncv_sensitivity	mean_ncv_specificity
mcc	0.890 ± 0.035849	0.785 ± 0.024656	0.13841 ± 0.012621	0.760 ± 0.024466	0.571 ± 0.049313	0.4702 ± 0.068975	0.582 ± 0.060861	0.576 ± 0.054804	0.796 ± 0.016661	0.786 ± 0.053291	0.888 ± 0.037805	0.885 ± 0.030708	0.739 ± 0.026836	0.832 ± 0.052705
precision_recall_auc	0.877 ± 0.052160	0.810 ± 0.023150	0.13986 ± 0.018675	0.786 ± 0.025669	0.619 ± 0.046301	0.4767 ± 0.110260	0.637 ± 0.058318	0.628 ± 0.051361	0.813 ± 0.026828	0.824 ± 0.055726	0.873 ± 0.055422	0.879 ± 0.037651	0.756 ± 0.046849	0.864 ± 0.052486
roc_auc	0.857 ± 0.069520	0.814 ± 0.030883	0.14874 ± 0.022012	0.793 ± 0.034076	0.628 ± 0.061766	0.5314 ± 0.173908	0.636 ± 0.065352	0.632 ± 0.063130	0.824 ± 0.029609	0.812 ± 0.049721	0.853 ± 0.075919	0.865 ± 0.046220	0.778 ± 0.045361	0.850 ± 0.048152
