	mean_best_threshold_tuning_score	mean_best_threshold	mean_test_average_precision	mean_train_average_precision	mean_test_balanced_accuracy	mean_train_balanced_accuracy	mean_test_brier_loss	mean_train_brier_loss	mean_test_f1	mean_train_f1	mean_test_informedness	mean_train_informedness	mean_test_log_loss	mean_train_log_loss	mean_test_markedness	mean_train_markedness	mean_test_mcc	mean_train_mcc	mean_test_negative_predictive_value	mean_train_negative_predictive_value	mean_test_precision	mean_train_precision	mean_test_precision_recall_auc	mean_train_precision_recall_auc	mean_test_roc_auc	mean_train_roc_auc	mean_test_sensitivity	mean_train_sensitivity	mean_test_specificity	mean_train_specificity
mcc	nan	nan	0.922 ± 0.088468	0.956 ± 0.025238	0.788 ± 0.121697	0.893 ± 0.040416	0.13841 ± 0.056921	0.09614 ± 0.030009	0.752 ± 0.144883	0.882 ± 0.045476	0.577 ± 0.243393	0.787 ± 0.080832	0.4702 ± 0.221258	0.3386 ± 0.094835	0.630 ± 0.241793	0.804 ± 0.079705	0.601 ± 0.239444	0.796 ± 0.079920	0.811 ± 0.144832	0.885 ± 0.040939	0.818 ± 0.182861	0.919 ± 0.049168	0.917 ± 0.094294	0.959 ± 0.018715	0.913 ± 0.105434	0.954 ± 0.020931	0.742 ± 0.200799	0.850 ± 0.056749	0.835 ± 0.187967	0.937 ± 0.042542
precision_recall_auc	nan	nan	0.929 ± 0.081273	0.953 ± 0.032617	0.812 ± 0.126686	0.893 ± 0.045281	0.13986 ± 0.069029	0.09553 ± 0.031183	0.778 ± 0.152181	0.882 ± 0.051388	0.625 ± 0.253373	0.787 ± 0.090563	0.4767 ± 0.306018	0.3355 ± 0.097239	0.687 ± 0.243121	0.803 ± 0.090584	0.653 ± 0.245165	0.795 ± 0.090365	0.829 ± 0.150756	0.886 ± 0.043018	0.859 ± 0.178531	0.917 ± 0.056461	0.924 ± 0.090747	0.958 ± 0.021578	0.915 ± 0.101832	0.955 ± 0.022280	0.760 ± 0.215368	0.851 ± 0.058409	0.865 ± 0.186057	0.936 ± 0.046772
roc_auc	nan	nan	0.916 ± 0.086219	0.942 ± 0.038375	0.815 ± 0.124957	0.876 ± 0.046442	0.14874 ± 0.076383	0.10275 ± 0.032142	0.785 ± 0.145187	0.863 ± 0.051793	0.630 ± 0.249914	0.753 ± 0.092883	0.5314 ± 0.462456	0.3540 ± 0.099408	0.680 ± 0.244773	0.763 ± 0.096512	0.653 ± 0.244524	0.758 ± 0.094492	0.839 ± 0.144776	0.877 ± 0.041186	0.841 ± 0.178658	0.886 ± 0.064525	0.917 ± 0.091723	0.953 ± 0.023884	0.910 ± 0.101562	0.952 ± 0.023535	0.778 ± 0.201757	0.844 ± 0.053302	0.852 ± 0.183770	0.909 ± 0.054994
