	mean_best_threshold_tuning_score	mean_best_threshold	mean_test_average_precision	mean_train_average_precision	mean_test_balanced_accuracy	mean_train_balanced_accuracy	mean_test_brier_loss	mean_train_brier_loss	mean_test_f1	mean_train_f1	mean_test_informedness	mean_train_informedness	mean_test_log_loss	mean_train_log_loss	mean_test_markedness	mean_train_markedness	mean_test_mcc	mean_train_mcc	mean_test_negative_predictive_value	mean_train_negative_predictive_value	mean_test_precision	mean_train_precision	mean_test_precision_recall_auc	mean_train_precision_recall_auc	mean_test_roc_auc	mean_train_roc_auc	mean_test_sensitivity	mean_train_sensitivity	mean_test_specificity	mean_train_specificity
mcc	nan	nan	0.912 ± 0.088232	0.956 ± 0.025238	0.812 ± 0.117372	0.893 ± 0.040416	0.14638 ± 0.060537	0.09613 ± 0.030005	0.779 ± 0.147401	0.882 ± 0.045476	0.624 ± 0.234743	0.787 ± 0.080832	0.5066 ± 0.292689	0.3386 ± 0.094819	0.665 ± 0.221051	0.804 ± 0.079705	0.643 ± 0.225328	0.796 ± 0.079920	0.838 ± 0.127663	0.885 ± 0.040939	0.827 ± 0.173033	0.919 ± 0.049168	0.907 ± 0.093407	0.959 ± 0.018715	0.897 ± 0.116580	0.954 ± 0.020931	0.778 ± 0.195332	0.850 ± 0.056749	0.846 ± 0.170186	0.937 ± 0.042542
precision_recall_auc	nan	nan	0.924 ± 0.086877	0.953 ± 0.032640	0.820 ± 0.114658	0.893 ± 0.046406	0.14713 ± 0.062276	0.09545 ± 0.031197	0.791 ± 0.135625	0.882 ± 0.052590	0.640 ± 0.229316	0.786 ± 0.092812	0.5014 ± 0.246473	0.3353 ± 0.097245	0.691 ± 0.224164	0.802 ± 0.092667	0.664 ± 0.223858	0.794 ± 0.092535	0.838 ± 0.131549	0.886 ± 0.044349	0.853 ± 0.173805	0.916 ± 0.057100	0.919 ± 0.095944	0.958 ± 0.021618	0.905 ± 0.119992	0.955 ± 0.022346	0.778 ± 0.188690	0.851 ± 0.059922	0.862 ± 0.179728	0.935 ± 0.047262
roc_auc	nan	nan	0.905 ± 0.100738	0.942 ± 0.038319	0.826 ± 0.116857	0.877 ± 0.046221	0.15183 ± 0.070970	0.10275 ± 0.032102	0.798 ± 0.138353	0.864 ± 0.051522	0.653 ± 0.233714	0.754 ± 0.092442	0.5480 ± 0.443673	0.3541 ± 0.099374	0.691 ± 0.227775	0.765 ± 0.095137	0.670 ± 0.228301	0.759 ± 0.093546	0.852 ± 0.134620	0.877 ± 0.042303	0.839 ± 0.168615	0.888 ± 0.062781	0.903 ± 0.113117	0.953 ± 0.023718	0.895 ± 0.125724	0.952 ± 0.023478	0.800 ± 0.190476	0.843 ± 0.055548	0.853 ± 0.168853	0.911 ± 0.053940
