	mean_best_threshold_tuning_score	mean_best_threshold	mean_test_average_precision	mean_train_average_precision	mean_test_balanced_accuracy	mean_train_balanced_accuracy	mean_test_brier_loss	mean_train_brier_loss	mean_test_f1	mean_train_f1	mean_test_informedness	mean_train_informedness	mean_test_log_loss	mean_train_log_loss	mean_test_markedness	mean_train_markedness	mean_test_mcc	mean_train_mcc	mean_test_negative_predictive_value	mean_train_negative_predictive_value	mean_test_precision	mean_train_precision	mean_test_precision_recall_auc	mean_train_precision_recall_auc	mean_test_roc_auc	mean_train_roc_auc	mean_test_sensitivity	mean_train_sensitivity	mean_test_specificity	mean_train_specificity
mcc	nan	nan	0.945 ± 0.069655	0.985 ± 0.019725	0.861 ± 0.120688	0.949 ± 0.044825	0.10375 ± 0.070988	0.03519 ± 0.030820	0.827 ± 0.159698	0.944 ± 0.050490	0.723 ± 0.241376	0.897 ± 0.089651	0.3737 ± 0.236705	0.1365 ± 0.101527	0.791 ± 0.207433	0.914 ± 0.076028	0.753 ± 0.222145	0.906 ± 0.082814	0.842 ± 0.124653	0.935 ± 0.055592	0.949 ± 0.133666	0.979 ± 0.029700	0.939 ± 0.078509	0.984 ± 0.019889	0.928 ± 0.085627	0.982 ± 0.024508	0.762 ± 0.205515	0.913 ± 0.076506	0.961 ± 0.106565	0.984 ± 0.023983
precision_recall_auc	nan	nan	0.935 ± 0.079224	0.980 ± 0.018957	0.782 ± 0.174793	0.849 ± 0.164027	0.11766 ± 0.078921	0.04717 ± 0.037059	0.668 ± 0.346861	0.762 ± 0.341750	0.563 ± 0.349587	0.699 ± 0.328054	0.3820 ± 0.227110	0.1566 ± 0.114251	0.530 ± 0.508629	0.638 ± 0.492911	0.584 ± 0.351727	0.704 ± 0.329508	0.796 ± 0.166341	0.852 ± 0.146889	0.734 ± 0.379932	0.785 ± 0.351047	0.928 ± 0.089441	0.980 ± 0.019143	0.917 ± 0.096495	0.980 ± 0.019523	0.643 ± 0.355568	0.742 ± 0.336195	0.920 ± 0.150170	0.956 ± 0.052697
roc_auc	nan	nan	0.943 ± 0.076728	0.974 ± 0.020314	0.783 ± 0.168884	0.831 ± 0.158407	0.11118 ± 0.065882	0.05692 ± 0.039991	0.670 ± 0.343015	0.740 ± 0.334428	0.567 ± 0.337768	0.661 ± 0.316814	0.3565 ± 0.189765	0.1838 ± 0.121973	0.529 ± 0.503794	0.604 ± 0.477331	0.587 ± 0.338985	0.668 ± 0.316850	0.801 ± 0.169687	0.836 ± 0.141328	0.728 ± 0.374823	0.767 ± 0.343898	0.937 ± 0.086327	0.974 ± 0.020505	0.929 ± 0.089914	0.974 ± 0.020948	0.655 ± 0.355954	0.719 ± 0.331404	0.912 ± 0.151037	0.942 ± 0.057512
