	mean_best_threshold_tuning_score	mean_best_threshold	mean_test_average_precision	mean_train_average_precision	mean_test_balanced_accuracy	mean_train_balanced_accuracy	mean_test_brier_loss	mean_train_brier_loss	mean_test_f1	mean_train_f1	mean_test_informedness	mean_train_informedness	mean_test_log_loss	mean_train_log_loss	mean_test_markedness	mean_train_markedness	mean_test_mcc	mean_train_mcc	mean_test_negative_predictive_value	mean_train_negative_predictive_value	mean_test_precision	mean_train_precision	mean_test_precision_recall_auc	mean_train_precision_recall_auc	mean_test_roc_auc	mean_train_roc_auc	mean_test_sensitivity	mean_train_sensitivity	mean_test_specificity	mean_train_specificity
mcc	nan	nan	0.941 ± 0.075218	0.986 ± 0.016371	0.862 ± 0.112938	0.947 ± 0.041944	0.09993 ± 0.065972	0.03635 ± 0.027120	0.829 ± 0.150631	0.942 ± 0.047275	0.723 ± 0.225877	0.894 ± 0.083887	0.3600 ± 0.221799	0.1389 ± 0.093197	0.797 ± 0.182030	0.911 ± 0.069882	0.757 ± 0.202777	0.902 ± 0.076810	0.838 ± 0.120634	0.934 ± 0.052779	0.959 ± 0.117091	0.977 ± 0.028348	0.935 ± 0.083697	0.986 ± 0.016502	0.918 ± 0.100986	0.984 ± 0.021013	0.758 ± 0.197239	0.911 ± 0.073613	0.965 ± 0.104124	0.983 ± 0.023098
precision_recall_auc	nan	nan	0.933 ± 0.088682	0.980 ± 0.020798	0.771 ± 0.183736	0.848 ± 0.173651	0.11981 ± 0.086027	0.04328 ± 0.038653	0.640 ± 0.360939	0.751 ± 0.360752	0.542 ± 0.367473	0.696 ± 0.347303	0.3930 ± 0.259138	0.1423 ± 0.120779	0.505 ± 0.530541	0.627 ± 0.520505	0.566 ± 0.366804	0.702 ± 0.348726	0.780 ± 0.175804	0.849 ± 0.154804	0.725 ± 0.395170	0.778 ± 0.371289	0.925 ± 0.099941	0.980 ± 0.021005	0.917 ± 0.101320	0.980 ± 0.021473	0.608 ± 0.369719	0.728 ± 0.353935	0.934 ± 0.140131	0.968 ± 0.042110
roc_auc	nan	nan	0.932 ± 0.088868	0.977 ± 0.019611	0.792 ± 0.172961	0.851 ± 0.154147	0.11702 ± 0.084091	0.05115 ± 0.038629	0.688 ± 0.334987	0.772 ± 0.321402	0.585 ± 0.345923	0.702 ± 0.308295	0.3812 ± 0.256524	0.1685 ± 0.117642	0.552 ± 0.494432	0.656 ± 0.462861	0.603 ± 0.346407	0.711 ± 0.309166	0.804 ± 0.171042	0.851 ± 0.137680	0.748 ± 0.362056	0.805 ± 0.332774	0.924 ± 0.100260	0.977 ± 0.019807	0.917 ± 0.101010	0.977 ± 0.020079	0.665 ± 0.347688	0.745 ± 0.316429	0.920 ± 0.138873	0.957 ± 0.048573
