	mean_best_threshold_tuning_score	mean_best_threshold	mean_test_average_precision	mean_train_average_precision	mean_test_balanced_accuracy	mean_train_balanced_accuracy	mean_test_brier_loss	mean_train_brier_loss	mean_test_f1	mean_train_f1	mean_test_informedness	mean_train_informedness	mean_test_log_loss	mean_train_log_loss	mean_test_markedness	mean_train_markedness	mean_test_mcc	mean_train_mcc	mean_test_negative_predictive_value	mean_train_negative_predictive_value	mean_test_precision	mean_train_precision	mean_test_precision_recall_auc	mean_train_precision_recall_auc	mean_test_roc_auc	mean_train_roc_auc	mean_test_sensitivity	mean_train_sensitivity	mean_test_specificity	mean_train_specificity
mcc	nan	nan	0.940 ± 0.079886	0.986 ± 0.016371	0.849 ± 0.115956	0.947 ± 0.041944	0.12455 ± 0.079346	0.03635 ± 0.027120	0.826 ± 0.134618	0.942 ± 0.047275	0.698 ± 0.231911	0.894 ± 0.083887	0.4121 ± 0.237944	0.1389 ± 0.093197	0.719 ± 0.228240	0.911 ± 0.069882	0.708 ± 0.228804	0.902 ± 0.076810	0.873 ± 0.124717	0.934 ± 0.052779	0.846 ± 0.165500	0.977 ± 0.028348	0.933 ± 0.088422	0.986 ± 0.016502	0.920 ± 0.112517	0.984 ± 0.021013	0.835 ± 0.170442	0.911 ± 0.073613	0.863 ± 0.154130	0.983 ± 0.023098
precision_recall_auc	nan	nan	0.937 ± 0.077885	0.980 ± 0.020798	0.754 ± 0.183095	0.848 ± 0.173651	0.13084 ± 0.068800	0.04328 ± 0.038653	0.604 ± 0.383816	0.751 ± 0.360752	0.509 ± 0.366191	0.696 ± 0.347303	0.4247 ± 0.193626	0.1423 ± 0.120779	0.418 ± 0.562402	0.627 ± 0.520505	0.522 ± 0.369581	0.702 ± 0.348726	0.782 ± 0.185663	0.849 ± 0.154804	0.636 ± 0.406793	0.778 ± 0.371289	0.929 ± 0.089054	0.980 ± 0.021005	0.924 ± 0.092185	0.980 ± 0.021473	0.602 ± 0.397444	0.728 ± 0.353935	0.907 ± 0.143573	0.968 ± 0.042110
roc_auc	nan	nan	0.939 ± 0.073493	0.977 ± 0.019611	0.772 ± 0.168182	0.851 ± 0.154147	0.13275 ± 0.075482	0.05115 ± 0.038629	0.657 ± 0.348392	0.772 ± 0.321402	0.543 ± 0.336364	0.702 ± 0.308295	0.4325 ± 0.223533	0.1685 ± 0.117642	0.479 ± 0.512594	0.656 ± 0.462861	0.557 ± 0.339528	0.711 ± 0.309166	0.806 ± 0.176538	0.851 ± 0.137680	0.673 ± 0.371123	0.805 ± 0.332774	0.931 ± 0.084061	0.977 ± 0.019807	0.927 ± 0.083496	0.977 ± 0.020079	0.668 ± 0.366732	0.745 ± 0.316429	0.875 ± 0.171503	0.957 ± 0.048573
