	mean_best_threshold_tuning_score	mean_best_threshold	mean_test_average_precision	mean_train_average_precision	mean_test_balanced_accuracy	mean_train_balanced_accuracy	mean_test_brier_loss	mean_train_brier_loss	mean_test_f1	mean_train_f1	mean_test_informedness	mean_train_informedness	mean_test_log_loss	mean_train_log_loss	mean_test_markedness	mean_train_markedness	mean_test_mcc	mean_train_mcc	mean_test_negative_predictive_value	mean_train_negative_predictive_value	mean_test_precision	mean_train_precision	mean_test_precision_recall_auc	mean_train_precision_recall_auc	mean_test_roc_auc	mean_train_roc_auc	mean_test_sensitivity	mean_train_sensitivity	mean_test_specificity	mean_train_specificity
mcc	nan	nan	0.940 ± 0.073134	0.983 ± 0.018735	0.849 ± 0.122065	0.942 ± 0.044782	0.12188 ± 0.078513	0.03910 ± 0.028960	0.824 ± 0.149013	0.936 ± 0.050537	0.698 ± 0.244129	0.883 ± 0.089563	0.4046 ± 0.234185	0.1486 ± 0.096199	0.726 ± 0.232104	0.902 ± 0.075074	0.711 ± 0.237119	0.892 ± 0.082287	0.872 ± 0.127831	0.928 ± 0.056027	0.854 ± 0.170676	0.975 ± 0.028209	0.933 ± 0.082114	0.983 ± 0.018891	0.922 ± 0.098523	0.981 ± 0.023053	0.830 ± 0.183627	0.902 ± 0.077694	0.868 ± 0.164677	0.981 ± 0.022967
precision_recall_auc	nan	nan	0.940 ± 0.072626	0.982 ± 0.018358	0.784 ± 0.168017	0.858 ± 0.155858	0.12430 ± 0.070401	0.04621 ± 0.035397	0.673 ± 0.343177	0.781 ± 0.323939	0.568 ± 0.336033	0.716 ± 0.311715	0.4048 ± 0.201318	0.1551 ± 0.107956	0.518 ± 0.496977	0.665 ± 0.468638	0.581 ± 0.338629	0.722 ± 0.313228	0.809 ± 0.168107	0.858 ± 0.139797	0.709 ± 0.364546	0.806 ± 0.334182	0.932 ± 0.083733	0.981 ± 0.018535	0.931 ± 0.081802	0.982 ± 0.019364	0.667 ± 0.358727	0.759 ± 0.318289	0.901 ± 0.133818	0.957 ± 0.053434
roc_auc	nan	nan	0.944 ± 0.072361	0.981 ± 0.017975	0.771 ± 0.162527	0.859 ± 0.158282	0.12511 ± 0.069299	0.04712 ± 0.037908	0.664 ± 0.335049	0.782 ± 0.325618	0.541 ± 0.325054	0.718 ± 0.316565	0.4043 ± 0.202221	0.1552 ± 0.115243	0.485 ± 0.491470	0.663 ± 0.469266	0.554 ± 0.329810	0.722 ± 0.317594	0.804 ± 0.173207	0.863 ± 0.141554	0.681 ± 0.354760	0.800 ± 0.332594	0.936 ± 0.083487	0.981 ± 0.018155	0.936 ± 0.079088	0.982 ± 0.018099	0.673 ± 0.355488	0.767 ± 0.321784	0.868 ± 0.160598	0.951 ± 0.059088
