	mean_ncv_average_precision	mean_ncv_balanced_accuracy	mean_ncv_brier_loss	mean_ncv_f1	mean_ncv_informedness	mean_ncv_log_loss	mean_ncv_markedness	mean_ncv_mcc	mean_ncv_negative_predictive_value	mean_ncv_precision	mean_ncv_precision_recall_auc	mean_ncv_roc_auc	mean_ncv_sensitivity	mean_ncv_specificity
mcc	0.916 ± 0.017128	0.846 ± 0.030500	0.12188 ± 0.011898	0.830 ± 0.034491	0.691 ± 0.061000	0.4046 ± 0.036322	0.693 ± 0.060827	0.692 ± 0.060854	0.860 ± 0.030276	0.833 ± 0.035766	0.914 ± 0.017769	0.903 ± 0.015208	0.828 ± 0.040992	0.864 ± 0.030303
precision_recall_auc	0.902 ± 0.024521	0.783 ± 0.071966	0.12430 ± 0.012701	0.735 ± 0.108142	0.567 ± 0.143933	0.4048 ± 0.042644	0.621 ± 0.094331	0.593 ± 0.120062	0.777 ± 0.081854	0.845 ± 0.030140	0.900 ± 0.025412	0.903 ± 0.023661	0.667 ± 0.161441	0.900 ± 0.028748
roc_auc	0.903 ± 0.025230	0.767 ± 0.070098	0.12511 ± 0.018361	0.719 ± 0.111806	0.535 ± 0.140195	0.4043 ± 0.066943	0.582 ± 0.095141	0.557 ± 0.117908	0.772 ± 0.081765	0.811 ± 0.051174	0.900 ± 0.026144	0.904 ± 0.028581	0.667 ± 0.167692	0.868 ± 0.062287
