	mean_ncv_average_precision	mean_ncv_balanced_accuracy	mean_ncv_brier_loss	mean_ncv_f1	mean_ncv_informedness	mean_ncv_log_loss	mean_ncv_markedness	mean_ncv_mcc	mean_ncv_negative_predictive_value	mean_ncv_precision	mean_ncv_precision_recall_auc	mean_ncv_roc_auc	mean_ncv_sensitivity	mean_ncv_specificity
mcc	0.677 ± 0.057670	0.682 ± 0.029922	0.22285 ± 0.016218	0.687 ± 0.027362	0.365 ± 0.059844	0.7422 ± 0.132135	0.379 ± 0.058525	0.372 ± 0.058994	0.779 ± 0.035149	0.600 ± 0.027811	0.656 ± 0.065517	0.737 ± 0.027853	0.806 ± 0.039284	0.559 ± 0.048152
precision_recall_auc	0.760 ± 0.072005	0.727 ± 0.036245	0.19448 ± 0.021542	0.723 ± 0.031494	0.453 ± 0.072490	0.6505 ± 0.117955	0.461 ± 0.065839	0.457 ± 0.068910	0.810 ± 0.034341	0.651 ± 0.045385	0.745 ± 0.079393	0.805 ± 0.039664	0.817 ± 0.045737	0.636 ± 0.077258
roc_auc	0.747 ± 0.062412	0.741 ± 0.047438	0.19594 ± 0.023365	0.736 ± 0.043025	0.481 ± 0.094877	0.6902 ± 0.112283	0.485 ± 0.090146	0.483 ± 0.092470	0.818 ± 0.037129	0.667 ± 0.058097	0.731 ± 0.069577	0.800 ± 0.036260	0.822 ± 0.035136	0.659 ± 0.077997
