	mean_best_threshold_tuning_score	mean_best_threshold	mean_test_average_precision	mean_train_average_precision	mean_test_balanced_accuracy	mean_train_balanced_accuracy	mean_test_brier_loss	mean_train_brier_loss	mean_test_f1	mean_train_f1	mean_test_informedness	mean_train_informedness	mean_test_log_loss	mean_train_log_loss	mean_test_markedness	mean_train_markedness	mean_test_mcc	mean_train_mcc	mean_test_negative_predictive_value	mean_train_negative_predictive_value	mean_test_precision	mean_train_precision	mean_test_precision_recall_auc	mean_train_precision_recall_auc	mean_test_roc_auc	mean_train_roc_auc	mean_test_sensitivity	mean_train_sensitivity	mean_test_specificity	mean_train_specificity
mcc	nan	nan	0.795 ± 0.142316	0.985 ± 0.028577	0.692 ± 0.142459	0.955 ± 0.075034	0.22273 ± 0.077112	0.04067 ± 0.055294	0.697 ± 0.127799	0.953 ± 0.076916	0.384 ± 0.284919	0.910 ± 0.150068	0.7543 ± 0.349669	0.1640 ± 0.170089	0.419 ± 0.325635	0.912 ± 0.146776	0.403 ± 0.287950	0.911 ± 0.148392	0.788 ± 0.244278	0.977 ± 0.042099	0.631 ± 0.159727	0.935 ± 0.111334	0.759 ± 0.175193	0.985 ± 0.028807	0.773 ± 0.147526	0.980 ± 0.040045	0.825 ± 0.184620	0.977 ± 0.041922	0.559 ± 0.260825	0.933 ± 0.116750
precision_recall_auc	nan	nan	0.841 ± 0.145063	0.995 ± 0.020573	0.732 ± 0.153634	0.979 ± 0.051783	0.19759 ± 0.097318	0.01733 ± 0.034506	0.724 ± 0.146260	0.977 ± 0.055489	0.463 ± 0.307268	0.958 ± 0.103566	0.6645 ± 0.434337	0.0907 ± 0.106715	0.491 ± 0.332370	0.956 ± 0.104074	0.476 ± 0.315549	0.957 ± 0.103800	0.811 ± 0.213693	0.991 ± 0.027913	0.680 ± 0.186409	0.965 ± 0.079725	0.816 ± 0.170942	0.995 ± 0.020759	0.820 ± 0.154843	0.994 ± 0.024584	0.815 ± 0.186179	0.991 ± 0.029244	0.648 ± 0.239677	0.966 ± 0.078632
roc_auc	nan	nan	0.841 ± 0.139788	0.996 ± 0.019451	0.741 ± 0.144032	0.984 ± 0.045212	0.19838 ± 0.094202	0.01475 ± 0.031227	0.735 ± 0.134787	0.982 ± 0.048331	0.483 ± 0.288065	0.968 ± 0.090425	0.7144 ± 0.457347	0.0829 ± 0.096880	0.523 ± 0.314558	0.966 ± 0.089661	0.501 ± 0.296170	0.967 ± 0.090015	0.831 ± 0.210253	0.996 ± 0.018552	0.692 ± 0.183443	0.970 ± 0.074006	0.814 ± 0.171774	0.996 ± 0.019629	0.820 ± 0.145168	0.995 ± 0.022987	0.832 ± 0.182489	0.996 ± 0.018228	0.651 ± 0.247124	0.971 ± 0.075083
