	mean_ncv_average_precision	mean_ncv_balanced_accuracy	mean_ncv_brier_loss	mean_ncv_f1	mean_ncv_informedness	mean_ncv_log_loss	mean_ncv_markedness	mean_ncv_mcc	mean_ncv_negative_predictive_value	mean_ncv_precision	mean_ncv_precision_recall_auc	mean_ncv_roc_auc	mean_ncv_sensitivity	mean_ncv_specificity
mcc	0.788 ± 0.070193	0.732 ± 0.035463	0.18544 ± 0.026438	0.719 ± 0.037536	0.464 ± 0.070925	0.6147 ± 0.101356	0.467 ± 0.067609	0.466 ± 0.069172	0.794 ± 0.046567	0.673 ± 0.042889	0.778 ± 0.075484	0.815 ± 0.047364	0.778 ± 0.074074	0.686 ± 0.075606
precision_recall_auc	0.819 ± 0.077828	0.770 ± 0.061459	0.16640 ± 0.026324	0.748 ± 0.067718	0.541 ± 0.122918	0.5751 ± 0.152161	0.547 ± 0.127306	0.544 ± 0.124880	0.796 ± 0.056837	0.751 ± 0.083578	0.808 ± 0.087859	0.852 ± 0.043872	0.750 ± 0.079651	0.791 ± 0.080745
roc_auc	0.823 ± 0.062871	0.775 ± 0.047979	0.15963 ± 0.023538	0.753 ± 0.049630	0.550 ± 0.095958	0.5441 ± 0.087405	0.558 ± 0.109912	0.554 ± 0.102576	0.796 ± 0.035527	0.762 ± 0.086087	0.811 ± 0.070632	0.858 ± 0.038078	0.750 ± 0.047213	0.800 ± 0.083540
