	mean_best_threshold_tuning_score	mean_best_threshold	mean_test_average_precision	mean_train_average_precision	mean_test_balanced_accuracy	mean_train_balanced_accuracy	mean_test_brier_loss	mean_train_brier_loss	mean_test_f1	mean_train_f1	mean_test_informedness	mean_train_informedness	mean_test_log_loss	mean_train_log_loss	mean_test_markedness	mean_train_markedness	mean_test_mcc	mean_train_mcc	mean_test_negative_predictive_value	mean_train_negative_predictive_value	mean_test_precision	mean_train_precision	mean_test_precision_recall_auc	mean_train_precision_recall_auc	mean_test_roc_auc	mean_train_roc_auc	mean_test_sensitivity	mean_train_sensitivity	mean_test_specificity	mean_train_specificity
mcc	nan	nan	0.845 ± 0.130756	0.989 ± 0.023725	0.734 ± 0.139803	0.960 ± 0.066492	0.18544 ± 0.075675	0.03855 ± 0.047131	0.714 ± 0.150948	0.958 ± 0.068159	0.468 ± 0.279606	0.921 ± 0.132985	0.6147 ± 0.314749	0.1614 ± 0.148950	0.512 ± 0.307683	0.921 ± 0.130262	0.488 ± 0.287654	0.921 ± 0.131584	0.811 ± 0.207391	0.980 ± 0.038282	0.701 ± 0.179922	0.941 ± 0.099190	0.820 ± 0.156121	0.989 ± 0.023913	0.826 ± 0.149002	0.985 ± 0.032977	0.782 ± 0.223283	0.980 ± 0.038776	0.686 ± 0.227462	0.941 ± 0.103448
precision_recall_auc	nan	nan	0.876 ± 0.138221	0.996 ± 0.010785	0.770 ± 0.156935	0.977 ± 0.050193	0.16640 ± 0.087438	0.01853 ± 0.029855	0.742 ± 0.171157	0.974 ± 0.054656	0.540 ± 0.313871	0.954 ± 0.100385	0.5751 ± 0.422587	0.0971 ± 0.099349	0.579 ± 0.331725	0.953 ± 0.101360	0.558 ± 0.319785	0.953 ± 0.100851	0.802 ± 0.189760	0.990 ± 0.027036	0.777 ± 0.203867	0.963 ± 0.079700	0.857 ± 0.163354	0.996 ± 0.010869	0.856 ± 0.147912	0.995 ± 0.013829	0.750 ± 0.216915	0.989 ± 0.030366	0.790 ± 0.215710	0.965 ± 0.077340
roc_auc	nan	nan	0.879 ± 0.127791	0.996 ± 0.017425	0.775 ± 0.134907	0.984 ± 0.042781	0.15963 ± 0.079323	0.01435 ± 0.030282	0.743 ± 0.159731	0.983 ± 0.046247	0.551 ± 0.269815	0.969 ± 0.085561	0.5441 ± 0.325249	0.0829 ± 0.093080	0.598 ± 0.273885	0.967 ± 0.085990	0.572 ± 0.268958	0.968 ± 0.085751	0.815 ± 0.159800	0.996 ± 0.018049	0.783 ± 0.185195	0.971 ± 0.070864	0.857 ± 0.157569	0.996 ± 0.017582	0.871 ± 0.129697	0.996 ± 0.021437	0.752 ± 0.217886	0.996 ± 0.018228	0.799 ± 0.183917	0.972 ± 0.070249
