	mean_best_threshold_tuning_score	mean_best_threshold	mean_test_average_precision	mean_train_average_precision	mean_test_balanced_accuracy	mean_train_balanced_accuracy	mean_test_brier_loss	mean_train_brier_loss	mean_test_f1	mean_train_f1	mean_test_informedness	mean_train_informedness	mean_test_log_loss	mean_train_log_loss	mean_test_markedness	mean_train_markedness	mean_test_mcc	mean_train_mcc	mean_test_negative_predictive_value	mean_train_negative_predictive_value	mean_test_precision	mean_train_precision	mean_test_precision_recall_auc	mean_train_precision_recall_auc	mean_test_roc_auc	mean_train_roc_auc	mean_test_sensitivity	mean_train_sensitivity	mean_test_specificity	mean_train_specificity
mcc	nan	nan	0.829 ± 0.126361	0.985 ± 0.028577	0.733 ± 0.130833	0.955 ± 0.075034	0.19002 ± 0.071963	0.04067 ± 0.055294	0.712 ± 0.140919	0.953 ± 0.076916	0.467 ± 0.261667	0.910 ± 0.150068	0.6472 ± 0.315246	0.1640 ± 0.170089	0.514 ± 0.265626	0.912 ± 0.146776	0.488 ± 0.259774	0.911 ± 0.148392	0.813 ± 0.172323	0.977 ± 0.042099	0.702 ± 0.175070	0.935 ± 0.111334	0.800 ± 0.154345	0.985 ± 0.028807	0.810 ± 0.139647	0.980 ± 0.040045	0.777 ± 0.215236	0.977 ± 0.041922	0.690 ± 0.216654	0.933 ± 0.116750
precision_recall_auc	nan	nan	0.867 ± 0.134023	0.995 ± 0.020573	0.765 ± 0.161452	0.979 ± 0.051783	0.16950 ± 0.086836	0.01733 ± 0.034506	0.739 ± 0.174745	0.977 ± 0.055489	0.531 ± 0.322904	0.958 ± 0.103566	0.5916 ± 0.430074	0.0907 ± 0.106715	0.570 ± 0.341373	0.956 ± 0.104074	0.549 ± 0.329173	0.957 ± 0.103800	0.800 ± 0.196633	0.991 ± 0.027913	0.770 ± 0.204513	0.965 ± 0.079725	0.845 ± 0.160147	0.995 ± 0.020759	0.850 ± 0.139330	0.994 ± 0.024584	0.752 ± 0.222393	0.991 ± 0.029244	0.779 ± 0.217380	0.966 ± 0.078632
roc_auc	nan	nan	0.869 ± 0.138528	0.996 ± 0.019451	0.769 ± 0.154492	0.984 ± 0.045212	0.16548 ± 0.085389	0.01475 ± 0.031227	0.740 ± 0.167431	0.982 ± 0.048331	0.537 ± 0.308984	0.968 ± 0.090425	0.6068 ± 0.484196	0.0829 ± 0.096880	0.577 ± 0.326313	0.966 ± 0.089661	0.555 ± 0.314491	0.967 ± 0.090015	0.796 ± 0.191348	0.996 ± 0.018552	0.781 ± 0.198121	0.970 ± 0.074006	0.846 ± 0.168551	0.996 ± 0.019629	0.857 ± 0.141359	0.995 ± 0.022987	0.748 ± 0.214610	0.996 ± 0.018228	0.789 ± 0.215778	0.971 ± 0.075083
