	mean_best_threshold_tuning_score	mean_best_threshold	mean_test_average_precision	mean_train_average_precision	mean_test_balanced_accuracy	mean_train_balanced_accuracy	mean_test_brier_loss	mean_train_brier_loss	mean_test_f1	mean_train_f1	mean_test_informedness	mean_train_informedness	mean_test_log_loss	mean_train_log_loss	mean_test_markedness	mean_train_markedness	mean_test_mcc	mean_train_mcc	mean_test_negative_predictive_value	mean_train_negative_predictive_value	mean_test_precision	mean_train_precision	mean_test_precision_recall_auc	mean_train_precision_recall_auc	mean_test_roc_auc	mean_train_roc_auc	mean_test_sensitivity	mean_train_sensitivity	mean_test_specificity	mean_train_specificity
mcc	nan	nan	0.896 ± 0.114157	0.978 ± 0.022270	0.825 ± 0.141276	0.936 ± 0.043161	0.13655 ± 0.070803	0.05103 ± 0.028566	0.783 ± 0.181998	0.930 ± 0.048366	0.650 ± 0.282552	0.873 ± 0.086323	0.4624 ± 0.226974	0.1985 ± 0.084717	0.705 ± 0.266827	0.890 ± 0.073052	0.674 ± 0.272122	0.881 ± 0.079540	0.835 ± 0.145575	0.925 ± 0.054666	0.869 ± 0.196580	0.965 ± 0.026346	0.880 ± 0.137062	0.977 ± 0.022484	0.877 ± 0.130644	0.975 ± 0.026710	0.757 ± 0.230744	0.899 ± 0.075305	0.893 ± 0.163822	0.974 ± 0.019961
precision_recall_auc	nan	nan	0.889 ± 0.119751	0.960 ± 0.027614	0.778 ± 0.147669	0.882 ± 0.113671	0.15266 ± 0.080855	0.07224 ± 0.032224	0.702 ± 0.249774	0.838 ± 0.232955	0.555 ± 0.295339	0.765 ± 0.227343	0.5117 ± 0.252085	0.2556 ± 0.091550	0.584 ± 0.360050	0.771 ± 0.319167	0.580 ± 0.287557	0.780 ± 0.221872	0.804 ± 0.156068	0.868 ± 0.102571	0.780 ± 0.273668	0.902 ± 0.231842	0.871 ± 0.146723	0.960 ± 0.027914	0.872 ± 0.125175	0.955 ± 0.031910	0.690 ± 0.293563	0.792 ± 0.232782	0.865 ± 0.168199	0.973 ± 0.020948
roc_auc	nan	nan	0.881 ± 0.121451	0.970 ± 0.029061	0.790 ± 0.141231	0.910 ± 0.108539	0.15175 ± 0.079639	0.05730 ± 0.037599	0.724 ± 0.228683	0.878 ± 0.207218	0.580 ± 0.282462	0.820 ± 0.217078	0.5105 ± 0.251722	0.2163 ± 0.105534	0.622 ± 0.331599	0.826 ± 0.276464	0.607 ± 0.273109	0.831 ± 0.207723	0.814 ± 0.155815	0.902 ± 0.103729	0.808 ± 0.251757	0.924 ± 0.192793	0.861 ± 0.149005	0.969 ± 0.029378	0.865 ± 0.124995	0.966 ± 0.032729	0.710 ± 0.279313	0.847 ± 0.217589	0.870 ± 0.168426	0.973 ± 0.022875
