	mean_best_threshold_tuning_score	mean_best_threshold	mean_test_average_precision	mean_train_average_precision	mean_test_balanced_accuracy	mean_train_balanced_accuracy	mean_test_brier_loss	mean_train_brier_loss	mean_test_f1	mean_train_f1	mean_test_informedness	mean_train_informedness	mean_test_log_loss	mean_train_log_loss	mean_test_markedness	mean_train_markedness	mean_test_mcc	mean_train_mcc	mean_test_negative_predictive_value	mean_train_negative_predictive_value	mean_test_precision	mean_train_precision	mean_test_precision_recall_auc	mean_train_precision_recall_auc	mean_test_roc_auc	mean_train_roc_auc	mean_test_sensitivity	mean_train_sensitivity	mean_test_specificity	mean_train_specificity
mcc	nan	nan	0.943 ± 0.058420	1.000 ± 0.000000	0.833 ± 0.124624	1.000 ± 0.000000	0.12264 ± 0.058327	0.01160 ± 0.002817	0.798 ± 0.162481	1.000 ± 0.000000	0.666 ± 0.249249	1.000 ± 0.000000	0.3841 ± 0.156459	0.0799 ± 0.014419	0.706 ± 0.230555	1.000 ± 0.000000	0.684 ± 0.237770	1.000 ± 0.000000	0.861 ± 0.139762	1.000 ± 0.000000	0.845 ± 0.172590	1.000 ± 0.000000	0.935 ± 0.067807	1.000 ± 0.000000	0.938 ± 0.060554	1.000 ± 0.000000	0.802 ± 0.219442	1.000 ± 0.000000	0.864 ± 0.155852	1.000 ± 0.000000
precision_recall_auc	nan	nan	0.941 ± 0.062885	1.000 ± 0.000000	0.815 ± 0.112879	1.000 ± 0.000000	0.12316 ± 0.060353	0.01095 ± 0.002846	0.776 ± 0.151477	1.000 ± 0.000000	0.630 ± 0.225759	1.000 ± 0.000000	0.3794 ± 0.153443	0.0766 ± 0.014875	0.681 ± 0.213007	1.000 ± 0.000000	0.653 ± 0.216569	1.000 ± 0.000000	0.836 ± 0.132087	1.000 ± 0.000000	0.845 ± 0.170109	1.000 ± 0.000000	0.932 ± 0.073517	1.000 ± 0.000000	0.940 ± 0.061366	1.000 ± 0.000000	0.762 ± 0.211630	1.000 ± 0.000000	0.868 ± 0.151442	1.000 ± 0.000000
roc_auc	nan	nan	0.942 ± 0.066606	1.000 ± 0.000000	0.823 ± 0.121683	1.000 ± 0.000000	0.12362 ± 0.057663	0.01170 ± 0.002959	0.786 ± 0.160445	1.000 ± 0.000000	0.646 ± 0.243366	1.000 ± 0.000000	0.3815 ± 0.148822	0.0802 ± 0.015219	0.700 ± 0.223254	1.000 ± 0.000000	0.670 ± 0.230925	1.000 ± 0.000000	0.850 ± 0.136249	1.000 ± 0.000000	0.850 ± 0.177009	1.000 ± 0.000000	0.935 ± 0.074199	1.000 ± 0.000000	0.941 ± 0.064735	1.000 ± 0.000000	0.777 ± 0.219151	1.000 ± 0.000000	0.869 ± 0.168998	1.000 ± 0.000000
