	mean_ncv_average_precision	mean_ncv_balanced_accuracy	mean_ncv_brier_loss	mean_ncv_f1	mean_ncv_informedness	mean_ncv_log_loss	mean_ncv_markedness	mean_ncv_mcc	mean_ncv_negative_predictive_value	mean_ncv_precision	mean_ncv_precision_recall_auc	mean_ncv_roc_auc	mean_ncv_sensitivity	mean_ncv_specificity
mcc	0.899 ± 0.028006	0.830 ± 0.018718	0.12264 ± 0.010200	0.811 ± 0.023367	0.659 ± 0.037437	0.3841 ± 0.039358	0.665 ± 0.031519	0.662 ± 0.034064	0.841 ± 0.028146	0.824 ± 0.022817	0.896 ± 0.029802	0.908 ± 0.019525	0.800 ± 0.046849	0.859 ± 0.025802
precision_recall_auc	0.903 ± 0.017125	0.812 ± 0.017170	0.12316 ± 0.008460	0.790 ± 0.020251	0.625 ± 0.034341	0.3794 ± 0.025363	0.636 ± 0.034641	0.631 ± 0.034323	0.816 ± 0.016962	0.821 ± 0.023647	0.900 ± 0.018061	0.913 ± 0.012000	0.761 ± 0.026836	0.864 ± 0.021427
roc_auc	0.900 ± 0.015369	0.821 ± 0.034584	0.12362 ± 0.008512	0.800 ± 0.039845	0.641 ± 0.069167	0.3815 ± 0.021736	0.651 ± 0.066370	0.646 ± 0.067642	0.827 ± 0.036551	0.824 ± 0.035852	0.899 ± 0.015611	0.911 ± 0.012372	0.778 ± 0.052378	0.864 ± 0.030303
