	mean_best_threshold_tuning_score	mean_best_threshold	mean_test_average_precision	mean_train_average_precision	mean_test_balanced_accuracy	mean_train_balanced_accuracy	mean_test_brier_loss	mean_train_brier_loss	mean_test_f1	mean_train_f1	mean_test_informedness	mean_train_informedness	mean_test_log_loss	mean_train_log_loss	mean_test_markedness	mean_train_markedness	mean_test_mcc	mean_train_mcc	mean_test_negative_predictive_value	mean_train_negative_predictive_value	mean_test_precision	mean_train_precision	mean_test_precision_recall_auc	mean_train_precision_recall_auc	mean_test_roc_auc	mean_train_roc_auc	mean_test_sensitivity	mean_train_sensitivity	mean_test_specificity	mean_train_specificity
mcc	nan	nan	0.928 ± 0.100597	1.000 ± 0.000000	0.834 ± 0.098313	1.000 ± 0.000000	0.12215 ± 0.052589	0.00947 ± 0.001902	0.798 ± 0.129436	1.000 ± 0.000000	0.667 ± 0.196626	1.000 ± 0.000000	0.3976 ± 0.138292	0.0766 ± 0.012276	0.729 ± 0.169939	1.000 ± 0.000000	0.695 ± 0.178296	1.000 ± 0.000000	0.850 ± 0.128547	1.000 ± 0.000000	0.879 ± 0.143838	1.000 ± 0.000000	0.916 ± 0.125238	1.000 ± 0.000000	0.923 ± 0.104477	1.000 ± 0.000000	0.778 ± 0.206615	1.000 ± 0.000000	0.889 ± 0.133359	1.000 ± 0.000000
precision_recall_auc	nan	nan	0.945 ± 0.075489	1.000 ± 0.000000	0.839 ± 0.101781	1.000 ± 0.000000	0.11710 ± 0.048926	0.00887 ± 0.001751	0.807 ± 0.133416	1.000 ± 0.000000	0.679 ± 0.203563	1.000 ± 0.000000	0.3849 ± 0.133242	0.0731 ± 0.010061	0.731 ± 0.176150	1.000 ± 0.000000	0.702 ± 0.185458	1.000 ± 0.000000	0.863 ± 0.130488	1.000 ± 0.000000	0.867 ± 0.139929	1.000 ± 0.000000	0.939 ± 0.089318	1.000 ± 0.000000	0.939 ± 0.085236	1.000 ± 0.000000	0.800 ± 0.208248	1.000 ± 0.000000	0.879 ± 0.127811	1.000 ± 0.000000
roc_auc	nan	nan	0.930 ± 0.100090	1.000 ± 0.000000	0.833 ± 0.113169	1.000 ± 0.000000	0.11991 ± 0.053466	0.00910 ± 0.001853	0.796 ± 0.152248	1.000 ± 0.000000	0.666 ± 0.226339	1.000 ± 0.000000	0.3955 ± 0.150074	0.0741 ± 0.010597	0.715 ± 0.205473	1.000 ± 0.000000	0.687 ± 0.212262	1.000 ± 0.000000	0.854 ± 0.140568	1.000 ± 0.000000	0.861 ± 0.149012	1.000 ± 0.000000	0.920 ± 0.120995	1.000 ± 0.000000	0.923 ± 0.107226	1.000 ± 0.000000	0.787 ± 0.220903	1.000 ± 0.000000	0.879 ± 0.127811	1.000 ± 0.000000
