	mean_best_threshold_tuning_score	mean_best_threshold	mean_test_average_precision	mean_train_average_precision	mean_test_balanced_accuracy	mean_train_balanced_accuracy	mean_test_brier_loss	mean_train_brier_loss	mean_test_f1	mean_train_f1	mean_test_informedness	mean_train_informedness	mean_test_log_loss	mean_train_log_loss	mean_test_markedness	mean_train_markedness	mean_test_mcc	mean_train_mcc	mean_test_negative_predictive_value	mean_train_negative_predictive_value	mean_test_precision	mean_train_precision	mean_test_precision_recall_auc	mean_train_precision_recall_auc	mean_test_roc_auc	mean_train_roc_auc	mean_test_sensitivity	mean_train_sensitivity	mean_test_specificity	mean_train_specificity
mcc	nan	nan	0.918 ± 0.090061	1.000 ± 0.000000	0.819 ± 0.102523	1.000 ± 0.000000	0.13233 ± 0.055041	0.00911 ± 0.001837	0.771 ± 0.144806	1.000 ± 0.000000	0.638 ± 0.205045	1.000 ± 0.000000	0.4373 ± 0.169198	0.0742 ± 0.010499	0.730 ± 0.167796	1.000 ± 0.000000	0.680 ± 0.182721	1.000 ± 0.000000	0.809 ± 0.126371	1.000 ± 0.000000	0.922 ± 0.137117	1.000 ± 0.000000	0.910 ± 0.098131	1.000 ± 0.000000	0.890 ± 0.129444	1.000 ± 0.000000	0.703 ± 0.210388	1.000 ± 0.000000	0.935 ± 0.116168	1.000 ± 0.000000
precision_recall_auc	nan	nan	0.924 ± 0.083683	1.000 ± 0.000000	0.828 ± 0.110226	1.000 ± 0.000000	0.12883 ± 0.052440	0.00906 ± 0.001784	0.780 ± 0.154020	1.000 ± 0.000000	0.655 ± 0.220452	1.000 ± 0.000000	0.4230 ± 0.150013	0.0743 ± 0.010900	0.729 ± 0.187606	1.000 ± 0.000000	0.688 ± 0.200953	1.000 ± 0.000000	0.817 ± 0.124721	1.000 ± 0.000000	0.912 ± 0.147390	1.000 ± 0.000000	0.917 ± 0.092138	1.000 ± 0.000000	0.899 ± 0.113299	1.000 ± 0.000000	0.718 ± 0.210206	1.000 ± 0.000000	0.937 ± 0.105854	1.000 ± 0.000000
roc_auc	nan	nan	0.920 ± 0.090773	1.000 ± 0.000000	0.835 ± 0.109942	1.000 ± 0.000000	0.12879 ± 0.053907	0.00881 ± 0.001695	0.788 ± 0.158833	1.000 ± 0.000000	0.669 ± 0.219883	1.000 ± 0.000000	0.4281 ± 0.163991	0.0727 ± 0.009464	0.752 ± 0.170995	1.000 ± 0.000000	0.706 ± 0.193323	1.000 ± 0.000000	0.826 ± 0.125546	1.000 ± 0.000000	0.926 ± 0.136410	1.000 ± 0.000000	0.911 ± 0.098867	1.000 ± 0.000000	0.893 ± 0.123830	1.000 ± 0.000000	0.728 ± 0.217444	1.000 ± 0.000000	0.941 ± 0.111890	1.000 ± 0.000000
