	mean_best_threshold_tuning_score	mean_best_threshold	mean_test_average_precision	mean_train_average_precision	mean_test_balanced_accuracy	mean_train_balanced_accuracy	mean_test_brier_loss	mean_train_brier_loss	mean_test_f1	mean_train_f1	mean_test_informedness	mean_train_informedness	mean_test_log_loss	mean_train_log_loss	mean_test_markedness	mean_train_markedness	mean_test_mcc	mean_train_mcc	mean_test_negative_predictive_value	mean_train_negative_predictive_value	mean_test_precision	mean_train_precision	mean_test_precision_recall_auc	mean_train_precision_recall_auc	mean_test_roc_auc	mean_train_roc_auc	mean_test_sensitivity	mean_train_sensitivity	mean_test_specificity	mean_train_specificity
mcc	nan	nan	0.906 ± 0.114293	1.000 ± 0.000000	0.850 ± 0.111098	1.000 ± 0.000000	0.13251 ± 0.058538	0.00891 ± 0.001768	0.827 ± 0.131611	1.000 ± 0.000000	0.700 ± 0.222195	1.000 ± 0.000000	0.4315 ± 0.156066	0.0734 ± 0.011149	0.728 ± 0.217162	1.000 ± 0.000000	0.713 ± 0.218113	1.000 ± 0.000000	0.868 ± 0.119392	1.000 ± 0.000000	0.860 ± 0.164030	1.000 ± 0.000000	0.887 ± 0.145542	1.000 ± 0.000000	0.908 ± 0.100095	1.000 ± 0.000000	0.823 ± 0.168897	1.000 ± 0.000000	0.877 ± 0.152265	1.000 ± 0.000000
precision_recall_auc	nan	nan	0.898 ± 0.115866	1.000 ± 0.000000	0.838 ± 0.119512	1.000 ± 0.000000	0.13499 ± 0.059071	0.00884 ± 0.001932	0.815 ± 0.138027	1.000 ± 0.000000	0.676 ± 0.239024	1.000 ± 0.000000	0.4333 ± 0.152471	0.0727 ± 0.011389	0.700 ± 0.237595	1.000 ± 0.000000	0.688 ± 0.237294	1.000 ± 0.000000	0.856 ± 0.122549	1.000 ± 0.000000	0.844 ± 0.173127	1.000 ± 0.000000	0.880 ± 0.146838	1.000 ± 0.000000	0.900 ± 0.105382	1.000 ± 0.000000	0.813 ± 0.165438	1.000 ± 0.000000	0.863 ± 0.164382	1.000 ± 0.000000
roc_auc	nan	nan	0.900 ± 0.120739	1.000 ± 0.000000	0.836 ± 0.105386	1.000 ± 0.000000	0.13765 ± 0.056614	0.00911 ± 0.001986	0.808 ± 0.129211	1.000 ± 0.000000	0.672 ± 0.210771	1.000 ± 0.000000	0.4387 ± 0.145528	0.0749 ± 0.012018	0.704 ± 0.209593	1.000 ± 0.000000	0.687 ± 0.208332	1.000 ± 0.000000	0.854 ± 0.116876	1.000 ± 0.000000	0.850 ± 0.170417	1.000 ± 0.000000	0.882 ± 0.149789	1.000 ± 0.000000	0.901 ± 0.109709	1.000 ± 0.000000	0.802 ± 0.169942	1.000 ± 0.000000	0.870 ± 0.152530	1.000 ± 0.000000
