	mean_best_threshold_tuning_score	mean_best_threshold	mean_test_average_precision	mean_train_average_precision	mean_test_balanced_accuracy	mean_train_balanced_accuracy	mean_test_brier_loss	mean_train_brier_loss	mean_test_f1	mean_train_f1	mean_test_informedness	mean_train_informedness	mean_test_log_loss	mean_train_log_loss	mean_test_markedness	mean_train_markedness	mean_test_mcc	mean_train_mcc	mean_test_negative_predictive_value	mean_train_negative_predictive_value	mean_test_precision	mean_train_precision	mean_test_precision_recall_auc	mean_train_precision_recall_auc	mean_test_roc_auc	mean_train_roc_auc	mean_test_sensitivity	mean_train_sensitivity	mean_test_specificity	mean_train_specificity
mcc	nan	nan	0.939 ± 0.078156	0.989 ± 0.015345	0.847 ± 0.130862	0.945 ± 0.039684	0.11317 ± 0.087468	0.03575 ± 0.025131	0.814 ± 0.163510	0.940 ± 0.044606	0.694 ± 0.261723	0.890 ± 0.079368	0.3883 ± 0.276156	0.1365 ± 0.082101	0.749 ± 0.245698	0.908 ± 0.067285	0.719 ± 0.251137	0.899 ± 0.073246	0.839 ± 0.132774	0.930 ± 0.047613	0.909 ± 0.165580	0.979 ± 0.025889	0.929 ± 0.093015	0.989 ± 0.015470	0.932 ± 0.087574	0.988 ± 0.019544	0.768 ± 0.202933	0.906 ± 0.066382	0.926 ± 0.141868	0.984 ± 0.020508
precision_recall_auc	nan	nan	0.928 ± 0.091885	0.980 ± 0.018475	0.800 ± 0.168888	0.878 ± 0.151749	0.11604 ± 0.085405	0.04434 ± 0.033167	0.706 ± 0.311959	0.810 ± 0.309416	0.600 ± 0.337777	0.756 ± 0.303498	0.3868 ± 0.281184	0.1515 ± 0.104843	0.613 ± 0.446105	0.727 ± 0.449856	0.628 ± 0.334254	0.769 ± 0.302807	0.799 ± 0.156410	0.868 ± 0.139455	0.814 ± 0.341925	0.859 ± 0.321208	0.918 ± 0.107775	0.980 ± 0.018642	0.918 ± 0.100514	0.980 ± 0.019509	0.660 ± 0.321578	0.771 ± 0.305926	0.940 ± 0.153530	0.985 ± 0.016520
roc_auc	nan	nan	0.925 ± 0.085644	0.977 ± 0.020492	0.809 ± 0.158200	0.883 ± 0.140569	0.12113 ± 0.078009	0.04906 ± 0.035562	0.727 ± 0.290435	0.825 ± 0.285239	0.619 ± 0.316401	0.767 ± 0.281137	0.3950 ± 0.243063	0.1674 ± 0.108658	0.635 ± 0.408714	0.744 ± 0.415700	0.644 ± 0.312022	0.778 ± 0.280362	0.816 ± 0.151246	0.875 ± 0.131349	0.818 ± 0.318376	0.869 ± 0.294305	0.914 ± 0.101145	0.977 ± 0.020693	0.915 ± 0.091708	0.977 ± 0.021175	0.692 ± 0.308721	0.789 ± 0.283218	0.927 ± 0.157211	0.978 ± 0.025663
