	mean_best_threshold_tuning_score	mean_best_threshold	mean_test_average_precision	mean_train_average_precision	mean_test_balanced_accuracy	mean_train_balanced_accuracy	mean_test_brier_loss	mean_train_brier_loss	mean_test_f1	mean_train_f1	mean_test_informedness	mean_train_informedness	mean_test_log_loss	mean_train_log_loss	mean_test_markedness	mean_train_markedness	mean_test_mcc	mean_train_mcc	mean_test_negative_predictive_value	mean_train_negative_predictive_value	mean_test_precision	mean_train_precision	mean_test_precision_recall_auc	mean_train_precision_recall_auc	mean_test_roc_auc	mean_train_roc_auc	mean_test_sensitivity	mean_train_sensitivity	mean_test_specificity	mean_train_specificity
mcc	nan	nan	0.931 ± 0.083314	0.989 ± 0.015345	0.855 ± 0.118273	0.945 ± 0.039684	0.11155 ± 0.088457	0.03575 ± 0.025131	0.818 ± 0.157879	0.940 ± 0.044606	0.709 ± 0.236546	0.890 ± 0.079368	0.4044 ± 0.291508	0.1365 ± 0.082101	0.794 ± 0.188228	0.908 ± 0.067285	0.747 ± 0.211189	0.899 ± 0.073246	0.832 ± 0.120745	0.930 ± 0.047613	0.962 ± 0.122162	0.979 ± 0.025889	0.924 ± 0.092523	0.989 ± 0.015470	0.908 ± 0.109241	0.988 ± 0.019544	0.743 ± 0.203317	0.906 ± 0.066382	0.966 ± 0.117125	0.984 ± 0.020508
precision_recall_auc	nan	nan	0.931 ± 0.075496	0.980 ± 0.018475	0.806 ± 0.159861	0.878 ± 0.151749	0.10943 ± 0.081293	0.04434 ± 0.033167	0.708 ± 0.309431	0.810 ± 0.309416	0.612 ± 0.319723	0.756 ± 0.303498	0.3902 ± 0.265073	0.1515 ± 0.104843	0.641 ± 0.429610	0.727 ± 0.449856	0.647 ± 0.311405	0.769 ± 0.302807	0.797 ± 0.145252	0.868 ± 0.139455	0.843 ± 0.335908	0.859 ± 0.321208	0.923 ± 0.085368	0.980 ± 0.018642	0.913 ± 0.092120	0.980 ± 0.019509	0.645 ± 0.316680	0.771 ± 0.305926	0.967 ± 0.111397	0.985 ± 0.016520
roc_auc	nan	nan	0.926 ± 0.074807	0.977 ± 0.020492	0.814 ± 0.146944	0.883 ± 0.140569	0.11334 ± 0.069721	0.04906 ± 0.035562	0.727 ± 0.286364	0.825 ± 0.285239	0.627 ± 0.293889	0.767 ± 0.281137	0.3859 ± 0.214618	0.1674 ± 0.108658	0.661 ± 0.390087	0.744 ± 0.415700	0.660 ± 0.285794	0.778 ± 0.280362	0.806 ± 0.134884	0.875 ± 0.131349	0.855 ± 0.311059	0.869 ± 0.294305	0.918 ± 0.084795	0.977 ± 0.020693	0.907 ± 0.087730	0.977 ± 0.021175	0.665 ± 0.298090	0.789 ± 0.283218	0.962 ± 0.100285	0.978 ± 0.025663
