	mean_best_threshold_tuning_score	mean_best_threshold	mean_test_average_precision	mean_train_average_precision	mean_test_balanced_accuracy	mean_train_balanced_accuracy	mean_test_brier_loss	mean_train_brier_loss	mean_test_f1	mean_train_f1	mean_test_informedness	mean_train_informedness	mean_test_log_loss	mean_train_log_loss	mean_test_markedness	mean_train_markedness	mean_test_mcc	mean_train_mcc	mean_test_negative_predictive_value	mean_train_negative_predictive_value	mean_test_precision	mean_train_precision	mean_test_precision_recall_auc	mean_train_precision_recall_auc	mean_test_roc_auc	mean_train_roc_auc	mean_test_sensitivity	mean_train_sensitivity	mean_test_specificity	mean_train_specificity
mcc	nan	nan	0.772 ± 0.175561	0.983 ± 0.021449	0.713 ± 0.139027	0.942 ± 0.054635	0.22299 ± 0.092112	0.06342 ± 0.027485	0.639 ± 0.217069	0.935 ± 0.070305	0.426 ± 0.278054	0.885 ± 0.109270	0.8088 ± 0.501291	0.2559 ± 0.078834	0.474 ± 0.344717	0.913 ± 0.071401	0.456 ± 0.282268	0.898 ± 0.091062	0.741 ± 0.152630	0.924 ± 0.065093	0.733 ± 0.260200	0.989 ± 0.022492	0.729 ± 0.216415	0.982 ± 0.021713	0.738 ± 0.194539	0.977 ± 0.028662	0.623 ± 0.262575	0.893 ± 0.107203	0.803 ± 0.191506	0.991 ± 0.017851
precision_recall_auc	nan	nan	0.760 ± 0.185075	0.976 ± 0.022269	0.711 ± 0.146133	0.922 ± 0.066306	0.21897 ± 0.096278	0.06864 ± 0.033238	0.637 ± 0.226268	0.911 ± 0.080737	0.421 ± 0.292267	0.845 ± 0.132612	0.7950 ± 0.502353	0.2611 ± 0.097997	0.452 ± 0.347407	0.881 ± 0.100573	0.443 ± 0.293399	0.862 ± 0.116529	0.738 ± 0.148635	0.901 ± 0.079321	0.714 ± 0.253271	0.980 ± 0.035404	0.710 ± 0.228678	0.975 ± 0.022572	0.744 ± 0.198354	0.971 ± 0.026743	0.618 ± 0.258687	0.859 ± 0.122238	0.803 ± 0.180252	0.986 ± 0.025724
roc_auc	nan	nan	0.778 ± 0.184299	0.967 ± 0.027620	0.673 ± 0.134624	0.898 ± 0.082720	0.21969 ± 0.100664	0.07059 ± 0.034161	0.585 ± 0.217666	0.879 ± 0.112211	0.347 ± 0.269248	0.797 ± 0.165441	0.7952 ± 0.509765	0.2617 ± 0.099335	0.377 ± 0.330518	0.845 ± 0.115783	0.369 ± 0.274155	0.819 ± 0.141808	0.706 ± 0.148513	0.878 ± 0.090801	0.671 ± 0.243988	0.967 ± 0.042827	0.734 ± 0.225650	0.966 ± 0.028083	0.759 ± 0.200934	0.963 ± 0.030606	0.567 ± 0.261363	0.820 ± 0.156204	0.780 ± 0.175255	0.977 ± 0.029760
