	mean_best_threshold_tuning_score	mean_best_threshold	mean_test_average_precision	mean_train_average_precision	mean_test_balanced_accuracy	mean_train_balanced_accuracy	mean_test_brier_loss	mean_train_brier_loss	mean_test_f1	mean_train_f1	mean_test_informedness	mean_train_informedness	mean_test_log_loss	mean_train_log_loss	mean_test_markedness	mean_train_markedness	mean_test_mcc	mean_train_mcc	mean_test_negative_predictive_value	mean_train_negative_predictive_value	mean_test_precision	mean_train_precision	mean_test_precision_recall_auc	mean_train_precision_recall_auc	mean_test_roc_auc	mean_train_roc_auc	mean_test_sensitivity	mean_train_sensitivity	mean_test_specificity	mean_train_specificity
mcc	nan	nan	0.940 ± 0.069853	0.996 ± 0.008418	0.840 ± 0.120498	0.971 ± 0.041411	0.11796 ± 0.069511	0.02067 ± 0.027427	0.811 ± 0.144869	0.968 ± 0.045961	0.679 ± 0.240996	0.942 ± 0.082823	0.3765 ± 0.196080	0.1007 ± 0.085592	0.723 ± 0.231653	0.955 ± 0.064881	0.700 ± 0.233963	0.949 ± 0.073928	0.854 ± 0.129120	0.960 ± 0.056754	0.870 ± 0.172243	0.995 ± 0.010494	0.932 ± 0.079687	0.996 ± 0.008506	0.931 ± 0.081214	0.996 ± 0.008193	0.793 ± 0.189162	0.946 ± 0.077271	0.886 ± 0.160687	0.997 ± 0.007425
precision_recall_auc	nan	nan	0.942 ± 0.070335	0.986 ± 0.016260	0.741 ± 0.154762	0.855 ± 0.131746	0.12390 ± 0.064084	0.04053 ± 0.038596	0.591 ± 0.323955	0.796 ± 0.241071	0.483 ± 0.309523	0.711 ± 0.263492	0.3893 ± 0.175719	0.1436 ± 0.113775	0.532 ± 0.480467	0.766 ± 0.334210	0.539 ± 0.306737	0.750 ± 0.245832	0.729 ± 0.139723	0.829 ± 0.135154	0.803 ± 0.386037	0.937 ± 0.239305	0.933 ± 0.081451	0.986 ± 0.016448	0.935 ± 0.077844	0.987 ± 0.015499	0.497 ± 0.314952	0.713 ± 0.264562	0.986 ± 0.056279	0.998 ± 0.007459
roc_auc	nan	nan	0.942 ± 0.070335	0.984 ± 0.015989	0.752 ± 0.151876	0.843 ± 0.134189	0.11983 ± 0.064919	0.04937 ± 0.039963	0.612 ± 0.314851	0.777 ± 0.242175	0.504 ± 0.303752	0.685 ± 0.268379	0.3772 ± 0.175263	0.1699 ± 0.116330	0.564 ± 0.459411	0.754 ± 0.331019	0.561 ± 0.299356	0.730 ± 0.248277	0.736 ± 0.137106	0.817 ± 0.137780	0.828 ± 0.369780	0.937 ± 0.239425	0.933 ± 0.081451	0.983 ± 0.016173	0.935 ± 0.077844	0.985 ± 0.014517	0.513 ± 0.306468	0.687 ± 0.269663	0.991 ± 0.044824	0.998 ± 0.007034
