	mean_best_threshold_tuning_score	mean_best_threshold	mean_test_average_precision	mean_train_average_precision	mean_test_balanced_accuracy	mean_train_balanced_accuracy	mean_test_brier_loss	mean_train_brier_loss	mean_test_f1	mean_train_f1	mean_test_informedness	mean_train_informedness	mean_test_log_loss	mean_train_log_loss	mean_test_markedness	mean_train_markedness	mean_test_mcc	mean_train_mcc	mean_test_negative_predictive_value	mean_train_negative_predictive_value	mean_test_precision	mean_train_precision	mean_test_precision_recall_auc	mean_train_precision_recall_auc	mean_test_roc_auc	mean_train_roc_auc	mean_test_sensitivity	mean_train_sensitivity	mean_test_specificity	mean_train_specificity
mcc	nan	nan	0.955 ± 0.056636	0.996 ± 0.008355	0.849 ± 0.112704	0.960 ± 0.043392	0.10758 ± 0.066278	0.02521 ± 0.026632	0.823 ± 0.132423	0.957 ± 0.048050	0.697 ± 0.225409	0.921 ± 0.086784	0.3437 ± 0.169064	0.1139 ± 0.081226	0.735 ± 0.220950	0.940 ± 0.065861	0.715 ± 0.220867	0.930 ± 0.076339	0.859 ± 0.120525	0.943 ± 0.061240	0.876 ± 0.161316	0.997 ± 0.013055	0.949 ± 0.064392	0.996 ± 0.008442	0.948 ± 0.064176	0.996 ± 0.007933	0.803 ± 0.173956	0.922 ± 0.083928	0.894 ± 0.145209	0.998 ± 0.009740
precision_recall_auc	nan	nan	0.947 ± 0.067916	0.990 ± 0.013276	0.784 ± 0.176052	0.856 ± 0.157912	0.10898 ± 0.063991	0.03567 ± 0.035916	0.651 ± 0.359171	0.780 ± 0.293237	0.568 ± 0.352105	0.712 ± 0.315824	0.3503 ± 0.174737	0.1344 ± 0.103080	0.551 ± 0.524792	0.758 ± 0.382175	0.600 ± 0.347672	0.748 ± 0.292402	0.782 ± 0.162056	0.839 ± 0.153073	0.768 ± 0.397444	0.919 ± 0.273910	0.940 ± 0.076107	0.990 ± 0.013411	0.925 ± 0.103410	0.991 ± 0.013601	0.595 ± 0.361093	0.712 ± 0.315958	0.973 ± 0.074375	1.000 ± 0.002619
roc_auc	nan	nan	0.946 ± 0.066845	0.988 ± 0.013476	0.797 ± 0.159892	0.862 ± 0.160596	0.11253 ± 0.061827	0.04265 ± 0.040045	0.691 ± 0.318380	0.785 ± 0.305162	0.595 ± 0.319783	0.723 ± 0.321192	0.3554 ± 0.168303	0.1566 ± 0.110839	0.617 ± 0.449822	0.743 ± 0.421036	0.631 ± 0.310354	0.752 ± 0.305458	0.794 ± 0.142869	0.847 ± 0.155801	0.823 ± 0.347749	0.896 ± 0.302400	0.940 ± 0.075021	0.988 ± 0.013619	0.926 ± 0.100036	0.989 ± 0.012902	0.627 ± 0.327431	0.726 ± 0.322047	0.968 ± 0.080661	0.997 ± 0.016932
