	mean_best_threshold_tuning_score	mean_best_threshold	mean_test_average_precision	mean_train_average_precision	mean_test_balanced_accuracy	mean_train_balanced_accuracy	mean_test_brier_loss	mean_train_brier_loss	mean_test_f1	mean_train_f1	mean_test_informedness	mean_train_informedness	mean_test_log_loss	mean_train_log_loss	mean_test_markedness	mean_train_markedness	mean_test_mcc	mean_train_mcc	mean_test_negative_predictive_value	mean_train_negative_predictive_value	mean_test_precision	mean_train_precision	mean_test_precision_recall_auc	mean_train_precision_recall_auc	mean_test_roc_auc	mean_train_roc_auc	mean_test_sensitivity	mean_train_sensitivity	mean_test_specificity	mean_train_specificity
mcc	nan	nan	0.926 ± 0.112484	0.960 ± 0.017493	0.873 ± 0.106661	0.903 ± 0.021739	0.10435 ± 0.066464	0.07380 ± 0.014504	0.841 ± 0.145858	0.892 ± 0.026417	0.747 ± 0.213323	0.806 ± 0.043477	0.3459 ± 0.167456	0.2605 ± 0.041993	0.832 ± 0.135175	0.860 ± 0.032479	0.785 ± 0.177399	0.833 ± 0.037216	0.856 ± 0.121883	0.867 ± 0.029734	0.976 ± 0.102936	0.993 ± 0.022502	0.917 ± 0.130068	0.960 ± 0.017671	0.893 ± 0.151869	0.946 ± 0.028620	0.775 ± 0.204990	0.812 ± 0.046556	0.972 ± 0.127839	0.994 ± 0.019631
precision_recall_auc	nan	nan	0.954 ± 0.069963	0.958 ± 0.016651	0.837 ± 0.122149	0.851 ± 0.068560	0.11443 ± 0.062436	0.08356 ± 0.021386	0.784 ± 0.192516	0.818 ± 0.102720	0.673 ± 0.244298	0.703 ± 0.137120	0.3677 ± 0.160668	0.2815 ± 0.058636	0.761 ± 0.229786	0.792 ± 0.071416	0.716 ± 0.218673	0.744 ± 0.105993	0.809 ± 0.131098	0.819 ± 0.075993	0.952 ± 0.167819	0.972 ± 0.042185	0.948 ± 0.079060	0.958 ± 0.016909	0.944 ± 0.097573	0.956 ± 0.018640	0.700 ± 0.236902	0.723 ± 0.147594	0.973 ± 0.098566	0.980 ± 0.033800
roc_auc	nan	nan	0.952 ± 0.067112	0.958 ± 0.016549	0.831 ± 0.131929	0.852 ± 0.063164	0.11555 ± 0.058354	0.08986 ± 0.025258	0.775 ± 0.203304	0.822 ± 0.093279	0.661 ± 0.263859	0.703 ± 0.126328	0.3689 ± 0.146335	0.2950 ± 0.069139	0.742 ± 0.252362	0.780 ± 0.078826	0.701 ± 0.241539	0.739 ± 0.101238	0.813 ± 0.141316	0.825 ± 0.070829	0.929 ± 0.187160	0.955 ± 0.061553	0.945 ± 0.076327	0.958 ± 0.016786	0.941 ± 0.088273	0.957 ± 0.018970	0.705 ± 0.250968	0.739 ± 0.137722	0.956 ± 0.121487	0.964 ± 0.051621
