	mean_best_threshold_tuning_score	mean_best_threshold	mean_test_average_precision	mean_train_average_precision	mean_test_balanced_accuracy	mean_train_balanced_accuracy	mean_test_brier_loss	mean_train_brier_loss	mean_test_f1	mean_train_f1	mean_test_informedness	mean_train_informedness	mean_test_log_loss	mean_train_log_loss	mean_test_markedness	mean_train_markedness	mean_test_mcc	mean_train_mcc	mean_test_negative_predictive_value	mean_train_negative_predictive_value	mean_test_precision	mean_train_precision	mean_test_precision_recall_auc	mean_train_precision_recall_auc	mean_test_roc_auc	mean_train_roc_auc	mean_test_sensitivity	mean_train_sensitivity	mean_test_specificity	mean_train_specificity
mcc	nan	nan	0.929 ± 0.075541	0.976 ± 0.012720	0.822 ± 0.121506	0.932 ± 0.032334	0.13023 ± 0.048243	0.07363 ± 0.021089	0.785 ± 0.153629	0.926 ± 0.035869	0.644 ± 0.243011	0.865 ± 0.064668	0.4256 ± 0.125615	0.2822 ± 0.064519	0.705 ± 0.230447	0.881 ± 0.060149	0.672 ± 0.233890	0.873 ± 0.062116	0.836 ± 0.139567	0.920 ± 0.036366	0.869 ± 0.177920	0.962 ± 0.032127	0.920 ± 0.086691	0.976 ± 0.012836	0.916 ± 0.092558	0.973 ± 0.014932	0.758 ± 0.214451	0.895 ± 0.049406	0.886 ± 0.165690	0.970 ± 0.026499
precision_recall_auc	nan	nan	0.943 ± 0.064654	0.972 ± 0.012275	0.845 ± 0.117492	0.918 ± 0.029709	0.12097 ± 0.042878	0.08291 ± 0.013656	0.815 ± 0.145239	0.910 ± 0.033430	0.691 ± 0.234983	0.836 ± 0.059417	0.4036 ± 0.105546	0.3097 ± 0.034863	0.743 ± 0.219599	0.857 ± 0.051617	0.715 ± 0.224954	0.846 ± 0.055187	0.851 ± 0.130849	0.902 ± 0.036377	0.892 ± 0.166436	0.956 ± 0.025376	0.936 ± 0.072312	0.972 ± 0.012407	0.926 ± 0.090291	0.969 ± 0.014552	0.787 ± 0.196454	0.869 ± 0.051684	0.904 ± 0.156766	0.966 ± 0.021987
roc_auc	nan	nan	0.941 ± 0.068013	0.972 ± 0.013359	0.835 ± 0.117466	0.914 ± 0.036226	0.12452 ± 0.050206	0.08204 ± 0.020434	0.805 ± 0.144630	0.905 ± 0.040723	0.670 ± 0.234931	0.828 ± 0.072452	0.4178 ± 0.161689	0.3048 ± 0.061489	0.720 ± 0.224020	0.849 ± 0.066029	0.693 ± 0.226861	0.838 ± 0.068877	0.849 ± 0.132008	0.899 ± 0.041566	0.872 ± 0.168401	0.950 ± 0.034471	0.934 ± 0.076825	0.972 ± 0.013518	0.925 ± 0.091548	0.970 ± 0.015219	0.785 ± 0.197124	0.866 ± 0.058192	0.885 ± 0.158517	0.962 ± 0.028476
