	mean_best_threshold_tuning_score	mean_best_threshold	mean_test_average_precision	mean_train_average_precision	mean_test_balanced_accuracy	mean_train_balanced_accuracy	mean_test_brier_loss	mean_train_brier_loss	mean_test_f1	mean_train_f1	mean_test_informedness	mean_train_informedness	mean_test_log_loss	mean_train_log_loss	mean_test_markedness	mean_train_markedness	mean_test_mcc	mean_train_mcc	mean_test_negative_predictive_value	mean_train_negative_predictive_value	mean_test_precision	mean_train_precision	mean_test_precision_recall_auc	mean_train_precision_recall_auc	mean_test_roc_auc	mean_train_roc_auc	mean_test_sensitivity	mean_train_sensitivity	mean_test_specificity	mean_train_specificity
mcc	nan	nan	0.892 ± 0.113496	0.976 ± 0.012720	0.820 ± 0.133548	0.932 ± 0.032334	0.15291 ± 0.060611	0.07363 ± 0.021089	0.796 ± 0.151059	0.926 ± 0.035869	0.641 ± 0.267096	0.865 ± 0.064668	0.5015 ± 0.192888	0.2822 ± 0.064519	0.668 ± 0.263670	0.881 ± 0.060149	0.654 ± 0.264057	0.873 ± 0.062116	0.847 ± 0.134632	0.920 ± 0.036366	0.821 ± 0.185739	0.962 ± 0.032127	0.875 ± 0.135620	0.976 ± 0.012836	0.867 ± 0.136297	0.973 ± 0.014932	0.800 ± 0.178174	0.895 ± 0.049406	0.841 ± 0.183695	0.970 ± 0.026499
precision_recall_auc	nan	nan	0.920 ± 0.087455	0.972 ± 0.012279	0.845 ± 0.115666	0.918 ± 0.029709	0.14139 ± 0.052835	0.08285 ± 0.013647	0.822 ± 0.131437	0.910 ± 0.033430	0.690 ± 0.231333	0.836 ± 0.059417	0.4556 ± 0.129010	0.3096 ± 0.034844	0.715 ± 0.223501	0.857 ± 0.051617	0.702 ± 0.225634	0.846 ± 0.055187	0.874 ± 0.124407	0.902 ± 0.036377	0.842 ± 0.169909	0.956 ± 0.025376	0.912 ± 0.095610	0.972 ± 0.012412	0.892 ± 0.125537	0.969 ± 0.014543	0.835 ± 0.170442	0.869 ± 0.051684	0.855 ± 0.170009	0.966 ± 0.021987
roc_auc	nan	nan	0.916 ± 0.095973	0.972 ± 0.013348	0.842 ± 0.110836	0.914 ± 0.036226	0.14101 ± 0.051364	0.08209 ± 0.020408	0.818 ± 0.129544	0.905 ± 0.040723	0.683 ± 0.221672	0.828 ± 0.072452	0.4665 ± 0.158335	0.3050 ± 0.061443	0.710 ± 0.215628	0.849 ± 0.066029	0.696 ± 0.216806	0.838 ± 0.068877	0.871 ± 0.121220	0.899 ± 0.041566	0.839 ± 0.166789	0.950 ± 0.034471	0.906 ± 0.110907	0.972 ± 0.013506	0.892 ± 0.125105	0.970 ± 0.015216	0.828 ± 0.170375	0.866 ± 0.058192	0.855 ± 0.162333	0.962 ± 0.028476
