	mean_best_threshold_tuning_score	mean_best_threshold	mean_test_average_precision	mean_train_average_precision	mean_test_balanced_accuracy	mean_train_balanced_accuracy	mean_test_brier_loss	mean_train_brier_loss	mean_test_f1	mean_train_f1	mean_test_informedness	mean_train_informedness	mean_test_log_loss	mean_train_log_loss	mean_test_markedness	mean_train_markedness	mean_test_mcc	mean_train_mcc	mean_test_negative_predictive_value	mean_train_negative_predictive_value	mean_test_precision	mean_train_precision	mean_test_precision_recall_auc	mean_train_precision_recall_auc	mean_test_roc_auc	mean_train_roc_auc	mean_test_sensitivity	mean_train_sensitivity	mean_test_specificity	mean_train_specificity
mcc	nan	nan	0.830 ± 0.162064	0.964 ± 0.034085	0.748 ± 0.166769	0.926 ± 0.069087	0.21126 ± 0.075431	0.11377 ± 0.058091	0.715 ± 0.182872	0.922 ± 0.071584	0.495 ± 0.333538	0.853 ± 0.138174	0.6955 ± 0.335873	0.3847 ± 0.163809	0.555 ± 0.331278	0.868 ± 0.134612	0.521 ± 0.329787	0.861 ± 0.136287	0.793 ± 0.181606	0.924 ± 0.053694	0.762 ± 0.226305	0.944 ± 0.095801	0.804 ± 0.198632	0.964 ± 0.034763	0.819 ± 0.178412	0.958 ± 0.034686	0.733 ± 0.229611	0.906 ± 0.066588	0.762 ± 0.266221	0.947 ± 0.102386
precision_recall_auc	nan	nan	0.878 ± 0.135671	0.973 ± 0.019930	0.787 ± 0.176731	0.935 ± 0.048346	0.20245 ± 0.078885	0.10899 ± 0.060712	0.760 ± 0.184379	0.929 ± 0.054125	0.575 ± 0.353461	0.870 ± 0.096692	0.6899 ± 0.383886	0.3708 ± 0.172713	0.624 ± 0.361458	0.886 ± 0.090380	0.597 ± 0.355039	0.878 ± 0.093222	0.806 ± 0.197768	0.923 ± 0.052118	0.818 ± 0.225319	0.963 ± 0.046968	0.857 ± 0.164747	0.973 ± 0.019355	0.867 ± 0.157568	0.966 ± 0.024102	0.755 ± 0.213895	0.899 ± 0.071024	0.820 ± 0.253144	0.971 ± 0.037297
roc_auc	nan	nan	0.843 ± 0.164172	0.965 ± 0.035156	0.769 ± 0.171702	0.925 ± 0.067784	0.20880 ± 0.080226	0.11288 ± 0.061913	0.743 ± 0.179465	0.921 ± 0.069362	0.538 ± 0.343403	0.851 ± 0.135568	0.7002 ± 0.376549	0.3808 ± 0.173925	0.598 ± 0.353751	0.867 ± 0.132565	0.565 ± 0.346273	0.859 ± 0.133863	0.810 ± 0.199656	0.921 ± 0.052236	0.788 ± 0.233446	0.946 ± 0.092651	0.818 ± 0.201283	0.965 ± 0.035817	0.833 ± 0.176392	0.959 ± 0.036524	0.760 ± 0.216680	0.901 ± 0.064692	0.778 ± 0.273145	0.949 ± 0.098837
