	mean_best_threshold_tuning_score	mean_best_threshold	mean_test_average_precision	mean_train_average_precision	mean_test_balanced_accuracy	mean_train_balanced_accuracy	mean_test_brier_loss	mean_train_brier_loss	mean_test_f1	mean_train_f1	mean_test_informedness	mean_train_informedness	mean_test_log_loss	mean_train_log_loss	mean_test_markedness	mean_train_markedness	mean_test_mcc	mean_train_mcc	mean_test_negative_predictive_value	mean_train_negative_predictive_value	mean_test_precision	mean_train_precision	mean_test_precision_recall_auc	mean_train_precision_recall_auc	mean_test_roc_auc	mean_train_roc_auc	mean_test_sensitivity	mean_train_sensitivity	mean_test_specificity	mean_train_specificity
mcc	nan	nan	0.898 ± 0.104897	0.999 ± 0.003782	0.832 ± 0.112658	0.997 ± 0.013096	0.15512 ± 0.070527	0.05047 ± 0.036549	0.791 ± 0.151873	0.997 ± 0.014790	0.664 ± 0.225316	0.995 ± 0.026193	0.8063 ± 0.685147	0.2157 ± 0.117808	0.751 ± 0.194653	0.995 ± 0.027389	0.703 ± 0.207009	0.995 ± 0.026786	0.816 ± 0.121549	0.998 ± 0.009328	0.934 ± 0.139704	0.997 ± 0.018856	0.887 ± 0.115883	0.999 ± 0.003812	0.846 ± 0.159490	0.999 ± 0.004537	0.717 ± 0.202731	0.997 ± 0.011309	0.947 ± 0.118842	0.998 ± 0.015713
precision_recall_auc	nan	nan	0.901 ± 0.098125	0.997 ± 0.008460	0.832 ± 0.117843	0.990 ± 0.033128	0.15291 ± 0.072042	0.05116 ± 0.039486	0.788 ± 0.179976	0.989 ± 0.033348	0.663 ± 0.235685	0.979 ± 0.066255	0.7542 ± 0.604089	0.2138 ± 0.125320	0.727 ± 0.252623	0.981 ± 0.064280	0.696 ± 0.226524	0.980 ± 0.065240	0.823 ± 0.122318	0.990 ± 0.023673	0.904 ± 0.193746	0.991 ± 0.044275	0.890 ± 0.108216	0.997 ± 0.008519	0.852 ± 0.151892	0.997 ± 0.012380	0.725 ± 0.215111	0.988 ± 0.025589	0.938 ± 0.123123	0.991 ± 0.046769
roc_auc	nan	nan	0.907 ± 0.098000	0.998 ± 0.006347	0.839 ± 0.109904	0.992 ± 0.023691	0.14662 ± 0.072607	0.04562 ± 0.033053	0.803 ± 0.145217	0.991 ± 0.026348	0.678 ± 0.219808	0.983 ± 0.047383	0.7452 ± 0.620170	0.2024 ± 0.106674	0.754 ± 0.191847	0.984 ± 0.048177	0.713 ± 0.202856	0.984 ± 0.047729	0.828 ± 0.122538	0.991 ± 0.019845	0.926 ± 0.141026	0.993 ± 0.032758	0.897 ± 0.108721	0.998 ± 0.006399	0.861 ± 0.147921	0.998 ± 0.007544	0.740 ± 0.199660	0.989 ± 0.024410	0.938 ± 0.123123	0.994 ± 0.028107
