	mean_best_threshold_tuning_score	mean_best_threshold	mean_test_average_precision	mean_train_average_precision	mean_test_balanced_accuracy	mean_train_balanced_accuracy	mean_test_brier_loss	mean_train_brier_loss	mean_test_f1	mean_train_f1	mean_test_informedness	mean_train_informedness	mean_test_log_loss	mean_train_log_loss	mean_test_markedness	mean_train_markedness	mean_test_mcc	mean_train_mcc	mean_test_negative_predictive_value	mean_train_negative_predictive_value	mean_test_precision	mean_train_precision	mean_test_precision_recall_auc	mean_train_precision_recall_auc	mean_test_roc_auc	mean_train_roc_auc	mean_test_sensitivity	mean_train_sensitivity	mean_test_specificity	mean_train_specificity
mcc	nan	nan	0.815 ± 0.135075	0.936 ± 0.046404	0.747 ± 0.129768	0.869 ± 0.068540	0.18832 ± 0.065179	0.09948 ± 0.052406	0.712 ± 0.146366	0.860 ± 0.073002	0.493 ± 0.259537	0.737 ± 0.137081	0.5947 ± 0.200590	0.3350 ± 0.156147	0.520 ± 0.285900	0.740 ± 0.145171	0.509 ± 0.255287	0.738 ± 0.141046	0.782 ± 0.195476	0.899 ± 0.045966	0.738 ± 0.178648	0.841 ± 0.108845	0.778 ± 0.174883	0.936 ± 0.046862	0.795 ± 0.142722	0.924 ± 0.056103	0.745 ± 0.221704	0.885 ± 0.050035	0.748 ± 0.219452	0.852 ± 0.103736
precision_recall_auc	nan	nan	0.822 ± 0.126972	0.920 ± 0.107803	0.657 ± 0.153148	0.821 ± 0.207751	0.20062 ± 0.069894	0.08260 ± 0.073305	0.465 ± 0.339072	0.679 ± 0.430589	0.314 ± 0.306296	0.641 ± 0.415503	0.6214 ± 0.218830	0.2750 ± 0.206589	0.235 ± 0.509696	0.525 ± 0.621439	0.335 ± 0.319750	0.646 ± 0.418597	0.691 ± 0.170514	0.829 ± 0.179130	0.544 ± 0.398233	0.696 ± 0.443780	0.791 ± 0.155363	0.919 ± 0.110210	0.798 ± 0.144016	0.929 ± 0.093290	0.457 ± 0.367794	0.663 ± 0.420250	0.857 ± 0.183784	0.978 ± 0.064971
roc_auc	nan	nan	0.824 ± 0.129606	0.934 ± 0.094286	0.704 ± 0.142701	0.864 ± 0.154406	0.19494 ± 0.068313	0.07845 ± 0.063161	0.587 ± 0.279561	0.796 ± 0.311562	0.409 ± 0.285401	0.729 ± 0.308812	0.6058 ± 0.212014	0.2674 ± 0.180900	0.403 ± 0.422731	0.688 ± 0.445381	0.431 ± 0.298023	0.735 ± 0.308787	0.744 ± 0.175024	0.873 ± 0.133107	0.659 ± 0.327764	0.815 ± 0.318336	0.794 ± 0.160106	0.933 ± 0.096820	0.796 ± 0.148350	0.939 ± 0.078992	0.587 ± 0.327310	0.785 ± 0.309370	0.822 ± 0.188485	0.943 ± 0.088876
