	mean_ncv_average_precision	mean_ncv_balanced_accuracy	mean_ncv_brier_loss	mean_ncv_f1	mean_ncv_informedness	mean_ncv_log_loss	mean_ncv_markedness	mean_ncv_mcc	mean_ncv_negative_predictive_value	mean_ncv_precision	mean_ncv_precision_recall_auc	mean_ncv_roc_auc	mean_ncv_sensitivity	mean_ncv_specificity
mcc	0.791 ± 0.038778	0.743 ± 0.040871	0.17715 ± 0.013388	0.718 ± 0.042521	0.486 ± 0.081743	0.5395 ± 0.040010	0.489 ± 0.083610	0.487 ± 0.082523	0.771 ± 0.035530	0.718 ± 0.057423	0.782 ± 0.044907	0.806 ± 0.031242	0.722 ± 0.052378	0.764 ± 0.067079
precision_recall_auc	0.809 ± 0.039314	0.745 ± 0.050572	0.17220 ± 0.014926	0.715 ± 0.058878	0.491 ± 0.101145	0.5273 ± 0.037630	0.502 ± 0.099042	0.496 ± 0.099597	0.765 ± 0.050229	0.737 ± 0.063634	0.802 ± 0.040990	0.816 ± 0.034349	0.700 ± 0.083641	0.791 ± 0.071710
roc_auc	0.815 ± 0.041185	0.748 ± 0.054762	0.17244 ± 0.014894	0.726 ± 0.056162	0.497 ± 0.109523	0.5270 ± 0.037098	0.500 ± 0.111619	0.498 ± 0.110485	0.777 ± 0.044439	0.722 ± 0.073966	0.809 ± 0.043299	0.814 ± 0.033349	0.733 ± 0.057378	0.764 ± 0.082433
