	mean_best_threshold_tuning_score	mean_best_threshold	mean_test_average_precision	mean_train_average_precision	mean_test_balanced_accuracy	mean_train_balanced_accuracy	mean_test_brier_loss	mean_train_brier_loss	mean_test_f1	mean_train_f1	mean_test_informedness	mean_train_informedness	mean_test_log_loss	mean_train_log_loss	mean_test_markedness	mean_train_markedness	mean_test_mcc	mean_train_mcc	mean_test_negative_predictive_value	mean_train_negative_predictive_value	mean_test_precision	mean_train_precision	mean_test_precision_recall_auc	mean_train_precision_recall_auc	mean_test_roc_auc	mean_train_roc_auc	mean_test_sensitivity	mean_train_sensitivity	mean_test_specificity	mean_train_specificity
mcc	nan	nan	0.868 ± 0.122693	0.987 ± 0.028088	0.746 ± 0.139028	0.955 ± 0.047242	0.17715 ± 0.060696	0.04980 ± 0.033087	0.713 ± 0.154741	0.950 ± 0.052376	0.492 ± 0.278056	0.910 ± 0.094485	0.5395 ± 0.150743	0.2225 ± 0.093842	0.527 ± 0.287168	0.918 ± 0.089224	0.508 ± 0.280042	0.914 ± 0.091721	0.784 ± 0.151466	0.950 ± 0.052205	0.744 ± 0.197430	0.968 ± 0.044606	0.849 ± 0.147364	0.986 ± 0.029174	0.841 ± 0.144323	0.987 ± 0.029031	0.723 ± 0.196656	0.935 ± 0.067790	0.769 ± 0.206252	0.975 ± 0.034697
precision_recall_auc	nan	nan	0.856 ± 0.149968	0.956 ± 0.159412	0.751 ± 0.151909	0.937 ± 0.118648	0.17220 ± 0.059665	0.05033 ± 0.055326	0.692 ± 0.232535	0.904 ± 0.234944	0.503 ± 0.303818	0.874 ± 0.237296	0.5273 ± 0.148139	0.2182 ± 0.138501	0.509 ± 0.379842	0.855 ± 0.338082	0.519 ± 0.304559	0.878 ± 0.236959	0.787 ± 0.166978	0.934 ± 0.106361	0.722 ± 0.264910	0.921 ± 0.237227	0.838 ± 0.169195	0.954 ± 0.166612	0.814 ± 0.208931	0.948 ± 0.192379	0.707 ± 0.265260	0.889 ± 0.235239	0.796 ± 0.209917	0.985 ± 0.025410
roc_auc	nan	nan	0.872 ± 0.097277	0.993 ± 0.014487	0.751 ± 0.145498	0.960 ± 0.042031	0.17244 ± 0.057393	0.04213 ± 0.025917	0.720 ± 0.156361	0.956 ± 0.046265	0.502 ± 0.290996	0.920 ± 0.084061	0.5270 ± 0.142618	0.1995 ± 0.079196	0.540 ± 0.297741	0.928 ± 0.077215	0.519 ± 0.291076	0.924 ± 0.080498	0.790 ± 0.162831	0.953 ± 0.048762	0.750 ± 0.194857	0.975 ± 0.035177	0.855 ± 0.110677	0.993 ± 0.015091	0.842 ± 0.126520	0.994 ± 0.013852	0.735 ± 0.203909	0.939 ± 0.063709	0.767 ± 0.208398	0.981 ± 0.027152
