	mean_best_threshold_tuning_score	mean_best_threshold	mean_test_average_precision	mean_train_average_precision	mean_test_balanced_accuracy	mean_train_balanced_accuracy	mean_test_brier_loss	mean_train_brier_loss	mean_test_f1	mean_train_f1	mean_test_informedness	mean_train_informedness	mean_test_log_loss	mean_train_log_loss	mean_test_markedness	mean_train_markedness	mean_test_mcc	mean_train_mcc	mean_test_negative_predictive_value	mean_train_negative_predictive_value	mean_test_precision	mean_train_precision	mean_test_precision_recall_auc	mean_train_precision_recall_auc	mean_test_roc_auc	mean_train_roc_auc	mean_test_sensitivity	mean_train_sensitivity	mean_test_specificity	mean_train_specificity
mcc	nan	nan	0.776 ± 0.133524	0.936 ± 0.046404	0.667 ± 0.134428	0.869 ± 0.068540	0.23101 ± 0.066663	0.09948 ± 0.052406	0.657 ± 0.135121	0.860 ± 0.073002	0.334 ± 0.268856	0.737 ± 0.137081	0.6875 ± 0.191667	0.3350 ± 0.156147	0.385 ± 0.358628	0.740 ± 0.145171	0.365 ± 0.280601	0.738 ± 0.141046	0.754 ± 0.270952	0.899 ± 0.045966	0.630 ± 0.193263	0.841 ± 0.108845	0.738 ± 0.164957	0.936 ± 0.046862	0.745 ± 0.147724	0.924 ± 0.056103	0.788 ± 0.234623	0.885 ± 0.050035	0.546 ± 0.292044	0.852 ± 0.103736
precision_recall_auc	nan	nan	0.730 ± 0.152811	0.920 ± 0.107803	0.617 ± 0.136805	0.821 ± 0.207751	0.23701 ± 0.075957	0.08260 ± 0.073305	0.451 ± 0.313364	0.679 ± 0.430589	0.235 ± 0.273609	0.641 ± 0.415503	0.7045 ± 0.228478	0.2750 ± 0.206589	0.142 ± 0.473956	0.525 ± 0.621439	0.255 ± 0.287196	0.646 ± 0.418597	0.674 ± 0.211475	0.829 ± 0.179130	0.467 ± 0.347118	0.696 ± 0.443780	0.679 ± 0.192199	0.919 ± 0.110210	0.714 ± 0.162195	0.929 ± 0.093290	0.507 ± 0.385700	0.663 ± 0.420250	0.728 ± 0.292100	0.978 ± 0.064971
roc_auc	nan	nan	0.741 ± 0.153272	0.934 ± 0.094286	0.629 ± 0.121139	0.864 ± 0.154406	0.23406 ± 0.064888	0.07845 ± 0.063161	0.542 ± 0.236364	0.796 ± 0.311562	0.258 ± 0.242279	0.729 ± 0.308812	0.6869 ± 0.198724	0.2674 ± 0.180900	0.248 ± 0.394234	0.688 ± 0.445381	0.283 ± 0.259415	0.735 ± 0.308787	0.680 ± 0.191463	0.873 ± 0.133107	0.568 ± 0.295069	0.815 ± 0.318336	0.693 ± 0.190873	0.933 ± 0.096820	0.715 ± 0.163885	0.939 ± 0.078992	0.598 ± 0.303368	0.785 ± 0.309370	0.660 ± 0.296751	0.943 ± 0.088876
