	mean_ncv_average_precision	mean_ncv_balanced_accuracy	mean_ncv_brier_loss	mean_ncv_f1	mean_ncv_informedness	mean_ncv_log_loss	mean_ncv_markedness	mean_ncv_mcc	mean_ncv_negative_predictive_value	mean_ncv_precision	mean_ncv_precision_recall_auc	mean_ncv_roc_auc	mean_ncv_sensitivity	mean_ncv_specificity
mcc	0.611 ± 0.061712	0.624 ± 0.055798	0.24240 ± 0.016170	0.588 ± 0.063238	0.249 ± 0.111596	0.6877 ± 0.041340	0.251 ± 0.112334	0.250 ± 0.111959	0.665 ± 0.057722	0.585 ± 0.058551	0.594 ± 0.064348	0.637 ± 0.064095	0.594 ± 0.083024	0.655 ± 0.061359
precision_recall_auc	0.510 ± 0.069109	0.546 ± 0.046625	0.25383 ± 0.012910	0.336 ± 0.196160	0.092 ± 0.093250	0.7089 ± 0.038048	0.080 ± 0.209055	0.094 ± 0.115622	0.585 ± 0.035761	0.495 ± 0.185787	0.507 ± 0.063692	0.524 ± 0.074103	0.283 ± 0.193250	0.809 ± 0.112978
roc_auc	0.556 ± 0.070806	0.555 ± 0.072402	0.25221 ± 0.019029	0.407 ± 0.144597	0.109 ± 0.144805	0.7106 ± 0.049531	0.136 ± 0.164858	0.121 ± 0.151793	0.593 ± 0.059075	0.543 ± 0.114733	0.544 ± 0.072243	0.548 ± 0.090219	0.350 ± 0.175780	0.759 ± 0.119399
