	mean_best_threshold_tuning_score	mean_best_threshold	mean_test_average_precision	mean_train_average_precision	mean_test_balanced_accuracy	mean_train_balanced_accuracy	mean_test_brier_loss	mean_train_brier_loss	mean_test_f1	mean_train_f1	mean_test_informedness	mean_train_informedness	mean_test_log_loss	mean_train_log_loss	mean_test_markedness	mean_train_markedness	mean_test_mcc	mean_train_mcc	mean_test_negative_predictive_value	mean_train_negative_predictive_value	mean_test_precision	mean_train_precision	mean_test_precision_recall_auc	mean_train_precision_recall_auc	mean_test_roc_auc	mean_train_roc_auc	mean_test_sensitivity	mean_train_sensitivity	mean_test_specificity	mean_train_specificity
mcc	nan	nan	0.825 ± 0.149366	0.997 ± 0.007559	0.713 ± 0.133951	0.968 ± 0.052330	0.20212 ± 0.082190	0.09497 ± 0.056689	0.637 ± 0.209607	0.964 ± 0.061207	0.425 ± 0.267902	0.936 ± 0.104660	0.8701 ± 0.856130	0.3255 ± 0.143443	0.502 ± 0.328117	0.955 ± 0.072097	0.462 ± 0.279745	0.945 ± 0.088833	0.755 ± 0.167100	0.955 ± 0.072097	0.747 ± 0.251864	1.000 ± 0.000000	0.796 ± 0.182130	0.997 ± 0.007612	0.788 ± 0.173400	0.996 ± 0.011160	0.623 ± 0.276765	0.936 ± 0.104660	0.802 ± 0.195865	1.000 ± 0.000000
precision_recall_auc	nan	nan	0.865 ± 0.126763	0.992 ± 0.011230	0.711 ± 0.119727	0.919 ± 0.073504	0.18371 ± 0.082459	0.07156 ± 0.032722	0.620 ± 0.200519	0.906 ± 0.087634	0.422 ± 0.239454	0.839 ± 0.147007	0.6761 ± 0.612802	0.2594 ± 0.090905	0.512 ± 0.303938	0.894 ± 0.095323	0.464 ± 0.251235	0.865 ± 0.122051	0.739 ± 0.153092	0.894 ± 0.095323	0.774 ± 0.252271	1.000 ± 0.000000	0.844 ± 0.148834	0.992 ± 0.011311	0.833 ± 0.166952	0.989 ± 0.016017	0.582 ± 0.266991	0.839 ± 0.147007	0.840 ± 0.176993	1.000 ± 0.000000
roc_auc	nan	nan	0.863 ± 0.127064	0.993 ± 0.011117	0.724 ± 0.124350	0.922 ± 0.072378	0.18250 ± 0.082445	0.05945 ± 0.034617	0.636 ± 0.207813	0.909 ± 0.085946	0.447 ± 0.248701	0.845 ± 0.144757	0.6357 ± 0.412276	0.2261 ± 0.094086	0.542 ± 0.302934	0.897 ± 0.094846	0.492 ± 0.255149	0.870 ± 0.120619	0.750 ± 0.155174	0.897 ± 0.094846	0.792 ± 0.251802	1.000 ± 0.000000	0.842 ± 0.151337	0.992 ± 0.011197	0.834 ± 0.159725	0.990 ± 0.015769	0.598 ± 0.274425	0.845 ± 0.144757	0.849 ± 0.179139	1.000 ± 0.000000
