	mean_best_threshold_tuning_score	mean_best_threshold	mean_test_average_precision	mean_train_average_precision	mean_test_balanced_accuracy	mean_train_balanced_accuracy	mean_test_brier_loss	mean_train_brier_loss	mean_test_f1	mean_train_f1	mean_test_informedness	mean_train_informedness	mean_test_log_loss	mean_train_log_loss	mean_test_markedness	mean_train_markedness	mean_test_mcc	mean_train_mcc	mean_test_negative_predictive_value	mean_train_negative_predictive_value	mean_test_precision	mean_train_precision	mean_test_precision_recall_auc	mean_train_precision_recall_auc	mean_test_roc_auc	mean_train_roc_auc	mean_test_sensitivity	mean_train_sensitivity	mean_test_specificity	mean_train_specificity
mcc	nan	nan	0.870 ± 0.099400	0.998 ± 0.008613	0.780 ± 0.117636	0.979 ± 0.034032	0.17885 ± 0.068208	0.01519 ± 0.019721	0.726 ± 0.162963	0.977 ± 0.038651	0.560 ± 0.235271	0.958 ± 0.068064	0.5697 ± 0.216699	0.0851 ± 0.067604	0.631 ± 0.227955	0.965 ± 0.056371	0.592 ± 0.227807	0.962 ± 0.062250	0.784 ± 0.127314	0.972 ± 0.043070	0.847 ± 0.188442	0.993 ± 0.017283	0.856 ± 0.110262	0.997 ± 0.008747	0.817 ± 0.140947	0.998 ± 0.008905	0.682 ± 0.215401	0.963 ± 0.059443	0.878 ± 0.156870	0.995 ± 0.012624
precision_recall_auc	nan	nan	0.882 ± 0.090114	0.983 ± 0.023452	0.771 ± 0.116912	0.922 ± 0.093240	0.16801 ± 0.060438	0.04092 ± 0.041538	0.702 ± 0.186213	0.904 ± 0.127854	0.542 ± 0.233825	0.844 ± 0.186480	0.5582 ± 0.239354	0.1570 ± 0.125286	0.629 ± 0.267416	0.892 ± 0.120169	0.585 ± 0.226727	0.866 ± 0.156725	0.765 ± 0.132343	0.904 ± 0.106034	0.864 ± 0.211490	0.988 ± 0.027587	0.868 ± 0.100783	0.983 ± 0.023849	0.843 ± 0.126027	0.985 ± 0.022945	0.635 ± 0.233218	0.851 ± 0.180306	0.907 ± 0.141064	0.993 ± 0.016785
roc_auc	nan	nan	0.888 ± 0.087309	0.976 ± 0.025312	0.785 ± 0.117641	0.908 ± 0.081323	0.16034 ± 0.059532	0.05386 ± 0.043936	0.727 ± 0.163647	0.891 ± 0.097524	0.571 ± 0.235282	0.815 ± 0.162646	0.5207 ± 0.204130	0.1960 ± 0.131686	0.664 ± 0.223612	0.863 ± 0.123334	0.612 ± 0.224542	0.838 ± 0.143059	0.772 ± 0.133062	0.885 ± 0.098849	0.892 ± 0.161703	0.978 ± 0.041666	0.874 ± 0.098635	0.976 ± 0.025733	0.856 ± 0.116311	0.978 ± 0.025249	0.652 ± 0.216712	0.830 ± 0.150153	0.919 ± 0.117321	0.986 ± 0.027062
