	mean_best_threshold_tuning_score	mean_best_threshold	mean_test_average_precision	mean_train_average_precision	mean_test_balanced_accuracy	mean_train_balanced_accuracy	mean_test_brier_loss	mean_train_brier_loss	mean_test_f1	mean_train_f1	mean_test_informedness	mean_train_informedness	mean_test_log_loss	mean_train_log_loss	mean_test_markedness	mean_train_markedness	mean_test_mcc	mean_train_mcc	mean_test_negative_predictive_value	mean_train_negative_predictive_value	mean_test_precision	mean_train_precision	mean_test_precision_recall_auc	mean_train_precision_recall_auc	mean_test_roc_auc	mean_train_roc_auc	mean_test_sensitivity	mean_train_sensitivity	mean_test_specificity	mean_train_specificity
mcc	nan	nan	0.959 ± 0.063448	0.964 ± 0.016749	0.885 ± 0.107986	0.913 ± 0.025258	0.09104 ± 0.065520	0.06641 ± 0.018098	0.863 ± 0.132308	0.904 ± 0.029166	0.770 ± 0.215972	0.827 ± 0.050516	0.3264 ± 0.206423	0.2409 ± 0.055776	0.816 ± 0.188121	0.852 ± 0.045598	0.791 ± 0.199940	0.839 ± 0.047650	0.879 ± 0.127818	0.893 ± 0.029931	0.937 ± 0.115386	0.959 ± 0.027411	0.955 ± 0.069834	0.964 ± 0.016834	0.943 ± 0.092853	0.956 ± 0.021884	0.825 ± 0.189170	0.857 ± 0.042841	0.945 ± 0.099617	0.970 ± 0.020665
precision_recall_auc	nan	nan	0.949 ± 0.078286	0.962 ± 0.017036	0.870 ± 0.113103	0.907 ± 0.064202	0.09750 ± 0.070101	0.06881 ± 0.019225	0.838 ± 0.169142	0.889 ± 0.131634	0.740 ± 0.226205	0.814 ± 0.128403	0.3443 ± 0.235496	0.2492 ± 0.055877	0.771 ± 0.257606	0.831 ± 0.188656	0.760 ± 0.217369	0.827 ± 0.128666	0.864 ± 0.137643	0.889 ± 0.057301	0.907 ± 0.177476	0.942 ± 0.139153	0.944 ± 0.087989	0.962 ± 0.017135	0.933 ± 0.110940	0.953 ± 0.022497	0.803 ± 0.212799	0.842 ± 0.130390	0.937 ± 0.102922	0.972 ± 0.023197
roc_auc	nan	nan	0.953 ± 0.078494	0.964 ± 0.015487	0.879 ± 0.102023	0.917 ± 0.026603	0.09653 ± 0.069007	0.06604 ± 0.017509	0.857 ± 0.120886	0.908 ± 0.030456	0.757 ± 0.204045	0.834 ± 0.053207	0.3448 ± 0.232912	0.2413 ± 0.052155	0.794 ± 0.190086	0.858 ± 0.047243	0.775 ± 0.194976	0.846 ± 0.049860	0.880 ± 0.126468	0.897 ± 0.033277	0.913 ± 0.131622	0.961 ± 0.027535	0.948 ± 0.087953	0.964 ± 0.015556	0.936 ± 0.112728	0.956 ± 0.020159	0.833 ± 0.175772	0.863 ± 0.046719	0.924 ± 0.115281	0.971 ± 0.020905
