	mean_best_threshold_tuning_score	mean_best_threshold	mean_test_average_precision	mean_train_average_precision	mean_test_balanced_accuracy	mean_train_balanced_accuracy	mean_test_brier_loss	mean_train_brier_loss	mean_test_f1	mean_train_f1	mean_test_informedness	mean_train_informedness	mean_test_log_loss	mean_train_log_loss	mean_test_markedness	mean_train_markedness	mean_test_mcc	mean_train_mcc	mean_test_negative_predictive_value	mean_train_negative_predictive_value	mean_test_precision	mean_train_precision	mean_test_precision_recall_auc	mean_train_precision_recall_auc	mean_test_roc_auc	mean_train_roc_auc	mean_test_sensitivity	mean_train_sensitivity	mean_test_specificity	mean_train_specificity
mcc	nan	nan	0.910 ± 0.095555	0.973 ± 0.019286	0.799 ± 0.129455	0.919 ± 0.047667	0.14697 ± 0.051556	0.07766 ± 0.040845	0.766 ± 0.172822	0.911 ± 0.053354	0.599 ± 0.258909	0.838 ± 0.095335	0.5010 ± 0.189632	0.2823 ± 0.130593	0.634 ± 0.277240	0.853 ± 0.092587	0.616 ± 0.264135	0.845 ± 0.093759	0.837 ± 0.131510	0.909 ± 0.046849	0.797 ± 0.216279	0.944 ± 0.052958	0.898 ± 0.112100	0.972 ± 0.019544	0.887 ± 0.122257	0.969 ± 0.022949	0.775 ± 0.206368	0.882 ± 0.063350	0.824 ± 0.191194	0.956 ± 0.045276
precision_recall_auc	nan	nan	0.913 ± 0.094262	0.966 ± 0.030535	0.828 ± 0.116973	0.909 ± 0.057092	0.14269 ± 0.051529	0.08021 ± 0.043488	0.805 ± 0.134579	0.901 ± 0.063647	0.655 ± 0.233946	0.818 ± 0.114183	0.5063 ± 0.245063	0.2862 ± 0.138125	0.687 ± 0.232178	0.834 ± 0.114698	0.670 ± 0.231603	0.826 ± 0.114265	0.856 ± 0.121907	0.900 ± 0.052238	0.831 ± 0.176436	0.934 ± 0.069190	0.906 ± 0.104504	0.969 ± 0.023364	0.893 ± 0.123715	0.967 ± 0.024397	0.810 ± 0.167549	0.871 ± 0.067739	0.845 ± 0.177927	0.947 ± 0.058202
roc_auc	nan	nan	0.916 ± 0.100649	0.956 ± 0.034908	0.832 ± 0.124494	0.891 ± 0.062257	0.14511 ± 0.055700	0.09151 ± 0.045128	0.802 ± 0.172504	0.880 ± 0.069204	0.663 ± 0.248989	0.782 ± 0.124514	0.5239 ± 0.266359	0.3175 ± 0.142294	0.682 ± 0.268027	0.790 ± 0.126893	0.672 ± 0.255357	0.786 ± 0.125594	0.865 ± 0.124384	0.892 ± 0.054475	0.817 ± 0.201003	0.898 ± 0.077611	0.912 ± 0.110078	0.962 ± 0.025591	0.901 ± 0.119818	0.961 ± 0.025679	0.813 ± 0.200312	0.864 ± 0.068656	0.850 ± 0.153530	0.918 ± 0.064951
