	mean_best_threshold_tuning_score	mean_best_threshold	mean_test_average_precision	mean_train_average_precision	mean_test_balanced_accuracy	mean_train_balanced_accuracy	mean_test_brier_loss	mean_train_brier_loss	mean_test_f1	mean_train_f1	mean_test_informedness	mean_train_informedness	mean_test_log_loss	mean_train_log_loss	mean_test_markedness	mean_train_markedness	mean_test_mcc	mean_train_mcc	mean_test_negative_predictive_value	mean_train_negative_predictive_value	mean_test_precision	mean_train_precision	mean_test_precision_recall_auc	mean_train_precision_recall_auc	mean_test_roc_auc	mean_train_roc_auc	mean_test_sensitivity	mean_train_sensitivity	mean_test_specificity	mean_train_specificity
mcc	nan	nan	0.933 ± 0.092039	0.990 ± 0.012277	0.838 ± 0.133629	0.958 ± 0.031973	0.12888 ± 0.079511	0.02892 ± 0.022077	0.810 ± 0.178912	0.955 ± 0.035506	0.677 ± 0.267259	0.916 ± 0.063947	0.4321 ± 0.251149	0.1178 ± 0.076710	0.686 ± 0.280802	0.930 ± 0.052593	0.682 ± 0.271408	0.923 ± 0.058154	0.879 ± 0.136141	0.945 ± 0.041860	0.808 ± 0.202709	0.985 ± 0.019806	0.924 ± 0.108518	0.990 ± 0.012380	0.918 ± 0.112966	0.989 ± 0.014794	0.840 ± 0.207457	0.928 ± 0.057309	0.837 ± 0.162823	0.989 ± 0.015047
precision_recall_auc	nan	nan	0.937 ± 0.078702	0.986 ± 0.018860	0.788 ± 0.157478	0.897 ± 0.146994	0.12694 ± 0.075985	0.03324 ± 0.035925	0.681 ± 0.322635	0.841 ± 0.291645	0.576 ± 0.314956	0.795 ± 0.293988	0.4103 ± 0.213159	0.1147 ± 0.115496	0.555 ± 0.462667	0.760 ± 0.424013	0.597 ± 0.315853	0.800 ± 0.293058	0.808 ± 0.156923	0.898 ± 0.136609	0.746 ± 0.359977	0.862 ± 0.295445	0.929 ± 0.089426	0.986 ± 0.019029	0.927 ± 0.089639	0.985 ± 0.021071	0.662 ± 0.341071	0.825 ± 0.292707	0.914 ± 0.146050	0.970 ± 0.046636
roc_auc	nan	nan	0.945 ± 0.072205	0.987 ± 0.019011	0.793 ± 0.148547	0.903 ± 0.148832	0.12260 ± 0.071702	0.03208 ± 0.039301	0.695 ± 0.304712	0.848 ± 0.293450	0.586 ± 0.297095	0.806 ± 0.297664	0.3922 ± 0.199749	0.1084 ± 0.123532	0.570 ± 0.442918	0.765 ± 0.428203	0.607 ± 0.296250	0.808 ± 0.297749	0.809 ± 0.157653	0.907 ± 0.136353	0.761 ± 0.340761	0.857 ± 0.295793	0.938 ± 0.082121	0.987 ± 0.019193	0.937 ± 0.082393	0.987 ± 0.020814	0.677 ± 0.327604	0.840 ± 0.292963	0.909 ± 0.141670	0.965 ± 0.054711
