	mean_ncv_average_precision	mean_ncv_balanced_accuracy	mean_ncv_brier_loss	mean_ncv_f1	mean_ncv_informedness	mean_ncv_log_loss	mean_ncv_markedness	mean_ncv_mcc	mean_ncv_negative_predictive_value	mean_ncv_precision	mean_ncv_precision_recall_auc	mean_ncv_roc_auc	mean_ncv_sensitivity	mean_ncv_specificity
mcc	0.832 ± 0.047333	0.765 ± 0.044992	0.16400 ± 0.016507	0.732 ± 0.052502	0.530 ± 0.089983	0.5029 ± 0.042901	0.549 ± 0.095411	0.539 ± 0.092503	0.768 ± 0.037671	0.781 ± 0.062049	0.827 ± 0.049546	0.846 ± 0.037080	0.689 ± 0.053672	0.841 ± 0.049097
precision_recall_auc	0.852 ± 0.029192	0.755 ± 0.040324	0.16022 ± 0.011886	0.720 ± 0.045260	0.510 ± 0.080648	0.4944 ± 0.036499	0.530 ± 0.090507	0.520 ± 0.085220	0.759 ± 0.030445	0.771 ± 0.065409	0.849 ± 0.030419	0.849 ± 0.029458	0.678 ± 0.043823	0.832 ± 0.056894
roc_auc	0.839 ± 0.030508	0.763 ± 0.049756	0.16523 ± 0.013784	0.729 ± 0.058123	0.525 ± 0.099512	0.5066 ± 0.039980	0.544 ± 0.105999	0.535 ± 0.102480	0.767 ± 0.040845	0.777 ± 0.070464	0.835 ± 0.030802	0.841 ± 0.032999	0.689 ± 0.059720	0.836 ± 0.057496
