	mean_ncv_average_precision	mean_ncv_balanced_accuracy	mean_ncv_brier_loss	mean_ncv_f1	mean_ncv_informedness	mean_ncv_log_loss	mean_ncv_markedness	mean_ncv_mcc	mean_ncv_negative_predictive_value	mean_ncv_precision	mean_ncv_precision_recall_auc	mean_ncv_roc_auc	mean_ncv_sensitivity	mean_ncv_specificity
mcc	0.783 ± 0.041134	0.703 ± 0.026995	0.17894 ± 0.012402	0.670 ± 0.031355	0.407 ± 0.053990	0.5239 ± 0.034064	0.410 ± 0.053958	0.408 ± 0.053920	0.729 ± 0.026548	0.680 ± 0.031230	0.777 ± 0.043172	0.808 ± 0.030177	0.661 ± 0.040992	0.745 ± 0.031782
precision_recall_auc	0.801 ± 0.031493	0.716 ± 0.015067	0.17296 ± 0.009181	0.685 ± 0.017351	0.432 ± 0.030134	0.5078 ± 0.025348	0.436 ± 0.031687	0.434 ± 0.030654	0.742 ± 0.016170	0.695 ± 0.026729	0.795 ± 0.032996	0.818 ± 0.018585	0.678 ± 0.035136	0.755 ± 0.038331
roc_auc	0.793 ± 0.030894	0.711 ± 0.027359	0.17827 ± 0.011184	0.680 ± 0.031536	0.422 ± 0.054718	0.5201 ± 0.029727	0.425 ± 0.054411	0.424 ± 0.054511	0.737 ± 0.026867	0.688 ± 0.031351	0.787 ± 0.032772	0.810 ± 0.028587	0.672 ± 0.040992	0.750 ± 0.032141
