	mean_ncv_average_precision	mean_ncv_balanced_accuracy	mean_ncv_brier_loss	mean_ncv_f1	mean_ncv_informedness	mean_ncv_log_loss	mean_ncv_markedness	mean_ncv_mcc	mean_ncv_negative_predictive_value	mean_ncv_precision	mean_ncv_precision_recall_auc	mean_ncv_roc_auc	mean_ncv_sensitivity	mean_ncv_specificity
mcc	0.747 ± 0.034776	0.777 ± 0.037546	0.18067 ± 0.015887	0.754 ± 0.041990	0.555 ± 0.075092	0.5579 ± 0.050785	0.559 ± 0.076537	0.557 ± 0.075706	0.799 ± 0.042457	0.760 ± 0.047244	0.734 ± 0.037639	0.794 ± 0.031880	0.750 ± 0.060007	0.805 ± 0.048152
precision_recall_auc	0.724 ± 0.066709	0.764 ± 0.081594	0.18611 ± 0.028392	0.735 ± 0.106076	0.529 ± 0.163188	0.5708 ± 0.074744	0.537 ± 0.150019	0.533 ± 0.156690	0.790 ± 0.081571	0.747 ± 0.078645	0.709 ± 0.072311	0.778 ± 0.064236	0.733 ± 0.138084	0.795 ± 0.083677
roc_auc	0.735 ± 0.065005	0.782 ± 0.057274	0.18095 ± 0.027373	0.760 ± 0.062488	0.565 ± 0.114547	0.5611 ± 0.083009	0.568 ± 0.115842	0.566 ± 0.115124	0.803 ± 0.055418	0.765 ± 0.066850	0.719 ± 0.073730	0.793 ± 0.050589	0.756 ± 0.070273	0.809 ± 0.059844
