	mean_ncv_average_precision	mean_ncv_balanced_accuracy	mean_ncv_brier_loss	mean_ncv_f1	mean_ncv_informedness	mean_ncv_log_loss	mean_ncv_markedness	mean_ncv_mcc	mean_ncv_negative_predictive_value	mean_ncv_precision	mean_ncv_precision_recall_auc	mean_ncv_roc_auc	mean_ncv_sensitivity	mean_ncv_specificity
mcc	0.853 ± 0.043303	0.789 ± 0.027587	0.15696 ± 0.016857	0.756 ± 0.033309	0.577 ± 0.055174	0.4984 ± 0.048786	0.608 ± 0.057501	0.592 ± 0.055491	0.782 ± 0.025469	0.826 ± 0.045207	0.849 ± 0.045342	0.847 ± 0.028993	0.700 ± 0.046849	0.877 ± 0.043122
precision_recall_auc	0.862 ± 0.072923	0.762 ± 0.075759	0.15092 ± 0.037119	0.709 ± 0.107706	0.523 ± 0.151519	0.4754 ± 0.113896	0.581 ± 0.136944	0.551 ± 0.143653	0.751 ± 0.071717	0.830 ± 0.079993	0.857 ± 0.077267	0.865 ± 0.054813	0.628 ± 0.136209	0.895 ± 0.052705
roc_auc	0.845 ± 0.064584	0.756 ± 0.065885	0.16763 ± 0.032664	0.712 ± 0.085866	0.513 ± 0.131771	0.5221 ± 0.098815	0.557 ± 0.144373	0.534 ± 0.136619	0.751 ± 0.055252	0.806 ± 0.103336	0.840 ± 0.068149	0.848 ± 0.051240	0.644 ± 0.098688	0.868 ± 0.075606
