	mean_best_threshold_tuning_score	mean_best_threshold	mean_test_average_precision	mean_train_average_precision	mean_test_balanced_accuracy	mean_train_balanced_accuracy	mean_test_brier_loss	mean_train_brier_loss	mean_test_f1	mean_train_f1	mean_test_informedness	mean_train_informedness	mean_test_log_loss	mean_train_log_loss	mean_test_markedness	mean_train_markedness	mean_test_mcc	mean_train_mcc	mean_test_negative_predictive_value	mean_train_negative_predictive_value	mean_test_precision	mean_train_precision	mean_test_precision_recall_auc	mean_train_precision_recall_auc	mean_test_roc_auc	mean_train_roc_auc	mean_test_sensitivity	mean_train_sensitivity	mean_test_specificity	mean_train_specificity
mcc	nan	nan	0.922 ± 0.084304	0.989 ± 0.023698	0.831 ± 0.131167	0.975 ± 0.047211	0.13223 ± 0.065603	0.03132 ± 0.034769	0.806 ± 0.151289	0.972 ± 0.052627	0.662 ± 0.262333	0.949 ± 0.094423	0.4220 ± 0.169254	0.1565 ± 0.102509	0.690 ± 0.256188	0.953 ± 0.089927	0.675 ± 0.257205	0.951 ± 0.092135	0.839 ± 0.132801	0.973 ± 0.048618	0.851 ± 0.171092	0.980 ± 0.044008	0.913 ± 0.095214	0.989 ± 0.024463	0.905 ± 0.102437	0.989 ± 0.024355	0.793 ± 0.184612	0.965 ± 0.063433	0.869 ± 0.157107	0.984 ± 0.034376
precision_recall_auc	nan	nan	0.937 ± 0.084826	0.986 ± 0.100320	0.837 ± 0.141664	0.988 ± 0.070905	0.11781 ± 0.054902	0.01750 ± 0.035202	0.799 ± 0.195166	0.978 ± 0.141375	0.675 ± 0.283328	0.976 ± 0.141810	0.3808 ± 0.136966	0.1145 ± 0.097227	0.713 ± 0.298071	0.968 ± 0.203236	0.696 ± 0.270141	0.976 ± 0.141663	0.845 ± 0.146097	0.988 ± 0.062739	0.868 ± 0.208108	0.980 ± 0.141421	0.928 ± 0.095686	0.985 ± 0.102952	0.924 ± 0.104836	0.982 ± 0.126830	0.782 ± 0.234430	0.976 ± 0.141810	0.893 ± 0.169636	1.000 ± 0.000000
roc_auc	nan	nan	0.944 ± 0.070648	0.999 ± 0.006676	0.843 ± 0.128049	0.997 ± 0.015427	0.11673 ± 0.053444	0.01466 ± 0.014572	0.816 ± 0.149245	0.996 ± 0.017047	0.686 ± 0.256098	0.993 ± 0.030855	0.3786 ± 0.135561	0.1085 ± 0.057296	0.726 ± 0.238104	0.994 ± 0.027613	0.704 ± 0.244359	0.994 ± 0.029226	0.848 ± 0.134203	0.996 ± 0.018085	0.877 ± 0.161756	0.998 ± 0.010879	0.937 ± 0.080466	0.999 ± 0.006922	0.935 ± 0.080551	0.999 ± 0.005612	0.798 ± 0.193495	0.994 ± 0.024065	0.888 ± 0.157325	0.999 ± 0.007857
