	mean_best_threshold_tuning_score	mean_best_threshold	mean_test_average_precision	mean_train_average_precision	mean_test_balanced_accuracy	mean_train_balanced_accuracy	mean_test_brier_loss	mean_train_brier_loss	mean_test_f1	mean_train_f1	mean_test_informedness	mean_train_informedness	mean_test_log_loss	mean_train_log_loss	mean_test_markedness	mean_train_markedness	mean_test_mcc	mean_train_mcc	mean_test_negative_predictive_value	mean_train_negative_predictive_value	mean_test_precision	mean_train_precision	mean_test_precision_recall_auc	mean_train_precision_recall_auc	mean_test_roc_auc	mean_train_roc_auc	mean_test_sensitivity	mean_train_sensitivity	mean_test_specificity	mean_train_specificity
mcc	nan	nan	0.811 ± 0.146532	0.996 ± 0.016646	0.678 ± 0.152512	0.975 ± 0.050409	0.20684 ± 0.050463	0.05344 ± 0.041808	0.602 ± 0.219980	0.975 ± 0.049323	0.357 ± 0.305024	0.950 ± 0.100817	0.6081 ± 0.124488	0.2433 ± 0.111861	0.416 ± 0.340330	0.958 ± 0.090235	0.386 ± 0.310370	0.954 ± 0.095452	0.745 ± 0.199933	0.979 ± 0.036243	0.671 ± 0.252903	0.979 ± 0.069824	0.779 ± 0.175346	0.996 ± 0.017090	0.790 ± 0.167955	0.994 ± 0.022993	0.640 ± 0.312459	0.973 ± 0.047190	0.717 ± 0.244868	0.976 ± 0.080602
precision_recall_auc	nan	nan	0.747 ± 0.180339	0.907 ± 0.227826	0.644 ± 0.148288	0.915 ± 0.172413	0.21559 ± 0.061523	0.07338 ± 0.077060	0.519 ± 0.268255	0.844 ± 0.345896	0.288 ± 0.296576	0.830 ± 0.344827	0.6333 ± 0.166899	0.2852 ± 0.183525	0.272 ± 0.424839	0.772 ± 0.503763	0.307 ± 0.310795	0.833 ± 0.345281	0.685 ± 0.204100	0.921 ± 0.156443	0.587 ± 0.308522	0.850 ± 0.349927	0.714 ± 0.208019	0.896 ± 0.254487	0.717 ± 0.215539	0.861 ± 0.343584	0.532 ± 0.327712	0.840 ± 0.344737	0.756 ± 0.245706	0.990 ± 0.050962
roc_auc	nan	nan	0.769 ± 0.166859	0.940 ± 0.179037	0.649 ± 0.138011	0.936 ± 0.149174	0.21047 ± 0.058383	0.06246 ± 0.068617	0.528 ± 0.255000	0.885 ± 0.299378	0.299 ± 0.276023	0.872 ± 0.298349	0.6219 ± 0.161249	0.2585 ± 0.164387	0.293 ± 0.392341	0.832 ± 0.437913	0.317 ± 0.290972	0.875 ± 0.298494	0.684 ± 0.189618	0.936 ± 0.138421	0.609 ± 0.295879	0.896 ± 0.303091	0.751 ± 0.177698	0.928 ± 0.216238	0.753 ± 0.175904	0.904 ± 0.286702	0.527 ± 0.310182	0.877 ± 0.298478	0.772 ± 0.215984	0.995 ± 0.033276
