	mean_ncv_average_precision	mean_ncv_balanced_accuracy	mean_ncv_brier_loss	mean_ncv_f1	mean_ncv_informedness	mean_ncv_log_loss	mean_ncv_markedness	mean_ncv_mcc	mean_ncv_negative_predictive_value	mean_ncv_precision	mean_ncv_precision_recall_auc	mean_ncv_roc_auc	mean_ncv_sensitivity	mean_ncv_specificity
mcc	0.727 ± 0.056014	0.663 ± 0.055275	0.20684 ± 0.017535	0.627 ± 0.062690	0.327 ± 0.110550	0.6081 ± 0.040828	0.332 ± 0.116360	0.329 ± 0.113331	0.696 ± 0.051334	0.636 ± 0.072718	0.715 ± 0.059574	0.749 ± 0.052026	0.622 ± 0.077690	0.705 ± 0.074996
precision_recall_auc	0.677 ± 0.076568	0.636 ± 0.054959	0.21559 ± 0.021655	0.563 ± 0.089374	0.272 ± 0.109917	0.6333 ± 0.057131	0.296 ± 0.100994	0.284 ± 0.105105	0.664 ± 0.063497	0.632 ± 0.050612	0.665 ± 0.078287	0.702 ± 0.069894	0.522 ± 0.141518	0.750 ± 0.077997
roc_auc	0.710 ± 0.066554	0.645 ± 0.050705	0.21047 ± 0.018957	0.573 ± 0.090948	0.290 ± 0.101409	0.6219 ± 0.051357	0.311 ± 0.096870	0.300 ± 0.099193	0.666 ± 0.045567	0.645 ± 0.056418	0.702 ± 0.068583	0.725 ± 0.049913	0.522 ± 0.114755	0.768 ± 0.050023
