	mean_best_threshold_tuning_score	mean_best_threshold	mean_test_average_precision	mean_train_average_precision	mean_test_balanced_accuracy	mean_train_balanced_accuracy	mean_test_brier_loss	mean_train_brier_loss	mean_test_f1	mean_train_f1	mean_test_informedness	mean_train_informedness	mean_test_log_loss	mean_train_log_loss	mean_test_markedness	mean_train_markedness	mean_test_mcc	mean_train_mcc	mean_test_negative_predictive_value	mean_train_negative_predictive_value	mean_test_precision	mean_train_precision	mean_test_precision_recall_auc	mean_train_precision_recall_auc	mean_test_roc_auc	mean_train_roc_auc	mean_test_sensitivity	mean_train_sensitivity	mean_test_specificity	mean_train_specificity
mcc	nan	nan	0.933 ± 0.108613	0.977 ± 0.019021	0.842 ± 0.145879	0.937 ± 0.046963	0.11302 ± 0.090278	0.04897 ± 0.031299	0.807 ± 0.191489	0.931 ± 0.052643	0.685 ± 0.291758	0.874 ± 0.093925	0.3808 ± 0.252648	0.1871 ± 0.096768	0.742 ± 0.277862	0.891 ± 0.086165	0.711 ± 0.282568	0.883 ± 0.089883	0.841 ± 0.145429	0.923 ± 0.052630	0.900 ± 0.178571	0.968 ± 0.040802	0.922 ± 0.130915	0.977 ± 0.019182	0.923 ± 0.112751	0.973 ± 0.023801	0.762 ± 0.233291	0.899 ± 0.070657	0.923 ± 0.135981	0.976 ± 0.031851
precision_recall_auc	nan	nan	0.936 ± 0.081644	0.967 ± 0.024045	0.826 ± 0.153237	0.867 ± 0.117787	0.12567 ± 0.085971	0.07005 ± 0.038643	0.764 ± 0.256208	0.822 ± 0.228497	0.652 ± 0.306473	0.734 ± 0.235575	0.3959 ± 0.244525	0.2289 ± 0.109407	0.674 ± 0.368690	0.733 ± 0.326311	0.673 ± 0.300652	0.746 ± 0.230193	0.832 ± 0.149625	0.865 ± 0.111657	0.842 ± 0.268746	0.868 ± 0.233311	0.925 ± 0.098019	0.967 ± 0.024301	0.930 ± 0.081206	0.966 ± 0.025212	0.732 ± 0.281361	0.791 ± 0.237796	0.920 ± 0.138873	0.942 ± 0.061784
roc_auc	nan	nan	0.939 ± 0.072211	0.970 ± 0.025722	0.812 ± 0.154425	0.875 ± 0.129218	0.13135 ± 0.078892	0.06474 ± 0.043458	0.740 ± 0.285176	0.825 ± 0.256321	0.625 ± 0.308850	0.749 ± 0.258437	0.4069 ± 0.235731	0.2105 ± 0.123792	0.615 ± 0.421243	0.725 ± 0.372678	0.641 ± 0.308627	0.755 ± 0.258486	0.836 ± 0.155029	0.878 ± 0.118396	0.780 ± 0.305752	0.847 ± 0.262482	0.930 ± 0.083742	0.969 ± 0.026001	0.932 ± 0.074380	0.969 ± 0.026144	0.732 ± 0.304115	0.808 ± 0.256572	0.893 ± 0.148465	0.941 ± 0.062843
