	mean_ncv_average_precision	mean_ncv_balanced_accuracy	mean_ncv_brier_loss	mean_ncv_f1	mean_ncv_informedness	mean_ncv_log_loss	mean_ncv_markedness	mean_ncv_mcc	mean_ncv_negative_predictive_value	mean_ncv_precision	mean_ncv_precision_recall_auc	mean_ncv_roc_auc	mean_ncv_sensitivity	mean_ncv_specificity
mcc	0.707 ± 0.087836	0.699 ± 0.043752	0.21828 ± 0.023738	0.685 ± 0.047518	0.398 ± 0.087503	0.7381 ± 0.085632	0.398 ± 0.088577	0.398 ± 0.088006	0.757 ± 0.045779	0.641 ± 0.051301	0.691 ± 0.097181	0.746 ± 0.039088	0.739 ± 0.064417	0.659 ± 0.061546
precision_recall_auc	0.798 ± 0.048802	0.750 ± 0.047100	0.18578 ± 0.022174	0.734 ± 0.043019	0.499 ± 0.094199	0.6261 ± 0.073255	0.497 ± 0.092406	0.498 ± 0.093283	0.795 ± 0.040739	0.702 ± 0.056860	0.791 ± 0.051245	0.802 ± 0.039122	0.772 ± 0.040992	0.727 ± 0.074227
roc_auc	0.794 ± 0.035511	0.731 ± 0.027020	0.18665 ± 0.017793	0.711 ± 0.028997	0.462 ± 0.054040	0.6493 ± 0.053873	0.463 ± 0.054558	0.462 ± 0.054132	0.774 ± 0.031822	0.689 ± 0.043692	0.787 ± 0.037234	0.801 ± 0.031089	0.739 ± 0.058853	0.723 ± 0.065870
