	mean_best_threshold_tuning_score	mean_best_threshold	mean_test_average_precision	mean_train_average_precision	mean_test_balanced_accuracy	mean_train_balanced_accuracy	mean_test_brier_loss	mean_train_brier_loss	mean_test_f1	mean_train_f1	mean_test_informedness	mean_train_informedness	mean_test_log_loss	mean_train_log_loss	mean_test_markedness	mean_train_markedness	mean_test_mcc	mean_train_mcc	mean_test_negative_predictive_value	mean_train_negative_predictive_value	mean_test_precision	mean_train_precision	mean_test_precision_recall_auc	mean_train_precision_recall_auc	mean_test_roc_auc	mean_train_roc_auc	mean_test_sensitivity	mean_train_sensitivity	mean_test_specificity	mean_train_specificity
mcc	nan	nan	0.854 ± 0.122812	0.988 ± 0.023576	0.755 ± 0.150195	0.959 ± 0.067537	0.18064 ± 0.084380	0.02998 ± 0.046893	0.732 ± 0.161750	0.956 ± 0.069686	0.511 ± 0.300389	0.917 ± 0.135075	0.6155 ± 0.347010	0.1286 ± 0.149908	0.548 ± 0.301191	0.917 ± 0.134575	0.528 ± 0.298065	0.917 ± 0.134797	0.825 ± 0.186146	0.975 ± 0.042607	0.724 ± 0.183980	0.943 ± 0.096294	0.828 ± 0.151079	0.988 ± 0.023747	0.834 ± 0.138652	0.983 ± 0.034866	0.790 ± 0.229759	0.973 ± 0.043929	0.721 ± 0.208760	0.944 ± 0.097150
precision_recall_auc	nan	nan	0.882 ± 0.128628	0.998 ± 0.007297	0.812 ± 0.137312	0.988 ± 0.034238	0.15230 ± 0.084155	0.00948 ± 0.020193	0.784 ± 0.156715	0.987 ± 0.036539	0.623 ± 0.274624	0.976 ± 0.068477	0.5230 ± 0.344750	0.0605 ± 0.072092	0.669 ± 0.260927	0.976 ± 0.068508	0.644 ± 0.265157	0.976 ± 0.068468	0.852 ± 0.157568	0.993 ± 0.022007	0.817 ± 0.182240	0.983 ± 0.051742	0.864 ± 0.150286	0.998 ± 0.007359	0.860 ± 0.149224	0.998 ± 0.008278	0.800 ± 0.217567	0.992 ± 0.025287	0.823 ± 0.195148	0.984 ± 0.050296
roc_auc	nan	nan	0.893 ± 0.117339	0.998 ± 0.010994	0.817 ± 0.150070	0.995 ± 0.027148	0.15404 ± 0.098181	0.00676 ± 0.019580	0.792 ± 0.169223	0.994 ± 0.028548	0.634 ± 0.300140	0.989 ± 0.054296	0.5538 ± 0.418274	0.0527 ± 0.063804	0.670 ± 0.294147	0.990 ± 0.051766	0.650 ± 0.295129	0.990 ± 0.053028	0.853 ± 0.172348	0.998 ± 0.009241	0.817 ± 0.184243	0.992 ± 0.044304	0.879 ± 0.135083	0.998 ± 0.011098	0.864 ± 0.152513	0.998 ± 0.012297	0.808 ± 0.223512	0.998 ± 0.009849	0.826 ± 0.183570	0.992 ± 0.047353
