	mean_ncv_average_precision	mean_ncv_balanced_accuracy	mean_ncv_brier_loss	mean_ncv_f1	mean_ncv_informedness	mean_ncv_log_loss	mean_ncv_markedness	mean_ncv_mcc	mean_ncv_negative_predictive_value	mean_ncv_precision	mean_ncv_precision_recall_auc	mean_ncv_roc_auc	mean_ncv_sensitivity	mean_ncv_specificity
mcc	0.794 ± 0.062553	0.753 ± 0.048352	0.18064 ± 0.024330	0.739 ± 0.049433	0.506 ± 0.096704	0.6155 ± 0.080301	0.510 ± 0.103371	0.508 ± 0.099842	0.806 ± 0.052655	0.704 ± 0.074017	0.785 ± 0.068924	0.817 ± 0.044097	0.783 ± 0.071482	0.723 ± 0.086907
precision_recall_auc	0.843 ± 0.059036	0.809 ± 0.023473	0.15230 ± 0.019626	0.790 ± 0.027297	0.617 ± 0.046945	0.5230 ± 0.114844	0.621 ± 0.047118	0.619 ± 0.046622	0.832 ± 0.028793	0.789 ± 0.045523	0.836 ± 0.066443	0.862 ± 0.040003	0.794 ± 0.052705	0.823 ± 0.054419
roc_auc	0.826 ± 0.059882	0.814 ± 0.033455	0.15404 ± 0.021293	0.795 ± 0.037341	0.627 ± 0.066909	0.5538 ± 0.111657	0.633 ± 0.069601	0.630 ± 0.067944	0.838 ± 0.042429	0.796 ± 0.056964	0.817 ± 0.067310	0.857 ± 0.036053	0.800 ± 0.065210	0.827 ± 0.063564
