	mean_best_threshold_tuning_score	mean_best_threshold	mean_test_average_precision	mean_train_average_precision	mean_test_balanced_accuracy	mean_train_balanced_accuracy	mean_test_brier_loss	mean_train_brier_loss	mean_test_f1	mean_train_f1	mean_test_informedness	mean_train_informedness	mean_test_log_loss	mean_train_log_loss	mean_test_markedness	mean_train_markedness	mean_test_mcc	mean_train_mcc	mean_test_negative_predictive_value	mean_train_negative_predictive_value	mean_test_precision	mean_train_precision	mean_test_precision_recall_auc	mean_train_precision_recall_auc	mean_test_roc_auc	mean_train_roc_auc	mean_test_sensitivity	mean_train_sensitivity	mean_test_specificity	mean_train_specificity
mcc	nan	nan	0.745 ± 0.150415	0.986 ± 0.027737	0.615 ± 0.130667	0.959 ± 0.071404	0.25532 ± 0.071492	0.03687 ± 0.052755	0.633 ± 0.148104	0.958 ± 0.072162	0.230 ± 0.261335	0.919 ± 0.142808	0.7850 ± 0.303754	0.1500 ± 0.163633	0.302 ± 0.362085	0.922 ± 0.138892	0.265 ± 0.287166	0.921 ± 0.140804	0.762 ± 0.284657	0.975 ± 0.041396	0.539 ± 0.150013	0.947 ± 0.103632	0.704 ± 0.180216	0.986 ± 0.027961	0.712 ± 0.159421	0.982 ± 0.038316	0.813 ± 0.226228	0.973 ± 0.042479	0.417 ± 0.238535	0.946 ± 0.110520
precision_recall_auc	nan	nan	0.775 ± 0.117364	0.991 ± 0.022013	0.645 ± 0.128098	0.973 ± 0.052276	0.23625 ± 0.070841	0.02319 ± 0.041138	0.674 ± 0.105982	0.972 ± 0.054630	0.291 ± 0.256197	0.947 ± 0.104552	0.7027 ± 0.254406	0.0999 ± 0.134357	0.355 ± 0.341119	0.949 ± 0.104036	0.322 ± 0.276641	0.948 ± 0.104241	0.790 ± 0.281599	0.979 ± 0.038803	0.564 ± 0.121122	0.970 ± 0.071549	0.738 ± 0.142480	0.991 ± 0.022192	0.752 ± 0.126980	0.988 ± 0.029194	0.872 ± 0.154496	0.975 ± 0.043674	0.419 ± 0.232311	0.972 ± 0.070364
roc_auc	nan	nan	0.783 ± 0.126367	0.998 ± 0.007416	0.644 ± 0.152608	0.989 ± 0.029164	0.23297 ± 0.078010	0.01054 ± 0.020397	0.656 ± 0.158340	0.988 ± 0.032155	0.289 ± 0.305216	0.978 ± 0.058327	0.7237 ± 0.312049	0.0643 ± 0.076422	0.326 ± 0.379454	0.977 ± 0.060110	0.305 ± 0.331130	0.978 ± 0.059205	0.760 ± 0.282915	0.994 ± 0.018667	0.565 ± 0.160489	0.983 ± 0.045005	0.748 ± 0.154037	0.998 ± 0.007476	0.752 ± 0.140910	0.997 ± 0.009091	0.817 ± 0.210953	0.993 ± 0.022152	0.472 ± 0.247675	0.985 ± 0.040924
