	mean_best_threshold_tuning_score	mean_best_threshold	mean_test_average_precision	mean_train_average_precision	mean_test_balanced_accuracy	mean_train_balanced_accuracy	mean_test_brier_loss	mean_train_brier_loss	mean_test_f1	mean_train_f1	mean_test_informedness	mean_train_informedness	mean_test_log_loss	mean_train_log_loss	mean_test_markedness	mean_train_markedness	mean_test_mcc	mean_train_mcc	mean_test_negative_predictive_value	mean_train_negative_predictive_value	mean_test_precision	mean_train_precision	mean_test_precision_recall_auc	mean_train_precision_recall_auc	mean_test_roc_auc	mean_train_roc_auc	mean_test_sensitivity	mean_train_sensitivity	mean_test_specificity	mean_train_specificity
mcc	nan	nan	0.885 ± 0.113661	0.975 ± 0.034140	0.748 ± 0.133249	0.945 ± 0.055115	0.16803 ± 0.087910	0.04308 ± 0.041836	0.705 ± 0.157468	0.942 ± 0.057373	0.495 ± 0.266497	0.890 ± 0.110229	0.5435 ± 0.320291	0.1672 ± 0.128265	0.549 ± 0.304779	0.904 ± 0.111993	0.523 ± 0.266923	0.897 ± 0.110907	0.759 ± 0.183276	0.938 ± 0.043478	0.790 ± 0.200511	0.966 ± 0.080788	0.867 ± 0.134632	0.975 ± 0.034477	0.862 ± 0.146172	0.969 ± 0.041426	0.693 ± 0.219797	0.923 ± 0.050813	0.802 ± 0.229676	0.968 ± 0.078905
precision_recall_auc	nan	nan	0.883 ± 0.125638	0.981 ± 0.034574	0.753 ± 0.126543	0.954 ± 0.070596	0.16669 ± 0.083623	0.03298 ± 0.029332	0.697 ± 0.184173	0.942 ± 0.138790	0.505 ± 0.253086	0.909 ± 0.141193	0.5463 ± 0.287044	0.1389 ± 0.094527	0.565 ± 0.294085	0.915 ± 0.199709	0.536 ± 0.252801	0.916 ± 0.140387	0.773 ± 0.149488	0.940 ± 0.066197	0.792 ± 0.218613	0.975 ± 0.141143	0.867 ± 0.144851	0.981 ± 0.035118	0.863 ± 0.145730	0.977 ± 0.033296	0.673 ± 0.240370	0.913 ± 0.140642	0.832 ± 0.172248	0.996 ± 0.008743
roc_auc	nan	nan	0.869 ± 0.128635	0.982 ± 0.042105	0.717 ± 0.128581	0.956 ± 0.097938	0.17815 ± 0.085581	0.02772 ± 0.038230	0.657 ± 0.196880	0.934 ± 0.194877	0.435 ± 0.257161	0.912 ± 0.195875	0.5714 ± 0.290186	0.1175 ± 0.118569	0.473 ± 0.333222	0.904 ± 0.280203	0.461 ± 0.265996	0.917 ± 0.195444	0.747 ± 0.150405	0.948 ± 0.088685	0.726 ± 0.246867	0.956 ± 0.197409	0.851 ± 0.148183	0.982 ± 0.042715	0.841 ± 0.151231	0.979 ± 0.041049	0.647 ± 0.239614	0.915 ± 0.195484	0.788 ± 0.204181	0.997 ± 0.008185
