	mean_best_threshold_tuning_score	mean_best_threshold	mean_test_average_precision	mean_train_average_precision	mean_test_balanced_accuracy	mean_train_balanced_accuracy	mean_test_brier_loss	mean_train_brier_loss	mean_test_f1	mean_train_f1	mean_test_informedness	mean_train_informedness	mean_test_log_loss	mean_train_log_loss	mean_test_markedness	mean_train_markedness	mean_test_mcc	mean_train_mcc	mean_test_negative_predictive_value	mean_train_negative_predictive_value	mean_test_precision	mean_train_precision	mean_test_precision_recall_auc	mean_train_precision_recall_auc	mean_test_roc_auc	mean_train_roc_auc	mean_test_sensitivity	mean_train_sensitivity	mean_test_specificity	mean_train_specificity
mcc	nan	nan	0.893 ± 0.106067	0.992 ± 0.006841	0.823 ± 0.115707	0.945 ± 0.039573	0.14349 ± 0.059116	0.04580 ± 0.022784	0.797 ± 0.139452	0.939 ± 0.043676	0.646 ± 0.231413	0.890 ± 0.079145	0.4496 ± 0.146604	0.1968 ± 0.076978	0.677 ± 0.227989	0.896 ± 0.074342	0.660 ± 0.227140	0.893 ± 0.076640	0.866 ± 0.131762	0.941 ± 0.044406	0.811 ± 0.173780	0.955 ± 0.035665	0.877 ± 0.128203	0.992 ± 0.007071	0.880 ± 0.109227	0.993 ± 0.006164	0.823 ± 0.188712	0.925 ± 0.057396	0.823 ± 0.163261	0.965 ± 0.027783
precision_recall_auc	nan	nan	0.924 ± 0.074925	0.992 ± 0.008304	0.839 ± 0.120226	0.944 ± 0.041755	0.12902 ± 0.052551	0.04623 ± 0.022446	0.804 ± 0.176022	0.938 ± 0.046269	0.678 ± 0.240451	0.888 ± 0.083510	0.4131 ± 0.130433	0.2005 ± 0.069948	0.701 ± 0.263640	0.895 ± 0.077965	0.692 ± 0.235936	0.892 ± 0.080674	0.875 ± 0.134938	0.940 ± 0.046572	0.825 ± 0.196345	0.956 ± 0.036456	0.913 ± 0.085840	0.992 ± 0.008554	0.915 ± 0.085877	0.992 ± 0.008814	0.820 ± 0.219099	0.922 ± 0.060655	0.858 ± 0.141911	0.966 ± 0.027947
roc_auc	nan	nan	0.884 ± 0.107475	0.994 ± 0.006316	0.820 ± 0.110346	0.955 ± 0.041183	0.14359 ± 0.053967	0.04159 ± 0.023206	0.793 ± 0.133491	0.950 ± 0.045807	0.639 ± 0.220692	0.909 ± 0.082367	0.4479 ± 0.135655	0.1874 ± 0.077015	0.661 ± 0.216181	0.914 ± 0.077202	0.649 ± 0.216181	0.912 ± 0.079735	0.872 ± 0.130183	0.953 ± 0.044408	0.789 ± 0.160701	0.961 ± 0.036805	0.865 ± 0.133857	0.994 ± 0.006533	0.877 ± 0.099844	0.995 ± 0.005494	0.833 ± 0.184428	0.940 ± 0.058459	0.806 ± 0.151738	0.970 ± 0.028290
