	mean_best_threshold_tuning_score	mean_best_threshold	mean_test_average_precision	mean_train_average_precision	mean_test_balanced_accuracy	mean_train_balanced_accuracy	mean_test_brier_loss	mean_train_brier_loss	mean_test_f1	mean_train_f1	mean_test_informedness	mean_train_informedness	mean_test_log_loss	mean_train_log_loss	mean_test_markedness	mean_train_markedness	mean_test_mcc	mean_train_mcc	mean_test_negative_predictive_value	mean_train_negative_predictive_value	mean_test_precision	mean_train_precision	mean_test_precision_recall_auc	mean_train_precision_recall_auc	mean_test_roc_auc	mean_train_roc_auc	mean_test_sensitivity	mean_train_sensitivity	mean_test_specificity	mean_train_specificity
mcc	nan	nan	0.858 ± 0.119223	0.975 ± 0.034140	0.717 ± 0.138361	0.945 ± 0.055115	0.18040 ± 0.073954	0.04308 ± 0.041836	0.671 ± 0.202356	0.942 ± 0.057373	0.434 ± 0.276723	0.890 ± 0.110229	0.5693 ± 0.252646	0.1672 ± 0.128265	0.480 ± 0.322050	0.904 ± 0.111993	0.455 ± 0.292016	0.897 ± 0.110907	0.781 ± 0.152918	0.938 ± 0.043478	0.699 ± 0.251533	0.966 ± 0.080788	0.836 ± 0.140659	0.975 ± 0.034477	0.838 ± 0.142292	0.969 ± 0.041426	0.705 ± 0.249268	0.923 ± 0.050813	0.729 ± 0.231915	0.968 ± 0.078905
precision_recall_auc	nan	nan	0.866 ± 0.131774	0.981 ± 0.034574	0.722 ± 0.150263	0.954 ± 0.070596	0.17337 ± 0.081613	0.03298 ± 0.029332	0.667 ± 0.213968	0.942 ± 0.138790	0.444 ± 0.300527	0.909 ± 0.141193	0.5678 ± 0.291308	0.1389 ± 0.094527	0.483 ± 0.353872	0.915 ± 0.199709	0.466 ± 0.310607	0.916 ± 0.140387	0.770 ± 0.167715	0.940 ± 0.066197	0.712 ± 0.261847	0.975 ± 0.141143	0.846 ± 0.154889	0.981 ± 0.035118	0.841 ± 0.157190	0.977 ± 0.033296	0.687 ± 0.261124	0.913 ± 0.140642	0.757 ± 0.236473	0.996 ± 0.008743
roc_auc	nan	nan	0.870 ± 0.129532	0.982 ± 0.042105	0.722 ± 0.159958	0.956 ± 0.097938	0.17369 ± 0.086357	0.02772 ± 0.038230	0.659 ± 0.238732	0.934 ± 0.194877	0.444 ± 0.319915	0.912 ± 0.195875	0.5744 ± 0.308049	0.1175 ± 0.118569	0.467 ± 0.387862	0.904 ± 0.280203	0.463 ± 0.328457	0.917 ± 0.195444	0.767 ± 0.170599	0.948 ± 0.088685	0.700 ± 0.282607	0.956 ± 0.197409	0.851 ± 0.152991	0.982 ± 0.042715	0.847 ± 0.149756	0.979 ± 0.041049	0.677 ± 0.273882	0.915 ± 0.195484	0.767 ± 0.237893	0.997 ± 0.008185
