	mean_best_threshold_tuning_score	mean_best_threshold	mean_test_average_precision	mean_train_average_precision	mean_test_balanced_accuracy	mean_train_balanced_accuracy	mean_test_brier_loss	mean_train_brier_loss	mean_test_f1	mean_train_f1	mean_test_informedness	mean_train_informedness	mean_test_log_loss	mean_train_log_loss	mean_test_markedness	mean_train_markedness	mean_test_mcc	mean_train_mcc	mean_test_negative_predictive_value	mean_train_negative_predictive_value	mean_test_precision	mean_train_precision	mean_test_precision_recall_auc	mean_train_precision_recall_auc	mean_test_roc_auc	mean_train_roc_auc	mean_test_sensitivity	mean_train_sensitivity	mean_test_specificity	mean_train_specificity
mcc	nan	nan	0.850 ± 0.135172	0.996 ± 0.009630	0.724 ± 0.175200	0.987 ± 0.023109	0.18818 ± 0.069603	0.04114 ± 0.025982	0.670 ± 0.217514	0.987 ± 0.024630	0.448 ± 0.350401	0.975 ± 0.046219	0.5784 ± 0.185483	0.2023 ± 0.085370	0.486 ± 0.379264	0.981 ± 0.034220	0.465 ± 0.360738	0.978 ± 0.040254	0.751 ± 0.204295	0.981 ± 0.034220	0.735 ± 0.248311	1.000 ± 0.000000	0.828 ± 0.160756	0.996 ± 0.009819	0.814 ± 0.173554	0.994 ± 0.015458	0.673 ± 0.266113	0.975 ± 0.046219	0.775 ± 0.229073	1.000 ± 0.000000
precision_recall_auc	nan	nan	0.843 ± 0.165297	0.968 ± 0.122459	0.719 ± 0.167197	0.968 ± 0.098728	0.18771 ± 0.060153	0.04339 ± 0.050709	0.628 ± 0.263190	0.948 ± 0.196616	0.439 ± 0.334394	0.936 ± 0.197455	0.5766 ± 0.161405	0.2022 ± 0.132453	0.479 ± 0.392863	0.923 ± 0.288649	0.463 ± 0.342383	0.939 ± 0.196967	0.751 ± 0.180689	0.964 ± 0.094273	0.728 ± 0.304843	0.959 ± 0.197888	0.827 ± 0.178319	0.963 ± 0.145932	0.813 ± 0.181590	0.948 ± 0.196863	0.622 ± 0.318198	0.938 ± 0.197659	0.817 ± 0.215854	0.999 ± 0.008319
roc_auc	nan	nan	0.842 ± 0.155371	0.971 ± 0.126518	0.706 ± 0.163892	0.974 ± 0.098930	0.18766 ± 0.063275	0.03707 ± 0.049654	0.615 ± 0.267970	0.954 ± 0.197359	0.411 ± 0.327784	0.949 ± 0.197859	0.5725 ± 0.165926	0.1836 ± 0.129787	0.426 ± 0.418012	0.933 ± 0.289826	0.429 ± 0.344663	0.950 ± 0.197611	0.739 ± 0.191209	0.973 ± 0.093669	0.688 ± 0.308721	0.960 ± 0.197949	0.826 ± 0.173115	0.967 ± 0.144611	0.810 ± 0.176320	0.954 ± 0.197513	0.618 ± 0.313206	0.949 ± 0.197859	0.793 ± 0.222465	1.000 ± 0.000000
