	mean_best_threshold_tuning_score	mean_best_threshold	mean_test_average_precision	mean_train_average_precision	mean_test_balanced_accuracy	mean_train_balanced_accuracy	mean_test_brier_loss	mean_train_brier_loss	mean_test_f1	mean_train_f1	mean_test_informedness	mean_train_informedness	mean_test_log_loss	mean_train_log_loss	mean_test_markedness	mean_train_markedness	mean_test_mcc	mean_train_mcc	mean_test_negative_predictive_value	mean_train_negative_predictive_value	mean_test_precision	mean_train_precision	mean_test_precision_recall_auc	mean_train_precision_recall_auc	mean_test_roc_auc	mean_train_roc_auc	mean_test_sensitivity	mean_train_sensitivity	mean_test_specificity	mean_train_specificity
mcc	nan	nan	0.769 ± 0.148601	0.981 ± 0.040240	0.689 ± 0.126516	0.946 ± 0.077050	0.22083 ± 0.071655	0.05867 ± 0.054332	0.663 ± 0.166172	0.943 ± 0.078630	0.379 ± 0.253032	0.892 ± 0.154101	0.7354 ± 0.293963	0.2284 ± 0.158513	0.412 ± 0.306525	0.892 ± 0.149004	0.401 ± 0.255367	0.892 ± 0.151525	0.764 ± 0.208666	0.979 ± 0.040412	0.648 ± 0.187083	0.913 ± 0.114090	0.725 ± 0.184880	0.981 ± 0.040690	0.750 ± 0.153910	0.978 ± 0.044506	0.742 ± 0.242956	0.980 ± 0.038201	0.637 ± 0.237506	0.912 ± 0.121868
precision_recall_auc	nan	nan	0.839 ± 0.127221	0.984 ± 0.025597	0.724 ± 0.144094	0.939 ± 0.072522	0.19199 ± 0.084151	0.04767 ± 0.048268	0.703 ± 0.162486	0.935 ± 0.076042	0.448 ± 0.288189	0.878 ± 0.145044	0.6330 ± 0.329904	0.1903 ± 0.143784	0.471 ± 0.287981	0.876 ± 0.144714	0.459 ± 0.286589	0.877 ± 0.144853	0.792 ± 0.175139	0.968 ± 0.044210	0.680 ± 0.167389	0.908 ± 0.104403	0.813 ± 0.155452	0.984 ± 0.025810	0.814 ± 0.145481	0.980 ± 0.033173	0.768 ± 0.217104	0.967 ± 0.046382	0.680 ± 0.192460	0.911 ± 0.104044
roc_auc	nan	nan	0.835 ± 0.141472	0.992 ± 0.022032	0.716 ± 0.156733	0.966 ± 0.058720	0.19283 ± 0.093411	0.02779 ± 0.039084	0.693 ± 0.186711	0.963 ± 0.062679	0.431 ± 0.313466	0.933 ± 0.117440	0.6680 ± 0.354162	0.1278 ± 0.117152	0.447 ± 0.333117	0.931 ± 0.116529	0.439 ± 0.321027	0.932 ± 0.116949	0.780 ± 0.186101	0.988 ± 0.029554	0.668 ± 0.197473	0.943 ± 0.091731	0.806 ± 0.174225	0.992 ± 0.022233	0.812 ± 0.149857	0.991 ± 0.025745	0.753 ± 0.232042	0.987 ± 0.031946	0.678 ± 0.208777	0.946 ± 0.092204
