	mean_ncv_average_precision	mean_ncv_balanced_accuracy	mean_ncv_brier_loss	mean_ncv_f1	mean_ncv_informedness	mean_ncv_log_loss	mean_ncv_markedness	mean_ncv_mcc	mean_ncv_negative_predictive_value	mean_ncv_precision	mean_ncv_precision_recall_auc	mean_ncv_roc_auc	mean_ncv_sensitivity	mean_ncv_specificity
mcc	0.806 ± 0.060897	0.755 ± 0.034035	0.17014 ± 0.017971	0.747 ± 0.031232	0.510 ± 0.068071	0.5436 ± 0.079202	0.515 ± 0.070446	0.512 ± 0.069148	0.831 ± 0.040687	0.685 ± 0.053776	0.798 ± 0.065675	0.834 ± 0.037785	0.828 ± 0.055246	0.682 ± 0.074227
precision_recall_auc	0.819 ± 0.081376	0.810 ± 0.029660	0.15037 ± 0.026438	0.794 ± 0.029875	0.620 ± 0.059320	0.4930 ± 0.105112	0.621 ± 0.065807	0.620 ± 0.062377	0.840 ± 0.026915	0.781 ± 0.056160	0.809 ± 0.089458	0.856 ± 0.050159	0.811 ± 0.038845	0.809 ± 0.059844
roc_auc	0.824 ± 0.062172	0.811 ± 0.039298	0.14469 ± 0.024058	0.796 ± 0.039768	0.622 ± 0.078596	0.4930 ± 0.116806	0.623 ± 0.080640	0.623 ± 0.079512	0.847 ± 0.037206	0.776 ± 0.062538	0.814 ± 0.069195	0.866 ± 0.039857	0.822 ± 0.051052	0.800 ± 0.071710
