	mean_best_threshold_tuning_score	mean_best_threshold	mean_test_average_precision	mean_train_average_precision	mean_test_balanced_accuracy	mean_train_balanced_accuracy	mean_test_brier_loss	mean_train_brier_loss	mean_test_f1	mean_train_f1	mean_test_informedness	mean_train_informedness	mean_test_log_loss	mean_train_log_loss	mean_test_markedness	mean_train_markedness	mean_test_mcc	mean_train_mcc	mean_test_negative_predictive_value	mean_train_negative_predictive_value	mean_test_precision	mean_train_precision	mean_test_precision_recall_auc	mean_train_precision_recall_auc	mean_test_roc_auc	mean_train_roc_auc	mean_test_sensitivity	mean_train_sensitivity	mean_test_specificity	mean_train_specificity
mcc	nan	nan	0.845 ± 0.137281	0.978 ± 0.035055	0.748 ± 0.140738	0.932 ± 0.083856	0.18838 ± 0.070621	0.07468 ± 0.055558	0.722 ± 0.164829	0.928 ± 0.086192	0.497 ± 0.281477	0.864 ± 0.167712	0.6123 ± 0.317549	0.2772 ± 0.162840	0.530 ± 0.287017	0.863 ± 0.163820	0.512 ± 0.281514	0.864 ± 0.165739	0.823 ± 0.174041	0.969 ± 0.046261	0.707 ± 0.177094	0.895 ± 0.121116	0.819 ± 0.163928	0.978 ± 0.035379	0.834 ± 0.142308	0.972 ± 0.044081	0.787 ± 0.229709	0.969 ± 0.045270	0.710 ± 0.183503	0.895 ± 0.127158
precision_recall_auc	nan	nan	0.845 ± 0.136132	0.980 ± 0.031014	0.733 ± 0.131764	0.932 ± 0.080138	0.17993 ± 0.076675	0.05556 ± 0.054540	0.708 ± 0.149494	0.927 ± 0.083152	0.465 ± 0.263529	0.863 ± 0.160276	0.5866 ± 0.437009	0.2139 ± 0.162484	0.508 ± 0.282632	0.862 ± 0.157956	0.485 ± 0.269967	0.862 ± 0.159089	0.802 ± 0.165073	0.965 ± 0.049257	0.706 ± 0.186442	0.897 ± 0.112982	0.821 ± 0.160703	0.980 ± 0.031264	0.827 ± 0.147504	0.973 ± 0.040508	0.755 ± 0.209206	0.964 ± 0.050695	0.710 ± 0.194569	0.899 ± 0.115825
roc_auc	nan	nan	0.849 ± 0.133248	0.984 ± 0.030059	0.719 ± 0.136334	0.946 ± 0.077036	0.18155 ± 0.082661	0.04543 ± 0.051715	0.693 ± 0.156652	0.942 ± 0.079388	0.439 ± 0.272667	0.891 ± 0.154073	0.5957 ± 0.448641	0.1844 ± 0.153949	0.478 ± 0.281636	0.890 ± 0.150755	0.456 ± 0.272992	0.891 ± 0.152389	0.795 ± 0.170759	0.975 ± 0.044866	0.683 ± 0.178493	0.915 ± 0.110942	0.827 ± 0.154536	0.984 ± 0.030317	0.831 ± 0.144490	0.979 ± 0.038630	0.752 ± 0.222393	0.975 ± 0.044739	0.687 ± 0.196087	0.916 ± 0.115675
