	mean_best_threshold_tuning_score	mean_best_threshold	mean_test_average_precision	mean_train_average_precision	mean_test_balanced_accuracy	mean_train_balanced_accuracy	mean_test_brier_loss	mean_train_brier_loss	mean_test_f1	mean_train_f1	mean_test_informedness	mean_train_informedness	mean_test_log_loss	mean_train_log_loss	mean_test_markedness	mean_train_markedness	mean_test_mcc	mean_train_mcc	mean_test_negative_predictive_value	mean_train_negative_predictive_value	mean_test_precision	mean_train_precision	mean_test_precision_recall_auc	mean_train_precision_recall_auc	mean_test_roc_auc	mean_train_roc_auc	mean_test_sensitivity	mean_train_sensitivity	mean_test_specificity	mean_train_specificity
mcc	nan	nan	0.742 ± 0.151381	0.978 ± 0.035055	0.642 ± 0.139868	0.932 ± 0.083856	0.24511 ± 0.073344	0.07468 ± 0.055558	0.654 ± 0.158936	0.928 ± 0.086192	0.285 ± 0.279736	0.864 ± 0.167712	0.8069 ± 0.345125	0.2772 ± 0.162840	0.362 ± 0.355613	0.863 ± 0.163820	0.322 ± 0.295175	0.864 ± 0.165739	0.794 ± 0.257226	0.969 ± 0.046261	0.568 ± 0.174537	0.895 ± 0.121116	0.697 ± 0.188225	0.978 ± 0.035379	0.722 ± 0.153958	0.972 ± 0.044081	0.822 ± 0.223993	0.969 ± 0.045270	0.463 ± 0.253307	0.895 ± 0.127158
precision_recall_auc	nan	nan	0.795 ± 0.133824	0.980 ± 0.031014	0.663 ± 0.150151	0.932 ± 0.080138	0.22839 ± 0.082011	0.05556 ± 0.054540	0.667 ± 0.172192	0.927 ± 0.083152	0.327 ± 0.300302	0.863 ± 0.160276	0.7552 ± 0.396347	0.2139 ± 0.162484	0.382 ± 0.369964	0.862 ± 0.157956	0.359 ± 0.311197	0.862 ± 0.159089	0.806 ± 0.254812	0.965 ± 0.049257	0.576 ± 0.185242	0.897 ± 0.112982	0.763 ± 0.159782	0.980 ± 0.031264	0.768 ± 0.146911	0.973 ± 0.040508	0.837 ± 0.221416	0.964 ± 0.050695	0.490 ± 0.258725	0.899 ± 0.115825
roc_auc	nan	nan	0.790 ± 0.132723	0.984 ± 0.030059	0.655 ± 0.159220	0.946 ± 0.077036	0.23094 ± 0.085836	0.04543 ± 0.051715	0.664 ± 0.169369	0.942 ± 0.079388	0.310 ± 0.318441	0.891 ± 0.154073	0.7986 ± 0.424565	0.1844 ± 0.153949	0.372 ± 0.371914	0.890 ± 0.150755	0.337 ± 0.338388	0.891 ± 0.152389	0.794 ± 0.258194	0.975 ± 0.044866	0.578 ± 0.182230	0.915 ± 0.110942	0.756 ± 0.159176	0.984 ± 0.030317	0.763 ± 0.147969	0.979 ± 0.038630	0.823 ± 0.223125	0.975 ± 0.044739	0.487 ± 0.247809	0.916 ± 0.115675
