	mean_best_threshold_tuning_score	mean_best_threshold	mean_test_average_precision	mean_train_average_precision	mean_test_balanced_accuracy	mean_train_balanced_accuracy	mean_test_brier_loss	mean_train_brier_loss	mean_test_f1	mean_train_f1	mean_test_informedness	mean_train_informedness	mean_test_log_loss	mean_train_log_loss	mean_test_markedness	mean_train_markedness	mean_test_mcc	mean_train_mcc	mean_test_negative_predictive_value	mean_train_negative_predictive_value	mean_test_precision	mean_train_precision	mean_test_precision_recall_auc	mean_train_precision_recall_auc	mean_test_roc_auc	mean_train_roc_auc	mean_test_sensitivity	mean_train_sensitivity	mean_test_specificity	mean_train_specificity
mcc	nan	nan	0.913 ± 0.099265	1.000 ± 0.000000	0.842 ± 0.114018	1.000 ± 0.000000	0.12452 ± 0.064997	0.01196 ± 0.002147	0.810 ± 0.146041	1.000 ± 0.000000	0.684 ± 0.228035	1.000 ± 0.000000	0.4014 ± 0.204545	0.0815 ± 0.011471	0.749 ± 0.202066	1.000 ± 0.000000	0.713 ± 0.211828	1.000 ± 0.000000	0.846 ± 0.129698	1.000 ± 0.000000	0.903 ± 0.150297	1.000 ± 0.000000	0.900 ± 0.119140	1.000 ± 0.000000	0.898 ± 0.122321	1.000 ± 0.000000	0.773 ± 0.204152	1.000 ± 0.000000	0.911 ± 0.143317	1.000 ± 0.000000
precision_recall_auc	nan	nan	0.912 ± 0.102638	1.000 ± 0.000000	0.832 ± 0.115617	1.000 ± 0.000000	0.12327 ± 0.067256	0.01177 ± 0.002038	0.797 ± 0.151332	1.000 ± 0.000000	0.664 ± 0.231235	1.000 ± 0.000000	0.3937 ± 0.203102	0.0794 ± 0.010564	0.730 ± 0.204779	1.000 ± 0.000000	0.693 ± 0.214362	1.000 ± 0.000000	0.841 ± 0.134171	1.000 ± 0.000000	0.889 ± 0.151845	1.000 ± 0.000000	0.900 ± 0.122229	1.000 ± 0.000000	0.899 ± 0.124542	1.000 ± 0.000000	0.768 ± 0.213816	1.000 ± 0.000000	0.896 ± 0.143868	1.000 ± 0.000000
roc_auc	nan	nan	0.912 ± 0.098790	1.000 ± 0.000000	0.841 ± 0.124704	1.000 ± 0.000000	0.12362 ± 0.068166	0.01157 ± 0.001865	0.807 ± 0.159634	1.000 ± 0.000000	0.682 ± 0.249408	1.000 ± 0.000000	0.3955 ± 0.208026	0.0783 ± 0.009341	0.743 ± 0.229583	1.000 ± 0.000000	0.709 ± 0.236097	1.000 ± 0.000000	0.842 ± 0.136464	1.000 ± 0.000000	0.901 ± 0.155234	1.000 ± 0.000000	0.899 ± 0.117439	1.000 ± 0.000000	0.894 ± 0.123150	1.000 ± 0.000000	0.768 ± 0.213816	1.000 ± 0.000000	0.914 ± 0.135541	1.000 ± 0.000000
