	mean_best_threshold_tuning_score	mean_best_threshold	mean_test_average_precision	mean_train_average_precision	mean_test_balanced_accuracy	mean_train_balanced_accuracy	mean_test_brier_loss	mean_train_brier_loss	mean_test_f1	mean_train_f1	mean_test_informedness	mean_train_informedness	mean_test_log_loss	mean_train_log_loss	mean_test_markedness	mean_train_markedness	mean_test_mcc	mean_train_mcc	mean_test_negative_predictive_value	mean_train_negative_predictive_value	mean_test_precision	mean_train_precision	mean_test_precision_recall_auc	mean_train_precision_recall_auc	mean_test_roc_auc	mean_train_roc_auc	mean_test_sensitivity	mean_train_sensitivity	mean_test_specificity	mean_train_specificity
mcc	nan	nan	0.856 ± 0.143974	0.972 ± 0.036884	0.786 ± 0.139860	0.936 ± 0.049461	0.17724 ± 0.069752	0.07012 ± 0.038312	0.767 ± 0.138609	0.931 ± 0.053035	0.571 ± 0.279720	0.873 ± 0.098922	0.5535 ± 0.203666	0.2812 ± 0.102166	0.610 ± 0.293310	0.875 ± 0.100638	0.592 ± 0.268115	0.874 ± 0.099704	0.837 ± 0.195749	0.944 ± 0.041748	0.772 ± 0.192146	0.931 ± 0.068285	0.830 ± 0.178921	0.971 ± 0.037897	0.844 ± 0.151680	0.964 ± 0.048268	0.818 ± 0.197554	0.932 ± 0.048843	0.753 ± 0.257224	0.941 ± 0.063358
precision_recall_auc	nan	nan	0.838 ± 0.166477	0.944 ± 0.154549	0.786 ± 0.135722	0.922 ± 0.113455	0.17860 ± 0.067951	0.07166 ± 0.054038	0.731 ± 0.225171	0.889 ± 0.229956	0.573 ± 0.271444	0.845 ± 0.226909	0.5569 ± 0.201788	0.2831 ± 0.131840	0.576 ± 0.351017	0.824 ± 0.329924	0.588 ± 0.267251	0.847 ± 0.227726	0.833 ± 0.161833	0.925 ± 0.098138	0.744 ± 0.255401	0.899 ± 0.234527	0.814 ± 0.191719	0.943 ± 0.155882	0.814 ± 0.204178	0.927 ± 0.196887	0.762 ± 0.265671	0.879 ± 0.227947	0.811 ± 0.194645	0.966 ± 0.043646
roc_auc	nan	nan	0.849 ± 0.154763	0.985 ± 0.020425	0.795 ± 0.128880	0.954 ± 0.033770	0.18235 ± 0.072407	0.05532 ± 0.026888	0.774 ± 0.128799	0.950 ± 0.037434	0.590 ± 0.257759	0.908 ± 0.067541	0.5689 ± 0.219697	0.2425 ± 0.075829	0.613 ± 0.281980	0.910 ± 0.069535	0.604 ± 0.250941	0.909 ± 0.068382	0.824 ± 0.180424	0.958 ± 0.029297	0.788 ± 0.183244	0.952 ± 0.052487	0.820 ± 0.192115	0.985 ± 0.020990	0.832 ± 0.168399	0.981 ± 0.027709	0.805 ± 0.175457	0.949 ± 0.036634	0.785 ± 0.231730	0.959 ± 0.046598
