	mean_best_threshold_tuning_score	mean_best_threshold	mean_test_average_precision	mean_train_average_precision	mean_test_balanced_accuracy	mean_train_balanced_accuracy	mean_test_brier_loss	mean_train_brier_loss	mean_test_f1	mean_train_f1	mean_test_informedness	mean_train_informedness	mean_test_log_loss	mean_train_log_loss	mean_test_markedness	mean_train_markedness	mean_test_mcc	mean_train_mcc	mean_test_negative_predictive_value	mean_train_negative_predictive_value	mean_test_precision	mean_train_precision	mean_test_precision_recall_auc	mean_train_precision_recall_auc	mean_test_roc_auc	mean_train_roc_auc	mean_test_sensitivity	mean_train_sensitivity	mean_test_specificity	mean_train_specificity
mcc	nan	nan	0.894 ± 0.093533	0.987 ± 0.026775	0.794 ± 0.131680	0.946 ± 0.046907	0.15813 ± 0.061349	0.04966 ± 0.033202	0.763 ± 0.156890	0.942 ± 0.051466	0.589 ± 0.263360	0.892 ± 0.093814	0.4905 ± 0.156756	0.2159 ± 0.094617	0.620 ± 0.256317	0.906 ± 0.095463	0.603 ± 0.257413	0.899 ± 0.094327	0.826 ± 0.146216	0.935 ± 0.044120	0.794 ± 0.177273	0.971 ± 0.065630	0.880 ± 0.106324	0.986 ± 0.027641	0.870 ± 0.125835	0.986 ± 0.029442	0.777 ± 0.204429	0.917 ± 0.055593	0.812 ± 0.172485	0.975 ± 0.056263
precision_recall_auc	nan	nan	0.926 ± 0.087960	0.998 ± 0.002811	0.819 ± 0.125122	0.964 ± 0.026747	0.14186 ± 0.055199	0.03938 ± 0.020828	0.786 ± 0.155256	0.962 ± 0.028905	0.637 ± 0.250245	0.928 ± 0.053494	0.4544 ± 0.148783	0.1888 ± 0.069085	0.674 ± 0.243045	0.945 ± 0.041567	0.654 ± 0.244103	0.936 ± 0.047413	0.844 ± 0.133885	0.948 ± 0.038841	0.830 ± 0.182295	0.997 ± 0.014139	0.917 ± 0.099941	0.998 ± 0.002911	0.908 ± 0.111310	0.998 ± 0.002394	0.790 ± 0.199375	0.930 ± 0.052277	0.847 ± 0.167030	0.998 ± 0.010997
roc_auc	nan	nan	0.916 ± 0.094475	0.998 ± 0.002569	0.805 ± 0.133304	0.967 ± 0.025885	0.14604 ± 0.054937	0.03618 ± 0.018975	0.777 ± 0.155479	0.965 ± 0.027948	0.609 ± 0.266607	0.934 ± 0.051771	0.4630 ± 0.147945	0.1785 ± 0.062543	0.645 ± 0.262435	0.949 ± 0.040374	0.625 ± 0.261850	0.941 ± 0.045950	0.831 ± 0.142852	0.952 ± 0.037255	0.814 ± 0.180619	0.997 ± 0.014139	0.905 ± 0.107096	0.998 ± 0.002660	0.893 ± 0.122113	0.999 ± 0.002201	0.785 ± 0.197124	0.936 ± 0.050259	0.824 ± 0.183292	0.998 ± 0.010997
