	mean_best_threshold_tuning_score	mean_best_threshold	mean_test_average_precision	mean_train_average_precision	mean_test_balanced_accuracy	mean_train_balanced_accuracy	mean_test_brier_loss	mean_train_brier_loss	mean_test_f1	mean_train_f1	mean_test_informedness	mean_train_informedness	mean_test_log_loss	mean_train_log_loss	mean_test_markedness	mean_train_markedness	mean_test_mcc	mean_train_mcc	mean_test_negative_predictive_value	mean_train_negative_predictive_value	mean_test_precision	mean_train_precision	mean_test_precision_recall_auc	mean_train_precision_recall_auc	mean_test_roc_auc	mean_train_roc_auc	mean_test_sensitivity	mean_train_sensitivity	mean_test_specificity	mean_train_specificity
mcc	nan	nan	0.863 ± 0.129458	0.977 ± 0.030109	0.726 ± 0.117806	0.927 ± 0.066178	0.19060 ± 0.074245	0.05155 ± 0.047752	0.696 ± 0.162770	0.923 ± 0.070776	0.452 ± 0.235612	0.855 ± 0.132355	0.5876 ± 0.227289	0.1889 ± 0.154590	0.532 ± 0.252409	0.860 ± 0.138796	0.490 ± 0.228260	0.858 ± 0.135515	0.850 ± 0.169007	0.934 ± 0.044340	0.683 ± 0.218764	0.926 ± 0.099016	0.841 ± 0.154777	0.977 ± 0.030334	0.851 ± 0.133917	0.968 ± 0.042842	0.797 ± 0.250939	0.923 ± 0.047828	0.655 ± 0.260151	0.932 ± 0.091508
precision_recall_auc	nan	nan	0.841 ± 0.137735	0.991 ± 0.033234	0.734 ± 0.141540	0.956 ± 0.076007	0.18623 ± 0.079686	0.02706 ± 0.034879	0.688 ± 0.189588	0.944 ± 0.142232	0.468 ± 0.283080	0.912 ± 0.152014	0.5665 ± 0.231667	0.1087 ± 0.108054	0.530 ± 0.308295	0.914 ± 0.209599	0.499 ± 0.277141	0.917 ± 0.152809	0.808 ± 0.184727	0.947 ± 0.064882	0.721 ± 0.232281	0.967 ± 0.148092	0.812 ± 0.168220	0.991 ± 0.033648	0.839 ± 0.139035	0.989 ± 0.035747	0.745 ± 0.267479	0.924 ± 0.139240	0.723 ± 0.251569	0.988 ± 0.044591
roc_auc	nan	nan	0.853 ± 0.129989	0.997 ± 0.011837	0.724 ± 0.124312	0.974 ± 0.032684	0.18866 ± 0.078346	0.01860 ± 0.024006	0.687 ± 0.143330	0.973 ± 0.034085	0.448 ± 0.248625	0.948 ± 0.065369	0.5732 ± 0.239437	0.0820 ± 0.079412	0.516 ± 0.255227	0.957 ± 0.062719	0.477 ± 0.246498	0.953 ± 0.063874	0.793 ± 0.170033	0.965 ± 0.033965	0.723 ± 0.204852	0.992 ± 0.037165	0.829 ± 0.156032	0.997 ± 0.011929	0.842 ± 0.138318	0.996 ± 0.016545	0.737 ± 0.229215	0.956 ± 0.041851	0.711 ± 0.243547	0.993 ± 0.034961
