	mean_ncv_average_precision	mean_ncv_balanced_accuracy	mean_ncv_brier_loss	mean_ncv_f1	mean_ncv_informedness	mean_ncv_log_loss	mean_ncv_markedness	mean_ncv_mcc	mean_ncv_negative_predictive_value	mean_ncv_precision	mean_ncv_precision_recall_auc	mean_ncv_roc_auc	mean_ncv_sensitivity	mean_ncv_specificity
mcc	0.726 ± 0.084956	0.704 ± 0.086247	0.20513 ± 0.029782	0.662 ± 0.106380	0.407 ± 0.172494	0.6103 ± 0.070665	0.416 ± 0.171895	0.411 ± 0.172106	0.725 ± 0.078191	0.691 ± 0.096808	0.713 ± 0.089433	0.753 ± 0.080914	0.639 ± 0.120726	0.768 ± 0.069267
precision_recall_auc	0.683 ± 0.059995	0.645 ± 0.050267	0.21845 ± 0.025260	0.547 ± 0.088084	0.289 ± 0.100533	0.6431 ± 0.069157	0.358 ± 0.136045	0.320 ± 0.107194	0.657 ± 0.044909	0.702 ± 0.118729	0.671 ± 0.064679	0.700 ± 0.066640	0.467 ± 0.123395	0.823 ± 0.089509
roc_auc	0.707 ± 0.064739	0.677 ± 0.050263	0.21109 ± 0.024132	0.609 ± 0.082130	0.355 ± 0.100526	0.6257 ± 0.068823	0.396 ± 0.099625	0.374 ± 0.097676	0.690 ± 0.048014	0.706 ± 0.074602	0.696 ± 0.069824	0.728 ± 0.059681	0.550 ± 0.118432	0.805 ± 0.083126
