	mean_best_threshold_tuning_score	mean_best_threshold	mean_test_average_precision	mean_train_average_precision	mean_test_balanced_accuracy	mean_train_balanced_accuracy	mean_test_brier_loss	mean_train_brier_loss	mean_test_f1	mean_train_f1	mean_test_informedness	mean_train_informedness	mean_test_log_loss	mean_train_log_loss	mean_test_markedness	mean_train_markedness	mean_test_mcc	mean_train_mcc	mean_test_negative_predictive_value	mean_train_negative_predictive_value	mean_test_precision	mean_train_precision	mean_test_precision_recall_auc	mean_train_precision_recall_auc	mean_test_roc_auc	mean_train_roc_auc	mean_test_sensitivity	mean_train_sensitivity	mean_test_specificity	mean_train_specificity
mcc	nan	nan	0.911 ± 0.086363	1.000 ± 0.000000	0.822 ± 0.117429	1.000 ± 0.000000	0.13957 ± 0.057265	0.01042 ± 0.002003	0.767 ± 0.183986	1.000 ± 0.000000	0.643 ± 0.234859	1.000 ± 0.000000	0.4681 ± 0.182182	0.0811 ± 0.013036	0.711 ± 0.253110	1.000 ± 0.000000	0.678 ± 0.218644	1.000 ± 0.000000	0.811 ± 0.132275	1.000 ± 0.000000	0.900 ± 0.191411	1.000 ± 0.000000	0.902 ± 0.094107	1.000 ± 0.000000	0.873 ± 0.137752	1.000 ± 0.000000	0.703 ± 0.232164	1.000 ± 0.000000	0.940 ± 0.105946	1.000 ± 0.000000
precision_recall_auc	nan	nan	0.912 ± 0.093699	1.000 ± 0.000000	0.831 ± 0.106390	1.000 ± 0.000000	0.13267 ± 0.054720	0.00971 ± 0.002081	0.788 ± 0.145520	1.000 ± 0.000000	0.662 ± 0.212779	1.000 ± 0.000000	0.4568 ± 0.203687	0.0753 ± 0.012163	0.741 ± 0.184731	1.000 ± 0.000000	0.698 ± 0.195005	1.000 ± 0.000000	0.819 ± 0.117913	1.000 ± 0.000000	0.922 ± 0.144656	1.000 ± 0.000000	0.903 ± 0.102050	1.000 ± 0.000000	0.872 ± 0.143882	1.000 ± 0.000000	0.722 ± 0.200347	1.000 ± 0.000000	0.940 ± 0.113389	1.000 ± 0.000000
roc_auc	nan	nan	0.905 ± 0.098129	1.000 ± 0.000000	0.831 ± 0.109802	1.000 ± 0.000000	0.13389 ± 0.055465	0.00958 ± 0.002108	0.788 ± 0.149309	1.000 ± 0.000000	0.663 ± 0.219605	1.000 ± 0.000000	0.4493 ± 0.173290	0.0748 ± 0.012741	0.738 ± 0.191763	1.000 ± 0.000000	0.696 ± 0.202022	1.000 ± 0.000000	0.822 ± 0.120664	1.000 ± 0.000000	0.916 ± 0.148630	1.000 ± 0.000000	0.896 ± 0.106535	1.000 ± 0.000000	0.865 ± 0.145393	1.000 ± 0.000000	0.727 ± 0.204152	1.000 ± 0.000000	0.936 ± 0.114749	1.000 ± 0.000000
