	mean_best_threshold_tuning_score	mean_best_threshold	mean_test_average_precision	mean_train_average_precision	mean_test_balanced_accuracy	mean_train_balanced_accuracy	mean_test_brier_loss	mean_train_brier_loss	mean_test_f1	mean_train_f1	mean_test_informedness	mean_train_informedness	mean_test_log_loss	mean_train_log_loss	mean_test_markedness	mean_train_markedness	mean_test_mcc	mean_train_mcc	mean_test_negative_predictive_value	mean_train_negative_predictive_value	mean_test_precision	mean_train_precision	mean_test_precision_recall_auc	mean_train_precision_recall_auc	mean_test_roc_auc	mean_train_roc_auc	mean_test_sensitivity	mean_train_sensitivity	mean_test_specificity	mean_train_specificity
mcc	nan	nan	0.959 ± 0.064015	0.971 ± 0.016005	0.856 ± 0.115750	0.930 ± 0.034991	0.11465 ± 0.056914	0.07049 ± 0.026403	0.833 ± 0.137180	0.923 ± 0.039565	0.712 ± 0.231499	0.860 ± 0.069982	0.4113 ± 0.219670	0.2664 ± 0.087631	0.752 ± 0.223826	0.874 ± 0.065425	0.731 ± 0.225488	0.867 ± 0.067492	0.870 ± 0.134993	0.921 ± 0.035843	0.882 ± 0.163169	0.953 ± 0.037367	0.955 ± 0.071696	0.972 ± 0.015626	0.950 ± 0.083180	0.968 ± 0.017891	0.823 ± 0.187204	0.897 ± 0.050768	0.889 ± 0.158851	0.964 ± 0.030287
precision_recall_auc	nan	nan	0.954 ± 0.063573	0.964 ± 0.017722	0.835 ± 0.117285	0.914 ± 0.040672	0.10962 ± 0.053108	0.08116 ± 0.026024	0.804 ± 0.150711	0.906 ± 0.045773	0.670 ± 0.234569	0.829 ± 0.081345	0.3962 ± 0.216043	0.2968 ± 0.085050	0.720 ± 0.221571	0.847 ± 0.075423	0.693 ± 0.224961	0.838 ± 0.078110	0.854 ± 0.133469	0.902 ± 0.045618	0.866 ± 0.163868	0.945 ± 0.038599	0.949 ± 0.072314	0.964 ± 0.017144	0.947 ± 0.077977	0.960 ± 0.019325	0.790 ± 0.205673	0.871 ± 0.062383	0.880 ± 0.150509	0.958 ± 0.031142
roc_auc	nan	nan	0.949 ± 0.061942	0.967 ± 0.020242	0.838 ± 0.106519	0.912 ± 0.045990	0.11579 ± 0.055235	0.07561 ± 0.032416	0.809 ± 0.135294	0.903 ± 0.051313	0.677 ± 0.213039	0.824 ± 0.091981	0.4136 ± 0.223903	0.2760 ± 0.106661	0.720 ± 0.198827	0.841 ± 0.088448	0.696 ± 0.203216	0.832 ± 0.089903	0.858 ± 0.127931	0.901 ± 0.047704	0.862 ± 0.152494	0.940 ± 0.048832	0.944 ± 0.070719	0.968 ± 0.019484	0.942 ± 0.076457	0.966 ± 0.021685	0.802 ± 0.191137	0.870 ± 0.064450	0.875 ± 0.142589	0.953 ± 0.040692
