	mean_best_threshold_tuning_score	mean_best_threshold	mean_test_average_precision	mean_train_average_precision	mean_test_balanced_accuracy	mean_train_balanced_accuracy	mean_test_brier_loss	mean_train_brier_loss	mean_test_f1	mean_train_f1	mean_test_informedness	mean_train_informedness	mean_test_log_loss	mean_train_log_loss	mean_test_markedness	mean_train_markedness	mean_test_mcc	mean_train_mcc	mean_test_negative_predictive_value	mean_train_negative_predictive_value	mean_test_precision	mean_train_precision	mean_test_precision_recall_auc	mean_train_precision_recall_auc	mean_test_roc_auc	mean_train_roc_auc	mean_test_sensitivity	mean_train_sensitivity	mean_test_specificity	mean_train_specificity
mcc	nan	nan	0.943 ± 0.076961	0.970 ± 0.015690	0.828 ± 0.108702	0.918 ± 0.028426	0.11374 ± 0.067463	0.06663 ± 0.017399	0.798 ± 0.134825	0.909 ± 0.032700	0.656 ± 0.217405	0.836 ± 0.056852	0.3638 ± 0.194571	0.2357 ± 0.052156	0.706 ± 0.203802	0.863 ± 0.051797	0.679 ± 0.208112	0.849 ± 0.053782	0.840 ± 0.121403	0.897 ± 0.035907	0.866 ± 0.164439	0.967 ± 0.034440	0.935 ± 0.091402	0.970 ± 0.015839	0.932 ± 0.088607	0.965 ± 0.019171	0.775 ± 0.185386	0.861 ± 0.050806	0.881 ± 0.160322	0.975 ± 0.026411
precision_recall_auc	nan	nan	0.943 ± 0.076570	0.962 ± 0.014599	0.823 ± 0.145586	0.851 ± 0.109711	0.12142 ± 0.065834	0.08192 ± 0.018903	0.759 ± 0.262767	0.798 ± 0.240946	0.647 ± 0.291172	0.701 ± 0.219422	0.3816 ± 0.194887	0.2627 ± 0.049356	0.654 ± 0.378299	0.688 ± 0.348925	0.666 ± 0.289906	0.713 ± 0.222322	0.836 ± 0.142418	0.844 ± 0.097843	0.819 ± 0.289315	0.844 ± 0.257030	0.937 ± 0.085757	0.962 ± 0.014799	0.933 ± 0.090952	0.960 ± 0.015770	0.735 ± 0.282065	0.760 ± 0.233847	0.912 ± 0.145532	0.941 ± 0.047441
roc_auc	nan	nan	0.943 ± 0.076570	0.962 ± 0.016014	0.828 ± 0.140012	0.845 ± 0.111423	0.12015 ± 0.063804	0.08414 ± 0.020112	0.765 ± 0.259136	0.791 ± 0.242042	0.657 ± 0.280024	0.690 ± 0.222846	0.3733 ± 0.182535	0.2667 ± 0.052689	0.656 ± 0.379275	0.677 ± 0.345236	0.673 ± 0.279853	0.701 ± 0.223486	0.839 ± 0.141869	0.842 ± 0.098813	0.817 ± 0.285753	0.835 ± 0.255117	0.937 ± 0.085757	0.961 ± 0.016237	0.933 ± 0.090952	0.961 ± 0.016762	0.745 ± 0.277874	0.757 ± 0.238893	0.912 ± 0.133844	0.932 ± 0.052144
