	mean_best_threshold_tuning_score	mean_best_threshold	mean_test_average_precision	mean_train_average_precision	mean_test_balanced_accuracy	mean_train_balanced_accuracy	mean_test_brier_loss	mean_train_brier_loss	mean_test_f1	mean_train_f1	mean_test_informedness	mean_train_informedness	mean_test_log_loss	mean_train_log_loss	mean_test_markedness	mean_train_markedness	mean_test_mcc	mean_train_mcc	mean_test_negative_predictive_value	mean_train_negative_predictive_value	mean_test_precision	mean_train_precision	mean_test_precision_recall_auc	mean_train_precision_recall_auc	mean_test_roc_auc	mean_train_roc_auc	mean_test_sensitivity	mean_train_sensitivity	mean_test_specificity	mean_train_specificity
mcc	nan	nan	0.930 ± 0.094960	0.970 ± 0.015690	0.842 ± 0.113993	0.918 ± 0.028426	0.12002 ± 0.072045	0.06663 ± 0.017399	0.821 ± 0.131834	0.909 ± 0.032700	0.684 ± 0.227986	0.836 ± 0.056852	0.3962 ± 0.221728	0.2357 ± 0.052156	0.715 ± 0.219138	0.863 ± 0.051797	0.698 ± 0.222322	0.849 ± 0.053782	0.862 ± 0.119751	0.897 ± 0.035907	0.852 ± 0.162437	0.967 ± 0.034440	0.917 ± 0.126753	0.970 ± 0.015839	0.913 ± 0.125947	0.965 ± 0.019171	0.818 ± 0.167252	0.861 ± 0.050806	0.866 ± 0.163020	0.975 ± 0.026411
precision_recall_auc	nan	nan	0.949 ± 0.063659	0.962 ± 0.014599	0.837 ± 0.137923	0.851 ± 0.109711	0.11956 ± 0.068013	0.08192 ± 0.018903	0.780 ± 0.256197	0.798 ± 0.240946	0.675 ± 0.275846	0.701 ± 0.219422	0.3821 ± 0.186888	0.2627 ± 0.049356	0.672 ± 0.370305	0.688 ± 0.348925	0.689 ± 0.276185	0.713 ± 0.222322	0.857 ± 0.132854	0.844 ± 0.097843	0.815 ± 0.283676	0.844 ± 0.257030	0.945 ± 0.070285	0.962 ± 0.014799	0.937 ± 0.077114	0.960 ± 0.015770	0.772 ± 0.270848	0.760 ± 0.233847	0.903 ± 0.146876	0.941 ± 0.047441
roc_auc	nan	nan	0.951 ± 0.063536	0.962 ± 0.016014	0.833 ± 0.132752	0.845 ± 0.111423	0.11928 ± 0.066357	0.08414 ± 0.020112	0.777 ± 0.251577	0.791 ± 0.242042	0.666 ± 0.265504	0.690 ± 0.222846	0.3790 ± 0.184614	0.2667 ± 0.052689	0.659 ± 0.371717	0.677 ± 0.345236	0.679 ± 0.267426	0.701 ± 0.223486	0.857 ± 0.135940	0.842 ± 0.098813	0.802 ± 0.281449	0.835 ± 0.255117	0.947 ± 0.070084	0.961 ± 0.016237	0.940 ± 0.076036	0.961 ± 0.016762	0.777 ± 0.268024	0.757 ± 0.238893	0.889 ± 0.151284	0.932 ± 0.052144
