	mean_best_threshold_tuning_score	mean_best_threshold	mean_test_average_precision	mean_train_average_precision	mean_test_balanced_accuracy	mean_train_balanced_accuracy	mean_test_brier_loss	mean_train_brier_loss	mean_test_f1	mean_train_f1	mean_test_informedness	mean_train_informedness	mean_test_log_loss	mean_train_log_loss	mean_test_markedness	mean_train_markedness	mean_test_mcc	mean_train_mcc	mean_test_negative_predictive_value	mean_train_negative_predictive_value	mean_test_precision	mean_train_precision	mean_test_precision_recall_auc	mean_train_precision_recall_auc	mean_test_roc_auc	mean_train_roc_auc	mean_test_sensitivity	mean_train_sensitivity	mean_test_specificity	mean_train_specificity
mcc	nan	nan	0.944 ± 0.066419	0.971 ± 0.018742	0.838 ± 0.116547	0.911 ± 0.043602	0.11397 ± 0.067529	0.06160 ± 0.026496	0.804 ± 0.144255	0.902 ± 0.050214	0.676 ± 0.233094	0.822 ± 0.087203	0.3766 ± 0.194807	0.2222 ± 0.077363	0.732 ± 0.214458	0.844 ± 0.083275	0.701 ± 0.220634	0.833 ± 0.084962	0.836 ± 0.133068	0.896 ± 0.043102	0.895 ± 0.151524	0.947 ± 0.050444	0.937 ± 0.075875	0.971 ± 0.018989	0.936 ± 0.081248	0.966 ± 0.023387	0.765 ± 0.199695	0.862 ± 0.061683	0.911 ± 0.134881	0.960 ± 0.040741
precision_recall_auc	nan	nan	0.946 ± 0.067843	0.961 ± 0.017229	0.845 ± 0.120795	0.860 ± 0.072784	0.11041 ± 0.068480	0.08270 ± 0.024742	0.798 ± 0.184840	0.831 ± 0.137999	0.690 ± 0.241591	0.721 ± 0.145568	0.3627 ± 0.204485	0.2698 ± 0.069122	0.740 ± 0.259628	0.749 ± 0.187425	0.717 ± 0.227052	0.739 ± 0.137382	0.840 ± 0.139829	0.849 ± 0.070340	0.900 ± 0.195861	0.900 ± 0.141927	0.939 ± 0.076774	0.960 ± 0.017475	0.932 ± 0.094278	0.959 ± 0.018935	0.757 ± 0.230744	0.783 ± 0.154042	0.933 ± 0.131557	0.938 ± 0.049709
roc_auc	nan	nan	0.945 ± 0.067441	0.960 ± 0.018177	0.847 ± 0.125572	0.867 ± 0.072687	0.11126 ± 0.070619	0.08365 ± 0.029894	0.805 ± 0.187061	0.841 ± 0.135559	0.693 ± 0.251145	0.734 ± 0.145373	0.3644 ± 0.222915	0.2692 ± 0.087355	0.733 ± 0.274333	0.754 ± 0.192896	0.716 ± 0.240687	0.748 ± 0.141793	0.845 ± 0.134831	0.857 ± 0.069903	0.888 ± 0.200363	0.896 ± 0.142116	0.938 ± 0.076481	0.960 ± 0.018433	0.934 ± 0.094297	0.959 ± 0.019316	0.770 ± 0.221799	0.799 ± 0.145659	0.923 ± 0.135605	0.935 ± 0.052162
