	mean_best_threshold_tuning_score	mean_best_threshold	mean_test_average_precision	mean_train_average_precision	mean_test_balanced_accuracy	mean_train_balanced_accuracy	mean_test_brier_loss	mean_train_brier_loss	mean_test_f1	mean_train_f1	mean_test_informedness	mean_train_informedness	mean_test_log_loss	mean_train_log_loss	mean_test_markedness	mean_train_markedness	mean_test_mcc	mean_train_mcc	mean_test_negative_predictive_value	mean_train_negative_predictive_value	mean_test_precision	mean_train_precision	mean_test_precision_recall_auc	mean_train_precision_recall_auc	mean_test_roc_auc	mean_train_roc_auc	mean_test_sensitivity	mean_train_sensitivity	mean_test_specificity	mean_train_specificity
mcc	nan	nan	0.951 ± 0.069260	0.966 ± 0.015496	0.862 ± 0.109977	0.900 ± 0.022088	0.10816 ± 0.062035	0.07327 ± 0.013496	0.838 ± 0.131142	0.889 ± 0.026644	0.724 ± 0.219954	0.801 ± 0.044175	0.3529 ± 0.152305	0.2593 ± 0.038097	0.761 ± 0.211483	0.853 ± 0.038432	0.741 ± 0.213470	0.826 ± 0.040031	0.869 ± 0.120780	0.865 ± 0.027641	0.892 ± 0.152873	0.988 ± 0.030657	0.945 ± 0.077803	0.966 ± 0.015654	0.936 ± 0.094654	0.956 ± 0.025938	0.817 ± 0.175772	0.810 ± 0.043238	0.907 ± 0.135153	0.991 ± 0.023064
precision_recall_auc	nan	nan	0.956 ± 0.063002	0.962 ± 0.016827	0.805 ± 0.127597	0.832 ± 0.086409	0.11226 ± 0.052977	0.08544 ± 0.022509	0.729 ± 0.226420	0.783 ± 0.156071	0.610 ± 0.255193	0.663 ± 0.172819	0.3641 ± 0.130336	0.2869 ± 0.061388	0.701 ± 0.279122	0.759 ± 0.188510	0.658 ± 0.230155	0.712 ± 0.151820	0.791 ± 0.135812	0.798 ± 0.086297	0.911 ± 0.221000	0.961 ± 0.144867	0.951 ± 0.070570	0.962 ± 0.017057	0.944 ± 0.086563	0.959 ± 0.020304	0.653 ± 0.267452	0.677 ± 0.181581	0.957 ± 0.104496	0.986 ± 0.032140
roc_auc	nan	nan	0.956 ± 0.061872	0.959 ± 0.016576	0.799 ± 0.131532	0.829 ± 0.069637	0.11342 ± 0.057893	0.09108 ± 0.022226	0.715 ± 0.246148	0.787 ± 0.106835	0.598 ± 0.263063	0.658 ± 0.139273	0.3642 ± 0.143657	0.2987 ± 0.062106	0.682 ± 0.304601	0.761 ± 0.069683	0.644 ± 0.242263	0.706 ± 0.104992	0.792 ± 0.132380	0.800 ± 0.080486	0.889 ± 0.256696	0.961 ± 0.056876	0.951 ± 0.069837	0.959 ± 0.016816	0.948 ± 0.076788	0.957 ± 0.018796	0.645 ± 0.282627	0.687 ± 0.159831	0.953 ± 0.114022	0.970 ± 0.044615
