	mean_best_threshold_tuning_score	mean_best_threshold	mean_test_average_precision	mean_train_average_precision	mean_test_balanced_accuracy	mean_train_balanced_accuracy	mean_test_brier_loss	mean_train_brier_loss	mean_test_f1	mean_train_f1	mean_test_informedness	mean_train_informedness	mean_test_log_loss	mean_train_log_loss	mean_test_markedness	mean_train_markedness	mean_test_mcc	mean_train_mcc	mean_test_negative_predictive_value	mean_train_negative_predictive_value	mean_test_precision	mean_train_precision	mean_test_precision_recall_auc	mean_train_precision_recall_auc	mean_test_roc_auc	mean_train_roc_auc	mean_test_sensitivity	mean_train_sensitivity	mean_test_specificity	mean_train_specificity
mcc	nan	nan	0.841 ± 0.145215	1.000 ± 0.000000	0.742 ± 0.169974	0.993 ± 0.023360	0.19535 ± 0.097350	0.06255 ± 0.037258	0.669 ± 0.255688	0.993 ± 0.026247	0.485 ± 0.339949	0.987 ± 0.046719	0.8217 ± 0.703000	0.2402 ± 0.100768	0.525 ± 0.388143	0.991 ± 0.032278	0.509 ± 0.340549	0.989 ± 0.039636	0.778 ± 0.181469	0.991 ± 0.032278	0.747 ± 0.271582	1.000 ± 0.000000	0.815 ± 0.174133	1.000 ± 0.000000	0.815 ± 0.168889	1.000 ± 0.000000	0.662 ± 0.304171	0.987 ± 0.046719	0.823 ± 0.190384	1.000 ± 0.000000
precision_recall_auc	nan	nan	0.853 ± 0.135914	1.000 ± 0.000138	0.738 ± 0.166463	0.988 ± 0.038386	0.19421 ± 0.100056	0.04351 ± 0.030305	0.660 ± 0.261470	0.986 ± 0.044373	0.476 ± 0.332926	0.975 ± 0.076772	0.8131 ± 0.700119	0.1833 ± 0.086994	0.505 ± 0.391295	0.983 ± 0.052278	0.500 ± 0.333007	0.979 ± 0.064843	0.776 ± 0.180963	0.983 ± 0.052278	0.729 ± 0.277869	1.000 ± 0.000000	0.832 ± 0.157268	1.000 ± 0.000140	0.819 ± 0.176035	1.000 ± 0.000123	0.653 ± 0.309689	0.975 ± 0.076772	0.823 ± 0.190384	1.000 ± 0.000000
roc_auc	nan	nan	0.841 ± 0.140052	1.000 ± 0.000850	0.731 ± 0.175931	0.986 ± 0.036742	0.19449 ± 0.096893	0.03638 ± 0.027057	0.646 ± 0.280964	0.984 ± 0.041815	0.462 ± 0.351863	0.972 ± 0.073483	0.8175 ± 0.673081	0.1632 ± 0.080535	0.477 ± 0.425388	0.980 ± 0.051060	0.484 ± 0.352507	0.976 ± 0.062510	0.774 ± 0.188966	0.980 ± 0.051060	0.702 ± 0.297133	1.000 ± 0.000000	0.814 ± 0.169039	1.000 ± 0.000858	0.813 ± 0.163003	1.000 ± 0.000879	0.648 ± 0.326151	0.972 ± 0.073483	0.814 ± 0.197959	1.000 ± 0.000000
