	mean_best_threshold_tuning_score	mean_best_threshold	mean_test_average_precision	mean_train_average_precision	mean_test_balanced_accuracy	mean_train_balanced_accuracy	mean_test_brier_loss	mean_train_brier_loss	mean_test_f1	mean_train_f1	mean_test_informedness	mean_train_informedness	mean_test_log_loss	mean_train_log_loss	mean_test_markedness	mean_train_markedness	mean_test_mcc	mean_train_mcc	mean_test_negative_predictive_value	mean_train_negative_predictive_value	mean_test_precision	mean_train_precision	mean_test_precision_recall_auc	mean_train_precision_recall_auc	mean_test_roc_auc	mean_train_roc_auc	mean_test_sensitivity	mean_train_sensitivity	mean_test_specificity	mean_train_specificity
mcc	nan	nan	0.868 ± 0.143782	1.000 ± 0.000000	0.769 ± 0.142871	1.000 ± 0.002357	0.17427 ± 0.088699	0.05289 ± 0.038174	0.734 ± 0.178534	1.000 ± 0.002385	0.539 ± 0.285743	0.999 ± 0.004713	0.6594 ± 0.517880	0.2143 ± 0.102313	0.591 ± 0.283672	0.999 ± 0.003599	0.562 ± 0.282265	0.999 ± 0.004157	0.807 ± 0.152559	0.999 ± 0.003599	0.784 ± 0.201793	1.000 ± 0.000000	0.847 ± 0.169211	1.000 ± 0.000000	0.845 ± 0.158247	1.000 ± 0.000000	0.737 ± 0.226103	0.999 ± 0.004713	0.802 ± 0.206269	1.000 ± 0.000000
precision_recall_auc	nan	nan	0.881 ± 0.115169	1.000 ± 0.000000	0.760 ± 0.154400	0.999 ± 0.003156	0.16728 ± 0.089555	0.04207 ± 0.029871	0.723 ± 0.186211	0.999 ± 0.003193	0.521 ± 0.308801	0.998 ± 0.006312	0.6214 ± 0.489751	0.1807 ± 0.085807	0.579 ± 0.313084	0.999 ± 0.005129	0.547 ± 0.307419	0.998 ± 0.005718	0.796 ± 0.169793	0.999 ± 0.005129	0.782 ± 0.210210	1.000 ± 0.000000	0.864 ± 0.135890	1.000 ± 0.000000	0.852 ± 0.146131	1.000 ± 0.000000	0.722 ± 0.238458	0.998 ± 0.006312	0.799 ± 0.209345	1.000 ± 0.000000
roc_auc	nan	nan	0.876 ± 0.120343	1.000 ± 0.000134	0.755 ± 0.170042	0.997 ± 0.015821	0.17552 ± 0.102537	0.03083 ± 0.027446	0.702 ± 0.237921	0.997 ± 0.017769	0.510 ± 0.340085	0.995 ± 0.031642	0.6186 ± 0.471429	0.1461 ± 0.082486	0.546 ± 0.365441	0.996 ± 0.023358	0.529 ± 0.340661	0.995 ± 0.027574	0.795 ± 0.181087	0.996 ± 0.023358	0.751 ± 0.252526	1.000 ± 0.000000	0.857 ± 0.141783	1.000 ± 0.000135	0.852 ± 0.149328	1.000 ± 0.000123	0.710 ± 0.281839	0.995 ± 0.031642	0.800 ± 0.213092	1.000 ± 0.000000
