	mean_best_threshold_tuning_score	mean_best_threshold	mean_test_average_precision	mean_train_average_precision	mean_test_balanced_accuracy	mean_train_balanced_accuracy	mean_test_brier_loss	mean_train_brier_loss	mean_test_f1	mean_train_f1	mean_test_informedness	mean_train_informedness	mean_test_log_loss	mean_train_log_loss	mean_test_markedness	mean_train_markedness	mean_test_mcc	mean_train_mcc	mean_test_negative_predictive_value	mean_train_negative_predictive_value	mean_test_precision	mean_train_precision	mean_test_precision_recall_auc	mean_train_precision_recall_auc	mean_test_roc_auc	mean_train_roc_auc	mean_test_sensitivity	mean_train_sensitivity	mean_test_specificity	mean_train_specificity
mcc	nan	nan	0.857 ± 0.143071	1.000 ± 0.001382	0.746 ± 0.141614	0.986 ± 0.036610	0.18237 ± 0.080281	0.07037 ± 0.045662	0.689 ± 0.202263	0.984 ± 0.042165	0.492 ± 0.283228	0.972 ± 0.073220	0.6770 ± 0.530508	0.2586 ± 0.124962	0.568 ± 0.312743	0.980 ± 0.049688	0.529 ± 0.283424	0.976 ± 0.061737	0.785 ± 0.163705	0.981 ± 0.049729	0.783 ± 0.238986	0.999 ± 0.006702	0.833 ± 0.171128	1.000 ± 0.001397	0.842 ± 0.152138	1.000 ± 0.001274	0.677 ± 0.263329	0.973 ± 0.073402	0.815 ± 0.209774	0.999 ± 0.006150
precision_recall_auc	nan	nan	0.885 ± 0.119202	0.999 ± 0.002004	0.759 ± 0.143907	0.978 ± 0.049985	0.17413 ± 0.084136	0.05086 ± 0.038908	0.693 ± 0.222889	0.975 ± 0.058908	0.518 ± 0.287815	0.957 ± 0.099970	0.5970 ± 0.428397	0.2027 ± 0.108609	0.595 ± 0.329092	0.971 ± 0.065079	0.559 ± 0.283669	0.964 ± 0.083113	0.796 ± 0.171439	0.971 ± 0.065079	0.798 ± 0.257126	1.000 ± 0.000000	0.869 ± 0.136255	0.999 ± 0.002024	0.860 ± 0.151146	0.999 ± 0.002037	0.678 ± 0.289171	0.957 ± 0.099970	0.840 ± 0.198206	1.000 ± 0.000000
roc_auc	nan	nan	0.881 ± 0.135051	0.999 ± 0.003269	0.749 ± 0.155411	0.975 ± 0.052969	0.17807 ± 0.094771	0.03915 ± 0.031554	0.682 ± 0.233028	0.971 ± 0.062314	0.498 ± 0.310822	0.950 ± 0.105939	0.6088 ± 0.444301	0.1677 ± 0.091196	0.574 ± 0.352061	0.966 ± 0.070471	0.538 ± 0.308884	0.958 ± 0.088763	0.786 ± 0.175314	0.966 ± 0.070471	0.788 ± 0.269648	1.000 ± 0.000000	0.863 ± 0.158107	0.999 ± 0.003299	0.858 ± 0.158009	0.999 ± 0.003582	0.667 ± 0.294026	0.950 ± 0.105939	0.831 ± 0.210172	1.000 ± 0.000000
