	mean_best_threshold_tuning_score	mean_best_threshold	mean_test_average_precision	mean_train_average_precision	mean_test_balanced_accuracy	mean_train_balanced_accuracy	mean_test_brier_loss	mean_train_brier_loss	mean_test_f1	mean_train_f1	mean_test_informedness	mean_train_informedness	mean_test_log_loss	mean_train_log_loss	mean_test_markedness	mean_train_markedness	mean_test_mcc	mean_train_mcc	mean_test_negative_predictive_value	mean_train_negative_predictive_value	mean_test_precision	mean_train_precision	mean_test_precision_recall_auc	mean_train_precision_recall_auc	mean_test_roc_auc	mean_train_roc_auc	mean_test_sensitivity	mean_train_sensitivity	mean_test_specificity	mean_train_specificity
mcc	nan	nan	0.852 ± 0.142083	1.000 ± 0.001613	0.733 ± 0.139341	0.990 ± 0.034377	0.18953 ± 0.070914	0.08457 ± 0.055120	0.656 ± 0.220447	0.988 ± 0.040530	0.466 ± 0.278683	0.980 ± 0.068754	0.6001 ± 0.336604	0.2991 ± 0.142226	0.507 ± 0.339447	0.986 ± 0.044336	0.492 ± 0.284209	0.983 ± 0.056967	0.748 ± 0.143163	0.986 ± 0.044336	0.759 ± 0.258795	1.000 ± 0.000000	0.823 ± 0.178166	1.000 ± 0.001628	0.849 ± 0.125142	1.000 ± 0.001596	0.620 ± 0.250374	0.980 ± 0.068754	0.846 ± 0.162518	1.000 ± 0.000000
precision_recall_auc	nan	nan	0.865 ± 0.125709	0.999 ± 0.002707	0.715 ± 0.148015	0.969 ± 0.061733	0.19011 ± 0.081683	0.05608 ± 0.026619	0.613 ± 0.257342	0.963 ± 0.073492	0.430 ± 0.296030	0.937 ± 0.123466	0.6035 ± 0.263257	0.2217 ± 0.074617	0.451 ± 0.386412	0.959 ± 0.079269	0.452 ± 0.309259	0.948 ± 0.102193	0.728 ± 0.148592	0.959 ± 0.079269	0.723 ± 0.293387	1.000 ± 0.000000	0.842 ± 0.154355	0.999 ± 0.002732	0.854 ± 0.123067	0.999 ± 0.002838	0.567 ± 0.278174	0.937 ± 0.123466	0.863 ± 0.136580	1.000 ± 0.000000
roc_auc	nan	nan	0.856 ± 0.136209	0.999 ± 0.002709	0.711 ± 0.151362	0.977 ± 0.053508	0.20209 ± 0.088434	0.03978 ± 0.032081	0.612 ± 0.255113	0.973 ± 0.062849	0.423 ± 0.302723	0.954 ± 0.107015	0.6625 ± 0.316168	0.1726 ± 0.095269	0.445 ± 0.385243	0.970 ± 0.069384	0.445 ± 0.313605	0.961 ± 0.088830	0.730 ± 0.153670	0.970 ± 0.069384	0.715 ± 0.291953	1.000 ± 0.000000	0.830 ± 0.168365	0.999 ± 0.002734	0.848 ± 0.127061	0.999 ± 0.002780	0.572 ± 0.282727	0.954 ± 0.107015	0.851 ± 0.144452	1.000 ± 0.000000
