	mean_best_threshold_tuning_score	mean_best_threshold	mean_test_average_precision	mean_train_average_precision	mean_test_balanced_accuracy	mean_train_balanced_accuracy	mean_test_brier_loss	mean_train_brier_loss	mean_test_f1	mean_train_f1	mean_test_informedness	mean_train_informedness	mean_test_log_loss	mean_train_log_loss	mean_test_markedness	mean_train_markedness	mean_test_mcc	mean_train_mcc	mean_test_negative_predictive_value	mean_train_negative_predictive_value	mean_test_precision	mean_train_precision	mean_test_precision_recall_auc	mean_train_precision_recall_auc	mean_test_roc_auc	mean_train_roc_auc	mean_test_sensitivity	mean_train_sensitivity	mean_test_specificity	mean_train_specificity
mcc	nan	nan	0.870 ± 0.140877	1.000 ± 0.000000	0.706 ± 0.133875	0.996 ± 0.015309	0.19006 ± 0.070845	0.04213 ± 0.039695	0.593 ± 0.255213	0.996 ± 0.016596	0.412 ± 0.267750	0.992 ± 0.030617	0.6260 ± 0.362430	0.1710 ± 0.128559	0.467 ± 0.386110	0.994 ± 0.023091	0.452 ± 0.276923	0.993 ± 0.026884	0.725 ± 0.140731	0.994 ± 0.022999	0.742 ± 0.311633	1.000 ± 0.003074	0.843 ± 0.177810	1.000 ± 0.000000	0.875 ± 0.123651	1.000 ± 0.000000	0.545 ± 0.285818	0.992 ± 0.030593	0.867 ± 0.172204	1.000 ± 0.002773
precision_recall_auc	nan	nan	0.884 ± 0.125433	1.000 ± 0.000078	0.705 ± 0.130662	0.986 ± 0.040545	0.18999 ± 0.078623	0.03652 ± 0.032089	0.586 ± 0.244423	0.984 ± 0.047465	0.409 ± 0.261323	0.972 ± 0.081091	0.6003 ± 0.261186	0.1516 ± 0.110979	0.477 ± 0.363557	0.982 ± 0.052409	0.450 ± 0.272677	0.977 ± 0.067226	0.718 ± 0.146146	0.982 ± 0.052409	0.759 ± 0.295837	1.000 ± 0.000000	0.864 ± 0.151341	1.000 ± 0.000079	0.873 ± 0.127565	1.000 ± 0.000062	0.528 ± 0.282527	0.972 ± 0.081091	0.881 ± 0.138465	1.000 ± 0.000000
roc_auc	nan	nan	0.859 ± 0.138658	1.000 ± 0.000078	0.701 ± 0.149796	0.986 ± 0.041785	0.20793 ± 0.090792	0.02429 ± 0.026506	0.587 ± 0.262209	0.984 ± 0.049370	0.401 ± 0.299592	0.973 ± 0.083570	0.6902 ± 0.320956	0.1182 ± 0.088908	0.435 ± 0.399595	0.982 ± 0.053388	0.428 ± 0.317302	0.977 ± 0.069027	0.718 ± 0.152150	0.982 ± 0.053388	0.717 ± 0.312993	1.000 ± 0.000000	0.833 ± 0.170645	1.000 ± 0.000079	0.851 ± 0.133049	1.000 ± 0.000062	0.540 ± 0.287810	0.973 ± 0.083570	0.861 ± 0.145788	1.000 ± 0.000000
