	mean_best_threshold_tuning_score	mean_best_threshold	mean_test_average_precision	mean_train_average_precision	mean_test_balanced_accuracy	mean_train_balanced_accuracy	mean_test_brier_loss	mean_train_brier_loss	mean_test_f1	mean_train_f1	mean_test_informedness	mean_train_informedness	mean_test_log_loss	mean_train_log_loss	mean_test_markedness	mean_train_markedness	mean_test_mcc	mean_train_mcc	mean_test_negative_predictive_value	mean_train_negative_predictive_value	mean_test_precision	mean_train_precision	mean_test_precision_recall_auc	mean_train_precision_recall_auc	mean_test_roc_auc	mean_train_roc_auc	mean_test_sensitivity	mean_train_sensitivity	mean_test_specificity	mean_train_specificity
mcc	nan	nan	0.926 ± 0.081235	0.966 ± 0.020687	0.844 ± 0.099909	0.907 ± 0.032218	0.11932 ± 0.064397	0.08026 ± 0.024692	0.808 ± 0.132643	0.896 ± 0.038762	0.687 ± 0.199817	0.814 ± 0.064436	0.4039 ± 0.215396	0.2758 ± 0.066285	0.787 ± 0.148684	0.863 ± 0.043728	0.733 ± 0.172642	0.838 ± 0.053882	0.820 ± 0.112404	0.874 ± 0.042660	0.967 ± 0.105274	0.989 ± 0.017616	0.918 ± 0.088833	0.966 ± 0.020815	0.884 ± 0.137264	0.953 ± 0.033520	0.723 ± 0.188562	0.822 ± 0.065858	0.964 ± 0.120391	0.992 ± 0.012687
precision_recall_auc	nan	nan	0.947 ± 0.062180	0.959 ± 0.018518	0.750 ± 0.135264	0.794 ± 0.110385	0.11988 ± 0.060749	0.08349 ± 0.018984	0.626 ± 0.280914	0.713 ± 0.218500	0.501 ± 0.270528	0.589 ± 0.220769	0.3953 ± 0.220503	0.2737 ± 0.050778	0.592 ± 0.402279	0.687 ± 0.301034	0.563 ± 0.263011	0.646 ± 0.206402	0.744 ± 0.136803	0.769 ± 0.108437	0.848 ± 0.331923	0.918 ± 0.239283	0.941 ± 0.067985	0.959 ± 0.018623	0.922 ± 0.104331	0.952 ± 0.026394	0.537 ± 0.296024	0.607 ± 0.236384	0.964 ± 0.120391	0.982 ± 0.040480
roc_auc	nan	nan	0.955 ± 0.046440	0.957 ± 0.015110	0.753 ± 0.138694	0.774 ± 0.106629	0.11693 ± 0.058305	0.08973 ± 0.020439	0.622 ± 0.291413	0.680 ± 0.228328	0.505 ± 0.277387	0.548 ± 0.213259	0.3903 ± 0.231527	0.2864 ± 0.054496	0.576 ± 0.424545	0.646 ± 0.334431	0.563 ± 0.273056	0.609 ± 0.208835	0.733 ± 0.123385	0.749 ± 0.098462	0.843 ± 0.350186	0.897 ± 0.272900	0.950 ± 0.051419	0.956 ± 0.015254	0.939 ± 0.076954	0.956 ± 0.016041	0.518 ± 0.285858	0.567 ± 0.231169	0.987 ± 0.052304	0.981 ± 0.047416
