	mean_best_threshold_tuning_score	mean_best_threshold	mean_test_average_precision	mean_train_average_precision	mean_test_balanced_accuracy	mean_train_balanced_accuracy	mean_test_brier_loss	mean_train_brier_loss	mean_test_f1	mean_train_f1	mean_test_informedness	mean_train_informedness	mean_test_log_loss	mean_train_log_loss	mean_test_markedness	mean_train_markedness	mean_test_mcc	mean_train_mcc	mean_test_negative_predictive_value	mean_train_negative_predictive_value	mean_test_precision	mean_train_precision	mean_test_precision_recall_auc	mean_train_precision_recall_auc	mean_test_roc_auc	mean_train_roc_auc	mean_test_sensitivity	mean_train_sensitivity	mean_test_specificity	mean_train_specificity
mcc	nan	nan	0.939 ± 0.095178	0.965 ± 0.016216	0.855 ± 0.134794	0.911 ± 0.032988	0.11208 ± 0.088788	0.06559 ± 0.022683	0.820 ± 0.185780	0.902 ± 0.037518	0.709 ± 0.269589	0.823 ± 0.065976	0.4024 ± 0.323168	0.2332 ± 0.071146	0.762 ± 0.278830	0.846 ± 0.057673	0.734 ± 0.267698	0.834 ± 0.061528	0.853 ± 0.140694	0.894 ± 0.040553	0.909 ± 0.194138	0.952 ± 0.028276	0.931 ± 0.110518	0.964 ± 0.016357	0.923 ± 0.116444	0.958 ± 0.019806	0.780 ± 0.225098	0.858 ± 0.056657	0.929 ± 0.142173	0.964 ± 0.021709
precision_recall_auc	nan	nan	0.931 ± 0.084343	0.960 ± 0.018158	0.776 ± 0.177145	0.828 ± 0.151989	0.12976 ± 0.087585	0.07821 ± 0.028526	0.669 ± 0.340593	0.736 ± 0.329595	0.552 ± 0.354290	0.656 ± 0.303977	0.4274 ± 0.284049	0.2581 ± 0.081598	0.510 ± 0.510455	0.609 ± 0.472673	0.567 ± 0.363483	0.668 ± 0.306330	0.784 ± 0.165197	0.825 ± 0.132592	0.726 ± 0.374091	0.784 ± 0.348335	0.920 ± 0.100288	0.960 ± 0.018315	0.918 ± 0.097724	0.957 ± 0.020894	0.643 ± 0.341748	0.699 ± 0.319860	0.909 ± 0.151418	0.957 ± 0.042823
roc_auc	nan	nan	0.927 ± 0.087179	0.959 ± 0.019380	0.754 ± 0.168184	0.807 ± 0.155837	0.13917 ± 0.086780	0.08330 ± 0.032843	0.640 ± 0.342658	0.704 ± 0.339982	0.508 ± 0.336368	0.615 ± 0.311673	0.4668 ± 0.304351	0.2659 ± 0.094835	0.453 ± 0.502241	0.553 ± 0.485718	0.520 ± 0.347481	0.624 ± 0.313302	0.781 ± 0.165131	0.814 ± 0.139304	0.672 ± 0.367504	0.739 ± 0.355336	0.916 ± 0.102886	0.959 ± 0.019567	0.912 ± 0.102691	0.957 ± 0.020454	0.633 ± 0.353152	0.679 ± 0.335410	0.875 ± 0.149233	0.935 ± 0.062971
