	mean_ncv_average_precision	mean_ncv_balanced_accuracy	mean_ncv_brier_loss	mean_ncv_f1	mean_ncv_informedness	mean_ncv_log_loss	mean_ncv_markedness	mean_ncv_mcc	mean_ncv_negative_predictive_value	mean_ncv_precision	mean_ncv_precision_recall_auc	mean_ncv_roc_auc	mean_ncv_sensitivity	mean_ncv_specificity
mcc	0.917 ± 0.027846	0.868 ± 0.036692	0.10717 ± 0.022623	0.849 ± 0.045403	0.736 ± 0.073384	0.3658 ± 0.059728	0.788 ± 0.065423	0.761 ± 0.067889	0.840 ± 0.043356	0.948 ± 0.048382	0.916 ± 0.028590	0.893 ± 0.032645	0.772 ± 0.071482	0.964 ± 0.035855
precision_recall_auc	0.916 ± 0.031933	0.807 ± 0.068993	0.11626 ± 0.025866	0.763 ± 0.095594	0.615 ± 0.137987	0.3879 ± 0.089295	0.710 ± 0.118868	0.660 ± 0.125985	0.778 ± 0.068875	0.932 ± 0.078046	0.914 ± 0.032772	0.896 ± 0.037982	0.656 ± 0.127764	0.959 ± 0.045201
roc_auc	0.909 ± 0.038909	0.786 ± 0.070434	0.12587 ± 0.032925	0.737 ± 0.098801	0.572 ± 0.140868	0.4067 ± 0.107489	0.652 ± 0.126227	0.610 ± 0.129610	0.768 ± 0.075293	0.885 ± 0.088274	0.906 ± 0.039951	0.895 ± 0.045333	0.644 ± 0.141518	0.927 ± 0.053354
