	mean_ncv_average_precision	mean_ncv_balanced_accuracy	mean_ncv_brier_loss	mean_ncv_f1	mean_ncv_informedness	mean_ncv_log_loss	mean_ncv_markedness	mean_ncv_mcc	mean_ncv_negative_predictive_value	mean_ncv_precision	mean_ncv_precision_recall_auc	mean_ncv_roc_auc	mean_ncv_sensitivity	mean_ncv_specificity
mcc	0.910 ± 0.020372	0.854 ± 0.017914	0.11931 ± 0.012771	0.837 ± 0.021782	0.708 ± 0.035827	0.4031 ± 0.029630	0.717 ± 0.031781	0.712 ± 0.033428	0.857 ± 0.022645	0.860 ± 0.023829	0.908 ± 0.020978	0.894 ± 0.020097	0.817 ± 0.037497	0.891 ± 0.023473
precision_recall_auc	0.900 ± 0.026004	0.804 ± 0.061973	0.12267 ± 0.014139	0.769 ± 0.079669	0.608 ± 0.123945	0.4102 ± 0.049652	0.657 ± 0.119426	0.632 ± 0.120630	0.788 ± 0.058546	0.869 ± 0.074545	0.897 ± 0.027188	0.895 ± 0.024805	0.694 ± 0.098862	0.914 ± 0.050023
roc_auc	0.888 ± 0.026904	0.792 ± 0.052957	0.13041 ± 0.015249	0.753 ± 0.077315	0.584 ± 0.105915	0.4237 ± 0.047526	0.637 ± 0.082673	0.610 ± 0.092038	0.786 ± 0.069565	0.851 ± 0.062856	0.885 ± 0.028200	0.887 ± 0.025198	0.689 ± 0.134052	0.895 ± 0.056894
