	mean_best_threshold_tuning_score	mean_best_threshold	mean_test_average_precision	mean_train_average_precision	mean_test_balanced_accuracy	mean_train_balanced_accuracy	mean_test_brier_loss	mean_train_brier_loss	mean_test_f1	mean_train_f1	mean_test_informedness	mean_train_informedness	mean_test_log_loss	mean_train_log_loss	mean_test_markedness	mean_train_markedness	mean_test_mcc	mean_train_mcc	mean_test_negative_predictive_value	mean_train_negative_predictive_value	mean_test_precision	mean_train_precision	mean_test_precision_recall_auc	mean_train_precision_recall_auc	mean_test_roc_auc	mean_train_roc_auc	mean_test_sensitivity	mean_train_sensitivity	mean_test_specificity	mean_train_specificity
mcc	nan	nan	0.900 ± 0.097825	1.000 ± 0.000000	0.808 ± 0.123293	1.000 ± 0.000000	0.14716 ± 0.060176	0.01393 ± 0.002955	0.767 ± 0.160939	1.000 ± 0.000000	0.617 ± 0.246587	1.000 ± 0.000000	0.4580 ± 0.154641	0.1025 ± 0.015221	0.676 ± 0.225041	1.000 ± 0.000000	0.643 ± 0.232125	1.000 ± 0.000000	0.844 ± 0.155535	1.000 ± 0.000000	0.833 ± 0.170166	1.000 ± 0.000000	0.884 ± 0.118051	1.000 ± 0.000000	0.890 ± 0.109203	1.000 ± 0.000000	0.772 ± 0.236788	1.000 ± 0.000000	0.845 ± 0.165754	1.000 ± 0.000000
precision_recall_auc	nan	nan	0.906 ± 0.094426	1.000 ± 0.000000	0.820 ± 0.125265	1.000 ± 0.000000	0.14214 ± 0.060959	0.01334 ± 0.002213	0.778 ± 0.185153	1.000 ± 0.000000	0.640 ± 0.250530	1.000 ± 0.000000	0.4455 ± 0.159067	0.0994 ± 0.011689	0.682 ± 0.272040	1.000 ± 0.000000	0.663 ± 0.238707	1.000 ± 0.000000	0.844 ± 0.150556	1.000 ± 0.000000	0.838 ± 0.193489	1.000 ± 0.000000	0.894 ± 0.107812	1.000 ± 0.000000	0.894 ± 0.114737	1.000 ± 0.000000	0.772 ± 0.242115	1.000 ± 0.000000	0.868 ± 0.146997	1.000 ± 0.000000
roc_auc	nan	nan	0.902 ± 0.087768	1.000 ± 0.000000	0.815 ± 0.123268	1.000 ± 0.000000	0.14427 ± 0.058579	0.01341 ± 0.002679	0.778 ± 0.154315	1.000 ± 0.000000	0.629 ± 0.246536	1.000 ± 0.000000	0.4516 ± 0.151890	0.0999 ± 0.013021	0.680 ± 0.228541	1.000 ± 0.000000	0.651 ± 0.233755	1.000 ± 0.000000	0.834 ± 0.145685	1.000 ± 0.000000	0.846 ± 0.157415	1.000 ± 0.000000	0.889 ± 0.100746	1.000 ± 0.000000	0.888 ± 0.104451	1.000 ± 0.000000	0.765 ± 0.218016	1.000 ± 0.000000	0.864 ± 0.146050	1.000 ± 0.000000
