	mean_best_threshold_tuning_score	mean_best_threshold	mean_test_average_precision	mean_train_average_precision	mean_test_balanced_accuracy	mean_train_balanced_accuracy	mean_test_brier_loss	mean_train_brier_loss	mean_test_f1	mean_train_f1	mean_test_informedness	mean_train_informedness	mean_test_log_loss	mean_train_log_loss	mean_test_markedness	mean_train_markedness	mean_test_mcc	mean_train_mcc	mean_test_negative_predictive_value	mean_train_negative_predictive_value	mean_test_precision	mean_train_precision	mean_test_precision_recall_auc	mean_train_precision_recall_auc	mean_test_roc_auc	mean_train_roc_auc	mean_test_sensitivity	mean_train_sensitivity	mean_test_specificity	mean_train_specificity
mcc	nan	nan	0.949 ± 0.072448	0.973 ± 0.018441	0.895 ± 0.115137	0.921 ± 0.035422	0.09699 ± 0.069019	0.05765 ± 0.022410	0.872 ± 0.146390	0.913 ± 0.040557	0.790 ± 0.230274	0.842 ± 0.070844	0.3491 ± 0.218151	0.2133 ± 0.067549	0.836 ± 0.201508	0.864 ± 0.060332	0.811 ± 0.214689	0.853 ± 0.065354	0.872 ± 0.127106	0.903 ± 0.041399	0.964 ± 0.113274	0.961 ± 0.027598	0.943 ± 0.081068	0.972 ± 0.018578	0.929 ± 0.094962	0.968 ± 0.023527	0.817 ± 0.191959	0.871 ± 0.059838	0.973 ± 0.089904	0.971 ± 0.021366
precision_recall_auc	nan	nan	0.928 ± 0.082870	0.962 ± 0.020831	0.792 ± 0.152165	0.844 ± 0.128324	0.12449 ± 0.082614	0.07644 ± 0.032476	0.715 ± 0.280068	0.780 ± 0.271128	0.585 ± 0.304331	0.688 ± 0.256649	0.4039 ± 0.244627	0.2501 ± 0.089677	0.589 ± 0.416184	0.662 ± 0.387365	0.607 ± 0.304172	0.697 ± 0.256534	0.805 ± 0.151385	0.846 ± 0.115972	0.784 ± 0.311695	0.816 ± 0.282675	0.920 ± 0.092789	0.962 ± 0.021024	0.905 ± 0.101576	0.959 ± 0.023525	0.692 ± 0.297976	0.755 ± 0.270718	0.893 ± 0.164133	0.933 ± 0.061228
roc_auc	nan	nan	0.932 ± 0.076687	0.960 ± 0.018788	0.786 ± 0.154431	0.830 ± 0.123872	0.12864 ± 0.079302	0.08290 ± 0.030812	0.707 ± 0.291104	0.766 ± 0.265694	0.573 ± 0.308862	0.660 ± 0.247745	0.3962 ± 0.214897	0.2632 ± 0.083484	0.554 ± 0.433847	0.629 ± 0.379413	0.589 ± 0.312630	0.667 ± 0.247384	0.805 ± 0.154137	0.840 ± 0.115010	0.749 ± 0.321797	0.790 ± 0.274889	0.923 ± 0.090497	0.959 ± 0.018972	0.916 ± 0.091063	0.958 ± 0.019693	0.695 ± 0.304264	0.751 ± 0.268611	0.878 ± 0.162932	0.910 ± 0.066540
