	mean_ncv_average_precision	mean_ncv_balanced_accuracy	mean_ncv_brier_loss	mean_ncv_f1	mean_ncv_informedness	mean_ncv_log_loss	mean_ncv_markedness	mean_ncv_mcc	mean_ncv_negative_predictive_value	mean_ncv_precision	mean_ncv_precision_recall_auc	mean_ncv_roc_auc	mean_ncv_sensitivity	mean_ncv_specificity
mcc	0.909 ± 0.026371	0.852 ± 0.019676	0.11776 ± 0.014074	0.836 ± 0.022131	0.704 ± 0.039352	0.4109 ± 0.043201	0.709 ± 0.040821	0.707 ± 0.040022	0.858 ± 0.017309	0.851 ± 0.027264	0.907 ± 0.027393	0.897 ± 0.022861	0.822 ± 0.023424	0.882 ± 0.023473
precision_recall_auc	0.903 ± 0.016455	0.799 ± 0.061387	0.12723 ± 0.011155	0.765 ± 0.085048	0.598 ± 0.122774	0.4251 ± 0.040206	0.629 ± 0.094741	0.613 ± 0.108949	0.798 ± 0.069959	0.831 ± 0.037213	0.901 ± 0.017027	0.893 ± 0.016772	0.717 ± 0.126821	0.882 ± 0.031782
roc_auc	0.909 ± 0.018277	0.830 ± 0.047984	0.12300 ± 0.012064	0.805 ± 0.076195	0.661 ± 0.095968	0.4011 ± 0.048433	0.681 ± 0.049858	0.670 ± 0.073995	0.838 ± 0.058308	0.843 ± 0.030529	0.907 ± 0.018834	0.909 ± 0.022232	0.783 ± 0.121293	0.877 ± 0.037421
