	mean_best_threshold_tuning_score	mean_best_threshold	mean_test_average_precision	mean_train_average_precision	mean_test_balanced_accuracy	mean_train_balanced_accuracy	mean_test_brier_loss	mean_train_brier_loss	mean_test_f1	mean_train_f1	mean_test_informedness	mean_train_informedness	mean_test_log_loss	mean_train_log_loss	mean_test_markedness	mean_train_markedness	mean_test_mcc	mean_train_mcc	mean_test_negative_predictive_value	mean_train_negative_predictive_value	mean_test_precision	mean_train_precision	mean_test_precision_recall_auc	mean_train_precision_recall_auc	mean_test_roc_auc	mean_train_roc_auc	mean_test_sensitivity	mean_train_sensitivity	mean_test_specificity	mean_train_specificity
mcc	nan	nan	0.944 ± 0.076636	0.997 ± 0.009138	0.808 ± 0.122150	0.962 ± 0.054714	0.12795 ± 0.064762	0.02768 ± 0.030158	0.746 ± 0.196393	0.957 ± 0.063745	0.617 ± 0.244300	0.924 ± 0.109428	0.3975 ± 0.176598	0.1275 ± 0.091544	0.701 ± 0.238407	0.946 ± 0.074927	0.657 ± 0.222121	0.935 ± 0.092628	0.805 ± 0.133456	0.948 ± 0.073097	0.895 ± 0.193232	0.998 ± 0.006562	0.937 ± 0.086283	0.997 ± 0.009219	0.928 ± 0.097874	0.997 ± 0.010469	0.687 ± 0.251165	0.925 ± 0.108406	0.930 ± 0.122474	0.999 ± 0.004531
precision_recall_auc	nan	nan	0.962 ± 0.050563	0.987 ± 0.015302	0.785 ± 0.125541	0.876 ± 0.131803	0.11069 ± 0.056776	0.04006 ± 0.040925	0.691 ± 0.241383	0.826 ± 0.222279	0.570 ± 0.251081	0.751 ± 0.263606	0.3447 ± 0.142302	0.1460 ± 0.116564	0.689 ± 0.296597	0.811 ± 0.292791	0.633 ± 0.231582	0.787 ± 0.237658	0.762 ± 0.120764	0.854 ± 0.142677	0.927 ± 0.245617	0.957 ± 0.197642	0.957 ± 0.057563	0.987 ± 0.015485	0.954 ± 0.064352	0.989 ± 0.013271	0.583 ± 0.259185	0.753 ± 0.263885	0.987 ± 0.066094	0.998 ± 0.008105
roc_auc	nan	nan	0.961 ± 0.056668	0.984 ± 0.016580	0.784 ± 0.131962	0.852 ± 0.133086	0.11199 ± 0.060928	0.04949 ± 0.041820	0.685 ± 0.249647	0.794 ± 0.223170	0.569 ± 0.263924	0.705 ± 0.266172	0.3487 ± 0.150862	0.1733 ± 0.117846	0.695 ± 0.298392	0.785 ± 0.288845	0.633 ± 0.239695	0.750 ± 0.237233	0.763 ± 0.127414	0.829 ± 0.142175	0.932 ± 0.244482	0.956 ± 0.197685	0.956 ± 0.065468	0.984 ± 0.016778	0.955 ± 0.064996	0.986 ± 0.014356	0.577 ± 0.270864	0.708 ± 0.266967	0.992 ± 0.056569	0.997 ± 0.011179
