	mean_best_threshold_tuning_score	mean_best_threshold	mean_test_average_precision	mean_train_average_precision	mean_test_balanced_accuracy	mean_train_balanced_accuracy	mean_test_brier_loss	mean_train_brier_loss	mean_test_f1	mean_train_f1	mean_test_informedness	mean_train_informedness	mean_test_log_loss	mean_train_log_loss	mean_test_markedness	mean_train_markedness	mean_test_mcc	mean_train_mcc	mean_test_negative_predictive_value	mean_train_negative_predictive_value	mean_test_precision	mean_train_precision	mean_test_precision_recall_auc	mean_train_precision_recall_auc	mean_test_roc_auc	mean_train_roc_auc	mean_test_sensitivity	mean_train_sensitivity	mean_test_specificity	mean_train_specificity
mcc	nan	nan	0.914 ± 0.088242	0.997 ± 0.009138	0.786 ± 0.126348	0.962 ± 0.054714	0.14231 ± 0.067680	0.02768 ± 0.030158	0.728 ± 0.193332	0.957 ± 0.063745	0.571 ± 0.252696	0.924 ± 0.109428	0.4582 ± 0.311473	0.1275 ± 0.091544	0.629 ± 0.268162	0.946 ± 0.074927	0.600 ± 0.243451	0.935 ± 0.092628	0.806 ± 0.139619	0.948 ± 0.073097	0.823 ± 0.212983	0.998 ± 0.006562	0.902 ± 0.102727	0.997 ± 0.009219	0.903 ± 0.103660	0.997 ± 0.010469	0.703 ± 0.248099	0.925 ± 0.108406	0.868 ± 0.156740	0.999 ± 0.004531
precision_recall_auc	nan	nan	0.925 ± 0.080277	0.987 ± 0.015302	0.741 ± 0.153902	0.876 ± 0.131803	0.13266 ± 0.069375	0.04006 ± 0.040925	0.592 ± 0.332627	0.826 ± 0.222279	0.482 ± 0.307805	0.751 ± 0.263606	0.4372 ± 0.310938	0.1460 ± 0.116564	0.498 ± 0.503633	0.811 ± 0.292791	0.530 ± 0.311205	0.787 ± 0.237658	0.738 ± 0.150451	0.854 ± 0.142677	0.760 ± 0.396971	0.957 ± 0.197642	0.914 ± 0.092847	0.987 ± 0.015485	0.916 ± 0.093482	0.989 ± 0.013271	0.518 ± 0.329179	0.753 ± 0.263885	0.964 ± 0.093153	0.998 ± 0.008105
roc_auc	nan	nan	0.926 ± 0.079947	0.984 ± 0.016580	0.749 ± 0.154729	0.852 ± 0.133086	0.13181 ± 0.069305	0.04949 ± 0.041820	0.605 ± 0.325269	0.794 ± 0.223170	0.497 ± 0.309457	0.705 ± 0.266172	0.4317 ± 0.308521	0.1733 ± 0.117846	0.531 ± 0.481055	0.785 ± 0.288845	0.547 ± 0.307782	0.750 ± 0.237233	0.742 ± 0.143062	0.829 ± 0.142175	0.789 ± 0.385294	0.956 ± 0.197685	0.916 ± 0.092717	0.984 ± 0.016778	0.920 ± 0.088728	0.986 ± 0.014356	0.523 ± 0.322107	0.708 ± 0.266967	0.974 ± 0.082214	0.997 ± 0.011179
