	mean_best_threshold_tuning_score	mean_best_threshold	mean_test_average_precision	mean_train_average_precision	mean_test_balanced_accuracy	mean_train_balanced_accuracy	mean_test_brier_loss	mean_train_brier_loss	mean_test_f1	mean_train_f1	mean_test_informedness	mean_train_informedness	mean_test_log_loss	mean_train_log_loss	mean_test_markedness	mean_train_markedness	mean_test_mcc	mean_train_mcc	mean_test_negative_predictive_value	mean_train_negative_predictive_value	mean_test_precision	mean_train_precision	mean_test_precision_recall_auc	mean_train_precision_recall_auc	mean_test_roc_auc	mean_train_roc_auc	mean_test_sensitivity	mean_train_sensitivity	mean_test_specificity	mean_train_specificity
mcc	nan	nan	0.790 ± 0.165864	0.991 ± 0.023478	0.670 ± 0.146442	0.964 ± 0.066702	0.22667 ± 0.084337	0.03013 ± 0.047065	0.657 ± 0.169975	0.962 ± 0.066536	0.340 ± 0.292884	0.927 ± 0.133404	0.7561 ± 0.345622	0.1283 ± 0.148812	0.366 ± 0.331413	0.927 ± 0.129418	0.356 ± 0.298062	0.927 ± 0.131385	0.760 ± 0.221104	0.984 ± 0.037820	0.607 ± 0.185485	0.944 ± 0.095229	0.753 ± 0.199547	0.991 ± 0.023653	0.766 ± 0.181708	0.987 ± 0.034530	0.762 ± 0.235106	0.984 ± 0.035146	0.578 ± 0.239506	0.943 ± 0.102331
precision_recall_auc	nan	nan	0.851 ± 0.134700	0.991 ± 0.021989	0.743 ± 0.145219	0.968 ± 0.059390	0.19607 ± 0.081055	0.02370 ± 0.042092	0.739 ± 0.130423	0.966 ± 0.062948	0.486 ± 0.290437	0.937 ± 0.118779	0.6755 ± 0.357293	0.1015 ± 0.135505	0.517 ± 0.334477	0.937 ± 0.117987	0.504 ± 0.294543	0.937 ± 0.118329	0.825 ± 0.239003	0.982 ± 0.034101	0.691 ± 0.181567	0.955 ± 0.089637	0.829 ± 0.158051	0.991 ± 0.022177	0.829 ± 0.141961	0.989 ± 0.027636	0.852 ± 0.181554	0.980 ± 0.038139	0.634 ± 0.259403	0.957 ± 0.089841
roc_auc	nan	nan	0.821 ± 0.159203	0.998 ± 0.007979	0.737 ± 0.147284	0.987 ± 0.037810	0.19705 ± 0.096406	0.01026 ± 0.021353	0.728 ± 0.141723	0.985 ± 0.041224	0.474 ± 0.294568	0.973 ± 0.075620	0.6842 ± 0.394842	0.0646 ± 0.074683	0.513 ± 0.308761	0.973 ± 0.076516	0.491 ± 0.295908	0.973 ± 0.076056	0.823 ± 0.212090	0.994 ± 0.016596	0.690 ± 0.174598	0.979 ± 0.063070	0.792 ± 0.188337	0.998 ± 0.008045	0.801 ± 0.164197	0.997 ± 0.010071	0.825 ± 0.197956	0.994 ± 0.017838	0.649 ± 0.244634	0.979 ± 0.061652
