	mean_best_threshold_tuning_score	mean_best_threshold	mean_test_average_precision	mean_train_average_precision	mean_test_balanced_accuracy	mean_train_balanced_accuracy	mean_test_brier_loss	mean_train_brier_loss	mean_test_f1	mean_train_f1	mean_test_informedness	mean_train_informedness	mean_test_log_loss	mean_train_log_loss	mean_test_markedness	mean_train_markedness	mean_test_mcc	mean_train_mcc	mean_test_negative_predictive_value	mean_train_negative_predictive_value	mean_test_precision	mean_train_precision	mean_test_precision_recall_auc	mean_train_precision_recall_auc	mean_test_roc_auc	mean_train_roc_auc	mean_test_sensitivity	mean_train_sensitivity	mean_test_specificity	mean_train_specificity
mcc	nan	nan	0.807 ± 0.156115	0.991 ± 0.022183	0.700 ± 0.154280	0.963 ± 0.063317	0.21991 ± 0.085202	0.02986 ± 0.044388	0.677 ± 0.182463	0.961 ± 0.065131	0.399 ± 0.308559	0.927 ± 0.126635	0.7127 ± 0.318071	0.1290 ± 0.141577	0.423 ± 0.365693	0.926 ± 0.125772	0.415 ± 0.321911	0.926 ± 0.126180	0.773 ± 0.238461	0.982 ± 0.039042	0.650 ± 0.217516	0.944 ± 0.091563	0.771 ± 0.192032	0.991 ± 0.022354	0.784 ± 0.169743	0.987 ± 0.031822	0.765 ± 0.242045	0.981 ± 0.039192	0.634 ± 0.267727	0.945 ± 0.092944
precision_recall_auc	nan	nan	0.857 ± 0.127406	0.995 ± 0.016101	0.733 ± 0.151979	0.983 ± 0.040589	0.18888 ± 0.089213	0.01369 ± 0.030913	0.718 ± 0.151379	0.982 ± 0.043504	0.465 ± 0.303958	0.967 ± 0.081178	0.6279 ± 0.323934	0.0686 ± 0.103610	0.506 ± 0.305036	0.967 ± 0.081873	0.484 ± 0.302638	0.967 ± 0.081464	0.803 ± 0.178365	0.989 ± 0.028020	0.703 ± 0.203559	0.978 ± 0.059387	0.836 ± 0.149097	0.995 ± 0.016232	0.831 ± 0.145165	0.994 ± 0.021482	0.783 ± 0.193429	0.987 ± 0.032718	0.682 ± 0.256897	0.980 ± 0.056237
roc_auc	nan	nan	0.832 ± 0.141318	0.999 ± 0.002527	0.724 ± 0.145638	0.995 ± 0.015840	0.19599 ± 0.096837	0.00538 ± 0.009643	0.707 ± 0.147644	0.994 ± 0.017910	0.448 ± 0.291275	0.990 ± 0.031680	0.6436 ± 0.339927	0.0460 ± 0.041904	0.478 ± 0.293358	0.990 ± 0.033033	0.461 ± 0.290699	0.990 ± 0.032318	0.789 ± 0.178516	0.997 ± 0.009919	0.688 ± 0.177749	0.993 ± 0.029548	0.804 ± 0.172191	0.999 ± 0.002549	0.809 ± 0.147432	0.999 ± 0.002817	0.767 ± 0.199205	0.997 ± 0.012224	0.681 ± 0.223125	0.993 ± 0.027145
