	mean_best_threshold_tuning_score	mean_best_threshold	mean_test_average_precision	mean_train_average_precision	mean_test_balanced_accuracy	mean_train_balanced_accuracy	mean_test_brier_loss	mean_train_brier_loss	mean_test_f1	mean_train_f1	mean_test_informedness	mean_train_informedness	mean_test_log_loss	mean_train_log_loss	mean_test_markedness	mean_train_markedness	mean_test_mcc	mean_train_mcc	mean_test_negative_predictive_value	mean_train_negative_predictive_value	mean_test_precision	mean_train_precision	mean_test_precision_recall_auc	mean_train_precision_recall_auc	mean_test_roc_auc	mean_train_roc_auc	mean_test_sensitivity	mean_train_sensitivity	mean_test_specificity	mean_train_specificity
mcc	nan	nan	0.834 ± 0.138356	0.991 ± 0.023478	0.743 ± 0.125733	0.964 ± 0.066702	0.17988 ± 0.076262	0.03013 ± 0.047065	0.717 ± 0.138967	0.962 ± 0.066536	0.486 ± 0.251466	0.927 ± 0.133404	0.5971 ± 0.356443	0.1283 ± 0.148812	0.535 ± 0.257247	0.927 ± 0.129418	0.508 ± 0.249705	0.927 ± 0.131385	0.807 ± 0.163530	0.984 ± 0.037820	0.728 ± 0.176856	0.944 ± 0.095229	0.805 ± 0.168886	0.991 ± 0.023653	0.824 ± 0.142985	0.987 ± 0.034530	0.765 ± 0.216712	0.984 ± 0.035146	0.721 ± 0.210464	0.943 ± 0.102331
precision_recall_auc	nan	nan	0.868 ± 0.115197	0.991 ± 0.021989	0.766 ± 0.134194	0.968 ± 0.059390	0.16488 ± 0.071489	0.02370 ± 0.042092	0.739 ± 0.147770	0.966 ± 0.062948	0.532 ± 0.268388	0.937 ± 0.118779	0.5559 ± 0.374002	0.1015 ± 0.135505	0.563 ± 0.271658	0.937 ± 0.117987	0.546 ± 0.267547	0.937 ± 0.118329	0.819 ± 0.166459	0.982 ± 0.034101	0.744 ± 0.176022	0.955 ± 0.089637	0.849 ± 0.133236	0.991 ± 0.022177	0.844 ± 0.132427	0.989 ± 0.027636	0.777 ± 0.209226	0.980 ± 0.038139	0.755 ± 0.190662	0.957 ± 0.089841
roc_auc	nan	nan	0.869 ± 0.128277	0.998 ± 0.007979	0.751 ± 0.137496	0.987 ± 0.037810	0.16208 ± 0.081513	0.01026 ± 0.021353	0.727 ± 0.148533	0.985 ± 0.041224	0.503 ± 0.274991	0.973 ± 0.075620	0.5494 ± 0.412737	0.0646 ± 0.074683	0.536 ± 0.304434	0.973 ± 0.076516	0.518 ± 0.283853	0.973 ± 0.076056	0.799 ± 0.190480	0.994 ± 0.016596	0.737 ± 0.177863	0.979 ± 0.063070	0.849 ± 0.149979	0.998 ± 0.008045	0.849 ± 0.145166	0.997 ± 0.010071	0.760 ± 0.205949	0.994 ± 0.017838	0.743 ± 0.211653	0.979 ± 0.061652
