	mean_best_threshold_tuning_score	mean_best_threshold	mean_test_average_precision	mean_train_average_precision	mean_test_balanced_accuracy	mean_train_balanced_accuracy	mean_test_brier_loss	mean_train_brier_loss	mean_test_f1	mean_train_f1	mean_test_informedness	mean_train_informedness	mean_test_log_loss	mean_train_log_loss	mean_test_markedness	mean_train_markedness	mean_test_mcc	mean_train_mcc	mean_test_negative_predictive_value	mean_train_negative_predictive_value	mean_test_precision	mean_train_precision	mean_test_precision_recall_auc	mean_train_precision_recall_auc	mean_test_roc_auc	mean_train_roc_auc	mean_test_sensitivity	mean_train_sensitivity	mean_test_specificity	mean_train_specificity
mcc	nan	nan	0.749 ± 0.150329	0.991 ± 0.019493	0.650 ± 0.139859	0.958 ± 0.065759	0.22930 ± 0.074286	0.03540 ± 0.046017	0.659 ± 0.161004	0.955 ± 0.068391	0.300 ± 0.279719	0.916 ± 0.131519	0.7176 ± 0.319652	0.1449 ± 0.148337	0.376 ± 0.339246	0.915 ± 0.130167	0.332 ± 0.298061	0.915 ± 0.130805	0.810 ± 0.254619	0.981 ± 0.036398	0.566 ± 0.156824	0.934 ± 0.098611	0.699 ± 0.187190	0.991 ± 0.019634	0.745 ± 0.146913	0.988 ± 0.028353	0.835 ± 0.229913	0.981 ± 0.037105	0.465 ± 0.238886	0.935 ± 0.100390
precision_recall_auc	nan	nan	0.785 ± 0.146117	0.993 ± 0.019596	0.681 ± 0.135587	0.974 ± 0.054237	0.20928 ± 0.068955	0.02000 ± 0.037438	0.701 ± 0.122599	0.971 ± 0.058443	0.362 ± 0.271174	0.947 ± 0.108474	0.6255 ± 0.239791	0.0929 ± 0.120603	0.420 ± 0.321943	0.946 ± 0.110170	0.395 ± 0.267754	0.947 ± 0.109296	0.817 ± 0.248670	0.985 ± 0.032900	0.604 ± 0.147870	0.961 ± 0.081483	0.744 ± 0.182296	0.993 ± 0.019764	0.781 ± 0.137270	0.991 ± 0.024863	0.873 ± 0.164303	0.984 ± 0.036134	0.489 ± 0.253000	0.964 ± 0.077822
roc_auc	nan	nan	0.777 ± 0.155074	0.998 ± 0.006930	0.708 ± 0.145253	0.989 ± 0.036684	0.20491 ± 0.082230	0.00850 ± 0.018854	0.711 ± 0.140945	0.988 ± 0.040133	0.417 ± 0.290505	0.978 ± 0.073369	0.6469 ± 0.321800	0.0597 ± 0.065617	0.459 ± 0.310682	0.977 ± 0.074668	0.435 ± 0.294370	0.977 ± 0.074008	0.822 ± 0.212549	0.995 ± 0.018083	0.637 ± 0.158219	0.982 ± 0.059798	0.730 ± 0.195039	0.998 ± 0.006984	0.776 ± 0.148890	0.998 ± 0.008492	0.840 ± 0.178841	0.994 ± 0.020027	0.577 ± 0.239517	0.983 ± 0.057476
