	mean_ncv_average_precision	mean_ncv_balanced_accuracy	mean_ncv_brier_loss	mean_ncv_f1	mean_ncv_informedness	mean_ncv_log_loss	mean_ncv_markedness	mean_ncv_mcc	mean_ncv_negative_predictive_value	mean_ncv_precision	mean_ncv_precision_recall_auc	mean_ncv_roc_auc	mean_ncv_sensitivity	mean_ncv_specificity
mcc	0.657 ± 0.063366	0.648 ± 0.049453	0.22930 ± 0.021819	0.669 ± 0.043866	0.297 ± 0.098906	0.7176 ± 0.092616	0.337 ± 0.114559	0.316 ± 0.105863	0.776 ± 0.082905	0.561 ± 0.036855	0.638 ± 0.071501	0.716 ± 0.047872	0.833 ± 0.074074	0.464 ± 0.073606
precision_recall_auc	0.710 ± 0.040802	0.682 ± 0.046296	0.20928 ± 0.020895	0.700 ± 0.037845	0.363 ± 0.092591	0.6255 ± 0.070360	0.412 ± 0.087210	0.386 ± 0.088632	0.827 ± 0.056794	0.586 ± 0.041746	0.695 ± 0.046453	0.761 ± 0.031881	0.872 ± 0.052705	0.491 ± 0.085173
roc_auc	0.706 ± 0.041146	0.708 ± 0.060970	0.20491 ± 0.028337	0.713 ± 0.056630	0.416 ± 0.121939	0.6469 ± 0.094984	0.435 ± 0.118638	0.425 ± 0.120139	0.814 ± 0.066031	0.621 ± 0.058009	0.689 ± 0.044557	0.773 ± 0.045486	0.839 ± 0.066512	0.577 ± 0.083126
