	mean_best_threshold_tuning_score	mean_best_threshold	mean_test_average_precision	mean_train_average_precision	mean_test_balanced_accuracy	mean_train_balanced_accuracy	mean_test_brier_loss	mean_train_brier_loss	mean_test_f1	mean_train_f1	mean_test_informedness	mean_train_informedness	mean_test_log_loss	mean_train_log_loss	mean_test_markedness	mean_train_markedness	mean_test_mcc	mean_train_mcc	mean_test_negative_predictive_value	mean_train_negative_predictive_value	mean_test_precision	mean_train_precision	mean_test_precision_recall_auc	mean_train_precision_recall_auc	mean_test_roc_auc	mean_train_roc_auc	mean_test_sensitivity	mean_train_sensitivity	mean_test_specificity	mean_train_specificity
mcc	nan	nan	0.885 ± 0.106508	0.972 ± 0.021975	0.799 ± 0.126441	0.921 ± 0.045982	0.14974 ± 0.078433	0.07608 ± 0.021746	0.752 ± 0.170112	0.912 ± 0.052773	0.597 ± 0.252883	0.841 ± 0.091965	0.4715 ± 0.232472	0.2675 ± 0.058273	0.649 ± 0.243931	0.875 ± 0.074099	0.620 ± 0.245599	0.858 ± 0.082776	0.821 ± 0.151180	0.896 ± 0.056526	0.828 ± 0.176713	0.979 ± 0.029876	0.870 ± 0.120573	0.972 ± 0.022158	0.849 ± 0.151004	0.966 ± 0.028784	0.738 ± 0.232683	0.856 ± 0.082295	0.859 ± 0.150065	0.985 ± 0.022578
precision_recall_auc	nan	nan	0.935 ± 0.073327	0.958 ± 0.018201	0.752 ± 0.151292	0.779 ± 0.125864	0.12480 ± 0.068673	0.08522 ± 0.020397	0.613 ± 0.315936	0.675 ± 0.272860	0.504 ± 0.302583	0.558 ± 0.251728	0.4016 ± 0.193040	0.2778 ± 0.053616	0.559 ± 0.456670	0.617 ± 0.406401	0.558 ± 0.296543	0.611 ± 0.253222	0.744 ± 0.140570	0.754 ± 0.111442	0.814 ± 0.367424	0.863 ± 0.324406	0.926 ± 0.083989	0.957 ± 0.018424	0.919 ± 0.092970	0.959 ± 0.017736	0.527 ± 0.317855	0.571 ± 0.261253	0.977 ± 0.070138	0.987 ± 0.034929
roc_auc	nan	nan	0.932 ± 0.073613	0.959 ± 0.020872	0.719 ± 0.147972	0.770 ± 0.132296	0.12294 ± 0.064855	0.08684 ± 0.022542	0.552 ± 0.321499	0.655 ± 0.287793	0.438 ± 0.295944	0.540 ± 0.264592	0.3883 ± 0.177947	0.2834 ± 0.056827	0.487 ± 0.484230	0.589 ± 0.431214	0.496 ± 0.297673	0.592 ± 0.266627	0.713 ± 0.135776	0.750 ± 0.118186	0.774 ± 0.398782	0.839 ± 0.345694	0.923 ± 0.085416	0.958 ± 0.021116	0.922 ± 0.085223	0.961 ± 0.020246	0.462 ± 0.313713	0.556 ± 0.278324	0.976 ± 0.073011	0.984 ± 0.041454
