	mean_best_threshold_tuning_score	mean_best_threshold	mean_test_average_precision	mean_train_average_precision	mean_test_balanced_accuracy	mean_train_balanced_accuracy	mean_test_brier_loss	mean_train_brier_loss	mean_test_f1	mean_train_f1	mean_test_informedness	mean_train_informedness	mean_test_log_loss	mean_train_log_loss	mean_test_markedness	mean_train_markedness	mean_test_mcc	mean_train_mcc	mean_test_negative_predictive_value	mean_train_negative_predictive_value	mean_test_precision	mean_train_precision	mean_test_precision_recall_auc	mean_train_precision_recall_auc	mean_test_roc_auc	mean_train_roc_auc	mean_test_sensitivity	mean_train_sensitivity	mean_test_specificity	mean_train_specificity
mcc	nan	nan	0.951 ± 0.071220	0.989 ± 0.014204	0.859 ± 0.108880	0.950 ± 0.038989	0.10185 ± 0.065299	0.03186 ± 0.024594	0.827 ± 0.138844	0.946 ± 0.043845	0.718 ± 0.217760	0.900 ± 0.077978	0.3504 ± 0.212028	0.1217 ± 0.084764	0.777 ± 0.187236	0.916 ± 0.067379	0.745 ± 0.200120	0.908 ± 0.072620	0.854 ± 0.126266	0.936 ± 0.046737	0.922 ± 0.143594	0.981 ± 0.027921	0.945 ± 0.079004	0.988 ± 0.014322	0.937 ± 0.093131	0.987 ± 0.017742	0.787 ± 0.196454	0.915 ± 0.064246	0.931 ± 0.133970	0.986 ± 0.022443
precision_recall_auc	nan	nan	0.934 ± 0.082088	0.987 ± 0.018048	0.735 ± 0.192416	0.839 ± 0.198830	0.11408 ± 0.072812	0.03164 ± 0.035952	0.551 ± 0.404293	0.715 ± 0.409439	0.469 ± 0.384832	0.678 ± 0.397660	0.3749 ± 0.226248	0.1096 ± 0.114063	0.372 ± 0.607645	0.579 ± 0.589952	0.492 ± 0.392945	0.682 ± 0.398727	0.743 ± 0.180829	0.845 ± 0.176377	0.628 ± 0.457741	0.734 ± 0.418222	0.925 ± 0.093212	0.987 ± 0.018223	0.922 ± 0.093320	0.987 ± 0.018957	0.515 ± 0.395084	0.698 ± 0.403566	0.954 ± 0.138446	0.980 ± 0.029384
roc_auc	nan	nan	0.924 ± 0.091173	0.982 ± 0.017939	0.774 ± 0.180860	0.864 ± 0.160701	0.12741 ± 0.078869	0.04415 ± 0.041016	0.655 ± 0.356231	0.786 ± 0.327789	0.548 ± 0.361721	0.727 ± 0.321402	0.4170 ± 0.241850	0.1473 ± 0.125062	0.515 ± 0.521635	0.675 ± 0.475638	0.569 ± 0.369457	0.733 ± 0.322275	0.790 ± 0.163364	0.865 ± 0.145566	0.725 ± 0.394653	0.810 ± 0.336163	0.913 ± 0.107251	0.982 ± 0.018100	0.913 ± 0.098181	0.983 ± 0.017510	0.628 ± 0.359599	0.766 ± 0.323626	0.920 ± 0.160675	0.961 ± 0.054147
