	mean_best_threshold_tuning_score	mean_best_threshold	mean_test_average_precision	mean_train_average_precision	mean_test_balanced_accuracy	mean_train_balanced_accuracy	mean_test_brier_loss	mean_train_brier_loss	mean_test_f1	mean_train_f1	mean_test_informedness	mean_train_informedness	mean_test_log_loss	mean_train_log_loss	mean_test_markedness	mean_train_markedness	mean_test_mcc	mean_train_mcc	mean_test_negative_predictive_value	mean_train_negative_predictive_value	mean_test_precision	mean_train_precision	mean_test_precision_recall_auc	mean_train_precision_recall_auc	mean_test_roc_auc	mean_train_roc_auc	mean_test_sensitivity	mean_train_sensitivity	mean_test_specificity	mean_train_specificity
mcc	nan	nan	0.943 ± 0.073983	0.988 ± 0.016514	0.876 ± 0.116265	0.955 ± 0.039482	0.09855 ± 0.064973	0.02989 ± 0.026256	0.845 ± 0.155329	0.951 ± 0.043987	0.752 ± 0.232530	0.909 ± 0.078965	0.3587 ± 0.228635	0.1166 ± 0.091976	0.826 ± 0.177876	0.923 ± 0.068692	0.786 ± 0.204972	0.916 ± 0.073764	0.856 ± 0.126889	0.942 ± 0.047898	0.970 ± 0.104940	0.981 ± 0.027992	0.936 ± 0.082533	0.988 ± 0.016644	0.923 ± 0.095980	0.986 ± 0.021765	0.778 ± 0.207983	0.924 ± 0.064828	0.974 ± 0.096489	0.985 ± 0.022705
precision_recall_auc	nan	nan	0.937 ± 0.077831	0.984 ± 0.021443	0.760 ± 0.181346	0.866 ± 0.181270	0.10945 ± 0.068061	0.03470 ± 0.039677	0.602 ± 0.376111	0.771 ± 0.369768	0.520 ± 0.362692	0.732 ± 0.362540	0.3813 ± 0.212828	0.1167 ± 0.124873	0.481 ± 0.549165	0.662 ± 0.535165	0.550 ± 0.360980	0.738 ± 0.363093	0.765 ± 0.174678	0.867 ± 0.163468	0.716 ± 0.421064	0.795 ± 0.377620	0.929 ± 0.088109	0.984 ± 0.021652	0.921 ± 0.090894	0.983 ± 0.022447	0.558 ± 0.381045	0.751 ± 0.365656	0.962 ± 0.100285	0.981 ± 0.029391
roc_auc	nan	nan	0.935 ± 0.079902	0.979 ± 0.019345	0.783 ± 0.169286	0.867 ± 0.155346	0.11689 ± 0.068023	0.04746 ± 0.041418	0.670 ± 0.334006	0.795 ± 0.313730	0.566 ± 0.338571	0.734 ± 0.310692	0.3840 ± 0.195939	0.1581 ± 0.124945	0.552 ± 0.472613	0.700 ± 0.446926	0.589 ± 0.334473	0.744 ± 0.307093	0.794 ± 0.155583	0.867 ± 0.142357	0.758 ± 0.362722	0.833 ± 0.316016	0.927 ± 0.091107	0.979 ± 0.019532	0.922 ± 0.087182	0.980 ± 0.019770	0.637 ± 0.344523	0.771 ± 0.314253	0.929 ± 0.130184	0.963 ± 0.049546
