	mean_best_threshold_tuning_score	mean_best_threshold	mean_test_average_precision	mean_train_average_precision	mean_test_balanced_accuracy	mean_train_balanced_accuracy	mean_test_brier_loss	mean_train_brier_loss	mean_test_f1	mean_train_f1	mean_test_informedness	mean_train_informedness	mean_test_log_loss	mean_train_log_loss	mean_test_markedness	mean_train_markedness	mean_test_mcc	mean_train_mcc	mean_test_negative_predictive_value	mean_train_negative_predictive_value	mean_test_precision	mean_train_precision	mean_test_precision_recall_auc	mean_train_precision_recall_auc	mean_test_roc_auc	mean_train_roc_auc	mean_test_sensitivity	mean_train_sensitivity	mean_test_specificity	mean_train_specificity
mcc	nan	nan	0.951 ± 0.069687	0.989 ± 0.014204	0.865 ± 0.111120	0.950 ± 0.038989	0.09666 ± 0.065714	0.03186 ± 0.024594	0.829 ± 0.151217	0.946 ± 0.043845	0.730 ± 0.222241	0.900 ± 0.077978	0.3528 ± 0.233111	0.1217 ± 0.084764	0.814 ± 0.162888	0.916 ± 0.067379	0.768 ± 0.192565	0.908 ± 0.072620	0.840 ± 0.126010	0.936 ± 0.046737	0.974 ± 0.091479	0.981 ± 0.027921	0.946 ± 0.077487	0.988 ± 0.014322	0.933 ± 0.090145	0.987 ± 0.017742	0.752 ± 0.207218	0.915 ± 0.064246	0.978 ± 0.084007	0.986 ± 0.022443
precision_recall_auc	nan	nan	0.934 ± 0.080387	0.987 ± 0.018048	0.737 ± 0.196808	0.839 ± 0.198830	0.10777 ± 0.067815	0.03164 ± 0.035952	0.541 ± 0.413962	0.715 ± 0.409439	0.474 ± 0.393615	0.678 ± 0.397660	0.3757 ± 0.213751	0.1096 ± 0.114063	0.371 ± 0.622292	0.579 ± 0.589952	0.498 ± 0.397637	0.682 ± 0.398727	0.748 ± 0.187099	0.845 ± 0.176377	0.624 ± 0.465403	0.734 ± 0.418222	0.927 ± 0.090780	0.987 ± 0.018223	0.917 ± 0.094515	0.987 ± 0.018957	0.507 ± 0.409579	0.698 ± 0.403566	0.967 ± 0.111397	0.980 ± 0.029384
roc_auc	nan	nan	0.932 ± 0.081352	0.982 ± 0.017939	0.786 ± 0.177249	0.864 ± 0.160701	0.11957 ± 0.070055	0.04415 ± 0.041016	0.664 ± 0.359315	0.786 ± 0.327789	0.571 ± 0.354499	0.727 ± 0.321402	0.3969 ± 0.202305	0.1473 ± 0.125062	0.532 ± 0.521808	0.675 ± 0.475638	0.593 ± 0.354754	0.733 ± 0.322275	0.797 ± 0.162846	0.865 ± 0.145566	0.735 ± 0.394337	0.810 ± 0.336163	0.924 ± 0.092470	0.982 ± 0.018100	0.915 ± 0.092728	0.983 ± 0.017510	0.633 ± 0.363046	0.766 ± 0.323626	0.938 ± 0.139079	0.961 ± 0.054147
