	mean_best_threshold_tuning_score	mean_best_threshold	mean_test_average_precision	mean_train_average_precision	mean_test_balanced_accuracy	mean_train_balanced_accuracy	mean_test_brier_loss	mean_train_brier_loss	mean_test_f1	mean_train_f1	mean_test_informedness	mean_train_informedness	mean_test_log_loss	mean_train_log_loss	mean_test_markedness	mean_train_markedness	mean_test_mcc	mean_train_mcc	mean_test_negative_predictive_value	mean_train_negative_predictive_value	mean_test_precision	mean_train_precision	mean_test_precision_recall_auc	mean_train_precision_recall_auc	mean_test_roc_auc	mean_train_roc_auc	mean_test_sensitivity	mean_train_sensitivity	mean_test_specificity	mean_train_specificity
mcc	nan	nan	0.945 ± 0.080492	0.989 ± 0.015965	0.844 ± 0.118386	0.954 ± 0.040927	0.12396 ± 0.079437	0.03035 ± 0.026847	0.824 ± 0.134361	0.950 ± 0.045761	0.689 ± 0.236773	0.909 ± 0.081855	0.4112 ± 0.239589	0.1181 ± 0.093125	0.711 ± 0.231425	0.923 ± 0.070421	0.699 ± 0.232841	0.916 ± 0.076075	0.875 ± 0.122439	0.942 ± 0.049439	0.836 ± 0.169746	0.981 ± 0.028208	0.939 ± 0.089036	0.989 ± 0.016095	0.926 ± 0.111770	0.987 ± 0.020451	0.840 ± 0.163958	0.923 ± 0.067793	0.849 ± 0.169781	0.986 ± 0.022753
precision_recall_auc	nan	nan	0.935 ± 0.086913	0.983 ± 0.019193	0.741 ± 0.191921	0.847 ± 0.183134	0.13348 ± 0.068829	0.03961 ± 0.037573	0.574 ± 0.401366	0.742 ± 0.379187	0.483 ± 0.383843	0.695 ± 0.366267	0.4333 ± 0.199066	0.1328 ± 0.117388	0.371 ± 0.587230	0.617 ± 0.547508	0.495 ± 0.387748	0.701 ± 0.367955	0.769 ± 0.188247	0.849 ± 0.162284	0.602 ± 0.423979	0.768 ± 0.390222	0.925 ± 0.103997	0.982 ± 0.019380	0.922 ± 0.099834	0.982 ± 0.020302	0.572 ± 0.410329	0.719 ± 0.371733	0.911 ± 0.151957	0.975 ± 0.037999
roc_auc	nan	nan	0.937 ± 0.075955	0.977 ± 0.019992	0.776 ± 0.177368	0.847 ± 0.163827	0.13053 ± 0.072582	0.05067 ± 0.041459	0.655 ± 0.358794	0.759 ± 0.340894	0.551 ± 0.354735	0.694 ± 0.327653	0.4192 ± 0.207560	0.1673 ± 0.124734	0.488 ± 0.519963	0.634 ± 0.492636	0.564 ± 0.356675	0.700 ± 0.329427	0.806 ± 0.178239	0.849 ± 0.146266	0.682 ± 0.376242	0.786 ± 0.352011	0.929 ± 0.085757	0.977 ± 0.020187	0.919 ± 0.098301	0.977 ± 0.020638	0.658 ± 0.374669	0.737 ± 0.334481	0.893 ± 0.153865	0.957 ± 0.055877
