	mean_best_threshold_tuning_score	mean_best_threshold	mean_test_average_precision	mean_train_average_precision	mean_test_balanced_accuracy	mean_train_balanced_accuracy	mean_test_brier_loss	mean_train_brier_loss	mean_test_f1	mean_train_f1	mean_test_informedness	mean_train_informedness	mean_test_log_loss	mean_train_log_loss	mean_test_markedness	mean_train_markedness	mean_test_mcc	mean_train_mcc	mean_test_negative_predictive_value	mean_train_negative_predictive_value	mean_test_precision	mean_train_precision	mean_test_precision_recall_auc	mean_train_precision_recall_auc	mean_test_roc_auc	mean_train_roc_auc	mean_test_sensitivity	mean_train_sensitivity	mean_test_specificity	mean_train_specificity
mcc	nan	nan	0.941 ± 0.087330	0.970 ± 0.019057	0.853 ± 0.117026	0.919 ± 0.037504	0.10894 ± 0.075557	0.05926 ± 0.024228	0.824 ± 0.143106	0.911 ± 0.042894	0.706 ± 0.234052	0.839 ± 0.075008	0.3771 ± 0.245129	0.2180 ± 0.073423	0.759 ± 0.213171	0.860 ± 0.066899	0.730 ± 0.220822	0.849 ± 0.070741	0.850 ± 0.131914	0.902 ± 0.042253	0.909 ± 0.145228	0.958 ± 0.031996	0.932 ± 0.102237	0.970 ± 0.019212	0.930 ± 0.100557	0.964 ± 0.024818	0.787 ± 0.196454	0.870 ± 0.059627	0.919 ± 0.133970	0.969 ± 0.024285
precision_recall_auc	nan	nan	0.944 ± 0.076881	0.959 ± 0.016399	0.823 ± 0.148072	0.827 ± 0.120654	0.11962 ± 0.076687	0.08480 ± 0.023652	0.748 ± 0.283863	0.759 ± 0.263791	0.646 ± 0.296145	0.653 ± 0.241309	0.3899 ± 0.247212	0.2686 ± 0.063989	0.649 ± 0.405800	0.638 ± 0.377481	0.667 ± 0.294085	0.667 ± 0.241386	0.833 ± 0.147671	0.824 ± 0.109359	0.816 ± 0.305912	0.813 ± 0.281673	0.936 ± 0.092635	0.959 ± 0.016557	0.936 ± 0.085628	0.957 ± 0.017291	0.718 ± 0.303928	0.721 ± 0.262503	0.928 ± 0.114357	0.932 ± 0.058636
roc_auc	nan	nan	0.947 ± 0.075277	0.958 ± 0.017712	0.813 ± 0.148626	0.826 ± 0.122466	0.11935 ± 0.077893	0.08614 ± 0.028568	0.737 ± 0.281897	0.759 ± 0.264807	0.626 ± 0.297251	0.653 ± 0.244932	0.3737 ± 0.232919	0.2692 ± 0.081679	0.622 ± 0.411859	0.634 ± 0.376392	0.645 ± 0.295894	0.665 ± 0.244403	0.823 ± 0.151323	0.827 ± 0.111154	0.798 ± 0.303163	0.807 ± 0.279275	0.939 ± 0.091320	0.958 ± 0.017884	0.943 ± 0.079906	0.957 ± 0.018539	0.712 ± 0.301268	0.727 ± 0.265604	0.914 ± 0.119112	0.926 ± 0.060188
