	mean_best_threshold_tuning_score	mean_best_threshold	mean_test_average_precision	mean_train_average_precision	mean_test_balanced_accuracy	mean_train_balanced_accuracy	mean_test_brier_loss	mean_train_brier_loss	mean_test_f1	mean_train_f1	mean_test_informedness	mean_train_informedness	mean_test_log_loss	mean_train_log_loss	mean_test_markedness	mean_train_markedness	mean_test_mcc	mean_train_mcc	mean_test_negative_predictive_value	mean_train_negative_predictive_value	mean_test_precision	mean_train_precision	mean_test_precision_recall_auc	mean_train_precision_recall_auc	mean_test_roc_auc	mean_train_roc_auc	mean_test_sensitivity	mean_train_sensitivity	mean_test_specificity	mean_train_specificity
mcc	nan	nan	0.941 ± 0.080971	0.973 ± 0.018345	0.849 ± 0.125585	0.922 ± 0.035259	0.10866 ± 0.072821	0.05746 ± 0.022670	0.819 ± 0.155144	0.915 ± 0.040409	0.698 ± 0.251171	0.845 ± 0.070517	0.3757 ± 0.234566	0.2118 ± 0.067175	0.752 ± 0.233549	0.867 ± 0.061652	0.723 ± 0.239649	0.856 ± 0.065813	0.851 ± 0.139698	0.904 ± 0.040669	0.901 ± 0.159450	0.963 ± 0.031097	0.933 ± 0.094599	0.972 ± 0.018474	0.926 ± 0.098756	0.967 ± 0.023473	0.788 ± 0.208391	0.872 ± 0.058255	0.910 ± 0.150509	0.973 ± 0.023856
precision_recall_auc	nan	nan	0.945 ± 0.070091	0.959 ± 0.016348	0.850 ± 0.119677	0.853 ± 0.087307	0.11851 ± 0.073769	0.08419 ± 0.025217	0.807 ± 0.204399	0.818 ± 0.178021	0.700 ± 0.239354	0.705 ± 0.174613	0.3921 ± 0.230982	0.2685 ± 0.067825	0.727 ± 0.287391	0.702 ± 0.259506	0.719 ± 0.234047	0.713 ± 0.174775	0.861 ± 0.125752	0.854 ± 0.081986	0.866 ± 0.224454	0.848 ± 0.188511	0.936 ± 0.084927	0.958 ± 0.016508	0.938 ± 0.073531	0.956 ± 0.017502	0.785 ± 0.235756	0.795 ± 0.179791	0.915 ± 0.124642	0.910 ± 0.061643
roc_auc	nan	nan	0.946 ± 0.070242	0.959 ± 0.018399	0.829 ± 0.133538	0.842 ± 0.099968	0.12591 ± 0.075173	0.08695 ± 0.028109	0.781 ± 0.231500	0.798 ± 0.210990	0.659 ± 0.267075	0.684 ± 0.199936	0.3973 ± 0.228273	0.2731 ± 0.077580	0.660 ± 0.343811	0.664 ± 0.302880	0.671 ± 0.267293	0.687 ± 0.200582	0.850 ± 0.138536	0.852 ± 0.092182	0.810 ± 0.252605	0.812 ± 0.217885	0.938 ± 0.085164	0.958 ± 0.018584	0.940 ± 0.072394	0.958 ± 0.018839	0.777 ± 0.253345	0.788 ± 0.211739	0.882 ± 0.138785	0.896 ± 0.062245
