	mean_best_threshold_tuning_score	mean_best_threshold	mean_test_average_precision	mean_train_average_precision	mean_test_balanced_accuracy	mean_train_balanced_accuracy	mean_test_brier_loss	mean_train_brier_loss	mean_test_f1	mean_train_f1	mean_test_informedness	mean_train_informedness	mean_test_log_loss	mean_train_log_loss	mean_test_markedness	mean_train_markedness	mean_test_mcc	mean_train_mcc	mean_test_negative_predictive_value	mean_train_negative_predictive_value	mean_test_precision	mean_train_precision	mean_test_precision_recall_auc	mean_train_precision_recall_auc	mean_test_roc_auc	mean_train_roc_auc	mean_test_sensitivity	mean_train_sensitivity	mean_test_specificity	mean_train_specificity
mcc	nan	nan	0.951 ± 0.067616	0.968 ± 0.020518	0.873 ± 0.102048	0.918 ± 0.037105	0.09609 ± 0.062271	0.06076 ± 0.025118	0.843 ± 0.138025	0.909 ± 0.042357	0.747 ± 0.204096	0.835 ± 0.074211	0.3371 ± 0.205470	0.2235 ± 0.075304	0.813 ± 0.152159	0.857 ± 0.065225	0.776 ± 0.177321	0.846 ± 0.069523	0.856 ± 0.120250	0.901 ± 0.041753	0.956 ± 0.103832	0.956 ± 0.031158	0.945 ± 0.075767	0.968 ± 0.020684	0.935 ± 0.087079	0.961 ± 0.026684	0.787 ± 0.196454	0.868 ± 0.059558	0.960 ± 0.100509	0.967 ± 0.023751
precision_recall_auc	nan	nan	0.945 ± 0.068705	0.958 ± 0.015216	0.840 ± 0.141448	0.829 ± 0.110205	0.11377 ± 0.067827	0.08694 ± 0.021207	0.778 ± 0.265279	0.769 ± 0.239478	0.680 ± 0.282897	0.657 ± 0.220411	0.3610 ± 0.183905	0.2744 ± 0.056867	0.692 ± 0.375868	0.652 ± 0.341377	0.701 ± 0.281411	0.672 ± 0.218755	0.846 ± 0.136999	0.826 ± 0.102174	0.846 ± 0.284552	0.826 ± 0.255191	0.938 ± 0.077509	0.957 ± 0.015364	0.929 ± 0.087112	0.956 ± 0.015784	0.743 ± 0.282642	0.731 ± 0.241991	0.937 ± 0.110569	0.926 ± 0.060099
roc_auc	nan	nan	0.948 ± 0.066530	0.956 ± 0.014832	0.821 ± 0.151066	0.819 ± 0.115645	0.11584 ± 0.071009	0.09108 ± 0.020262	0.748 ± 0.285165	0.751 ± 0.259297	0.642 ± 0.302132	0.637 ± 0.231290	0.3630 ± 0.195713	0.2835 ± 0.056380	0.632 ± 0.418984	0.618 ± 0.367379	0.658 ± 0.302866	0.650 ± 0.231835	0.830 ± 0.151063	0.822 ± 0.104231	0.802 ± 0.304934	0.797 ± 0.276380	0.942 ± 0.075413	0.956 ± 0.014975	0.936 ± 0.079675	0.955 ± 0.015689	0.723 ± 0.299016	0.721 ± 0.259571	0.919 ± 0.117321	0.917 ± 0.062538
