	mean_best_threshold_tuning_score	mean_best_threshold	mean_test_average_precision	mean_train_average_precision	mean_test_balanced_accuracy	mean_train_balanced_accuracy	mean_test_brier_loss	mean_train_brier_loss	mean_test_f1	mean_train_f1	mean_test_informedness	mean_train_informedness	mean_test_log_loss	mean_train_log_loss	mean_test_markedness	mean_train_markedness	mean_test_mcc	mean_train_mcc	mean_test_negative_predictive_value	mean_train_negative_predictive_value	mean_test_precision	mean_train_precision	mean_test_precision_recall_auc	mean_train_precision_recall_auc	mean_test_roc_auc	mean_train_roc_auc	mean_test_sensitivity	mean_train_sensitivity	mean_test_specificity	mean_train_specificity
mcc	nan	nan	0.941 ± 0.069608	0.971 ± 0.019576	0.861 ± 0.108724	0.907 ± 0.031873	0.10421 ± 0.058486	0.07003 ± 0.016613	0.828 ± 0.144509	0.897 ± 0.036995	0.722 ± 0.217449	0.814 ± 0.063745	0.3429 ± 0.151922	0.2502 ± 0.046107	0.797 ± 0.166366	0.854 ± 0.052615	0.756 ± 0.190851	0.834 ± 0.057737	0.847 ± 0.124335	0.878 ± 0.039123	0.950 ± 0.120397	0.975 ± 0.027020	0.933 ± 0.079513	0.971 ± 0.019725	0.926 ± 0.097856	0.963 ± 0.028064	0.770 ± 0.202423	0.831 ± 0.057679	0.952 ± 0.126152	0.983 ± 0.020874
precision_recall_auc	nan	nan	0.949 ± 0.071297	0.960 ± 0.017126	0.750 ± 0.140859	0.769 ± 0.113021	0.11434 ± 0.064027	0.08383 ± 0.020578	0.614 ± 0.295324	0.666 ± 0.247220	0.500 ± 0.281718	0.539 ± 0.226041	0.3615 ± 0.171640	0.2731 ± 0.053215	0.588 ± 0.427580	0.627 ± 0.369862	0.565 ± 0.277122	0.600 ± 0.225843	0.728 ± 0.123090	0.742 ± 0.099991	0.860 ± 0.350510	0.885 ± 0.300008	0.942 ± 0.079978	0.959 ± 0.017276	0.931 ± 0.108409	0.957 ± 0.019192	0.500 ± 0.281718	0.550 ± 0.237407	1.000 ± 0.000000	0.989 ± 0.026938
roc_auc	nan	nan	0.951 ± 0.068973	0.958 ± 0.019443	0.716 ± 0.156739	0.743 ± 0.134989	0.11167 ± 0.064258	0.08647 ± 0.024646	0.535 ± 0.340627	0.601 ± 0.307287	0.432 ± 0.313477	0.486 ± 0.269977	0.3530 ± 0.172741	0.2786 ± 0.065951	0.457 ± 0.528827	0.530 ± 0.466788	0.490 ± 0.320952	0.542 ± 0.278036	0.704 ± 0.136731	0.725 ± 0.111159	0.753 ± 0.430209	0.805 ± 0.382641	0.945 ± 0.078140	0.957 ± 0.019622	0.940 ± 0.096420	0.956 ± 0.020915	0.437 ± 0.312513	0.498 ± 0.282019	0.995 ± 0.035355	0.989 ± 0.028710
