	mean_best_threshold_tuning_score	mean_best_threshold	mean_test_average_precision	mean_train_average_precision	mean_test_balanced_accuracy	mean_train_balanced_accuracy	mean_test_brier_loss	mean_train_brier_loss	mean_test_f1	mean_train_f1	mean_test_informedness	mean_train_informedness	mean_test_log_loss	mean_train_log_loss	mean_test_markedness	mean_train_markedness	mean_test_mcc	mean_train_mcc	mean_test_negative_predictive_value	mean_train_negative_predictive_value	mean_test_precision	mean_train_precision	mean_test_precision_recall_auc	mean_train_precision_recall_auc	mean_test_roc_auc	mean_train_roc_auc	mean_test_sensitivity	mean_train_sensitivity	mean_test_specificity	mean_train_specificity
mcc	nan	nan	0.942 ± 0.073875	0.974 ± 0.019134	0.853 ± 0.116806	0.908 ± 0.033740	0.10833 ± 0.063422	0.06592 ± 0.017926	0.814 ± 0.175851	0.897 ± 0.039295	0.705 ± 0.233611	0.815 ± 0.067479	0.3535 ± 0.165858	0.2378 ± 0.048556	0.762 ± 0.253090	0.854 ± 0.054619	0.736 ± 0.218004	0.835 ± 0.060874	0.844 ± 0.129717	0.879 ± 0.040467	0.919 ± 0.184140	0.976 ± 0.024532	0.935 ± 0.082645	0.974 ± 0.019284	0.927 ± 0.105672	0.968 ± 0.026804	0.763 ± 0.218452	0.832 ± 0.059383	0.942 ± 0.129110	0.984 ± 0.016815
precision_recall_auc	nan	nan	0.943 ± 0.080770	0.961 ± 0.017097	0.739 ± 0.142971	0.765 ± 0.114776	0.11683 ± 0.064639	0.08387 ± 0.020471	0.590 ± 0.302483	0.657 ± 0.259049	0.478 ± 0.285941	0.530 ± 0.229551	0.3673 ± 0.172075	0.2724 ± 0.053284	0.552 ± 0.442417	0.624 ± 0.367436	0.540 ± 0.282497	0.591 ± 0.232167	0.725 ± 0.132829	0.739 ± 0.098200	0.827 ± 0.370495	0.885 ± 0.301112	0.937 ± 0.089440	0.960 ± 0.017249	0.917 ± 0.125830	0.959 ± 0.020742	0.490 ± 0.300529	0.542 ± 0.241800	0.988 ± 0.062727	0.988 ± 0.036755
roc_auc	nan	nan	0.943 ± 0.075787	0.955 ± 0.018413	0.721 ± 0.149463	0.742 ± 0.121424	0.11511 ± 0.061375	0.09020 ± 0.022188	0.547 ± 0.329273	0.609 ± 0.281321	0.442 ± 0.298926	0.484 ± 0.242847	0.3633 ± 0.164899	0.2870 ± 0.059368	0.485 ± 0.507561	0.567 ± 0.417763	0.503 ± 0.305777	0.548 ± 0.251875	0.705 ± 0.126813	0.721 ± 0.100585	0.780 ± 0.418452	0.846 ± 0.347556	0.936 ± 0.084554	0.954 ± 0.018587	0.923 ± 0.110867	0.953 ± 0.020601	0.442 ± 0.298926	0.496 ± 0.255819	1.000 ± 0.000000	0.989 ± 0.037041
