	mean_best_threshold_tuning_score	mean_best_threshold	mean_test_average_precision	mean_train_average_precision	mean_test_balanced_accuracy	mean_train_balanced_accuracy	mean_test_brier_loss	mean_train_brier_loss	mean_test_f1	mean_train_f1	mean_test_informedness	mean_train_informedness	mean_test_log_loss	mean_train_log_loss	mean_test_markedness	mean_train_markedness	mean_test_mcc	mean_train_mcc	mean_test_negative_predictive_value	mean_train_negative_predictive_value	mean_test_precision	mean_train_precision	mean_test_precision_recall_auc	mean_train_precision_recall_auc	mean_test_roc_auc	mean_train_roc_auc	mean_test_sensitivity	mean_train_sensitivity	mean_test_specificity	mean_train_specificity
mcc	nan	nan	0.947 ± 0.071957	0.971 ± 0.019576	0.858 ± 0.112019	0.907 ± 0.031873	0.09473 ± 0.058278	0.07003 ± 0.016613	0.824 ± 0.150088	0.897 ± 0.036995	0.717 ± 0.224037	0.814 ± 0.063745	0.3206 ± 0.157087	0.2502 ± 0.046107	0.799 ± 0.176926	0.854 ± 0.052615	0.754 ± 0.199403	0.834 ± 0.057737	0.833 ± 0.120536	0.878 ± 0.039123	0.966 ± 0.110835	0.975 ± 0.027020	0.941 ± 0.081162	0.971 ± 0.019725	0.932 ± 0.090873	0.963 ± 0.028064	0.747 ± 0.197748	0.831 ± 0.057679	0.970 ± 0.103016	0.983 ± 0.020874
precision_recall_auc	nan	nan	0.949 ± 0.062316	0.960 ± 0.017126	0.731 ± 0.136051	0.769 ± 0.113021	0.10324 ± 0.055689	0.08383 ± 0.020578	0.580 ± 0.287768	0.666 ± 0.247220	0.462 ± 0.272101	0.539 ± 0.226041	0.3318 ± 0.137885	0.2731 ± 0.053215	0.570 ± 0.419919	0.627 ± 0.369862	0.534 ± 0.267233	0.600 ± 0.225843	0.710 ± 0.117363	0.742 ± 0.099991	0.860 ± 0.350510	0.885 ± 0.300008	0.943 ± 0.069976	0.959 ± 0.017276	0.934 ± 0.078584	0.957 ± 0.019192	0.462 ± 0.272101	0.550 ± 0.237407	1.000 ± 0.000000	0.989 ± 0.026938
roc_auc	nan	nan	0.954 ± 0.060604	0.958 ± 0.019443	0.705 ± 0.150782	0.743 ± 0.134989	0.10215 ± 0.056321	0.08647 ± 0.024646	0.514 ± 0.338711	0.601 ± 0.307287	0.410 ± 0.301564	0.486 ± 0.269977	0.3277 ± 0.139911	0.2786 ± 0.065951	0.429 ± 0.537043	0.530 ± 0.466788	0.469 ± 0.313273	0.542 ± 0.278036	0.694 ± 0.129025	0.725 ± 0.111159	0.735 ± 0.441501	0.805 ± 0.382641	0.948 ± 0.068131	0.957 ± 0.019622	0.939 ± 0.077210	0.956 ± 0.020915	0.415 ± 0.305138	0.498 ± 0.282019	0.995 ± 0.035355	0.989 ± 0.028710
