	mean_best_threshold_tuning_score	mean_best_threshold	mean_test_average_precision	mean_train_average_precision	mean_test_balanced_accuracy	mean_train_balanced_accuracy	mean_test_brier_loss	mean_train_brier_loss	mean_test_f1	mean_train_f1	mean_test_informedness	mean_train_informedness	mean_test_log_loss	mean_train_log_loss	mean_test_markedness	mean_train_markedness	mean_test_mcc	mean_train_mcc	mean_test_negative_predictive_value	mean_train_negative_predictive_value	mean_test_precision	mean_train_precision	mean_test_precision_recall_auc	mean_train_precision_recall_auc	mean_test_roc_auc	mean_train_roc_auc	mean_test_sensitivity	mean_train_sensitivity	mean_test_specificity	mean_train_specificity
mcc	nan	nan	0.939 ± 0.075503	0.971 ± 0.019576	0.854 ± 0.113667	0.907 ± 0.031873	0.10860 ± 0.063205	0.07003 ± 0.016613	0.828 ± 0.141904	0.897 ± 0.036995	0.708 ± 0.227334	0.814 ± 0.063745	0.3555 ± 0.163704	0.2502 ± 0.046107	0.739 ± 0.216702	0.854 ± 0.052615	0.723 ± 0.220455	0.834 ± 0.057737	0.867 ± 0.123092	0.878 ± 0.039123	0.872 ± 0.159528	0.975 ± 0.027020	0.932 ± 0.085461	0.971 ± 0.019725	0.923 ± 0.097576	0.963 ± 0.028064	0.818 ± 0.181866	0.831 ± 0.057679	0.890 ± 0.141782	0.983 ± 0.020874
precision_recall_auc	nan	nan	0.946 ± 0.065904	0.960 ± 0.017126	0.756 ± 0.147976	0.769 ± 0.113021	0.11716 ± 0.066105	0.08383 ± 0.020578	0.620 ± 0.304456	0.666 ± 0.247220	0.512 ± 0.295952	0.539 ± 0.226041	0.3746 ± 0.171790	0.2731 ± 0.053215	0.595 ± 0.431823	0.627 ± 0.369862	0.574 ± 0.287075	0.600 ± 0.225843	0.735 ± 0.129867	0.742 ± 0.099991	0.860 ± 0.350510	0.885 ± 0.300008	0.939 ± 0.074480	0.959 ± 0.017276	0.931 ± 0.089504	0.957 ± 0.019192	0.512 ± 0.295952	0.550 ± 0.237407	1.000 ± 0.000000	0.989 ± 0.026938
roc_auc	nan	nan	0.948 ± 0.062566	0.958 ± 0.019443	0.717 ± 0.160175	0.743 ± 0.134989	0.11493 ± 0.066669	0.08647 ± 0.024646	0.533 ± 0.351819	0.601 ± 0.307287	0.434 ± 0.320349	0.486 ± 0.269977	0.3654 ± 0.172513	0.2786 ± 0.065951	0.435 ± 0.543165	0.530 ± 0.466788	0.486 ± 0.327172	0.542 ± 0.278036	0.707 ± 0.137303	0.725 ± 0.111159	0.728 ± 0.439932	0.805 ± 0.382641	0.941 ± 0.071397	0.957 ± 0.019622	0.936 ± 0.078108	0.956 ± 0.020915	0.443 ± 0.324911	0.498 ± 0.282019	0.991 ± 0.044824	0.989 ± 0.028710
