	mean_ncv_average_precision	mean_ncv_balanced_accuracy	mean_ncv_brier_loss	mean_ncv_f1	mean_ncv_informedness	mean_ncv_log_loss	mean_ncv_markedness	mean_ncv_mcc	mean_ncv_negative_predictive_value	mean_ncv_precision	mean_ncv_precision_recall_auc	mean_ncv_roc_auc	mean_ncv_sensitivity	mean_ncv_specificity
mcc	0.720 ± 0.066073	0.704 ± 0.031365	0.21429 ± 0.023666	0.709 ± 0.030361	0.407 ± 0.062729	0.7360 ± 0.184598	0.428 ± 0.065091	0.417 ± 0.063375	0.814 ± 0.043739	0.615 ± 0.030172	0.705 ± 0.073392	0.759 ± 0.043270	0.839 ± 0.048644	0.568 ± 0.049097
precision_recall_auc	0.775 ± 0.050406	0.738 ± 0.032428	0.18384 ± 0.019964	0.736 ± 0.028197	0.476 ± 0.064855	0.6167 ± 0.106018	0.487 ± 0.060861	0.481 ± 0.062670	0.833 ± 0.033434	0.654 ± 0.036279	0.761 ± 0.057498	0.815 ± 0.026862	0.844 ± 0.035136	0.632 ± 0.058486
roc_auc	0.742 ± 0.070952	0.739 ± 0.038134	0.19430 ± 0.020301	0.734 ± 0.037668	0.478 ± 0.076268	0.7189 ± 0.128451	0.486 ± 0.075329	0.482 ± 0.075509	0.824 ± 0.048749	0.661 ± 0.040937	0.724 ± 0.080342	0.797 ± 0.038412	0.828 ± 0.061139	0.650 ± 0.064461
