	mean_best_threshold_tuning_score	mean_best_threshold	mean_test_average_precision	mean_train_average_precision	mean_test_balanced_accuracy	mean_train_balanced_accuracy	mean_test_brier_loss	mean_train_brier_loss	mean_test_f1	mean_train_f1	mean_test_informedness	mean_train_informedness	mean_test_log_loss	mean_train_log_loss	mean_test_markedness	mean_train_markedness	mean_test_mcc	mean_train_mcc	mean_test_negative_predictive_value	mean_train_negative_predictive_value	mean_test_precision	mean_train_precision	mean_test_precision_recall_auc	mean_train_precision_recall_auc	mean_test_roc_auc	mean_train_roc_auc	mean_test_sensitivity	mean_train_sensitivity	mean_test_specificity	mean_train_specificity
mcc	nan	nan	0.791 ± 0.157362	0.977 ± 0.046290	0.673 ± 0.134501	0.941 ± 0.081370	0.21277 ± 0.069476	0.07213 ± 0.061260	0.688 ± 0.128599	0.938 ± 0.081159	0.346 ± 0.269001	0.882 ± 0.162741	0.7600 ± 0.457477	0.2691 ± 0.175612	0.411 ± 0.342483	0.881 ± 0.157583	0.379 ± 0.280496	0.881 ± 0.160137	0.812 ± 0.263804	0.974 ± 0.048526	0.599 ± 0.157394	0.907 ± 0.112268	0.752 ± 0.193112	0.977 ± 0.046816	0.777 ± 0.158266	0.972 ± 0.053917	0.858 ± 0.176777	0.976 ± 0.044945	0.488 ± 0.258244	0.906 ± 0.120727
precision_recall_auc	nan	nan	0.841 ± 0.129751	0.980 ± 0.039864	0.732 ± 0.145583	0.940 ± 0.086171	0.19199 ± 0.079536	0.05469 ± 0.058601	0.736 ± 0.139722	0.937 ± 0.087999	0.464 ± 0.291165	0.880 ± 0.172341	0.6554 ± 0.350220	0.2158 ± 0.167008	0.513 ± 0.335524	0.881 ± 0.166947	0.490 ± 0.294493	0.881 ± 0.169608	0.840 ± 0.230692	0.976 ± 0.044423	0.673 ± 0.191183	0.905 ± 0.125773	0.815 ± 0.155110	0.980 ± 0.040255	0.819 ± 0.143273	0.976 ± 0.048179	0.865 ± 0.169942	0.977 ± 0.041733	0.599 ± 0.278570	0.903 ± 0.134207
roc_auc	nan	nan	0.827 ± 0.139058	0.990 ± 0.028708	0.698 ± 0.134759	0.966 ± 0.066403	0.19994 ± 0.082930	0.03246 ± 0.046284	0.695 ± 0.156553	0.964 ± 0.069210	0.396 ± 0.269517	0.933 ± 0.132805	0.6911 ± 0.384420	0.1448 ± 0.139268	0.436 ± 0.334927	0.933 ± 0.129009	0.418 ± 0.282712	0.933 ± 0.130863	0.812 ± 0.232277	0.989 ± 0.030127	0.624 ± 0.185165	0.944 ± 0.102228	0.798 ± 0.167745	0.990 ± 0.028974	0.807 ± 0.150023	0.987 ± 0.034502	0.832 ± 0.202374	0.989 ± 0.029756	0.564 ± 0.257547	0.944 ± 0.107282
