	mean_ncv_average_precision	mean_ncv_balanced_accuracy	mean_ncv_brier_loss	mean_ncv_f1	mean_ncv_informedness	mean_ncv_log_loss	mean_ncv_markedness	mean_ncv_mcc	mean_ncv_negative_predictive_value	mean_ncv_precision	mean_ncv_precision_recall_auc	mean_ncv_roc_auc	mean_ncv_sensitivity	mean_ncv_specificity
mcc	0.739 ± 0.071496	0.669 ± 0.038368	0.21277 ± 0.022189	0.688 ± 0.030170	0.337 ± 0.076735	0.7600 ± 0.107396	0.380 ± 0.074529	0.358 ± 0.074895	0.804 ± 0.049391	0.576 ± 0.034161	0.725 ± 0.079867	0.765 ± 0.044748	0.856 ± 0.046849	0.482 ± 0.074843
precision_recall_auc	0.770 ± 0.057076	0.728 ± 0.048329	0.19199 ± 0.023687	0.732 ± 0.040906	0.457 ± 0.096657	0.6554 ± 0.071979	0.482 ± 0.090877	0.469 ± 0.092834	0.843 ± 0.056565	0.640 ± 0.055804	0.758 ± 0.062574	0.799 ± 0.041855	0.861 ± 0.060007	0.595 ± 0.096899
roc_auc	0.766 ± 0.063372	0.696 ± 0.040510	0.19994 ± 0.018132	0.704 ± 0.027048	0.392 ± 0.081020	0.6911 ± 0.091087	0.421 ± 0.062062	0.406 ± 0.071190	0.807 ± 0.033599	0.614 ± 0.055388	0.755 ± 0.070240	0.795 ± 0.031853	0.833 ± 0.058561	0.559 ± 0.117461
