	mean_best_threshold_tuning_score	mean_best_threshold	mean_test_average_precision	mean_train_average_precision	mean_test_balanced_accuracy	mean_train_balanced_accuracy	mean_test_brier_loss	mean_train_brier_loss	mean_test_f1	mean_train_f1	mean_test_informedness	mean_train_informedness	mean_test_log_loss	mean_train_log_loss	mean_test_markedness	mean_train_markedness	mean_test_mcc	mean_train_mcc	mean_test_negative_predictive_value	mean_train_negative_predictive_value	mean_test_precision	mean_train_precision	mean_test_precision_recall_auc	mean_train_precision_recall_auc	mean_test_roc_auc	mean_train_roc_auc	mean_test_sensitivity	mean_train_sensitivity	mean_test_specificity	mean_train_specificity
mcc	nan	nan	0.789 ± 0.164925	0.995 ± 0.016957	0.672 ± 0.137144	0.980 ± 0.051987	0.21370 ± 0.075863	0.01544 ± 0.034309	0.671 ± 0.164683	0.979 ± 0.052801	0.344 ± 0.274288	0.960 ± 0.103973	0.6715 ± 0.311294	0.0813 ± 0.110933	0.388 ± 0.372720	0.959 ± 0.102516	0.377 ± 0.282180	0.960 ± 0.103230	0.790 ± 0.264148	0.990 ± 0.030158	0.598 ± 0.199287	0.969 ± 0.074711	0.748 ± 0.206598	0.995 ± 0.017083	0.782 ± 0.152527	0.993 ± 0.025314	0.823 ± 0.219926	0.991 ± 0.028525	0.521 ± 0.285552	0.969 ± 0.077632
precision_recall_auc	nan	nan	0.794 ± 0.148660	0.997 ± 0.012393	0.701 ± 0.127857	0.987 ± 0.035470	0.19709 ± 0.074664	0.01095 ± 0.025037	0.709 ± 0.123987	0.986 ± 0.038509	0.403 ± 0.255714	0.975 ± 0.070939	0.5997 ± 0.265783	0.0592 ± 0.085448	0.465 ± 0.301558	0.975 ± 0.071609	0.437 ± 0.245898	0.975 ± 0.071240	0.838 ± 0.243846	0.992 ± 0.023862	0.627 ± 0.144768	0.983 ± 0.055950	0.749 ± 0.190110	0.997 ± 0.012488	0.797 ± 0.138318	0.996 ± 0.016179	0.877 ± 0.189910	0.991 ± 0.027131	0.526 ± 0.256197	0.984 ± 0.053769
roc_auc	nan	nan	0.804 ± 0.149565	0.999 ± 0.004796	0.713 ± 0.128033	0.994 ± 0.024052	0.19420 ± 0.079087	0.00665 ± 0.014636	0.711 ± 0.128421	0.993 ± 0.025625	0.425 ± 0.256066	0.987 ± 0.048103	0.5991 ± 0.275819	0.0470 ± 0.059785	0.486 ± 0.272314	0.986 ± 0.049389	0.451 ± 0.256202	0.987 ± 0.048735	0.847 ± 0.208185	0.998 ± 0.012866	0.639 ± 0.137697	0.989 ± 0.038370	0.763 ± 0.189730	0.999 ± 0.004829	0.803 ± 0.148932	0.999 ± 0.007136	0.848 ± 0.197554	0.998 ± 0.012947	0.577 ± 0.237592	0.989 ± 0.036608
