	mean_best_threshold_tuning_score	mean_best_threshold	mean_test_average_precision	mean_train_average_precision	mean_test_balanced_accuracy	mean_train_balanced_accuracy	mean_test_brier_loss	mean_train_brier_loss	mean_test_f1	mean_train_f1	mean_test_informedness	mean_train_informedness	mean_test_log_loss	mean_train_log_loss	mean_test_markedness	mean_train_markedness	mean_test_mcc	mean_train_mcc	mean_test_negative_predictive_value	mean_train_negative_predictive_value	mean_test_precision	mean_train_precision	mean_test_precision_recall_auc	mean_train_precision_recall_auc	mean_test_roc_auc	mean_train_roc_auc	mean_test_sensitivity	mean_train_sensitivity	mean_test_specificity	mean_train_specificity
mcc	nan	nan	0.951 ± 0.076825	0.994 ± 0.010087	0.875 ± 0.101273	0.943 ± 0.048719	0.09674 ± 0.060611	0.03210 ± 0.028879	0.846 ± 0.132298	0.937 ± 0.054318	0.749 ± 0.202546	0.887 ± 0.097438	0.3194 ± 0.155550	0.1309 ± 0.090082	0.827 ± 0.146914	0.913 ± 0.075200	0.785 ± 0.174311	0.900 ± 0.086250	0.851 ± 0.119246	0.922 ± 0.065653	0.976 ± 0.095959	0.991 ± 0.018736	0.944 ± 0.086303	0.994 ± 0.010179	0.938 ± 0.097355	0.994 ± 0.012209	0.775 ± 0.192143	0.893 ± 0.091604	0.974 ± 0.104608	0.994 ± 0.013705
precision_recall_auc	nan	nan	0.947 ± 0.069501	0.989 ± 0.013074	0.794 ± 0.151151	0.855 ± 0.138165	0.10890 ± 0.060286	0.03927 ± 0.040340	0.688 ± 0.299755	0.792 ± 0.248463	0.588 ± 0.302301	0.709 ± 0.276329	0.3419 ± 0.155139	0.1426 ± 0.116294	0.646 ± 0.422450	0.768 ± 0.333037	0.637 ± 0.291047	0.749 ± 0.254965	0.771 ± 0.139595	0.832 ± 0.140084	0.875 ± 0.328300	0.937 ± 0.239356	0.940 ± 0.078920	0.989 ± 0.013213	0.935 ± 0.089816	0.990 ± 0.012337	0.593 ± 0.302877	0.712 ± 0.277072	0.995 ± 0.035355	0.998 ± 0.008105
roc_auc	nan	nan	0.948 ± 0.068439	0.988 ± 0.014224	0.805 ± 0.142913	0.870 ± 0.135509	0.11470 ± 0.059351	0.04256 ± 0.043540	0.715 ± 0.268754	0.817 ± 0.227604	0.611 ± 0.285826	0.740 ± 0.271019	0.3560 ± 0.151011	0.1532 ± 0.123343	0.693 ± 0.353881	0.804 ± 0.291069	0.661 ± 0.266526	0.778 ± 0.242631	0.784 ± 0.131841	0.849 ± 0.145317	0.908 ± 0.276770	0.956 ± 0.198124	0.941 ± 0.077962	0.988 ± 0.014374	0.939 ± 0.082917	0.989 ± 0.013421	0.620 ± 0.285297	0.743 ± 0.271947	0.991 ± 0.044824	0.997 ± 0.017490
