	mean_best_threshold_tuning_score	mean_best_threshold	mean_test_average_precision	mean_train_average_precision	mean_test_balanced_accuracy	mean_train_balanced_accuracy	mean_test_brier_loss	mean_train_brier_loss	mean_test_f1	mean_train_f1	mean_test_informedness	mean_train_informedness	mean_test_log_loss	mean_train_log_loss	mean_test_markedness	mean_train_markedness	mean_test_mcc	mean_train_mcc	mean_test_negative_predictive_value	mean_train_negative_predictive_value	mean_test_precision	mean_train_precision	mean_test_precision_recall_auc	mean_train_precision_recall_auc	mean_test_roc_auc	mean_train_roc_auc	mean_test_sensitivity	mean_train_sensitivity	mean_test_specificity	mean_train_specificity
mcc	nan	nan	0.951 ± 0.068970	0.988 ± 0.016979	0.875 ± 0.108646	0.945 ± 0.054707	0.09595 ± 0.060980	0.03600 ± 0.035664	0.843 ± 0.147660	0.938 ± 0.061560	0.749 ± 0.217291	0.889 ± 0.109414	0.3169 ± 0.153037	0.1417 ± 0.108914	0.825 ± 0.157170	0.914 ± 0.085893	0.784 ± 0.187522	0.901 ± 0.097680	0.853 ± 0.124761	0.925 ± 0.072640	0.972 ± 0.096398	0.989 ± 0.019930	0.945 ± 0.077878	0.988 ± 0.017116	0.941 ± 0.085884	0.986 ± 0.023132	0.775 ± 0.204990	0.897 ± 0.100936	0.974 ± 0.096489	0.992 ± 0.013998
precision_recall_auc	nan	nan	0.947 ± 0.068996	0.988 ± 0.015180	0.786 ± 0.157132	0.844 ± 0.158888	0.11122 ± 0.064582	0.03908 ± 0.036188	0.667 ± 0.315264	0.761 ± 0.302969	0.571 ± 0.314264	0.689 ± 0.317776	0.3538 ± 0.172143	0.1440 ± 0.104146	0.619 ± 0.445793	0.725 ± 0.415027	0.619 ± 0.305598	0.725 ± 0.300457	0.765 ± 0.143622	0.826 ± 0.151463	0.853 ± 0.350962	0.899 ± 0.302778	0.940 ± 0.077772	0.988 ± 0.015327	0.931 ± 0.101924	0.988 ± 0.016333	0.575 ± 0.314182	0.690 ± 0.317950	0.996 ± 0.028284	0.999 ± 0.005546
roc_auc	nan	nan	0.946 ± 0.066347	0.986 ± 0.014892	0.781 ± 0.161321	0.845 ± 0.153981	0.11587 ± 0.063918	0.04699 ± 0.040648	0.655 ± 0.327438	0.767 ± 0.283164	0.561 ± 0.322642	0.690 ± 0.307961	0.3623 ± 0.165825	0.1662 ± 0.113972	0.594 ± 0.472002	0.743 ± 0.378740	0.607 ± 0.316011	0.730 ± 0.285721	0.768 ± 0.148904	0.827 ± 0.152218	0.825 ± 0.371035	0.916 ± 0.273644	0.939 ± 0.075591	0.986 ± 0.015047	0.933 ± 0.091114	0.987 ± 0.014306	0.573 ± 0.328468	0.693 ± 0.309176	0.988 ± 0.062727	0.996 ± 0.018449
