	mean_ncv_average_precision	mean_ncv_balanced_accuracy	mean_ncv_brier_loss	mean_ncv_f1	mean_ncv_informedness	mean_ncv_log_loss	mean_ncv_markedness	mean_ncv_mcc	mean_ncv_negative_predictive_value	mean_ncv_precision	mean_ncv_precision_recall_auc	mean_ncv_roc_auc	mean_ncv_sensitivity	mean_ncv_specificity
mcc	0.931 ± 0.012447	0.851 ± 0.023066	0.09811 ± 0.013552	0.829 ± 0.026991	0.703 ± 0.046132	0.3260 ± 0.034008	0.766 ± 0.066627	0.733 ± 0.055127	0.819 ± 0.015995	0.947 ± 0.060242	0.929 ± 0.012926	0.911 ± 0.011306	0.739 ± 0.026836	0.964 ± 0.041770
precision_recall_auc	0.930 ± 0.011013	0.798 ± 0.072405	0.10279 ± 0.010276	0.739 ± 0.113089	0.595 ± 0.144810	0.3327 ± 0.024364	0.748 ± 0.082763	0.666 ± 0.117137	0.758 ± 0.067592	0.990 ± 0.031623	0.929 ± 0.011217	0.915 ± 0.018642	0.600 ± 0.140546	0.995 ± 0.014374
roc_auc	0.928 ± 0.010398	0.787 ± 0.052026	0.10818 ± 0.009411	0.727 ± 0.086333	0.574 ± 0.104052	0.3428 ± 0.020145	0.729 ± 0.061677	0.646 ± 0.084139	0.747 ± 0.045432	0.983 ± 0.036777	0.926 ± 0.010672	0.919 ± 0.013956	0.583 ± 0.102272	0.991 ± 0.019165
