	mean_best_threshold_tuning_score	mean_best_threshold	mean_test_average_precision	mean_train_average_precision	mean_test_balanced_accuracy	mean_train_balanced_accuracy	mean_test_brier_loss	mean_train_brier_loss	mean_test_f1	mean_train_f1	mean_test_informedness	mean_train_informedness	mean_test_log_loss	mean_train_log_loss	mean_test_markedness	mean_train_markedness	mean_test_mcc	mean_train_mcc	mean_test_negative_predictive_value	mean_train_negative_predictive_value	mean_test_precision	mean_train_precision	mean_test_precision_recall_auc	mean_train_precision_recall_auc	mean_test_roc_auc	mean_train_roc_auc	mean_test_sensitivity	mean_train_sensitivity	mean_test_specificity	mean_train_specificity
mcc	nan	nan	0.966 ± 0.047275	0.988 ± 0.016979	0.864 ± 0.104008	0.945 ± 0.054707	0.09124 ± 0.056529	0.03600 ± 0.035664	0.831 ± 0.142307	0.938 ± 0.061560	0.728 ± 0.208015	0.889 ± 0.109414	0.3096 ± 0.147689	0.1417 ± 0.108914	0.816 ± 0.150489	0.914 ± 0.085893	0.768 ± 0.179294	0.901 ± 0.097680	0.839 ± 0.116930	0.925 ± 0.072640	0.977 ± 0.090961	0.989 ± 0.019930	0.961 ± 0.052754	0.988 ± 0.017116	0.957 ± 0.063443	0.986 ± 0.023132	0.750 ± 0.194889	0.897 ± 0.100936	0.978 ± 0.093219	0.992 ± 0.013998
precision_recall_auc	nan	nan	0.953 ± 0.055216	0.988 ± 0.015180	0.797 ± 0.149792	0.844 ± 0.158888	0.10329 ± 0.057738	0.03908 ± 0.036188	0.693 ± 0.288981	0.761 ± 0.302969	0.593 ± 0.299584	0.689 ± 0.317776	0.3347 ± 0.145811	0.1440 ± 0.104146	0.673 ± 0.391363	0.725 ± 0.415027	0.647 ± 0.283374	0.725 ± 0.300457	0.773 ± 0.144688	0.826 ± 0.151463	0.900 ± 0.303046	0.899 ± 0.302778	0.947 ± 0.062334	0.988 ± 0.015327	0.941 ± 0.071640	0.988 ± 0.016333	0.593 ± 0.299584	0.690 ± 0.317950	1.000 ± 0.000000	0.999 ± 0.005546
roc_auc	nan	nan	0.959 ± 0.048338	0.986 ± 0.014892	0.798 ± 0.147948	0.845 ± 0.153981	0.10725 ± 0.057652	0.04699 ± 0.040648	0.697 ± 0.288143	0.767 ± 0.283164	0.596 ± 0.295896	0.690 ± 0.307961	0.3416 ± 0.145769	0.1662 ± 0.113972	0.666 ± 0.390339	0.743 ± 0.378740	0.646 ± 0.281011	0.730 ± 0.285721	0.780 ± 0.142035	0.827 ± 0.152218	0.885 ± 0.306850	0.916 ± 0.273644	0.953 ± 0.055306	0.986 ± 0.015047	0.950 ± 0.060403	0.987 ± 0.014306	0.608 ± 0.300816	0.693 ± 0.309176	0.988 ± 0.062727	0.996 ± 0.018449
