	mean_best_threshold_tuning_score	mean_best_threshold	mean_test_average_precision	mean_train_average_precision	mean_test_balanced_accuracy	mean_train_balanced_accuracy	mean_test_brier_loss	mean_train_brier_loss	mean_test_f1	mean_train_f1	mean_test_informedness	mean_train_informedness	mean_test_log_loss	mean_train_log_loss	mean_test_markedness	mean_train_markedness	mean_test_mcc	mean_train_mcc	mean_test_negative_predictive_value	mean_train_negative_predictive_value	mean_test_precision	mean_train_precision	mean_test_precision_recall_auc	mean_train_precision_recall_auc	mean_test_roc_auc	mean_train_roc_auc	mean_test_sensitivity	mean_train_sensitivity	mean_test_specificity	mean_train_specificity
mcc	nan	nan	0.951 ± 0.068251	0.989 ± 0.015703	0.861 ± 0.114187	0.937 ± 0.048767	0.10645 ± 0.065920	0.03713 ± 0.031148	0.835 ± 0.143041	0.930 ± 0.055074	0.721 ± 0.228374	0.873 ± 0.097534	0.3458 ± 0.169149	0.1450 ± 0.094773	0.753 ± 0.215994	0.904 ± 0.075295	0.736 ± 0.220731	0.888 ± 0.086454	0.868 ± 0.122322	0.914 ± 0.065166	0.885 ± 0.155315	0.990 ± 0.017406	0.945 ± 0.076774	0.989 ± 0.015836	0.937 ± 0.091670	0.988 ± 0.020239	0.818 ± 0.181866	0.880 ± 0.091205	0.903 ± 0.135304	0.993 ± 0.011922
precision_recall_auc	nan	nan	0.946 ± 0.064974	0.987 ± 0.016231	0.798 ± 0.166207	0.867 ± 0.131354	0.11073 ± 0.064191	0.03985 ± 0.039053	0.685 ± 0.334484	0.813 ± 0.229087	0.595 ± 0.332414	0.733 ± 0.262709	0.3557 ± 0.165200	0.1451 ± 0.111985	0.602 ± 0.485867	0.798 ± 0.287593	0.630 ± 0.326040	0.771 ± 0.235308	0.789 ± 0.152280	0.844 ± 0.136065	0.813 ± 0.367531	0.954 ± 0.197426	0.939 ± 0.073507	0.987 ± 0.016387	0.931 ± 0.087584	0.986 ± 0.017835	0.618 ± 0.336334	0.737 ± 0.263715	0.977 ± 0.070138	0.996 ± 0.011535
roc_auc	nan	nan	0.949 ± 0.064154	0.983 ± 0.017299	0.803 ± 0.145702	0.856 ± 0.134461	0.11395 ± 0.063892	0.05174 ± 0.042764	0.710 ± 0.283693	0.798 ± 0.229717	0.606 ± 0.291404	0.712 ± 0.268923	0.3610 ± 0.166000	0.1796 ± 0.118905	0.656 ± 0.398546	0.785 ± 0.286346	0.648 ± 0.278909	0.753 ± 0.239426	0.791 ± 0.141196	0.836 ± 0.140316	0.865 ± 0.306872	0.950 ± 0.199114	0.943 ± 0.072609	0.983 ± 0.017474	0.935 ± 0.084548	0.984 ± 0.017091	0.637 ± 0.299641	0.720 ± 0.271394	0.969 ± 0.087999	0.992 ± 0.030082
