	mean_ncv_average_precision	mean_ncv_balanced_accuracy	mean_ncv_brier_loss	mean_ncv_f1	mean_ncv_informedness	mean_ncv_log_loss	mean_ncv_markedness	mean_ncv_mcc	mean_ncv_negative_predictive_value	mean_ncv_precision	mean_ncv_precision_recall_auc	mean_ncv_roc_auc	mean_ncv_sensitivity	mean_ncv_specificity
mcc	0.926 ± 0.014157	0.851 ± 0.024010	0.10878 ± 0.010696	0.833 ± 0.028320	0.701 ± 0.048020	0.3487 ± 0.029377	0.713 ± 0.044763	0.707 ± 0.046200	0.850 ± 0.025864	0.863 ± 0.025873	0.924 ± 0.014572	0.910 ± 0.013481	0.806 ± 0.039284	0.895 ± 0.021957
precision_recall_auc	0.917 ± 0.013855	0.775 ± 0.064059	0.11297 ± 0.010722	0.709 ± 0.100982	0.549 ± 0.128119	0.3632 ± 0.027909	0.692 ± 0.091141	0.616 ± 0.110073	0.740 ± 0.056182	0.953 ± 0.050999	0.915 ± 0.014339	0.900 ± 0.014138	0.572 ± 0.120157	0.977 ± 0.023957
roc_auc	0.919 ± 0.016262	0.778 ± 0.066859	0.11252 ± 0.009513	0.711 ± 0.110374	0.555 ± 0.133718	0.3579 ± 0.027424	0.702 ± 0.084136	0.622 ± 0.108854	0.743 ± 0.060344	0.958 ± 0.055708	0.917 ± 0.016815	0.908 ± 0.019424	0.578 ± 0.134052	0.977 ± 0.032141
