	mean_best_threshold_tuning_score	mean_best_threshold	mean_test_average_precision	mean_train_average_precision	mean_test_balanced_accuracy	mean_train_balanced_accuracy	mean_test_brier_loss	mean_train_brier_loss	mean_test_f1	mean_train_f1	mean_test_informedness	mean_train_informedness	mean_test_log_loss	mean_train_log_loss	mean_test_markedness	mean_train_markedness	mean_test_mcc	mean_train_mcc	mean_test_negative_predictive_value	mean_train_negative_predictive_value	mean_test_precision	mean_train_precision	mean_test_precision_recall_auc	mean_train_precision_recall_auc	mean_test_roc_auc	mean_train_roc_auc	mean_test_sensitivity	mean_train_sensitivity	mean_test_specificity	mean_train_specificity
mcc	nan	nan	0.936 ± 0.090671	0.976 ± 0.016797	0.870 ± 0.120827	0.955 ± 0.027063	0.13344 ± 0.065476	0.07187 ± 0.045156	0.855 ± 0.129018	0.951 ± 0.029731	0.739 ± 0.241655	0.910 ± 0.054126	0.4832 ± 0.271090	0.2695 ± 0.142984	0.767 ± 0.220768	0.915 ± 0.056771	0.752 ± 0.230114	0.912 ± 0.055310	0.921 ± 0.130173	0.954 ± 0.024570	0.846 ± 0.165289	0.961 ± 0.042236	0.929 ± 0.100335	0.976 ± 0.016602	0.919 ± 0.118233	0.967 ± 0.024998	0.900 ± 0.164957	0.943 ± 0.030130	0.839 ± 0.188790	0.967 ± 0.037001
precision_recall_auc	nan	nan	0.951 ± 0.069734	0.981 ± 0.013833	0.880 ± 0.105384	0.967 ± 0.020295	0.11956 ± 0.078756	0.05329 ± 0.040574	0.865 ± 0.112270	0.965 ± 0.022407	0.760 ± 0.210767	0.934 ± 0.040590	0.4585 ± 0.370825	0.2087 ± 0.129429	0.790 ± 0.188059	0.942 ± 0.040704	0.774 ± 0.198362	0.938 ± 0.040432	0.920 ± 0.122289	0.957 ± 0.022970	0.870 ± 0.162049	0.985 ± 0.029185	0.947 ± 0.074602	0.981 ± 0.013634	0.937 ± 0.098326	0.976 ± 0.019074	0.897 ± 0.155730	0.946 ± 0.029047	0.863 ± 0.183728	0.988 ± 0.023630
roc_auc	nan	nan	0.953 ± 0.068805	0.980 ± 0.015719	0.885 ± 0.098782	0.965 ± 0.022706	0.12067 ± 0.065498	0.05744 ± 0.043824	0.871 ± 0.104998	0.962 ± 0.025120	0.771 ± 0.197563	0.929 ± 0.045413	0.4491 ± 0.270243	0.2217 ± 0.138268	0.799 ± 0.170497	0.936 ± 0.046498	0.783 ± 0.183039	0.933 ± 0.045773	0.931 ± 0.110484	0.957 ± 0.023115	0.867 ± 0.157785	0.979 ± 0.034516	0.949 ± 0.073666	0.980 ± 0.015194	0.939 ± 0.095011	0.975 ± 0.021308	0.912 ± 0.144249	0.946 ± 0.029047	0.859 ± 0.182860	0.983 ± 0.028708
