	mean_ncv_average_precision	mean_ncv_balanced_accuracy	mean_ncv_brier_loss	mean_ncv_f1	mean_ncv_informedness	mean_ncv_log_loss	mean_ncv_markedness	mean_ncv_mcc	mean_ncv_negative_predictive_value	mean_ncv_precision	mean_ncv_precision_recall_auc	mean_ncv_roc_auc	mean_ncv_sensitivity	mean_ncv_specificity
mcc	0.888 ± 0.032014	0.832 ± 0.031899	0.13268 ± 0.015913	0.810 ± 0.036711	0.663 ± 0.063798	0.4454 ± 0.081276	0.683 ± 0.068949	0.673 ± 0.065639	0.828 ± 0.031658	0.855 ± 0.052409	0.884 ± 0.033576	0.878 ± 0.028941	0.772 ± 0.048644	0.891 ± 0.043913
precision_recall_auc	0.897 ± 0.018054	0.824 ± 0.042135	0.13110 ± 0.012761	0.802 ± 0.046685	0.647 ± 0.084269	0.4506 ± 0.070833	0.673 ± 0.097508	0.660 ± 0.090042	0.820 ± 0.033541	0.853 ± 0.080581	0.895 ± 0.018654	0.887 ± 0.024186	0.761 ± 0.052705	0.886 ± 0.071870
roc_auc	0.895 ± 0.028007	0.823 ± 0.035289	0.12945 ± 0.014799	0.799 ± 0.039031	0.645 ± 0.070579	0.4359 ± 0.071352	0.675 ± 0.083858	0.660 ± 0.076237	0.815 ± 0.028358	0.861 ± 0.072201	0.892 ± 0.029180	0.886 ± 0.030115	0.750 ± 0.047213	0.895 ± 0.064461
