	mean_best_threshold_tuning_score	mean_best_threshold	mean_test_average_precision	mean_train_average_precision	mean_test_balanced_accuracy	mean_train_balanced_accuracy	mean_test_brier_loss	mean_train_brier_loss	mean_test_f1	mean_train_f1	mean_test_informedness	mean_train_informedness	mean_test_log_loss	mean_train_log_loss	mean_test_markedness	mean_train_markedness	mean_test_mcc	mean_train_mcc	mean_test_negative_predictive_value	mean_train_negative_predictive_value	mean_test_precision	mean_train_precision	mean_test_precision_recall_auc	mean_train_precision_recall_auc	mean_test_roc_auc	mean_train_roc_auc	mean_test_sensitivity	mean_train_sensitivity	mean_test_specificity	mean_train_specificity
mcc	nan	nan	0.936 ± 0.077822	0.992 ± 0.009509	0.833 ± 0.129176	0.961 ± 0.035390	0.13268 ± 0.056363	0.04232 ± 0.037502	0.799 ± 0.164172	0.958 ± 0.038663	0.666 ± 0.258352	0.922 ± 0.070780	0.4454 ± 0.207730	0.1772 ± 0.127436	0.715 ± 0.250388	0.934 ± 0.063930	0.688 ± 0.251993	0.928 ± 0.067121	0.843 ± 0.131025	0.950 ± 0.043128	0.872 ± 0.183758	0.984 ± 0.030199	0.927 ± 0.089577	0.992 ± 0.009799	0.928 ± 0.084921	0.993 ± 0.009610	0.770 ± 0.205204	0.935 ± 0.056737	0.896 ± 0.151469	0.987 ± 0.024006
precision_recall_auc	nan	nan	0.931 ± 0.076079	0.998 ± 0.004680	0.826 ± 0.126575	0.984 ± 0.026569	0.13110 ± 0.067639	0.02347 ± 0.031237	0.787 ± 0.169582	0.983 ± 0.028618	0.652 ± 0.253149	0.967 ± 0.053137	0.4506 ± 0.269217	0.1082 ± 0.105204	0.715 ± 0.235103	0.973 ± 0.045374	0.680 ± 0.241470	0.970 ± 0.049142	0.840 ± 0.141124	0.978 ± 0.033807	0.874 ± 0.178657	0.996 ± 0.017225	0.922 ± 0.086488	0.998 ± 0.004823	0.918 ± 0.091318	0.998 ± 0.004727	0.762 ± 0.227758	0.970 ± 0.045124	0.890 ± 0.152864	0.997 ± 0.013856
roc_auc	nan	nan	0.933 ± 0.076630	0.999 ± 0.004767	0.823 ± 0.129234	0.984 ± 0.023820	0.12945 ± 0.071436	0.02133 ± 0.027594	0.784 ± 0.171542	0.983 ± 0.025736	0.646 ± 0.258469	0.968 ± 0.047640	0.4359 ± 0.263533	0.1026 ± 0.091984	0.715 ± 0.240694	0.974 ± 0.040911	0.677 ± 0.246866	0.971 ± 0.044163	0.833 ± 0.137312	0.979 ± 0.030190	0.882 ± 0.179406	0.996 ± 0.017225	0.924 ± 0.087224	0.998 ± 0.004916	0.919 ± 0.091585	0.999 ± 0.004582	0.748 ± 0.223029	0.972 ± 0.040427	0.898 ± 0.156153	0.997 ± 0.013594
