	mean_ncv_average_precision	mean_ncv_balanced_accuracy	mean_ncv_brier_loss	mean_ncv_f1	mean_ncv_informedness	mean_ncv_log_loss	mean_ncv_markedness	mean_ncv_mcc	mean_ncv_negative_predictive_value	mean_ncv_precision	mean_ncv_precision_recall_auc	mean_ncv_roc_auc	mean_ncv_sensitivity	mean_ncv_specificity
mcc	0.780 ± 0.067976	0.777 ± 0.051050	0.17971 ± 0.029043	0.747 ± 0.066895	0.554 ± 0.102100	0.6470 ± 0.102161	0.567 ± 0.094933	0.560 ± 0.098309	0.788 ± 0.049012	0.779 ± 0.054713	0.770 ± 0.073185	0.816 ± 0.052549	0.722 ± 0.086860	0.832 ± 0.048152
precision_recall_auc	0.796 ± 0.064677	0.819 ± 0.033354	0.17405 ± 0.021771	0.798 ± 0.039647	0.638 ± 0.066708	0.5962 ± 0.080294	0.645 ± 0.064078	0.642 ± 0.065170	0.829 ± 0.035528	0.816 ± 0.039213	0.784 ± 0.070992	0.843 ± 0.045276	0.783 ± 0.055246	0.855 ± 0.035855
roc_auc	0.790 ± 0.063125	0.800 ± 0.036564	0.18450 ± 0.029084	0.780 ± 0.040332	0.601 ± 0.073129	0.6359 ± 0.100235	0.603 ± 0.072189	0.602 ± 0.072527	0.820 ± 0.036831	0.784 ± 0.044514	0.782 ± 0.067320	0.827 ± 0.055141	0.778 ± 0.052378	0.823 ± 0.045201
