	mean_best_threshold_tuning_score	mean_best_threshold	mean_test_average_precision	mean_train_average_precision	mean_test_balanced_accuracy	mean_train_balanced_accuracy	mean_test_brier_loss	mean_train_brier_loss	mean_test_f1	mean_train_f1	mean_test_informedness	mean_train_informedness	mean_test_log_loss	mean_train_log_loss	mean_test_markedness	mean_train_markedness	mean_test_mcc	mean_train_mcc	mean_test_negative_predictive_value	mean_train_negative_predictive_value	mean_test_precision	mean_train_precision	mean_test_precision_recall_auc	mean_train_precision_recall_auc	mean_test_roc_auc	mean_train_roc_auc	mean_test_sensitivity	mean_train_sensitivity	mean_test_specificity	mean_train_specificity
mcc	nan	nan	0.865 ± 0.134042	0.981 ± 0.029884	0.762 ± 0.119594	0.943 ± 0.071911	0.17195 ± 0.058184	0.07002 ± 0.047276	0.725 ± 0.148671	0.940 ± 0.075482	0.523 ± 0.239188	0.887 ± 0.143822	0.5822 ± 0.405507	0.2678 ± 0.136233	0.582 ± 0.235526	0.886 ± 0.142355	0.549 ± 0.232351	0.886 ± 0.143052	0.830 ± 0.166405	0.972 ± 0.041886	0.753 ± 0.179580	0.914 ± 0.106662	0.840 ± 0.165579	0.981 ± 0.030156	0.863 ± 0.128387	0.977 ± 0.035453	0.773 ± 0.236327	0.970 ± 0.044884	0.750 ± 0.190327	0.917 ± 0.108307
precision_recall_auc	nan	nan	0.886 ± 0.136005	0.975 ± 0.032791	0.785 ± 0.153681	0.930 ± 0.078501	0.14916 ± 0.068842	0.05886 ± 0.053759	0.744 ± 0.195730	0.925 ± 0.082922	0.569 ± 0.307362	0.859 ± 0.157002	0.4712 ± 0.215622	0.2270 ± 0.155966	0.608 ± 0.318948	0.860 ± 0.157024	0.587 ± 0.309916	0.860 ± 0.156962	0.812 ± 0.154300	0.955 ± 0.050894	0.796 ± 0.224247	0.905 ± 0.113422	0.868 ± 0.160563	0.975 ± 0.033080	0.876 ± 0.141041	0.969 ± 0.040880	0.738 ± 0.236908	0.951 ± 0.057039	0.831 ± 0.169600	0.908 ± 0.112617
roc_auc	nan	nan	0.882 ± 0.124338	0.978 ± 0.035762	0.771 ± 0.134257	0.944 ± 0.081473	0.15367 ± 0.074359	0.04867 ± 0.053838	0.730 ± 0.174471	0.941 ± 0.084777	0.542 ± 0.268514	0.887 ± 0.162947	0.4923 ± 0.237009	0.1967 ± 0.157319	0.590 ± 0.272607	0.889 ± 0.160102	0.564 ± 0.267249	0.888 ± 0.161501	0.817 ± 0.153958	0.971 ± 0.043547	0.773 ± 0.193048	0.917 ± 0.121245	0.860 ± 0.152963	0.978 ± 0.036101	0.875 ± 0.122072	0.974 ± 0.042254	0.743 ± 0.236806	0.971 ± 0.044797	0.799 ± 0.170680	0.917 ± 0.125687
