	mean_best_threshold_tuning_score	mean_best_threshold	mean_test_average_precision	mean_train_average_precision	mean_test_balanced_accuracy	mean_train_balanced_accuracy	mean_test_brier_loss	mean_train_brier_loss	mean_test_f1	mean_train_f1	mean_test_informedness	mean_train_informedness	mean_test_log_loss	mean_train_log_loss	mean_test_markedness	mean_train_markedness	mean_test_mcc	mean_train_mcc	mean_test_negative_predictive_value	mean_train_negative_predictive_value	mean_test_precision	mean_train_precision	mean_test_precision_recall_auc	mean_train_precision_recall_auc	mean_test_roc_auc	mean_train_roc_auc	mean_test_sensitivity	mean_train_sensitivity	mean_test_specificity	mean_train_specificity
mcc	nan	nan	0.757 ± 0.152925	0.981 ± 0.029884	0.660 ± 0.147747	0.943 ± 0.071911	0.22908 ± 0.071614	0.07002 ± 0.047276	0.661 ± 0.170000	0.940 ± 0.075482	0.320 ± 0.295493	0.887 ± 0.143822	0.7144 ± 0.245044	0.2678 ± 0.136233	0.380 ± 0.353565	0.886 ± 0.142355	0.346 ± 0.313585	0.886 ± 0.143052	0.799 ± 0.249440	0.972 ± 0.041886	0.581 ± 0.174591	0.914 ± 0.106662	0.709 ± 0.191612	0.981 ± 0.030156	0.742 ± 0.161265	0.977 ± 0.035453	0.813 ± 0.231798	0.970 ± 0.044884	0.507 ± 0.242859	0.917 ± 0.108307
precision_recall_auc	nan	nan	0.775 ± 0.152908	0.975 ± 0.032791	0.678 ± 0.131166	0.930 ± 0.078501	0.21742 ± 0.070793	0.05886 ± 0.053759	0.672 ± 0.149211	0.925 ± 0.082922	0.356 ± 0.262332	0.859 ± 0.157002	0.7114 ± 0.280246	0.2270 ± 0.155966	0.418 ± 0.298809	0.860 ± 0.157024	0.387 ± 0.263490	0.860 ± 0.156962	0.806 ± 0.215360	0.955 ± 0.050894	0.612 ± 0.172790	0.905 ± 0.113422	0.733 ± 0.192196	0.975 ± 0.033080	0.757 ± 0.151596	0.969 ± 0.040880	0.805 ± 0.220550	0.951 ± 0.057039	0.551 ± 0.235928	0.908 ± 0.112617
roc_auc	nan	nan	0.791 ± 0.159856	0.978 ± 0.035762	0.672 ± 0.160881	0.944 ± 0.081473	0.21318 ± 0.083325	0.04867 ± 0.053838	0.682 ± 0.157907	0.941 ± 0.084777	0.345 ± 0.321762	0.887 ± 0.162947	0.7148 ± 0.388575	0.1967 ± 0.157319	0.393 ± 0.369134	0.889 ± 0.160102	0.369 ± 0.329321	0.888 ± 0.161501	0.789 ± 0.259238	0.971 ± 0.043547	0.604 ± 0.178047	0.917 ± 0.121245	0.748 ± 0.202086	0.978 ± 0.036101	0.783 ± 0.156045	0.974 ± 0.042254	0.827 ± 0.207457	0.971 ± 0.044797	0.518 ± 0.258283	0.917 ± 0.125687
