	mean_best_threshold_tuning_score	mean_best_threshold	mean_test_average_precision	mean_train_average_precision	mean_test_balanced_accuracy	mean_train_balanced_accuracy	mean_test_brier_loss	mean_train_brier_loss	mean_test_f1	mean_train_f1	mean_test_informedness	mean_train_informedness	mean_test_log_loss	mean_train_log_loss	mean_test_markedness	mean_train_markedness	mean_test_mcc	mean_train_mcc	mean_test_negative_predictive_value	mean_train_negative_predictive_value	mean_test_precision	mean_train_precision	mean_test_precision_recall_auc	mean_train_precision_recall_auc	mean_test_roc_auc	mean_train_roc_auc	mean_test_sensitivity	mean_train_sensitivity	mean_test_specificity	mean_train_specificity
mcc	nan	nan	0.860 ± 0.134519	1.000 ± 0.000000	0.713 ± 0.123948	0.998 ± 0.010253	0.18317 ± 0.077947	0.02008 ± 0.035488	0.610 ± 0.230356	0.998 ± 0.011036	0.426 ± 0.247896	0.996 ± 0.020506	0.6051 ± 0.365522	0.0926 ± 0.115939	0.544 ± 0.331779	0.997 ± 0.014600	0.487 ± 0.247631	0.997 ± 0.017574	0.744 ± 0.145422	0.998 ± 0.014347	0.800 ± 0.285616	1.000 ± 0.003074	0.838 ± 0.160503	1.000 ± 0.000000	0.830 ± 0.158154	1.000 ± 0.000000	0.558 ± 0.287815	0.997 ± 0.020383	0.868 ± 0.198144	1.000 ± 0.002773
precision_recall_auc	nan	nan	0.874 ± 0.124890	1.000 ± 0.000644	0.714 ± 0.137894	0.987 ± 0.037932	0.17911 ± 0.081575	0.02989 ± 0.037022	0.608 ± 0.264010	0.986 ± 0.043884	0.428 ± 0.275789	0.975 ± 0.075864	0.6108 ± 0.379995	0.1206 ± 0.125034	0.490 ± 0.384160	0.983 ± 0.051874	0.473 ± 0.276272	0.979 ± 0.064183	0.753 ± 0.160445	0.983 ± 0.051874	0.737 ± 0.317946	1.000 ± 0.000000	0.856 ± 0.144135	1.000 ± 0.000651	0.848 ± 0.150620	1.000 ± 0.000576	0.590 ± 0.319367	0.975 ± 0.075864	0.838 ± 0.221903	1.000 ± 0.000000
roc_auc	nan	nan	0.870 ± 0.132447	1.000 ± 0.000342	0.724 ± 0.144071	0.985 ± 0.039724	0.18168 ± 0.088985	0.02242 ± 0.030910	0.629 ± 0.270421	0.983 ± 0.045553	0.449 ± 0.288141	0.971 ± 0.079449	0.6432 ± 0.449306	0.1052 ± 0.102906	0.483 ± 0.393669	0.980 ± 0.054417	0.483 ± 0.291227	0.975 ± 0.067232	0.768 ± 0.167204	0.980 ± 0.054417	0.715 ± 0.307655	1.000 ± 0.000000	0.847 ± 0.160738	1.000 ± 0.000346	0.853 ± 0.146687	1.000 ± 0.000308	0.622 ± 0.321741	0.971 ± 0.079449	0.827 ± 0.200308	1.000 ± 0.000000
