	mean_best_threshold_tuning_score	mean_best_threshold	mean_test_average_precision	mean_train_average_precision	mean_test_balanced_accuracy	mean_train_balanced_accuracy	mean_test_brier_loss	mean_train_brier_loss	mean_test_f1	mean_train_f1	mean_test_informedness	mean_train_informedness	mean_test_log_loss	mean_train_log_loss	mean_test_markedness	mean_train_markedness	mean_test_mcc	mean_train_mcc	mean_test_negative_predictive_value	mean_train_negative_predictive_value	mean_test_precision	mean_train_precision	mean_test_precision_recall_auc	mean_train_precision_recall_auc	mean_test_roc_auc	mean_train_roc_auc	mean_test_sensitivity	mean_train_sensitivity	mean_test_specificity	mean_train_specificity
mcc	nan	nan	0.894 ± 0.105876	1.000 ± 0.000000	0.818 ± 0.105157	1.000 ± 0.000000	0.13967 ± 0.060545	0.01053 ± 0.001935	0.785 ± 0.140269	1.000 ± 0.000000	0.635 ± 0.210314	1.000 ± 0.000000	0.4480 ± 0.172005	0.0806 ± 0.011907	0.698 ± 0.197699	1.000 ± 0.000000	0.664 ± 0.200553	1.000 ± 0.000000	0.845 ± 0.136253	1.000 ± 0.000000	0.853 ± 0.161321	1.000 ± 0.000000	0.879 ± 0.128603	1.000 ± 0.000000	0.873 ± 0.126711	1.000 ± 0.000000	0.775 ± 0.211121	1.000 ± 0.000000	0.860 ± 0.158114	1.000 ± 0.000000
precision_recall_auc	nan	nan	0.893 ± 0.114486	1.000 ± 0.000000	0.797 ± 0.115740	1.000 ± 0.000000	0.14338 ± 0.061499	0.01004 ± 0.002033	0.758 ± 0.152825	1.000 ± 0.000000	0.593 ± 0.231480	1.000 ± 0.000000	0.5318 ± 0.619382	0.0772 ± 0.012454	0.660 ± 0.217374	1.000 ± 0.000000	0.623 ± 0.220402	1.000 ± 0.000000	0.830 ± 0.142280	1.000 ± 0.000000	0.830 ± 0.178469	1.000 ± 0.000000	0.877 ± 0.140802	1.000 ± 0.000000	0.874 ± 0.136136	1.000 ± 0.000000	0.753 ± 0.223328	1.000 ± 0.000000	0.840 ± 0.178999	1.000 ± 0.000000
roc_auc	nan	nan	0.899 ± 0.109512	1.000 ± 0.000000	0.805 ± 0.114756	1.000 ± 0.000000	0.14094 ± 0.060043	0.00996 ± 0.001929	0.772 ± 0.147613	1.000 ± 0.000000	0.610 ± 0.229512	1.000 ± 0.000000	0.4479 ± 0.168468	0.0774 ± 0.012012	0.667 ± 0.220334	1.000 ± 0.000000	0.636 ± 0.221784	1.000 ± 0.000000	0.840 ± 0.139179	1.000 ± 0.000000	0.827 ± 0.176861	1.000 ± 0.000000	0.884 ± 0.134409	1.000 ± 0.000000	0.882 ± 0.128683	1.000 ± 0.000000	0.775 ± 0.211121	1.000 ± 0.000000	0.835 ± 0.177927	1.000 ± 0.000000
