	mean_best_threshold_tuning_score	mean_best_threshold	mean_test_average_precision	mean_train_average_precision	mean_test_balanced_accuracy	mean_train_balanced_accuracy	mean_test_brier_loss	mean_train_brier_loss	mean_test_f1	mean_train_f1	mean_test_informedness	mean_train_informedness	mean_test_log_loss	mean_train_log_loss	mean_test_markedness	mean_train_markedness	mean_test_mcc	mean_train_mcc	mean_test_negative_predictive_value	mean_train_negative_predictive_value	mean_test_precision	mean_train_precision	mean_test_precision_recall_auc	mean_train_precision_recall_auc	mean_test_roc_auc	mean_train_roc_auc	mean_test_sensitivity	mean_train_sensitivity	mean_test_specificity	mean_train_specificity
mcc	nan	nan	0.959 ± 0.054557	0.955 ± 0.014097	0.868 ± 0.114190	0.892 ± 0.029931	0.10319 ± 0.044023	0.09160 ± 0.015501	0.838 ± 0.145675	0.880 ± 0.033661	0.735 ± 0.228379	0.783 ± 0.059862	0.3456 ± 0.108274	0.3198 ± 0.047861	0.788 ± 0.196006	0.796 ± 0.059112	0.759 ± 0.210240	0.790 ± 0.059169	0.865 ± 0.124640	0.887 ± 0.031828	0.924 ± 0.140822	0.909 ± 0.039245	0.954 ± 0.062079	0.955 ± 0.014307	0.951 ± 0.066871	0.955 ± 0.015665	0.800 ± 0.197059	0.855 ± 0.044668	0.935 ± 0.126672	0.928 ± 0.034914
precision_recall_auc	nan	nan	0.966 ± 0.050581	0.955 ± 0.016037	0.875 ± 0.105509	0.888 ± 0.033160	0.10060 ± 0.047361	0.09188 ± 0.021936	0.842 ± 0.141720	0.876 ± 0.037642	0.749 ± 0.211018	0.775 ± 0.066320	0.3735 ± 0.308477	0.3188 ± 0.070145	0.818 ± 0.159405	0.790 ± 0.065846	0.780 ± 0.184078	0.783 ± 0.065673	0.869 ± 0.127047	0.882 ± 0.033683	0.949 ± 0.122513	0.908 ± 0.043463	0.961 ± 0.057652	0.956 ± 0.015576	0.959 ± 0.061869	0.957 ± 0.016805	0.795 ± 0.207710	0.847 ± 0.048167	0.954 ± 0.112413	0.929 ± 0.037987
roc_auc	nan	nan	0.956 ± 0.050563	0.955 ± 0.015834	0.853 ± 0.102462	0.881 ± 0.038521	0.10637 ± 0.046334	0.09167 ± 0.020377	0.822 ± 0.132189	0.869 ± 0.043287	0.706 ± 0.204925	0.763 ± 0.077042	0.3893 ± 0.305203	0.3182 ± 0.066472	0.766 ± 0.176620	0.772 ± 0.078284	0.734 ± 0.187703	0.768 ± 0.077477	0.862 ± 0.122916	0.881 ± 0.035638	0.904 ± 0.147035	0.891 ± 0.049930	0.950 ± 0.057963	0.957 ± 0.015205	0.949 ± 0.060221	0.958 ± 0.015370	0.793 ± 0.195789	0.849 ± 0.047272	0.913 ± 0.138803	0.914 ± 0.042334
