	mean_best_threshold_tuning_score	mean_best_threshold	mean_test_average_precision	mean_train_average_precision	mean_test_balanced_accuracy	mean_train_balanced_accuracy	mean_test_brier_loss	mean_train_brier_loss	mean_test_f1	mean_train_f1	mean_test_informedness	mean_train_informedness	mean_test_log_loss	mean_train_log_loss	mean_test_markedness	mean_train_markedness	mean_test_mcc	mean_train_mcc	mean_test_negative_predictive_value	mean_train_negative_predictive_value	mean_test_precision	mean_train_precision	mean_test_precision_recall_auc	mean_train_precision_recall_auc	mean_test_roc_auc	mean_train_roc_auc	mean_test_sensitivity	mean_train_sensitivity	mean_test_specificity	mean_train_specificity
mcc	nan	nan	0.933 ± 0.093167	0.967 ± 0.019191	0.826 ± 0.134483	0.905 ± 0.042035	0.12298 ± 0.074650	0.07153 ± 0.025321	0.795 ± 0.168574	0.895 ± 0.047544	0.652 ± 0.268966	0.810 ± 0.084071	0.3988 ± 0.217350	0.2508 ± 0.066736	0.713 ± 0.243162	0.833 ± 0.079798	0.679 ± 0.253715	0.821 ± 0.081563	0.846 ± 0.145025	0.890 ± 0.045761	0.867 ± 0.173205	0.942 ± 0.047174	0.924 ± 0.108687	0.966 ± 0.019462	0.917 ± 0.117620	0.963 ± 0.021423	0.780 ± 0.223835	0.854 ± 0.063501	0.872 ± 0.181029	0.956 ± 0.038963
precision_recall_auc	nan	nan	0.943 ± 0.077136	0.958 ± 0.016536	0.835 ± 0.119340	0.862 ± 0.066042	0.12921 ± 0.070999	0.08787 ± 0.025395	0.796 ± 0.179641	0.838 ± 0.128983	0.671 ± 0.238679	0.723 ± 0.132085	0.4136 ± 0.224612	0.2827 ± 0.071169	0.700 ± 0.270974	0.727 ± 0.187338	0.689 ± 0.233409	0.730 ± 0.133053	0.845 ± 0.134751	0.863 ± 0.060432	0.855 ± 0.198693	0.864 ± 0.137288	0.936 ± 0.088409	0.958 ± 0.016775	0.933 ± 0.103408	0.957 ± 0.018144	0.777 ± 0.217854	0.816 ± 0.130982	0.894 ± 0.136142	0.908 ± 0.052474
roc_auc	nan	nan	0.952 ± 0.071277	0.957 ± 0.014887	0.839 ± 0.109786	0.858 ± 0.039798	0.12295 ± 0.069448	0.09226 ± 0.022391	0.809 ± 0.140520	0.840 ± 0.049361	0.678 ± 0.219571	0.715 ± 0.079596	0.3933 ± 0.214268	0.2909 ± 0.062582	0.719 ± 0.208976	0.734 ± 0.073782	0.697 ± 0.212303	0.724 ± 0.074113	0.856 ± 0.131134	0.860 ± 0.044890	0.864 ± 0.158997	0.874 ± 0.061786	0.945 ± 0.081727	0.956 ± 0.015113	0.945 ± 0.092652	0.956 ± 0.015518	0.798 ± 0.194955	0.817 ± 0.078190	0.880 ± 0.142500	0.898 ± 0.053699
