	mean_best_threshold_tuning_score	mean_best_threshold	mean_test_average_precision	mean_train_average_precision	mean_test_balanced_accuracy	mean_train_balanced_accuracy	mean_test_brier_loss	mean_train_brier_loss	mean_test_f1	mean_train_f1	mean_test_informedness	mean_train_informedness	mean_test_log_loss	mean_train_log_loss	mean_test_markedness	mean_train_markedness	mean_test_mcc	mean_train_mcc	mean_test_negative_predictive_value	mean_train_negative_predictive_value	mean_test_precision	mean_train_precision	mean_test_precision_recall_auc	mean_train_precision_recall_auc	mean_test_roc_auc	mean_train_roc_auc	mean_test_sensitivity	mean_train_sensitivity	mean_test_specificity	mean_train_specificity
mcc	nan	nan	0.920 ± 0.097070	0.967 ± 0.019191	0.829 ± 0.126932	0.905 ± 0.042035	0.13792 ± 0.078952	0.07153 ± 0.025321	0.804 ± 0.146363	0.895 ± 0.047544	0.659 ± 0.253864	0.810 ± 0.084071	0.4479 ± 0.223460	0.2508 ± 0.066736	0.693 ± 0.248460	0.833 ± 0.079798	0.675 ± 0.249017	0.821 ± 0.081563	0.857 ± 0.141309	0.890 ± 0.045761	0.837 ± 0.173303	0.942 ± 0.047174	0.908 ± 0.112218	0.966 ± 0.019462	0.905 ± 0.119962	0.963 ± 0.021423	0.812 ± 0.193290	0.854 ± 0.063501	0.847 ± 0.175955	0.956 ± 0.038963
precision_recall_auc	nan	nan	0.942 ± 0.067980	0.958 ± 0.016536	0.831 ± 0.128309	0.862 ± 0.066042	0.13124 ± 0.065628	0.08787 ± 0.025395	0.795 ± 0.183762	0.838 ± 0.128983	0.662 ± 0.256619	0.723 ± 0.132085	0.4191 ± 0.179023	0.2827 ± 0.071169	0.685 ± 0.286986	0.727 ± 0.187338	0.677 ± 0.252152	0.730 ± 0.133053	0.852 ± 0.140649	0.863 ± 0.060432	0.833 ± 0.203024	0.864 ± 0.137288	0.934 ± 0.077749	0.958 ± 0.016775	0.931 ± 0.083906	0.957 ± 0.018144	0.792 ± 0.218380	0.816 ± 0.130982	0.870 ± 0.154193	0.908 ± 0.052474
roc_auc	nan	nan	0.947 ± 0.066627	0.957 ± 0.014887	0.831 ± 0.119316	0.858 ± 0.039798	0.12360 ± 0.066134	0.09226 ± 0.022391	0.801 ± 0.149967	0.840 ± 0.049361	0.663 ± 0.238632	0.715 ± 0.079596	0.3968 ± 0.181978	0.2909 ± 0.062582	0.701 ± 0.226729	0.734 ± 0.073782	0.680 ± 0.230517	0.724 ± 0.074113	0.852 ± 0.135582	0.860 ± 0.044890	0.849 ± 0.165089	0.874 ± 0.061786	0.939 ± 0.075747	0.956 ± 0.015113	0.937 ± 0.082853	0.956 ± 0.015518	0.797 ± 0.200736	0.817 ± 0.078190	0.866 ± 0.150319	0.898 ± 0.053699
