	mean_best_threshold_tuning_score	mean_best_threshold	mean_test_average_precision	mean_train_average_precision	mean_test_balanced_accuracy	mean_train_balanced_accuracy	mean_test_brier_loss	mean_train_brier_loss	mean_test_f1	mean_train_f1	mean_test_informedness	mean_train_informedness	mean_test_log_loss	mean_train_log_loss	mean_test_markedness	mean_train_markedness	mean_test_mcc	mean_train_mcc	mean_test_negative_predictive_value	mean_train_negative_predictive_value	mean_test_precision	mean_train_precision	mean_test_precision_recall_auc	mean_train_precision_recall_auc	mean_test_roc_auc	mean_train_roc_auc	mean_test_sensitivity	mean_train_sensitivity	mean_test_specificity	mean_train_specificity
mcc	nan	nan	0.943 ± 0.077369	0.967 ± 0.020704	0.853 ± 0.114224	0.913 ± 0.045555	0.11629 ± 0.058906	0.08235 ± 0.034211	0.826 ± 0.136735	0.905 ± 0.050656	0.707 ± 0.228447	0.827 ± 0.091110	0.4213 ± 0.231468	0.2955 ± 0.110644	0.745 ± 0.210218	0.845 ± 0.085468	0.724 ± 0.217023	0.836 ± 0.088000	0.871 ± 0.134913	0.901 ± 0.050820	0.873 ± 0.156202	0.944 ± 0.044494	0.937 ± 0.086817	0.967 ± 0.018427	0.932 ± 0.099442	0.963 ± 0.021387	0.822 ± 0.193437	0.870 ± 0.068292	0.885 ± 0.150932	0.956 ± 0.037517
precision_recall_auc	nan	nan	0.947 ± 0.068581	0.967 ± 0.025183	0.851 ± 0.112569	0.920 ± 0.045073	0.11483 ± 0.058480	0.07609 ± 0.037676	0.823 ± 0.138254	0.912 ± 0.050817	0.702 ± 0.225139	0.840 ± 0.090146	0.4234 ± 0.257088	0.2716 ± 0.121391	0.743 ± 0.212185	0.857 ± 0.083138	0.721 ± 0.216678	0.848 ± 0.086402	0.870 ± 0.131978	0.908 ± 0.051542	0.873 ± 0.166459	0.949 ± 0.041842	0.943 ± 0.074872	0.969 ± 0.021871	0.935 ± 0.088645	0.966 ± 0.023586	0.815 ± 0.192909	0.879 ± 0.069846	0.887 ± 0.157081	0.961 ± 0.033029
roc_auc	nan	nan	0.946 ± 0.069733	0.957 ± 0.028518	0.844 ± 0.109217	0.895 ± 0.053626	0.12527 ± 0.047472	0.09256 ± 0.039947	0.816 ± 0.132595	0.883 ± 0.059964	0.687 ± 0.218433	0.789 ± 0.107252	0.4823 ± 0.331885	0.3215 ± 0.127833	0.733 ± 0.205920	0.806 ± 0.105814	0.709 ± 0.209985	0.797 ± 0.106077	0.865 ± 0.131331	0.888 ± 0.054519	0.868 ± 0.167664	0.918 ± 0.065106	0.943 ± 0.076474	0.960 ± 0.023753	0.941 ± 0.082882	0.959 ± 0.024241	0.810 ± 0.191248	0.854 ± 0.073676	0.877 ± 0.165434	0.935 ± 0.054605
