	mean_best_threshold_tuning_score	mean_best_threshold	mean_test_average_precision	mean_train_average_precision	mean_test_balanced_accuracy	mean_train_balanced_accuracy	mean_test_brier_loss	mean_train_brier_loss	mean_test_f1	mean_train_f1	mean_test_informedness	mean_train_informedness	mean_test_log_loss	mean_train_log_loss	mean_test_markedness	mean_train_markedness	mean_test_mcc	mean_train_mcc	mean_test_negative_predictive_value	mean_train_negative_predictive_value	mean_test_precision	mean_train_precision	mean_test_precision_recall_auc	mean_train_precision_recall_auc	mean_test_roc_auc	mean_train_roc_auc	mean_test_sensitivity	mean_train_sensitivity	mean_test_specificity	mean_train_specificity
mcc	nan	nan	0.921 ± 0.089722	0.967 ± 0.020704	0.807 ± 0.133882	0.913 ± 0.045555	0.14012 ± 0.069666	0.08235 ± 0.034212	0.779 ± 0.153576	0.905 ± 0.050656	0.614 ± 0.267763	0.827 ± 0.091110	0.4721 ± 0.241640	0.2955 ± 0.110646	0.656 ± 0.265988	0.845 ± 0.085468	0.633 ± 0.264237	0.836 ± 0.088000	0.837 ± 0.138179	0.901 ± 0.050820	0.819 ± 0.194132	0.944 ± 0.044494	0.911 ± 0.100849	0.967 ± 0.018427	0.902 ± 0.118072	0.963 ± 0.021387	0.782 ± 0.191877	0.870 ± 0.068292	0.832 ± 0.189995	0.956 ± 0.037517
precision_recall_auc	nan	nan	0.923 ± 0.087383	0.967 ± 0.025185	0.821 ± 0.118394	0.919 ± 0.045463	0.13866 ± 0.065664	0.07620 ± 0.037811	0.789 ± 0.141414	0.911 ± 0.051149	0.642 ± 0.236788	0.839 ± 0.090926	0.4738 ± 0.265448	0.2719 ± 0.121769	0.679 ± 0.232390	0.855 ± 0.084451	0.659 ± 0.232029	0.847 ± 0.087433	0.842 ± 0.127701	0.909 ± 0.051360	0.837 ± 0.175532	0.947 ± 0.043365	0.916 ± 0.097271	0.969 ± 0.021879	0.906 ± 0.108546	0.966 ± 0.023578	0.782 ± 0.185110	0.880 ± 0.069556	0.860 ± 0.162882	0.959 ± 0.034798
roc_auc	nan	nan	0.934 ± 0.083915	0.957 ± 0.028518	0.828 ± 0.119616	0.895 ± 0.053626	0.14305 ± 0.060761	0.09256 ± 0.039949	0.800 ± 0.141029	0.883 ± 0.059964	0.656 ± 0.239233	0.789 ± 0.107252	0.5061 ± 0.267765	0.3215 ± 0.127858	0.694 ± 0.234897	0.806 ± 0.105814	0.674 ± 0.234551	0.797 ± 0.106077	0.848 ± 0.127482	0.888 ± 0.054519	0.846 ± 0.173917	0.918 ± 0.065106	0.930 ± 0.092578	0.960 ± 0.023753	0.924 ± 0.101804	0.959 ± 0.024241	0.793 ± 0.182295	0.854 ± 0.073676	0.863 ± 0.164382	0.935 ± 0.054605
