	mean_best_threshold_tuning_score	mean_best_threshold	mean_test_average_precision	mean_train_average_precision	mean_test_balanced_accuracy	mean_train_balanced_accuracy	mean_test_brier_loss	mean_train_brier_loss	mean_test_f1	mean_train_f1	mean_test_informedness	mean_train_informedness	mean_test_log_loss	mean_train_log_loss	mean_test_markedness	mean_train_markedness	mean_test_mcc	mean_train_mcc	mean_test_negative_predictive_value	mean_train_negative_predictive_value	mean_test_precision	mean_train_precision	mean_test_precision_recall_auc	mean_train_precision_recall_auc	mean_test_roc_auc	mean_train_roc_auc	mean_test_sensitivity	mean_train_sensitivity	mean_test_specificity	mean_train_specificity
mcc	nan	nan	0.793 ± 0.147243	0.979 ± 0.039656	0.687 ± 0.134310	0.938 ± 0.080066	0.22641 ± 0.077871	0.07149 ± 0.056687	0.687 ± 0.133252	0.934 ± 0.082784	0.375 ± 0.268620	0.875 ± 0.160131	0.7431 ± 0.328435	0.2691 ± 0.164124	0.426 ± 0.310518	0.874 ± 0.157202	0.402 ± 0.273015	0.875 ± 0.158641	0.800 ± 0.225581	0.972 ± 0.045540	0.626 ± 0.161866	0.902 ± 0.116097	0.755 ± 0.183250	0.979 ± 0.040157	0.777 ± 0.145380	0.975 ± 0.043728	0.817 ± 0.204817	0.972 ± 0.044989	0.558 ± 0.231093	0.903 ± 0.120170
precision_recall_auc	nan	nan	0.833 ± 0.136722	0.974 ± 0.037264	0.713 ± 0.132685	0.923 ± 0.090943	0.20071 ± 0.082737	0.06046 ± 0.061454	0.699 ± 0.144088	0.919 ± 0.093480	0.426 ± 0.265370	0.845 ± 0.181887	0.6749 ± 0.334289	0.2261 ± 0.179562	0.464 ± 0.302188	0.845 ± 0.178359	0.447 ± 0.267402	0.845 ± 0.180097	0.803 ± 0.215423	0.961 ± 0.051387	0.662 ± 0.162590	0.884 ± 0.129564	0.804 ± 0.167811	0.974 ± 0.037593	0.817 ± 0.138404	0.967 ± 0.046688	0.795 ± 0.221576	0.962 ± 0.050594	0.631 ± 0.222896	0.883 ± 0.135000
roc_auc	nan	nan	0.807 ± 0.157041	0.980 ± 0.035735	0.699 ± 0.136000	0.945 ± 0.082480	0.21129 ± 0.095485	0.04374 ± 0.056911	0.689 ± 0.139837	0.942 ± 0.085754	0.397 ± 0.271999	0.891 ± 0.164961	0.7474 ± 0.403055	0.1728 ± 0.168993	0.448 ± 0.285310	0.891 ± 0.161063	0.420 ± 0.274915	0.891 ± 0.162991	0.796 ± 0.187173	0.976 ± 0.042737	0.652 ± 0.174275	0.915 ± 0.122979	0.773 ± 0.192242	0.980 ± 0.036072	0.793 ± 0.154024	0.976 ± 0.043016	0.783 ± 0.206197	0.976 ± 0.042659	0.614 ± 0.229471	0.914 ± 0.128571
