	mean_best_threshold_tuning_score	mean_best_threshold	mean_test_average_precision	mean_train_average_precision	mean_test_balanced_accuracy	mean_train_balanced_accuracy	mean_test_brier_loss	mean_train_brier_loss	mean_test_f1	mean_train_f1	mean_test_informedness	mean_train_informedness	mean_test_log_loss	mean_train_log_loss	mean_test_markedness	mean_train_markedness	mean_test_mcc	mean_train_mcc	mean_test_negative_predictive_value	mean_train_negative_predictive_value	mean_test_precision	mean_train_precision	mean_test_precision_recall_auc	mean_train_precision_recall_auc	mean_test_roc_auc	mean_train_roc_auc	mean_test_sensitivity	mean_train_sensitivity	mean_test_specificity	mean_train_specificity
mcc	nan	nan	0.789 ± 0.166110	0.980 ± 0.035411	0.706 ± 0.129045	0.938 ± 0.077187	0.21907 ± 0.074639	0.07469 ± 0.058411	0.708 ± 0.128655	0.934 ± 0.078087	0.412 ± 0.258090	0.876 ± 0.154373	0.7534 ± 0.356937	0.2784 ± 0.166900	0.470 ± 0.295858	0.874 ± 0.149681	0.442 ± 0.259127	0.875 ± 0.151992	0.830 ± 0.215314	0.974 ± 0.045193	0.640 ± 0.156152	0.900 ± 0.108121	0.748 ± 0.208300	0.980 ± 0.035745	0.777 ± 0.154576	0.975 ± 0.044923	0.845 ± 0.191966	0.975 ± 0.043159	0.567 ± 0.229376	0.902 ± 0.114984
precision_recall_auc	nan	nan	0.839 ± 0.146250	0.974 ± 0.035009	0.723 ± 0.118218	0.914 ± 0.089410	0.20451 ± 0.075765	0.06846 ± 0.060774	0.721 ± 0.113352	0.910 ± 0.091395	0.446 ± 0.236436	0.828 ± 0.178821	0.6987 ± 0.332717	0.2512 ± 0.177124	0.494 ± 0.276325	0.829 ± 0.174158	0.472 ± 0.238592	0.829 ± 0.176446	0.842 ± 0.206478	0.960 ± 0.049567	0.652 ± 0.158278	0.870 ± 0.128735	0.812 ± 0.177912	0.973 ± 0.035312	0.818 ± 0.142731	0.966 ± 0.044931	0.855 ± 0.170708	0.961 ± 0.048080	0.591 ± 0.221703	0.867 ± 0.135985
roc_auc	nan	nan	0.803 ± 0.164449	0.985 ± 0.029981	0.732 ± 0.129857	0.951 ± 0.076838	0.20760 ± 0.093738	0.04231 ± 0.053250	0.730 ± 0.123427	0.949 ± 0.079084	0.465 ± 0.259715	0.903 ± 0.153676	0.7655 ± 0.428424	0.1746 ± 0.159744	0.503 ± 0.296173	0.903 ± 0.150236	0.487 ± 0.261281	0.903 ± 0.151938	0.831 ± 0.211060	0.979 ± 0.040149	0.672 ± 0.165519	0.924 ± 0.113381	0.766 ± 0.203044	0.985 ± 0.030246	0.788 ± 0.158557	0.980 ± 0.038191	0.850 ± 0.175772	0.979 ± 0.038612	0.615 ± 0.226610	0.923 ± 0.118660
