	mean_ncv_average_precision	mean_ncv_balanced_accuracy	mean_ncv_brier_loss	mean_ncv_f1	mean_ncv_informedness	mean_ncv_log_loss	mean_ncv_markedness	mean_ncv_mcc	mean_ncv_negative_predictive_value	mean_ncv_precision	mean_ncv_precision_recall_auc	mean_ncv_roc_auc	mean_ncv_sensitivity	mean_ncv_specificity
mcc	0.676 ± 0.089314	0.649 ± 0.044213	0.23236 ± 0.020135	0.675 ± 0.036187	0.297 ± 0.088426	0.7641 ± 0.082343	0.356 ± 0.099796	0.325 ± 0.092428	0.798 ± 0.075670	0.557 ± 0.035167	0.662 ± 0.095247	0.708 ± 0.059511	0.861 ± 0.070516	0.436 ± 0.088866
precision_recall_auc	0.698 ± 0.068240	0.672 ± 0.024744	0.22251 ± 0.021224	0.693 ± 0.022372	0.345 ± 0.049488	0.7233 ± 0.056857	0.398 ± 0.063477	0.370 ± 0.054658	0.822 ± 0.052129	0.575 ± 0.019302	0.684 ± 0.073952	0.735 ± 0.053296	0.872 ± 0.045737	0.473 ± 0.043913
roc_auc	0.706 ± 0.075391	0.683 ± 0.029718	0.22101 ± 0.020454	0.698 ± 0.021297	0.366 ± 0.059435	0.7362 ± 0.070829	0.409 ± 0.046976	0.386 ± 0.050837	0.820 ± 0.038570	0.589 ± 0.030535	0.690 ± 0.081158	0.750 ± 0.057009	0.861 ± 0.047213	0.505 ± 0.081453
