	mean_best_threshold_tuning_score	mean_best_threshold	mean_test_average_precision	mean_train_average_precision	mean_test_balanced_accuracy	mean_train_balanced_accuracy	mean_test_brier_loss	mean_train_brier_loss	mean_test_f1	mean_train_f1	mean_test_informedness	mean_train_informedness	mean_test_log_loss	mean_train_log_loss	mean_test_markedness	mean_train_markedness	mean_test_mcc	mean_train_mcc	mean_test_negative_predictive_value	mean_train_negative_predictive_value	mean_test_precision	mean_train_precision	mean_test_precision_recall_auc	mean_train_precision_recall_auc	mean_test_roc_auc	mean_train_roc_auc	mean_test_sensitivity	mean_train_sensitivity	mean_test_specificity	mean_train_specificity
mcc	nan	nan	0.774 ± 0.142536	0.979 ± 0.036187	0.653 ± 0.134839	0.936 ± 0.078462	0.22909 ± 0.059513	0.08095 ± 0.063501	0.667 ± 0.156731	0.932 ± 0.080645	0.305 ± 0.269678	0.871 ± 0.156925	0.7651 ± 0.342258	0.2914 ± 0.180552	0.363 ± 0.375484	0.870 ± 0.153436	0.339 ± 0.287844	0.871 ± 0.155145	0.796 ± 0.294000	0.972 ± 0.044761	0.567 ± 0.159375	0.898 ± 0.113198	0.730 ± 0.182600	0.979 ± 0.036507	0.752 ± 0.155074	0.973 ± 0.045036	0.858 ± 0.219028	0.973 ± 0.043724	0.447 ± 0.255433	0.898 ± 0.118082
precision_recall_auc	nan	nan	0.818 ± 0.140352	0.979 ± 0.030592	0.685 ± 0.132820	0.928 ± 0.085924	0.21300 ± 0.076122	0.05577 ± 0.056576	0.694 ± 0.129661	0.924 ± 0.088351	0.371 ± 0.265640	0.855 ± 0.171849	0.7169 ± 0.382986	0.2132 ± 0.167608	0.456 ± 0.267286	0.855 ± 0.169215	0.407 ± 0.261289	0.855 ± 0.170506	0.851 ± 0.193249	0.962 ± 0.051514	0.605 ± 0.148311	0.892 ± 0.120958	0.788 ± 0.168751	0.979 ± 0.030842	0.805 ± 0.144032	0.972 ± 0.040683	0.860 ± 0.183997	0.962 ± 0.051054	0.511 ± 0.231959	0.893 ± 0.125052
roc_auc	nan	nan	0.798 ± 0.145447	0.991 ± 0.024335	0.694 ± 0.145681	0.968 ± 0.063011	0.21338 ± 0.085077	0.02934 ± 0.042701	0.703 ± 0.132652	0.965 ± 0.065424	0.389 ± 0.291362	0.935 ± 0.126023	0.7266 ± 0.389483	0.1322 ± 0.130090	0.453 ± 0.303235	0.934 ± 0.124873	0.415 ± 0.291427	0.934 ± 0.125422	0.832 ± 0.211673	0.986 ± 0.035746	0.621 ± 0.150424	0.948 ± 0.092893	0.760 ± 0.178374	0.991 ± 0.024538	0.788 ± 0.153694	0.989 ± 0.031752	0.847 ± 0.178460	0.986 ± 0.035586	0.542 ± 0.239974	0.949 ± 0.094528
