	mean_best_threshold_tuning_score	mean_best_threshold	mean_test_average_precision	mean_train_average_precision	mean_test_balanced_accuracy	mean_train_balanced_accuracy	mean_test_brier_loss	mean_train_brier_loss	mean_test_f1	mean_train_f1	mean_test_informedness	mean_train_informedness	mean_test_log_loss	mean_train_log_loss	mean_test_markedness	mean_train_markedness	mean_test_mcc	mean_train_mcc	mean_test_negative_predictive_value	mean_train_negative_predictive_value	mean_test_precision	mean_train_precision	mean_test_precision_recall_auc	mean_train_precision_recall_auc	mean_test_roc_auc	mean_train_roc_auc	mean_test_sensitivity	mean_train_sensitivity	mean_test_specificity	mean_train_specificity
mcc	nan	nan	0.966 ± 0.055020	0.974 ± 0.016767	0.887 ± 0.092479	0.940 ± 0.032589	0.08443 ± 0.053246	0.04906 ± 0.022085	0.869 ± 0.108784	0.935 ± 0.037271	0.775 ± 0.184957	0.880 ± 0.065178	0.3137 ± 0.195437	0.1932 ± 0.069884	0.815 ± 0.165733	0.896 ± 0.057352	0.794 ± 0.173530	0.888 ± 0.061146	0.888 ± 0.115962	0.925 ± 0.036753	0.927 ± 0.132352	0.971 ± 0.027626	0.962 ± 0.060878	0.973 ± 0.016896	0.955 ± 0.076954	0.966 ± 0.022464	0.845 ± 0.161493	0.902 ± 0.052109	0.930 ± 0.131708	0.979 ± 0.019852
precision_recall_auc	nan	nan	0.947 ± 0.071648	0.967 ± 0.019909	0.843 ± 0.131378	0.887 ± 0.088337	0.12022 ± 0.079158	0.06820 ± 0.035822	0.802 ± 0.196786	0.863 ± 0.150235	0.686 ± 0.262755	0.774 ± 0.176675	0.4045 ± 0.254245	0.2278 ± 0.096672	0.736 ± 0.279972	0.790 ± 0.213007	0.713 ± 0.249634	0.785 ± 0.169833	0.852 ± 0.142330	0.881 ± 0.085370	0.884 ± 0.202562	0.909 ± 0.148779	0.940 ± 0.085743	0.967 ± 0.020103	0.937 ± 0.085530	0.964 ± 0.021124	0.775 ± 0.239431	0.831 ± 0.165569	0.911 ± 0.154949	0.943 ± 0.058252
roc_auc	nan	nan	0.949 ± 0.063555	0.963 ± 0.020507	0.835 ± 0.134490	0.867 ± 0.098114	0.12047 ± 0.070486	0.07747 ± 0.035136	0.789 ± 0.216132	0.833 ± 0.187388	0.670 ± 0.268980	0.734 ± 0.196229	0.3998 ± 0.226276	0.2491 ± 0.094836	0.700 ± 0.313233	0.733 ± 0.269910	0.692 ± 0.259626	0.742 ± 0.193490	0.849 ± 0.140568	0.869 ± 0.091788	0.851 ± 0.232526	0.864 ± 0.191378	0.942 ± 0.072523	0.962 ± 0.020713	0.940 ± 0.076650	0.961 ± 0.021143	0.773 ± 0.248031	0.811 ± 0.193581	0.897 ± 0.156951	0.923 ± 0.060619
