	mean_best_threshold_tuning_score	mean_best_threshold	mean_test_average_precision	mean_train_average_precision	mean_test_balanced_accuracy	mean_train_balanced_accuracy	mean_test_brier_loss	mean_train_brier_loss	mean_test_f1	mean_train_f1	mean_test_informedness	mean_train_informedness	mean_test_log_loss	mean_train_log_loss	mean_test_markedness	mean_train_markedness	mean_test_mcc	mean_train_mcc	mean_test_negative_predictive_value	mean_train_negative_predictive_value	mean_test_precision	mean_train_precision	mean_test_precision_recall_auc	mean_train_precision_recall_auc	mean_test_roc_auc	mean_train_roc_auc	mean_test_sensitivity	mean_train_sensitivity	mean_test_specificity	mean_train_specificity
mcc	nan	nan	0.938 ± 0.106930	0.971 ± 0.019186	0.873 ± 0.123904	0.927 ± 0.039347	0.09990 ± 0.072339	0.05820 ± 0.026390	0.849 ± 0.157330	0.919 ± 0.044501	0.746 ± 0.247809	0.853 ± 0.078694	0.3440 ± 0.227059	0.2159 ± 0.079959	0.804 ± 0.216190	0.872 ± 0.071300	0.773 ± 0.231099	0.863 ± 0.074815	0.854 ± 0.127236	0.911 ± 0.045216	0.950 ± 0.132480	0.961 ± 0.032677	0.928 ± 0.131644	0.970 ± 0.019349	0.927 ± 0.102655	0.964 ± 0.024547	0.793 ± 0.197949	0.882 ± 0.061444	0.953 ± 0.125929	0.971 ± 0.024231
precision_recall_auc	nan	nan	0.934 ± 0.095152	0.965 ± 0.021922	0.789 ± 0.154652	0.853 ± 0.143574	0.12459 ± 0.080245	0.07157 ± 0.033573	0.698 ± 0.298079	0.783 ± 0.299636	0.579 ± 0.309305	0.707 ± 0.287148	0.4345 ± 0.375380	0.2404 ± 0.091876	0.578 ± 0.438196	0.671 ± 0.429871	0.603 ± 0.307439	0.716 ± 0.287744	0.805 ± 0.154314	0.854 ± 0.128814	0.773 ± 0.327686	0.817 ± 0.311117	0.923 ± 0.117206	0.965 ± 0.022127	0.931 ± 0.085693	0.962 ± 0.025983	0.672 ± 0.316053	0.758 ± 0.296978	0.907 ± 0.146737	0.949 ± 0.056747
roc_auc	nan	nan	0.929 ± 0.105431	0.963 ± 0.022408	0.809 ± 0.152017	0.856 ± 0.123708	0.12593 ± 0.083623	0.07681 ± 0.036336	0.734 ± 0.284164	0.805 ± 0.250398	0.617 ± 0.304035	0.713 ± 0.247417	0.4391 ± 0.374473	0.2493 ± 0.098936	0.617 ± 0.411983	0.689 ± 0.361518	0.637 ± 0.298808	0.719 ± 0.247316	0.825 ± 0.148683	0.863 ± 0.113993	0.792 ± 0.301644	0.826 ± 0.257551	0.915 ± 0.132443	0.962 ± 0.022629	0.927 ± 0.092276	0.962 ± 0.023373	0.713 ± 0.303121	0.790 ± 0.252127	0.904 ± 0.132033	0.923 ± 0.068438
