	mean_best_threshold_tuning_score	mean_best_threshold	mean_test_average_precision	mean_train_average_precision	mean_test_balanced_accuracy	mean_train_balanced_accuracy	mean_test_brier_loss	mean_train_brier_loss	mean_test_f1	mean_train_f1	mean_test_informedness	mean_train_informedness	mean_test_log_loss	mean_train_log_loss	mean_test_markedness	mean_train_markedness	mean_test_mcc	mean_train_mcc	mean_test_negative_predictive_value	mean_train_negative_predictive_value	mean_test_precision	mean_train_precision	mean_test_precision_recall_auc	mean_train_precision_recall_auc	mean_test_roc_auc	mean_train_roc_auc	mean_test_sensitivity	mean_train_sensitivity	mean_test_specificity	mean_train_specificity
mcc	nan	nan	0.869 ± 0.142647	0.999 ± 0.004091	0.728 ± 0.137817	0.984 ± 0.042927	0.16840 ± 0.081897	0.02959 ± 0.041781	0.621 ± 0.252696	0.981 ± 0.050166	0.456 ± 0.275633	0.968 ± 0.085855	0.5916 ± 0.446489	0.1243 ± 0.133239	0.551 ± 0.361564	0.978 ± 0.057979	0.508 ± 0.278776	0.973 ± 0.072327	0.742 ± 0.137301	0.978 ± 0.057979	0.808 ± 0.301719	1.000 ± 0.000000	0.850 ± 0.168370	0.999 ± 0.004131	0.834 ± 0.177528	0.999 ± 0.004318	0.558 ± 0.286828	0.968 ± 0.085855	0.898 ± 0.166280	1.000 ± 0.000000
precision_recall_auc	nan	nan	0.877 ± 0.139363	1.000 ± 0.001213	0.747 ± 0.153775	0.994 ± 0.030711	0.15895 ± 0.081793	0.02286 ± 0.038335	0.641 ± 0.274346	0.992 ± 0.036345	0.494 ± 0.307551	0.987 ± 0.061421	0.5595 ± 0.394026	0.0968 ± 0.124839	0.563 ± 0.395843	0.991 ± 0.040585	0.539 ± 0.304949	0.989 ± 0.051360	0.749 ± 0.150991	0.991 ± 0.040585	0.813 ± 0.313383	1.000 ± 0.000000	0.860 ± 0.161914	1.000 ± 0.001227	0.842 ± 0.163194	1.000 ± 0.001041	0.578 ± 0.300892	0.987 ± 0.061421	0.916 ± 0.145139	1.000 ± 0.000000
roc_auc	nan	nan	0.859 ± 0.143886	1.000 ± 0.000000	0.734 ± 0.149955	0.998 ± 0.009728	0.16980 ± 0.088136	0.01041 ± 0.019026	0.622 ± 0.269677	0.998 ± 0.010278	0.468 ± 0.299910	0.996 ± 0.019456	0.6644 ± 0.501186	0.0616 ± 0.076482	0.547 ± 0.396787	0.997 ± 0.013978	0.517 ± 0.301999	0.997 ± 0.016740	0.731 ± 0.136135	0.997 ± 0.013978	0.816 ± 0.319296	1.000 ± 0.000000	0.839 ± 0.169512	1.000 ± 0.000000	0.821 ± 0.169802	1.000 ± 0.000000	0.543 ± 0.285337	0.996 ± 0.019456	0.925 ± 0.142946	1.000 ± 0.000000
