	mean_ncv_average_precision	mean_ncv_balanced_accuracy	mean_ncv_brier_loss	mean_ncv_f1	mean_ncv_informedness	mean_ncv_log_loss	mean_ncv_markedness	mean_ncv_mcc	mean_ncv_negative_predictive_value	mean_ncv_precision	mean_ncv_precision_recall_auc	mean_ncv_roc_auc	mean_ncv_sensitivity	mean_ncv_specificity
mcc	0.784 ± 0.063579	0.714 ± 0.045458	0.19755 ± 0.029269	0.662 ± 0.055875	0.427 ± 0.090915	0.8132 ± 0.293362	0.463 ± 0.104429	0.444 ± 0.096511	0.717 ± 0.037547	0.745 ± 0.077972	0.777 ± 0.066143	0.768 ± 0.067240	0.600 ± 0.068293	0.827 ± 0.067079
precision_recall_auc	0.795 ± 0.067046	0.707 ± 0.043323	0.20095 ± 0.029539	0.640 ± 0.058621	0.414 ± 0.086646	0.8691 ± 0.179026	0.483 ± 0.124933	0.447 ± 0.102463	0.702 ± 0.030417	0.782 ± 0.107825	0.789 ± 0.069273	0.761 ± 0.077981	0.550 ± 0.071482	0.864 ± 0.082988
roc_auc	0.764 ± 0.050666	0.696 ± 0.028920	0.21032 ± 0.024389	0.632 ± 0.039050	0.392 ± 0.057840	0.8756 ± 0.178725	0.438 ± 0.080268	0.414 ± 0.066480	0.697 ± 0.022535	0.741 ± 0.068651	0.755 ± 0.054110	0.754 ± 0.060033	0.556 ± 0.052378	0.836 ± 0.053354
