	mean_best_threshold_tuning_score	mean_best_threshold	mean_test_average_precision	mean_train_average_precision	mean_test_balanced_accuracy	mean_train_balanced_accuracy	mean_test_brier_loss	mean_train_brier_loss	mean_test_f1	mean_train_f1	mean_test_informedness	mean_train_informedness	mean_test_log_loss	mean_train_log_loss	mean_test_markedness	mean_train_markedness	mean_test_mcc	mean_train_mcc	mean_test_negative_predictive_value	mean_train_negative_predictive_value	mean_test_precision	mean_train_precision	mean_test_precision_recall_auc	mean_train_precision_recall_auc	mean_test_roc_auc	mean_train_roc_auc	mean_test_sensitivity	mean_train_sensitivity	mean_test_specificity	mean_train_specificity
mcc	nan	nan	0.907 ± 0.107436	0.971 ± 0.020233	0.807 ± 0.130591	0.921 ± 0.039925	0.15448 ± 0.083326	0.08241 ± 0.047720	0.775 ± 0.152909	0.913 ± 0.044296	0.615 ± 0.261182	0.842 ± 0.079850	0.5711 ± 0.359479	0.2861 ± 0.145100	0.665 ± 0.262130	0.850 ± 0.077720	0.638 ± 0.258618	0.846 ± 0.078593	0.827 ± 0.143331	0.920 ± 0.042652	0.839 ± 0.190281	0.929 ± 0.045342	0.898 ± 0.120740	0.971 ± 0.019651	0.887 ± 0.137028	0.968 ± 0.023532	0.762 ± 0.200630	0.899 ± 0.056178	0.853 ± 0.192038	0.943 ± 0.038865
precision_recall_auc	nan	nan	0.910 ± 0.112095	0.971 ± 0.020462	0.821 ± 0.147928	0.909 ± 0.051135	0.13726 ± 0.105483	0.07099 ± 0.037927	0.793 ± 0.164582	0.900 ± 0.057573	0.642 ± 0.295857	0.818 ± 0.102271	0.5450 ± 0.671552	0.2496 ± 0.113336	0.666 ± 0.306339	0.827 ± 0.102661	0.652 ± 0.298654	0.822 ± 0.102305	0.843 ± 0.179192	0.906 ± 0.048348	0.822 ± 0.186768	0.921 ± 0.059957	0.897 ± 0.132418	0.971 ± 0.018559	0.893 ± 0.142270	0.969 ± 0.021175	0.802 ± 0.202654	0.880 ± 0.063176	0.840 ± 0.195615	0.937 ± 0.047894
roc_auc	nan	nan	0.905 ± 0.108799	0.966 ± 0.028592	0.823 ± 0.147619	0.904 ± 0.052701	0.13897 ± 0.111079	0.07428 ± 0.041010	0.799 ± 0.156697	0.895 ± 0.059353	0.647 ± 0.295238	0.809 ± 0.105401	0.5687 ± 0.731972	0.2581 ± 0.122228	0.671 ± 0.304881	0.816 ± 0.107019	0.658 ± 0.297676	0.812 ± 0.106052	0.848 ± 0.180022	0.905 ± 0.048677	0.823 ± 0.184820	0.911 ± 0.064809	0.900 ± 0.120387	0.969 ± 0.020421	0.889 ± 0.141698	0.967 ± 0.022168	0.812 ± 0.193290	0.880 ± 0.063176	0.835 ± 0.201081	0.928 ± 0.052308
