	mean_ncv_average_precision	mean_ncv_balanced_accuracy	mean_ncv_brier_loss	mean_ncv_f1	mean_ncv_informedness	mean_ncv_log_loss	mean_ncv_markedness	mean_ncv_mcc	mean_ncv_negative_predictive_value	mean_ncv_precision	mean_ncv_precision_recall_auc	mean_ncv_roc_auc	mean_ncv_sensitivity	mean_ncv_specificity
mcc	0.763 ± 0.046564	0.795 ± 0.034878	0.16258 ± 0.013781	0.774 ± 0.039538	0.590 ± 0.069757	0.5264 ± 0.053512	0.592 ± 0.069351	0.591 ± 0.069463	0.815 ± 0.034408	0.777 ± 0.040878	0.745 ± 0.053520	0.834 ± 0.026510	0.772 ± 0.048644	0.818 ± 0.037113
precision_recall_auc	0.764 ± 0.054153	0.797 ± 0.016051	0.15775 ± 0.015446	0.777 ± 0.017113	0.595 ± 0.032102	0.5894 ± 0.283247	0.597 ± 0.034279	0.596 ± 0.033138	0.815 ± 0.012403	0.782 ± 0.025587	0.748 ± 0.062955	0.841 ± 0.028662	0.772 ± 0.017568	0.823 ± 0.025802
roc_auc	0.766 ± 0.066629	0.801 ± 0.024351	0.16043 ± 0.016803	0.781 ± 0.026069	0.602 ± 0.048702	0.5220 ± 0.068187	0.602 ± 0.051054	0.602 ± 0.049813	0.822 ± 0.022842	0.780 ± 0.036346	0.748 ± 0.075087	0.839 ± 0.036661	0.783 ± 0.031536	0.818 ± 0.037113
