	mean_best_threshold_tuning_score	mean_best_threshold	mean_test_average_precision	mean_train_average_precision	mean_test_balanced_accuracy	mean_train_balanced_accuracy	mean_test_brier_loss	mean_train_brier_loss	mean_test_f1	mean_train_f1	mean_test_informedness	mean_train_informedness	mean_test_log_loss	mean_train_log_loss	mean_test_markedness	mean_train_markedness	mean_test_mcc	mean_train_mcc	mean_test_negative_predictive_value	mean_train_negative_predictive_value	mean_test_precision	mean_train_precision	mean_test_precision_recall_auc	mean_train_precision_recall_auc	mean_test_roc_auc	mean_train_roc_auc	mean_test_sensitivity	mean_train_sensitivity	mean_test_specificity	mean_train_specificity
mcc	nan	nan	0.890 ± 0.106025	1.000 ± 0.000000	0.829 ± 0.119691	1.000 ± 0.000000	0.14925 ± 0.068227	0.02012 ± 0.003080	0.800 ± 0.143200	1.000 ± 0.000000	0.658 ± 0.239382	1.000 ± 0.000000	0.4770 ± 0.187022	0.1246 ± 0.014942	0.690 ± 0.234080	1.000 ± 0.000000	0.672 ± 0.234049	1.000 ± 0.000000	0.850 ± 0.136553	1.000 ± 0.000000	0.840 ± 0.162711	1.000 ± 0.000000	0.878 ± 0.115970	1.000 ± 0.000000	0.868 ± 0.131113	1.000 ± 0.000000	0.797 ± 0.194278	1.000 ± 0.000000	0.861 ± 0.141165	1.000 ± 0.000000
precision_recall_auc	nan	nan	0.898 ± 0.108822	1.000 ± 0.000000	0.828 ± 0.118466	1.000 ± 0.000000	0.13762 ± 0.068426	0.01879 ± 0.003013	0.800 ± 0.142912	1.000 ± 0.000000	0.655 ± 0.236932	1.000 ± 0.000000	0.4415 ± 0.183353	0.1181 ± 0.013167	0.702 ± 0.228202	1.000 ± 0.000000	0.676 ± 0.229509	1.000 ± 0.000000	0.848 ± 0.129834	1.000 ± 0.000000	0.854 ± 0.171570	1.000 ± 0.000000	0.891 ± 0.112902	1.000 ± 0.000000	0.889 ± 0.121150	1.000 ± 0.000000	0.790 ± 0.192872	1.000 ± 0.000000	0.865 ± 0.164208	1.000 ± 0.000000
roc_auc	nan	nan	0.897 ± 0.115985	1.000 ± 0.000000	0.830 ± 0.120785	1.000 ± 0.000000	0.13897 ± 0.068808	0.01845 ± 0.002840	0.801 ± 0.147201	1.000 ± 0.000000	0.660 ± 0.241570	1.000 ± 0.000000	0.4427 ± 0.177424	0.1163 ± 0.012749	0.698 ± 0.234436	1.000 ± 0.000000	0.677 ± 0.235531	1.000 ± 0.000000	0.842 ± 0.128805	1.000 ± 0.000000	0.856 ± 0.167907	1.000 ± 0.000000	0.883 ± 0.133191	1.000 ± 0.000000	0.881 ± 0.132189	1.000 ± 0.000000	0.785 ± 0.190543	1.000 ± 0.000000	0.875 ± 0.148204	1.000 ± 0.000000
