	mean_ncv_average_precision	mean_ncv_balanced_accuracy	mean_ncv_brier_loss	mean_ncv_f1	mean_ncv_informedness	mean_ncv_log_loss	mean_ncv_markedness	mean_ncv_mcc	mean_ncv_negative_predictive_value	mean_ncv_precision	mean_ncv_precision_recall_auc	mean_ncv_roc_auc	mean_ncv_sensitivity	mean_ncv_specificity
mcc	0.777 ± 0.077265	0.702 ± 0.055229	0.18886 ± 0.024352	0.665 ± 0.062082	0.404 ± 0.110457	0.5693 ± 0.075767	0.411 ± 0.115327	0.407 ± 0.112835	0.723 ± 0.045524	0.688 ± 0.071842	0.772 ± 0.078182	0.787 ± 0.052187	0.644 ± 0.059720	0.759 ± 0.060795
precision_recall_auc	0.783 ± 0.075543	0.710 ± 0.055402	0.18392 ± 0.027561	0.674 ± 0.065408	0.419 ± 0.110805	0.5539 ± 0.077582	0.426 ± 0.112876	0.422 ± 0.111729	0.731 ± 0.050363	0.694 ± 0.066151	0.776 ± 0.079637	0.798 ± 0.060160	0.656 ± 0.073142	0.764 ± 0.051604
roc_auc	0.793 ± 0.050614	0.723 ± 0.054513	0.18066 ± 0.021087	0.690 ± 0.066792	0.446 ± 0.109027	0.5418 ± 0.054269	0.450 ± 0.105589	0.448 ± 0.107302	0.746 ± 0.054178	0.703 ± 0.052724	0.787 ± 0.052546	0.803 ± 0.044384	0.678 ± 0.081985	0.768 ± 0.033539
