	mean_ncv_average_precision	mean_ncv_balanced_accuracy	mean_ncv_brier_loss	mean_ncv_f1	mean_ncv_informedness	mean_ncv_log_loss	mean_ncv_markedness	mean_ncv_mcc	mean_ncv_negative_predictive_value	mean_ncv_precision	mean_ncv_precision_recall_auc	mean_ncv_roc_auc	mean_ncv_sensitivity	mean_ncv_specificity
mcc	0.729 ± 0.048964	0.777 ± 0.048058	0.18767 ± 0.015556	0.761 ± 0.054286	0.555 ± 0.096116	0.5791 ± 0.047519	0.552 ± 0.094470	0.553 ± 0.095270	0.825 ± 0.059774	0.727 ± 0.040698	0.712 ± 0.057219	0.779 ± 0.034300	0.800 ± 0.079436	0.755 ± 0.038331
precision_recall_auc	0.691 ± 0.072486	0.744 ± 0.056494	0.19892 ± 0.020960	0.717 ± 0.078730	0.488 ± 0.112988	0.6066 ± 0.066275	0.492 ± 0.101966	0.490 ± 0.107523	0.782 ± 0.063429	0.710 ± 0.052873	0.671 ± 0.079794	0.747 ± 0.057404	0.733 ± 0.119441	0.755 ± 0.064993
roc_auc	0.687 ± 0.052585	0.755 ± 0.038195	0.19764 ± 0.018617	0.739 ± 0.037766	0.510 ± 0.076389	0.6048 ± 0.063265	0.508 ± 0.077803	0.509 ± 0.077069	0.801 ± 0.034378	0.707 ± 0.054255	0.666 ± 0.057574	0.754 ± 0.042923	0.778 ± 0.045361	0.732 ± 0.065870
