	mean_best_threshold_tuning_score	mean_best_threshold	mean_test_average_precision	mean_train_average_precision	mean_test_balanced_accuracy	mean_train_balanced_accuracy	mean_test_brier_loss	mean_train_brier_loss	mean_test_f1	mean_train_f1	mean_test_informedness	mean_train_informedness	mean_test_log_loss	mean_train_log_loss	mean_test_markedness	mean_train_markedness	mean_test_mcc	mean_train_mcc	mean_test_negative_predictive_value	mean_train_negative_predictive_value	mean_test_precision	mean_train_precision	mean_test_precision_recall_auc	mean_train_precision_recall_auc	mean_test_roc_auc	mean_train_roc_auc	mean_test_sensitivity	mean_train_sensitivity	mean_test_specificity	mean_train_specificity
mcc	nan	nan	0.839 ± 0.151143	0.941 ± 0.054213	0.777 ± 0.137888	0.882 ± 0.061413	0.18058 ± 0.077422	0.08648 ± 0.048483	0.741 ± 0.163550	0.873 ± 0.063124	0.554 ± 0.275776	0.763 ± 0.122826	0.5978 ± 0.309223	0.3001 ± 0.138169	0.582 ± 0.305042	0.765 ± 0.125108	0.571 ± 0.272736	0.764 ± 0.123865	0.804 ± 0.195326	0.907 ± 0.043846	0.779 ± 0.191723	0.858 ± 0.092138	0.812 ± 0.183372	0.940 ± 0.054859	0.818 ± 0.161940	0.935 ± 0.058842	0.763 ± 0.227353	0.892 ± 0.047941	0.791 ± 0.210609	0.871 ± 0.094297
precision_recall_auc	nan	nan	0.855 ± 0.139939	0.949 ± 0.083763	0.730 ± 0.174624	0.883 ± 0.173085	0.17925 ± 0.083998	0.05766 ± 0.059187	0.616 ± 0.315925	0.799 ± 0.354913	0.460 ± 0.349247	0.766 ± 0.346171	0.6064 ± 0.353560	0.2104 ± 0.173301	0.417 ± 0.484038	0.699 ± 0.509856	0.474 ± 0.350645	0.768 ± 0.346776	0.758 ± 0.193333	0.889 ± 0.153185	0.659 ± 0.342431	0.810 ± 0.359057	0.833 ± 0.163871	0.948 ± 0.085848	0.830 ± 0.161889	0.952 ± 0.067418	0.617 ± 0.347489	0.790 ± 0.352058	0.843 ± 0.181830	0.976 ± 0.031977
roc_auc	nan	nan	0.833 ± 0.132196	0.940 ± 0.085106	0.728 ± 0.169659	0.865 ± 0.167431	0.19515 ± 0.079414	0.06785 ± 0.055864	0.612 ± 0.314189	0.780 ± 0.347478	0.457 ± 0.339317	0.731 ± 0.334861	0.6441 ± 0.319009	0.2425 ± 0.163913	0.416 ± 0.469276	0.663 ± 0.500138	0.470 ± 0.343473	0.733 ± 0.335570	0.758 ± 0.179381	0.875 ± 0.150965	0.659 ± 0.346136	0.788 ± 0.351711	0.808 ± 0.157256	0.939 ± 0.087408	0.804 ± 0.149029	0.943 ± 0.066396	0.607 ± 0.339668	0.775 ± 0.345490	0.850 ± 0.176705	0.956 ± 0.055588
