	mean_ncv_average_precision	mean_ncv_balanced_accuracy	mean_ncv_brier_loss	mean_ncv_f1	mean_ncv_informedness	mean_ncv_log_loss	mean_ncv_markedness	mean_ncv_mcc	mean_ncv_negative_predictive_value	mean_ncv_precision	mean_ncv_precision_recall_auc	mean_ncv_roc_auc	mean_ncv_sensitivity	mean_ncv_specificity
mcc	0.777 ± 0.034346	0.793 ± 0.044106	0.16783 ± 0.016594	0.774 ± 0.045618	0.587 ± 0.088213	0.5191 ± 0.038095	0.589 ± 0.089931	0.588 ± 0.089038	0.816 ± 0.036597	0.772 ± 0.060023	0.767 ± 0.037210	0.806 ± 0.029612	0.778 ± 0.045361	0.809 ± 0.063564
precision_recall_auc	0.796 ± 0.037378	0.760 ± 0.040883	0.16845 ± 0.018671	0.733 ± 0.053194	0.520 ± 0.081765	0.5149 ± 0.046842	0.524 ± 0.074900	0.522 ± 0.078137	0.786 ± 0.050287	0.738 ± 0.038553	0.788 ± 0.039403	0.827 ± 0.043398	0.733 ± 0.086066	0.786 ± 0.043122
roc_auc	0.799 ± 0.055679	0.774 ± 0.032190	0.16877 ± 0.014439	0.752 ± 0.036754	0.547 ± 0.064379	0.5178 ± 0.035734	0.549 ± 0.062961	0.548 ± 0.063449	0.803 ± 0.038386	0.746 ± 0.038251	0.790 ± 0.062063	0.820 ± 0.037742	0.761 ± 0.058853	0.786 ± 0.043122
