	mean_best_threshold_tuning_score	mean_best_threshold	mean_test_average_precision	mean_train_average_precision	mean_test_balanced_accuracy	mean_train_balanced_accuracy	mean_test_brier_loss	mean_train_brier_loss	mean_test_f1	mean_train_f1	mean_test_informedness	mean_train_informedness	mean_test_log_loss	mean_train_log_loss	mean_test_markedness	mean_train_markedness	mean_test_mcc	mean_train_mcc	mean_test_negative_predictive_value	mean_train_negative_predictive_value	mean_test_precision	mean_train_precision	mean_test_precision_recall_auc	mean_train_precision_recall_auc	mean_test_roc_auc	mean_train_roc_auc	mean_test_sensitivity	mean_train_sensitivity	mean_test_specificity	mean_train_specificity
mcc	nan	nan	0.881 ± 0.092515	0.979 ± 0.031106	0.796 ± 0.132364	0.912 ± 0.053097	0.16783 ± 0.059805	0.07451 ± 0.029357	0.769 ± 0.148600	0.903 ± 0.058902	0.593 ± 0.264729	0.824 ± 0.106194	0.5191 ± 0.141722	0.2855 ± 0.080788	0.623 ± 0.266711	0.826 ± 0.104654	0.606 ± 0.263138	0.825 ± 0.105355	0.827 ± 0.146538	0.916 ± 0.052169	0.796 ± 0.181992	0.910 ± 0.058084	0.866 ± 0.104503	0.979 ± 0.032774	0.848 ± 0.123681	0.982 ± 0.027648	0.782 ± 0.194080	0.896 ± 0.065709	0.811 ± 0.175339	0.927 ± 0.046972
precision_recall_auc	nan	nan	0.871 ± 0.121031	0.975 ± 0.092798	0.761 ± 0.161375	0.956 ± 0.084996	0.16845 ± 0.061758	0.05592 ± 0.048371	0.721 ± 0.207024	0.942 ± 0.148598	0.522 ± 0.322751	0.911 ± 0.169992	0.5149 ± 0.150109	0.2384 ± 0.129507	0.543 ± 0.353242	0.904 ± 0.220486	0.536 ± 0.323808	0.912 ± 0.169362	0.797 ± 0.170169	0.959 ± 0.077003	0.746 ± 0.228542	0.945 ± 0.148114	0.853 ± 0.137689	0.974 ± 0.095636	0.839 ± 0.165645	0.973 ± 0.115720	0.733 ± 0.241640	0.939 ± 0.150778	0.789 ± 0.200074	0.972 ± 0.046988
roc_auc	nan	nan	0.875 ± 0.106582	0.988 ± 0.023681	0.774 ± 0.133327	0.952 ± 0.056705	0.16877 ± 0.060743	0.05405 ± 0.037215	0.743 ± 0.157024	0.947 ± 0.063340	0.547 ± 0.266653	0.905 ± 0.113410	0.5178 ± 0.149744	0.2320 ± 0.105691	0.579 ± 0.271776	0.906 ± 0.112271	0.562 ± 0.266644	0.905 ± 0.112804	0.814 ± 0.144037	0.957 ± 0.052429	0.765 ± 0.182935	0.949 ± 0.063003	0.857 ± 0.124193	0.988 ± 0.024719	0.845 ± 0.133620	0.990 ± 0.021302	0.758 ± 0.200092	0.945 ± 0.066980	0.789 ± 0.173290	0.960 ± 0.050509
