	mean_ncv_average_precision	mean_ncv_balanced_accuracy	mean_ncv_brier_loss	mean_ncv_f1	mean_ncv_informedness	mean_ncv_log_loss	mean_ncv_markedness	mean_ncv_mcc	mean_ncv_negative_predictive_value	mean_ncv_precision	mean_ncv_precision_recall_auc	mean_ncv_roc_auc	mean_ncv_sensitivity	mean_ncv_specificity
mcc	0.640 ± 0.085708	0.633 ± 0.046323	0.22985 ± 0.021230	0.608 ± 0.047237	0.265 ± 0.092646	0.6675 ± 0.063165	0.267 ± 0.093015	0.266 ± 0.092797	0.678 ± 0.042188	0.589 ± 0.056613	0.620 ± 0.094532	0.678 ± 0.067335	0.633 ± 0.070273	0.632 ± 0.092038
precision_recall_auc	0.583 ± 0.067815	0.572 ± 0.047349	0.24237 ± 0.016902	0.469 ± 0.106492	0.145 ± 0.094698	0.6915 ± 0.047290	0.163 ± 0.108683	0.153 ± 0.100486	0.608 ± 0.038371	0.554 ± 0.077290	0.571 ± 0.074091	0.609 ± 0.064061	0.422 ± 0.139074	0.723 ± 0.094500
roc_auc	0.617 ± 0.072736	0.586 ± 0.052748	0.23913 ± 0.017997	0.504 ± 0.090763	0.171 ± 0.105497	0.6825 ± 0.051434	0.187 ± 0.112753	0.178 ± 0.108030	0.621 ± 0.047949	0.565 ± 0.073483	0.606 ± 0.074862	0.630 ± 0.060948	0.467 ± 0.126144	0.705 ± 0.083677
