	mean_best_threshold_tuning_score	mean_best_threshold	mean_test_average_precision	mean_train_average_precision	mean_test_balanced_accuracy	mean_train_balanced_accuracy	mean_test_brier_loss	mean_train_brier_loss	mean_test_f1	mean_train_f1	mean_test_informedness	mean_train_informedness	mean_test_log_loss	mean_train_log_loss	mean_test_markedness	mean_train_markedness	mean_test_mcc	mean_train_mcc	mean_test_negative_predictive_value	mean_train_negative_predictive_value	mean_test_precision	mean_train_precision	mean_test_precision_recall_auc	mean_train_precision_recall_auc	mean_test_roc_auc	mean_train_roc_auc	mean_test_sensitivity	mean_train_sensitivity	mean_test_specificity	mean_train_specificity
mcc	nan	nan	0.828 ± 0.118945	0.941 ± 0.054213	0.636 ± 0.155837	0.882 ± 0.061413	0.22737 ± 0.078674	0.08648 ± 0.048483	0.636 ± 0.157899	0.873 ± 0.063124	0.271 ± 0.311674	0.763 ± 0.122826	0.6715 ± 0.230128	0.3001 ± 0.138169	0.302 ± 0.378500	0.765 ± 0.125108	0.293 ± 0.320579	0.764 ± 0.123865	0.715 ± 0.266418	0.907 ± 0.043846	0.587 ± 0.194644	0.858 ± 0.092138	0.805 ± 0.135714	0.940 ± 0.054859	0.783 ± 0.156636	0.935 ± 0.058842	0.770 ± 0.228100	0.892 ± 0.047941	0.501 ± 0.284370	0.871 ± 0.094297
precision_recall_auc	nan	nan	0.794 ± 0.164926	0.949 ± 0.083763	0.644 ± 0.145058	0.883 ± 0.173085	0.22604 ± 0.077196	0.05766 ± 0.059187	0.549 ± 0.283979	0.799 ± 0.354913	0.287 ± 0.290116	0.766 ± 0.346171	0.7095 ± 0.300611	0.2104 ± 0.173301	0.249 ± 0.414817	0.699 ± 0.509856	0.303 ± 0.293611	0.768 ± 0.346776	0.741 ± 0.191011	0.889 ± 0.153185	0.508 ± 0.280614	0.810 ± 0.359057	0.760 ± 0.198022	0.948 ± 0.085848	0.761 ± 0.177411	0.952 ± 0.067418	0.643 ± 0.348320	0.790 ± 0.352058	0.644 ± 0.259245	0.976 ± 0.031977
roc_auc	nan	nan	0.802 ± 0.152482	0.940 ± 0.085106	0.642 ± 0.151050	0.865 ± 0.167431	0.23143 ± 0.088976	0.06785 ± 0.055864	0.550 ± 0.290371	0.780 ± 0.347478	0.284 ± 0.302099	0.731 ± 0.334861	0.7102 ± 0.283001	0.2425 ± 0.163913	0.238 ± 0.432465	0.663 ± 0.500138	0.299 ± 0.305307	0.733 ± 0.335570	0.723 ± 0.216372	0.875 ± 0.150965	0.515 ± 0.291394	0.788 ± 0.351711	0.771 ± 0.183744	0.939 ± 0.087408	0.767 ± 0.166493	0.943 ± 0.066396	0.642 ± 0.358430	0.775 ± 0.345490	0.642 ± 0.285600	0.956 ± 0.055588
