	mean_best_threshold_tuning_score	mean_best_threshold	mean_test_average_precision	mean_train_average_precision	mean_test_balanced_accuracy	mean_train_balanced_accuracy	mean_test_brier_loss	mean_train_brier_loss	mean_test_f1	mean_train_f1	mean_test_informedness	mean_train_informedness	mean_test_log_loss	mean_train_log_loss	mean_test_markedness	mean_train_markedness	mean_test_mcc	mean_train_mcc	mean_test_negative_predictive_value	mean_train_negative_predictive_value	mean_test_precision	mean_train_precision	mean_test_precision_recall_auc	mean_train_precision_recall_auc	mean_test_roc_auc	mean_train_roc_auc	mean_test_sensitivity	mean_train_sensitivity	mean_test_specificity	mean_train_specificity
mcc	nan	nan	0.918 ± 0.093595	0.958 ± 0.027164	0.808 ± 0.118139	0.905 ± 0.043231	0.13615 ± 0.068567	0.08888 ± 0.022027	0.769 ± 0.150959	0.894 ± 0.049185	0.616 ± 0.236278	0.809 ± 0.086461	0.4504 ± 0.264192	0.3041 ± 0.061821	0.683 ± 0.224681	0.843 ± 0.078984	0.646 ± 0.226800	0.826 ± 0.081824	0.807 ± 0.127760	0.883 ± 0.049966	0.876 ± 0.166774	0.960 ± 0.050670	0.906 ± 0.110025	0.957 ± 0.027465	0.895 ± 0.122023	0.945 ± 0.039820	0.725 ± 0.201504	0.840 ± 0.072418	0.891 ± 0.156064	0.970 ± 0.041385
precision_recall_auc	nan	nan	0.940 ± 0.079831	0.952 ± 0.026077	0.791 ± 0.128570	0.830 ± 0.092598	0.13321 ± 0.065430	0.09274 ± 0.023061	0.715 ± 0.223231	0.779 ± 0.162200	0.582 ± 0.257139	0.659 ± 0.185197	0.4574 ± 0.350136	0.3054 ± 0.061254	0.680 ± 0.284413	0.748 ± 0.192036	0.632 ± 0.234555	0.704 ± 0.160539	0.788 ± 0.147865	0.805 ± 0.098830	0.892 ± 0.226785	0.943 ± 0.146536	0.931 ± 0.094257	0.951 ± 0.026495	0.928 ± 0.100910	0.951 ± 0.026450	0.650 ± 0.277664	0.687 ± 0.200112	0.932 ± 0.139883	0.972 ± 0.044794
roc_auc	nan	nan	0.949 ± 0.071110	0.948 ± 0.021991	0.798 ± 0.130981	0.825 ± 0.071437	0.12311 ± 0.062649	0.09842 ± 0.023310	0.727 ± 0.223798	0.782 ± 0.108367	0.597 ± 0.261963	0.650 ± 0.142874	0.4257 ± 0.346768	0.3179 ± 0.062163	0.687 ± 0.277521	0.750 ± 0.076547	0.643 ± 0.239552	0.696 ± 0.108852	0.792 ± 0.141866	0.802 ± 0.085652	0.895 ± 0.228458	0.949 ± 0.069083	0.941 ± 0.085905	0.947 ± 0.022352	0.941 ± 0.078323	0.947 ± 0.022096	0.665 ± 0.273804	0.691 ± 0.168384	0.932 ± 0.148722	0.960 ± 0.058109
