	mean_best_threshold_tuning_score	mean_best_threshold	mean_test_average_precision	mean_train_average_precision	mean_test_balanced_accuracy	mean_train_balanced_accuracy	mean_test_brier_loss	mean_train_brier_loss	mean_test_f1	mean_train_f1	mean_test_informedness	mean_train_informedness	mean_test_log_loss	mean_train_log_loss	mean_test_markedness	mean_train_markedness	mean_test_mcc	mean_train_mcc	mean_test_negative_predictive_value	mean_train_negative_predictive_value	mean_test_precision	mean_train_precision	mean_test_precision_recall_auc	mean_train_precision_recall_auc	mean_test_roc_auc	mean_train_roc_auc	mean_test_sensitivity	mean_train_sensitivity	mean_test_specificity	mean_train_specificity
mcc	nan	nan	0.952 ± 0.066684	0.991 ± 0.015238	0.876 ± 0.100701	0.947 ± 0.051894	0.09674 ± 0.060623	0.03280 ± 0.032607	0.848 ± 0.131583	0.941 ± 0.058072	0.752 ± 0.201402	0.894 ± 0.103789	0.3189 ± 0.156670	0.1331 ± 0.097777	0.831 ± 0.143278	0.916 ± 0.084539	0.789 ± 0.172265	0.905 ± 0.094124	0.847 ± 0.117496	0.929 ± 0.067744	0.984 ± 0.079179	0.987 ± 0.023246	0.946 ± 0.075734	0.991 ± 0.015372	0.941 ± 0.081425	0.990 ± 0.018792	0.770 ± 0.189402	0.903 ± 0.092741	0.982 ± 0.089648	0.991 ± 0.016535
precision_recall_auc	nan	nan	0.952 ± 0.064999	0.987 ± 0.015930	0.773 ± 0.156845	0.844 ± 0.143921	0.10752 ± 0.059420	0.04064 ± 0.038069	0.648 ± 0.312623	0.769 ± 0.284173	0.547 ± 0.313690	0.688 ± 0.287842	0.3393 ± 0.155009	0.1451 ± 0.111950	0.610 ± 0.442699	0.715 ± 0.406969	0.601 ± 0.303031	0.722 ± 0.279603	0.755 ± 0.144334	0.821 ± 0.135690	0.855 ± 0.350255	0.895 ± 0.301697	0.945 ± 0.074144	0.987 ± 0.016084	0.940 ± 0.086724	0.987 ± 0.017448	0.552 ± 0.314921	0.691 ± 0.289031	0.995 ± 0.035355	0.996 ± 0.012129
roc_auc	nan	nan	0.952 ± 0.064722	0.984 ± 0.016921	0.777 ± 0.145465	0.859 ± 0.136386	0.11088 ± 0.058393	0.04828 ± 0.041984	0.669 ± 0.279784	0.799 ± 0.245975	0.555 ± 0.290930	0.719 ± 0.272772	0.3477 ± 0.149099	0.1663 ± 0.119836	0.646 ± 0.387525	0.774 ± 0.335622	0.613 ± 0.276045	0.757 ± 0.252868	0.758 ± 0.133568	0.836 ± 0.139260	0.888 ± 0.304729	0.938 ± 0.239585	0.945 ± 0.074043	0.983 ± 0.017095	0.943 ± 0.082845	0.984 ± 0.016331	0.565 ± 0.288817	0.720 ± 0.273299	0.990 ± 0.049487	0.999 ± 0.007331
