	mean_best_threshold_tuning_score	mean_best_threshold	mean_test_average_precision	mean_train_average_precision	mean_test_balanced_accuracy	mean_train_balanced_accuracy	mean_test_brier_loss	mean_train_brier_loss	mean_test_f1	mean_train_f1	mean_test_informedness	mean_train_informedness	mean_test_log_loss	mean_train_log_loss	mean_test_markedness	mean_train_markedness	mean_test_mcc	mean_train_mcc	mean_test_negative_predictive_value	mean_train_negative_predictive_value	mean_test_precision	mean_train_precision	mean_test_precision_recall_auc	mean_train_precision_recall_auc	mean_test_roc_auc	mean_train_roc_auc	mean_test_sensitivity	mean_train_sensitivity	mean_test_specificity	mean_train_specificity
mcc	nan	nan	0.955 ± 0.061826	0.985 ± 0.020290	0.869 ± 0.104008	0.943 ± 0.057824	0.08975 ± 0.051399	0.03967 ± 0.037798	0.837 ± 0.142277	0.937 ± 0.065228	0.739 ± 0.208015	0.887 ± 0.115648	0.3062 ± 0.135471	0.1549 ± 0.112389	0.827 ± 0.143983	0.909 ± 0.093132	0.779 ± 0.176834	0.898 ± 0.104427	0.843 ± 0.118983	0.927 ± 0.074411	0.984 ± 0.079179	0.983 ± 0.024266	0.950 ± 0.069435	0.984 ± 0.020457	0.941 ± 0.078300	0.982 ± 0.026716	0.757 ± 0.197662	0.899 ± 0.103392	0.982 ± 0.089648	0.988 ± 0.017072
precision_recall_auc	nan	nan	0.949 ± 0.062281	0.984 ± 0.016902	0.765 ± 0.152167	0.828 ± 0.156565	0.10057 ± 0.053997	0.04380 ± 0.035933	0.634 ± 0.308044	0.735 ± 0.311922	0.530 ± 0.304334	0.656 ± 0.313131	0.3282 ± 0.140329	0.1538 ± 0.104629	0.602 ± 0.443377	0.686 ± 0.435862	0.589 ± 0.294995	0.694 ± 0.302928	0.742 ± 0.141535	0.808 ± 0.142336	0.860 ± 0.350510	0.878 ± 0.327621	0.943 ± 0.069838	0.984 ± 0.017067	0.931 ± 0.082122	0.984 ± 0.017949	0.530 ± 0.304334	0.657 ± 0.313836	1.000 ± 0.000000	0.999 ± 0.007331
roc_auc	nan	nan	0.947 ± 0.062904	0.982 ± 0.017841	0.778 ± 0.149828	0.842 ± 0.145521	0.10632 ± 0.055363	0.04917 ± 0.038510	0.662 ± 0.287551	0.767 ± 0.272506	0.556 ± 0.299655	0.683 ± 0.291043	0.3393 ± 0.140363	0.1693 ± 0.108952	0.650 ± 0.386873	0.739 ± 0.373204	0.615 ± 0.281196	0.725 ± 0.272948	0.756 ± 0.143440	0.820 ± 0.141049	0.893 ± 0.304464	0.919 ± 0.273835	0.941 ± 0.070462	0.982 ± 0.018024	0.930 ± 0.082755	0.983 ± 0.017374	0.560 ± 0.299773	0.684 ± 0.291445	0.996 ± 0.028284	0.999 ± 0.005238
