	mean_ncv_average_precision	mean_ncv_balanced_accuracy	mean_ncv_brier_loss	mean_ncv_f1	mean_ncv_informedness	mean_ncv_log_loss	mean_ncv_markedness	mean_ncv_mcc	mean_ncv_negative_predictive_value	mean_ncv_precision	mean_ncv_precision_recall_auc	mean_ncv_roc_auc	mean_ncv_sensitivity	mean_ncv_specificity
mcc	0.939 ± 0.013136	0.869 ± 0.026297	0.08975 ± 0.009138	0.850 ± 0.032744	0.737 ± 0.052594	0.3062 ± 0.021728	0.807 ± 0.057766	0.771 ± 0.052937	0.832 ± 0.025679	0.975 ± 0.052705	0.938 ± 0.013439	0.919 ± 0.018549	0.756 ± 0.046849	0.982 ± 0.038331
precision_recall_auc	0.929 ± 0.006679	0.764 ± 0.072020	0.10057 ± 0.006684	0.680 ± 0.127014	0.528 ± 0.144040	0.3282 ± 0.015959	0.726 ± 0.062084	0.616 ± 0.112393	0.726 ± 0.062084	1.000 ± 0.000000	0.927 ± 0.006866	0.911 ± 0.013312	0.528 ± 0.144040	1.000 ± 0.000000
roc_auc	0.926 ± 0.009335	0.778 ± 0.070755	0.10632 ± 0.010093	0.706 ± 0.121383	0.557 ± 0.141510	0.3393 ± 0.020636	0.732 ± 0.062287	0.636 ± 0.108554	0.740 ± 0.062727	0.992 ± 0.024325	0.924 ± 0.009599	0.911 ± 0.014258	0.561 ± 0.144516	0.995 ± 0.014374
