	mean_best_threshold_tuning_score	mean_best_threshold	mean_test_average_precision	mean_train_average_precision	mean_test_balanced_accuracy	mean_train_balanced_accuracy	mean_test_brier_loss	mean_train_brier_loss	mean_test_f1	mean_train_f1	mean_test_informedness	mean_train_informedness	mean_test_log_loss	mean_train_log_loss	mean_test_markedness	mean_train_markedness	mean_test_mcc	mean_train_mcc	mean_test_negative_predictive_value	mean_train_negative_predictive_value	mean_test_precision	mean_train_precision	mean_test_precision_recall_auc	mean_train_precision_recall_auc	mean_test_roc_auc	mean_train_roc_auc	mean_test_sensitivity	mean_train_sensitivity	mean_test_specificity	mean_train_specificity
mcc	nan	nan	0.934 ± 0.077193	0.986 ± 0.014405	0.832 ± 0.110699	0.937 ± 0.046230	0.12047 ± 0.076628	0.04002 ± 0.027641	0.797 ± 0.139728	0.931 ± 0.052807	0.663 ± 0.221398	0.874 ± 0.092460	0.3818 ± 0.223399	0.1515 ± 0.086730	0.727 ± 0.197816	0.901 ± 0.071726	0.692 ± 0.206250	0.888 ± 0.082064	0.836 ± 0.130664	0.917 ± 0.058636	0.891 ± 0.156608	0.985 ± 0.022357	0.923 ± 0.103885	0.986 ± 0.014528	0.918 ± 0.097235	0.986 ± 0.015128	0.765 ± 0.199695	0.885 ± 0.084665	0.898 ± 0.156153	0.989 ± 0.016015
precision_recall_auc	nan	nan	0.940 ± 0.079227	0.988 ± 0.017983	0.761 ± 0.164134	0.887 ± 0.169180	0.12371 ± 0.066376	0.02991 ± 0.036535	0.634 ± 0.335800	0.810 ± 0.339127	0.522 ± 0.328268	0.773 ± 0.338360	0.3798 ± 0.186774	0.1063 ± 0.112144	0.509 ± 0.483683	0.724 ± 0.490795	0.551 ± 0.328799	0.780 ± 0.336902	0.775 ± 0.162344	0.887 ± 0.155469	0.734 ± 0.380661	0.837 ± 0.344130	0.933 ± 0.088484	0.988 ± 0.018131	0.928 ± 0.096242	0.988 ± 0.019616	0.600 ± 0.351946	0.791 ± 0.339040	0.922 ± 0.145040	0.982 ± 0.036128
roc_auc	nan	nan	0.943 ± 0.074957	0.991 ± 0.014973	0.767 ± 0.153908	0.915 ± 0.151681	0.11826 ± 0.064169	0.02312 ± 0.032165	0.651 ± 0.307129	0.859 ± 0.298876	0.533 ± 0.307816	0.829 ± 0.303362	0.3610 ± 0.178667	0.0836 ± 0.100674	0.549 ± 0.442163	0.797 ± 0.431812	0.567 ± 0.307286	0.836 ± 0.300450	0.763 ± 0.150776	0.912 ± 0.141759	0.786 ± 0.353217	0.885 ± 0.300128	0.936 ± 0.084174	0.991 ± 0.015090	0.933 ± 0.090591	0.991 ± 0.015376	0.593 ± 0.317498	0.840 ± 0.301951	0.940 ± 0.120374	0.989 ± 0.026971
