	mean_ncv_average_precision	mean_ncv_balanced_accuracy	mean_ncv_brier_loss	mean_ncv_f1	mean_ncv_informedness	mean_ncv_log_loss	mean_ncv_markedness	mean_ncv_mcc	mean_ncv_negative_predictive_value	mean_ncv_precision	mean_ncv_precision_recall_auc	mean_ncv_roc_auc	mean_ncv_sensitivity	mean_ncv_specificity
mcc	0.921 ± 0.028365	0.886 ± 0.032448	0.10083 ± 0.019388	0.874 ± 0.036515	0.773 ± 0.064897	0.3393 ± 0.059213	0.784 ± 0.063561	0.778 ± 0.064053	0.883 ± 0.033686	0.900 ± 0.037429	0.918 ± 0.029417	0.920 ± 0.032931	0.850 ± 0.045737	0.923 ± 0.030679
precision_recall_auc	0.917 ± 0.023665	0.861 ± 0.029708	0.10993 ± 0.014617	0.845 ± 0.033927	0.721 ± 0.059416	0.3725 ± 0.059362	0.737 ± 0.060049	0.729 ± 0.058891	0.859 ± 0.033481	0.878 ± 0.049181	0.914 ± 0.024509	0.915 ± 0.026730	0.817 ± 0.052705	0.905 ± 0.045201
roc_auc	0.916 ± 0.021295	0.865 ± 0.026968	0.10778 ± 0.010652	0.848 ± 0.031788	0.729 ± 0.053935	0.3617 ± 0.041796	0.748 ± 0.050499	0.739 ± 0.051654	0.857 ± 0.029988	0.891 ± 0.034008	0.914 ± 0.022375	0.916 ± 0.016911	0.811 ± 0.046849	0.918 ± 0.028748
