	mean_best_threshold_tuning_score	mean_best_threshold	mean_test_average_precision	mean_train_average_precision	mean_test_balanced_accuracy	mean_train_balanced_accuracy	mean_test_brier_loss	mean_train_brier_loss	mean_test_f1	mean_train_f1	mean_test_informedness	mean_train_informedness	mean_test_log_loss	mean_train_log_loss	mean_test_markedness	mean_train_markedness	mean_test_mcc	mean_train_mcc	mean_test_negative_predictive_value	mean_train_negative_predictive_value	mean_test_precision	mean_train_precision	mean_test_precision_recall_auc	mean_train_precision_recall_auc	mean_test_roc_auc	mean_train_roc_auc	mean_test_sensitivity	mean_train_sensitivity	mean_test_specificity	mean_train_specificity
mcc	nan	nan	0.907 ± 0.113081	0.972 ± 0.012456	0.855 ± 0.119643	0.926 ± 0.033614	0.13215 ± 0.055488	0.07458 ± 0.019090	0.835 ± 0.135218	0.919 ± 0.037730	0.709 ± 0.239287	0.851 ± 0.067228	0.4417 ± 0.141457	0.2837 ± 0.056841	0.729 ± 0.229093	0.867 ± 0.065532	0.718 ± 0.233156	0.859 ± 0.066112	0.888 ± 0.122892	0.913 ± 0.033878	0.841 ± 0.172981	0.954 ± 0.038817	0.892 ± 0.138522	0.972 ± 0.012551	0.897 ± 0.124323	0.968 ± 0.014914	0.858 ± 0.163447	0.886 ± 0.046050	0.851 ± 0.178283	0.965 ± 0.031366
precision_recall_auc	nan	nan	0.938 ± 0.076870	0.969 ± 0.013092	0.849 ± 0.114554	0.919 ± 0.034052	0.12580 ± 0.052847	0.08081 ± 0.020290	0.830 ± 0.132280	0.911 ± 0.038147	0.698 ± 0.229108	0.838 ± 0.068103	0.4298 ± 0.170751	0.3000 ± 0.062357	0.728 ± 0.221994	0.856 ± 0.064991	0.712 ± 0.224116	0.847 ± 0.066272	0.878 ± 0.118878	0.905 ± 0.036174	0.850 ± 0.170417	0.950 ± 0.036912	0.931 ± 0.091528	0.968 ± 0.013136	0.924 ± 0.088835	0.964 ± 0.015006	0.840 ± 0.163958	0.876 ± 0.049318	0.858 ± 0.173605	0.962 ± 0.030504
roc_auc	nan	nan	0.933 ± 0.079019	0.968 ± 0.012655	0.849 ± 0.108021	0.904 ± 0.036412	0.12688 ± 0.052141	0.08414 ± 0.017535	0.828 ± 0.126648	0.894 ± 0.041009	0.698 ± 0.216041	0.808 ± 0.072824	0.4283 ± 0.167436	0.3086 ± 0.051758	0.723 ± 0.213676	0.826 ± 0.071992	0.710 ± 0.213386	0.817 ± 0.072137	0.878 ± 0.118878	0.893 ± 0.036503	0.845 ± 0.162779	0.933 ± 0.043505	0.925 ± 0.094440	0.967 ± 0.012757	0.921 ± 0.090517	0.965 ± 0.014149	0.840 ± 0.163958	0.860 ± 0.049254	0.858 ± 0.155957	0.949 ± 0.035451
