	mean_best_threshold_tuning_score	mean_best_threshold	mean_test_average_precision	mean_train_average_precision	mean_test_balanced_accuracy	mean_train_balanced_accuracy	mean_test_brier_loss	mean_train_brier_loss	mean_test_f1	mean_train_f1	mean_test_informedness	mean_train_informedness	mean_test_log_loss	mean_train_log_loss	mean_test_markedness	mean_train_markedness	mean_test_mcc	mean_train_mcc	mean_test_negative_predictive_value	mean_train_negative_predictive_value	mean_test_precision	mean_train_precision	mean_test_precision_recall_auc	mean_train_precision_recall_auc	mean_test_roc_auc	mean_train_roc_auc	mean_test_sensitivity	mean_train_sensitivity	mean_test_specificity	mean_train_specificity
mcc	nan	nan	0.795 ± 0.169513	0.996 ± 0.009298	0.745 ± 0.123441	0.980 ± 0.039574	0.20285 ± 0.078014	0.05381 ± 0.040048	0.725 ± 0.138966	0.978 ± 0.043672	0.490 ± 0.246883	0.961 ± 0.079148	0.6874 ± 0.326238	0.2283 ± 0.111599	0.518 ± 0.258296	0.960 ± 0.080813	0.503 ± 0.250943	0.961 ± 0.079954	0.828 ± 0.166573	0.989 ± 0.027322	0.689 ± 0.153262	0.972 ± 0.060079	0.747 ± 0.215705	0.996 ± 0.009356	0.797 ± 0.166974	0.996 ± 0.009985	0.797 ± 0.195731	0.987 ± 0.032358	0.693 ± 0.174089	0.974 ± 0.055419
precision_recall_auc	nan	nan	0.828 ± 0.147734	0.980 ± 0.028159	0.775 ± 0.124796	0.928 ± 0.083723	0.19002 ± 0.071871	0.06150 ± 0.052529	0.762 ± 0.130223	0.924 ± 0.086952	0.550 ± 0.249591	0.856 ± 0.167447	0.6746 ± 0.335922	0.2369 ± 0.149674	0.580 ± 0.254457	0.858 ± 0.164080	0.564 ± 0.250344	0.857 ± 0.165723	0.880 ± 0.161027	0.964 ± 0.046681	0.700 ± 0.159248	0.894 ± 0.126085	0.791 ± 0.191159	0.980 ± 0.028389	0.816 ± 0.144345	0.975 ± 0.036603	0.868 ± 0.171767	0.963 ± 0.048110	0.682 ± 0.185923	0.893 ± 0.131671
roc_auc	nan	nan	0.814 ± 0.157719	0.993 ± 0.017345	0.780 ± 0.123730	0.969 ± 0.063135	0.18852 ± 0.076070	0.04328 ± 0.044159	0.765 ± 0.130452	0.967 ± 0.065634	0.560 ± 0.247461	0.937 ± 0.126271	0.6841 ± 0.343938	0.1902 ± 0.126674	0.583 ± 0.257561	0.938 ± 0.121781	0.571 ± 0.251322	0.938 ± 0.124012	0.863 ± 0.159099	0.990 ± 0.023322	0.721 ± 0.164736	0.948 ± 0.100785	0.772 ± 0.203587	0.993 ± 0.017498	0.804 ± 0.150741	0.992 ± 0.021269	0.847 ± 0.171164	0.990 ± 0.022026	0.713 ± 0.182055	0.947 ± 0.106994
