	mean_best_threshold_tuning_score	mean_best_threshold	mean_test_average_precision	mean_train_average_precision	mean_test_balanced_accuracy	mean_train_balanced_accuracy	mean_test_brier_loss	mean_train_brier_loss	mean_test_f1	mean_train_f1	mean_test_informedness	mean_train_informedness	mean_test_log_loss	mean_train_log_loss	mean_test_markedness	mean_train_markedness	mean_test_mcc	mean_train_mcc	mean_test_negative_predictive_value	mean_train_negative_predictive_value	mean_test_precision	mean_train_precision	mean_test_precision_recall_auc	mean_train_precision_recall_auc	mean_test_roc_auc	mean_train_roc_auc	mean_test_sensitivity	mean_train_sensitivity	mean_test_specificity	mean_train_specificity
mcc	nan	nan	0.782 ± 0.186113	0.996 ± 0.009298	0.726 ± 0.146627	0.980 ± 0.039574	0.21486 ± 0.091993	0.05381 ± 0.040048	0.727 ± 0.141970	0.978 ± 0.043672	0.452 ± 0.293254	0.961 ± 0.079148	0.7896 ± 0.655237	0.2283 ± 0.111599	0.500 ± 0.309601	0.960 ± 0.080813	0.473 ± 0.296133	0.961 ± 0.079954	0.847 ± 0.208030	0.989 ± 0.027322	0.653 ± 0.160024	0.972 ± 0.060079	0.715 ± 0.244823	0.996 ± 0.009356	0.795 ± 0.172566	0.996 ± 0.009985	0.853 ± 0.175417	0.987 ± 0.032358	0.599 ± 0.239577	0.974 ± 0.055419
precision_recall_auc	nan	nan	0.827 ± 0.163952	0.980 ± 0.028159	0.674 ± 0.159458	0.928 ± 0.083723	0.22495 ± 0.079993	0.06150 ± 0.052529	0.702 ± 0.135209	0.924 ± 0.086952	0.348 ± 0.318917	0.856 ± 0.167447	0.7769 ± 0.525465	0.2369 ± 0.149674	0.373 ± 0.437015	0.858 ± 0.164080	0.377 ± 0.333167	0.857 ± 0.165723	0.776 ± 0.337996	0.964 ± 0.046681	0.597 ± 0.175843	0.894 ± 0.126085	0.785 ± 0.213790	0.980 ± 0.028389	0.815 ± 0.159635	0.975 ± 0.036603	0.900 ± 0.152455	0.963 ± 0.048110	0.448 ± 0.289785	0.893 ± 0.131671
roc_auc	nan	nan	0.802 ± 0.171951	0.993 ± 0.017345	0.720 ± 0.164787	0.969 ± 0.063135	0.20696 ± 0.091083	0.04328 ± 0.044159	0.735 ± 0.146367	0.967 ± 0.065634	0.441 ± 0.329574	0.937 ± 0.126271	0.7315 ± 0.545862	0.1902 ± 0.126674	0.481 ± 0.367751	0.938 ± 0.121781	0.463 ± 0.332807	0.938 ± 0.124012	0.840 ± 0.252248	0.990 ± 0.023322	0.641 ± 0.179008	0.948 ± 0.100785	0.743 ± 0.229638	0.993 ± 0.017498	0.806 ± 0.160140	0.992 ± 0.021269	0.895 ± 0.153206	0.990 ± 0.022026	0.546 ± 0.264930	0.947 ± 0.106994
