	mean_best_threshold_tuning_score	mean_best_threshold	mean_test_average_precision	mean_train_average_precision	mean_test_balanced_accuracy	mean_train_balanced_accuracy	mean_test_brier_loss	mean_train_brier_loss	mean_test_f1	mean_train_f1	mean_test_informedness	mean_train_informedness	mean_test_log_loss	mean_train_log_loss	mean_test_markedness	mean_train_markedness	mean_test_mcc	mean_train_mcc	mean_test_negative_predictive_value	mean_train_negative_predictive_value	mean_test_precision	mean_train_precision	mean_test_precision_recall_auc	mean_train_precision_recall_auc	mean_test_roc_auc	mean_train_roc_auc	mean_test_sensitivity	mean_train_sensitivity	mean_test_specificity	mean_train_specificity
mcc	nan	nan	0.853 ± 0.142838	1.000 ± 0.000000	0.731 ± 0.155566	1.000 ± 0.000000	0.19554 ± 0.090320	0.03716 ± 0.041970	0.637 ± 0.272832	1.000 ± 0.000000	0.462 ± 0.311132	1.000 ± 0.000000	0.9649 ± 1.169809	0.1610 ± 0.128242	0.506 ± 0.378634	1.000 ± 0.000000	0.494 ± 0.304299	1.000 ± 0.000000	0.787 ± 0.181234	1.000 ± 0.000000	0.720 ± 0.291191	1.000 ± 0.000000	0.830 ± 0.170033	1.000 ± 0.000000	0.820 ± 0.162975	1.000 ± 0.000000	0.650 ± 0.337978	1.000 ± 0.000000	0.812 ± 0.195239	1.000 ± 0.000000
precision_recall_auc	nan	nan	0.862 ± 0.138837	1.000 ± 0.000000	0.720 ± 0.161422	1.000 ± 0.000000	0.19112 ± 0.088873	0.02876 ± 0.027021	0.630 ± 0.256229	1.000 ± 0.000000	0.440 ± 0.322843	1.000 ± 0.000000	0.8918 ± 0.787733	0.1367 ± 0.094105	0.510 ± 0.380926	1.000 ± 0.000000	0.480 ± 0.319331	1.000 ± 0.000000	0.754 ± 0.183974	1.000 ± 0.000000	0.756 ± 0.286872	1.000 ± 0.000000	0.846 ± 0.156397	1.000 ± 0.000000	0.812 ± 0.188729	1.000 ± 0.000000	0.612 ± 0.313441	1.000 ± 0.000000	0.828 ± 0.221581	1.000 ± 0.000000
roc_auc	nan	nan	0.839 ± 0.152911	1.000 ± 0.001049	0.716 ± 0.165874	0.998 ± 0.008335	0.19928 ± 0.098615	0.01745 ± 0.022758	0.639 ± 0.256064	0.998 ± 0.008713	0.433 ± 0.331747	0.997 ± 0.016670	0.8269 ± 0.638740	0.0975 ± 0.078832	0.485 ± 0.393456	0.998 ± 0.012148	0.462 ± 0.341999	0.997 ± 0.014423	0.767 ± 0.189408	0.998 ± 0.012148	0.718 ± 0.284359	1.000 ± 0.000000	0.816 ± 0.179308	1.000 ± 0.001058	0.794 ± 0.186362	1.000 ± 0.001185	0.642 ± 0.314182	0.997 ± 0.016670	0.791 ± 0.210851	1.000 ± 0.000000
