	mean_best_threshold_tuning_score	mean_best_threshold	mean_test_average_precision	mean_train_average_precision	mean_test_balanced_accuracy	mean_train_balanced_accuracy	mean_test_brier_loss	mean_train_brier_loss	mean_test_f1	mean_train_f1	mean_test_informedness	mean_train_informedness	mean_test_log_loss	mean_train_log_loss	mean_test_markedness	mean_train_markedness	mean_test_mcc	mean_train_mcc	mean_test_negative_predictive_value	mean_train_negative_predictive_value	mean_test_precision	mean_train_precision	mean_test_precision_recall_auc	mean_train_precision_recall_auc	mean_test_roc_auc	mean_train_roc_auc	mean_test_sensitivity	mean_train_sensitivity	mean_test_specificity	mean_train_specificity
mcc	nan	nan	0.881 ± 0.126907	1.000 ± 0.000000	0.732 ± 0.135714	0.999 ± 0.003210	0.18301 ± 0.071443	0.04937 ± 0.039334	0.637 ± 0.271779	0.999 ± 0.003248	0.463 ± 0.271429	0.998 ± 0.006419	0.6019 ± 0.347374	0.1958 ± 0.119610	0.456 ± 0.392992	0.999 ± 0.005056	0.480 ± 0.282881	0.998 ± 0.005736	0.771 ± 0.152303	0.999 ± 0.005056	0.685 ± 0.301595	1.000 ± 0.000000	0.863 ± 0.151140	1.000 ± 0.000000	0.863 ± 0.153327	1.000 ± 0.000000	0.638 ± 0.308428	0.998 ± 0.006419	0.825 ± 0.155593	1.000 ± 0.000000
precision_recall_auc	nan	nan	0.880 ± 0.135316	1.000 ± 0.000000	0.720 ± 0.154651	0.999 ± 0.002731	0.18481 ± 0.087052	0.03510 ± 0.030186	0.618 ± 0.283479	0.999 ± 0.002762	0.440 ± 0.309302	0.999 ± 0.005461	0.5748 ± 0.312209	0.1544 ± 0.098789	0.455 ± 0.411242	0.999 ± 0.004531	0.462 ± 0.319319	0.999 ± 0.004994	0.766 ± 0.174164	0.999 ± 0.004531	0.689 ± 0.314539	1.000 ± 0.000000	0.862 ± 0.157490	1.000 ± 0.000000	0.859 ± 0.165445	1.000 ± 0.000000	0.622 ± 0.332571	0.999 ± 0.005461	0.818 ± 0.191865	1.000 ± 0.000000
roc_auc	nan	nan	0.871 ± 0.145467	1.000 ± 0.000000	0.743 ± 0.150685	1.000 ± 0.002279	0.18867 ± 0.090942	0.02324 ± 0.027691	0.656 ± 0.273092	1.000 ± 0.002306	0.486 ± 0.301370	0.999 ± 0.004559	0.6008 ± 0.328766	0.1142 ± 0.093315	0.509 ± 0.391814	0.999 ± 0.003704	0.508 ± 0.308977	0.999 ± 0.004130	0.789 ± 0.171510	0.999 ± 0.003704	0.720 ± 0.298763	1.000 ± 0.000000	0.851 ± 0.171899	1.000 ± 0.000000	0.850 ± 0.168790	1.000 ± 0.000000	0.668 ± 0.323183	0.999 ± 0.004559	0.818 ± 0.183158	1.000 ± 0.000000
