	mean_ncv_average_precision	mean_ncv_balanced_accuracy	mean_ncv_brier_loss	mean_ncv_f1	mean_ncv_informedness	mean_ncv_log_loss	mean_ncv_markedness	mean_ncv_mcc	mean_ncv_negative_predictive_value	mean_ncv_precision	mean_ncv_precision_recall_auc	mean_ncv_roc_auc	mean_ncv_sensitivity	mean_ncv_specificity
mcc	0.820 ± 0.028585	0.731 ± 0.026383	0.18301 ± 0.018018	0.687 ± 0.038429	0.462 ± 0.052766	0.6019 ± 0.128219	0.486 ± 0.049359	0.474 ± 0.050258	0.737 ± 0.031243	0.749 ± 0.035497	0.815 ± 0.029065	0.795 ± 0.046686	0.639 ± 0.065473	0.823 ± 0.039800
precision_recall_auc	0.821 ± 0.032004	0.715 ± 0.048087	0.18481 ± 0.017617	0.668 ± 0.060771	0.430 ± 0.096175	0.5748 ± 0.089700	0.455 ± 0.099407	0.442 ± 0.097553	0.723 ± 0.041563	0.732 ± 0.064093	0.817 ± 0.032751	0.800 ± 0.052168	0.617 ± 0.071482	0.814 ± 0.054419
roc_auc	0.809 ± 0.033229	0.737 ± 0.044827	0.18867 ± 0.021824	0.699 ± 0.057075	0.475 ± 0.089653	0.6008 ± 0.094181	0.495 ± 0.099118	0.485 ± 0.093068	0.748 ± 0.042240	0.748 ± 0.072063	0.804 ± 0.034146	0.792 ± 0.046255	0.661 ± 0.076129	0.814 ± 0.058486
