	mean_best_threshold_tuning_score	mean_best_threshold	mean_test_average_precision	mean_train_average_precision	mean_test_balanced_accuracy	mean_train_balanced_accuracy	mean_test_brier_loss	mean_train_brier_loss	mean_test_f1	mean_train_f1	mean_test_informedness	mean_train_informedness	mean_test_log_loss	mean_train_log_loss	mean_test_markedness	mean_train_markedness	mean_test_mcc	mean_train_mcc	mean_test_negative_predictive_value	mean_train_negative_predictive_value	mean_test_precision	mean_train_precision	mean_test_precision_recall_auc	mean_train_precision_recall_auc	mean_test_roc_auc	mean_train_roc_auc	mean_test_sensitivity	mean_train_sensitivity	mean_test_specificity	mean_train_specificity
mcc	nan	nan	0.872 ± 0.110801	1.000 ± 0.000000	0.759 ± 0.115576	1.000 ± 0.000000	0.16920 ± 0.058551	0.01422 ± 0.002740	0.715 ± 0.142801	1.000 ± 0.000000	0.519 ± 0.231152	1.000 ± 0.000000	0.5091 ± 0.153832	0.1049 ± 0.013419	0.590 ± 0.240878	1.000 ± 0.000000	0.551 ± 0.230961	1.000 ± 0.000000	0.790 ± 0.152767	1.000 ± 0.000000	0.801 ± 0.192577	1.000 ± 0.000000	0.854 ± 0.129946	1.000 ± 0.000000	0.848 ± 0.137806	1.000 ± 0.000000	0.707 ± 0.222234	1.000 ± 0.000000	0.812 ± 0.203931	1.000 ± 0.000000
precision_recall_auc	nan	nan	0.877 ± 0.107225	1.000 ± 0.000000	0.758 ± 0.121947	1.000 ± 0.000000	0.16499 ± 0.059139	0.01359 ± 0.002220	0.710 ± 0.154305	1.000 ± 0.000000	0.517 ± 0.243893	1.000 ± 0.000000	0.5012 ± 0.163270	0.1011 ± 0.010905	0.586 ± 0.244107	1.000 ± 0.000000	0.547 ± 0.239504	1.000 ± 0.000000	0.780 ± 0.145542	1.000 ± 0.000000	0.806 ± 0.195608	1.000 ± 0.000000	0.862 ± 0.123521	1.000 ± 0.000000	0.857 ± 0.131022	1.000 ± 0.000000	0.695 ± 0.219906	1.000 ± 0.000000	0.822 ± 0.202827	1.000 ± 0.000000
roc_auc	nan	nan	0.875 ± 0.107885	1.000 ± 0.000000	0.777 ± 0.120874	1.000 ± 0.000000	0.16501 ± 0.058433	0.01393 ± 0.002378	0.734 ± 0.150209	1.000 ± 0.000000	0.554 ± 0.241747	1.000 ± 0.000000	0.4996 ± 0.149670	0.1029 ± 0.011767	0.610 ± 0.250181	1.000 ± 0.000000	0.579 ± 0.242567	1.000 ± 0.000000	0.790 ± 0.136516	1.000 ± 0.000000	0.820 ± 0.190625	1.000 ± 0.000000	0.859 ± 0.124255	1.000 ± 0.000000	0.851 ± 0.141062	1.000 ± 0.000000	0.705 ± 0.199354	1.000 ± 0.000000	0.849 ± 0.169781	1.000 ± 0.000000
