	mean_ncv_average_precision	mean_ncv_balanced_accuracy	mean_ncv_brier_loss	mean_ncv_f1	mean_ncv_informedness	mean_ncv_log_loss	mean_ncv_markedness	mean_ncv_mcc	mean_ncv_negative_predictive_value	mean_ncv_precision	mean_ncv_precision_recall_auc	mean_ncv_roc_auc	mean_ncv_sensitivity	mean_ncv_specificity
mcc	0.819 ± 0.056370	0.755 ± 0.038108	0.16920 ± 0.017899	0.724 ± 0.041209	0.509 ± 0.076216	0.5091 ± 0.048675	0.523 ± 0.084581	0.516 ± 0.079873	0.768 ± 0.032853	0.755 ± 0.065182	0.813 ± 0.058604	0.825 ± 0.040337	0.700 ± 0.053672	0.809 ± 0.067079
precision_recall_auc	0.839 ± 0.037322	0.754 ± 0.034873	0.16499 ± 0.013875	0.720 ± 0.044546	0.507 ± 0.069747	0.5012 ± 0.042961	0.523 ± 0.071270	0.515 ± 0.069816	0.764 ± 0.035644	0.758 ± 0.050281	0.836 ± 0.039136	0.836 ± 0.031136	0.689 ± 0.065210	0.818 ± 0.047913
roc_auc	0.836 ± 0.041541	0.773 ± 0.037075	0.16501 ± 0.014254	0.742 ± 0.038879	0.545 ± 0.074151	0.4996 ± 0.042031	0.567 ± 0.085539	0.556 ± 0.079361	0.775 ± 0.027807	0.792 ± 0.065861	0.832 ± 0.044084	0.834 ± 0.032395	0.700 ± 0.038845	0.845 ± 0.061359
