	mean_best_threshold_tuning_score	mean_best_threshold	mean_test_average_precision	mean_train_average_precision	mean_test_balanced_accuracy	mean_train_balanced_accuracy	mean_test_brier_loss	mean_train_brier_loss	mean_test_f1	mean_train_f1	mean_test_informedness	mean_train_informedness	mean_test_log_loss	mean_train_log_loss	mean_test_markedness	mean_train_markedness	mean_test_mcc	mean_train_mcc	mean_test_negative_predictive_value	mean_train_negative_predictive_value	mean_test_precision	mean_train_precision	mean_test_precision_recall_auc	mean_train_precision_recall_auc	mean_test_roc_auc	mean_train_roc_auc	mean_test_sensitivity	mean_train_sensitivity	mean_test_specificity	mean_train_specificity
mcc	nan	nan	0.876 ± 0.110401	1.000 ± 0.000000	0.758 ± 0.117791	1.000 ± 0.000000	0.16706 ± 0.057437	0.01447 ± 0.002818	0.713 ± 0.144974	1.000 ± 0.000000	0.516 ± 0.235581	1.000 ± 0.000000	0.5038 ± 0.146961	0.1057 ± 0.014287	0.576 ± 0.245614	1.000 ± 0.000000	0.543 ± 0.236461	1.000 ± 0.000000	0.779 ± 0.145560	1.000 ± 0.000000	0.797 ± 0.190546	1.000 ± 0.000000	0.859 ± 0.128580	1.000 ± 0.000000	0.857 ± 0.134468	1.000 ± 0.000000	0.695 ± 0.212699	1.000 ± 0.000000	0.821 ± 0.190083	1.000 ± 0.000000
precision_recall_auc	nan	nan	0.876 ± 0.112729	1.000 ± 0.000000	0.778 ± 0.116119	1.000 ± 0.000000	0.16318 ± 0.056546	0.01356 ± 0.002458	0.736 ± 0.142725	1.000 ± 0.000000	0.557 ± 0.232237	1.000 ± 0.000000	0.4966 ± 0.155253	0.1013 ± 0.012123	0.605 ± 0.235790	1.000 ± 0.000000	0.579 ± 0.231022	1.000 ± 0.000000	0.794 ± 0.137756	1.000 ± 0.000000	0.811 ± 0.182753	1.000 ± 0.000000	0.862 ± 0.126992	1.000 ± 0.000000	0.859 ± 0.133106	1.000 ± 0.000000	0.717 ± 0.201328	1.000 ± 0.000000	0.840 ± 0.165369	1.000 ± 0.000000
roc_auc	nan	nan	0.872 ± 0.121645	1.000 ± 0.000000	0.767 ± 0.113612	1.000 ± 0.000000	0.16723 ± 0.059461	0.01372 ± 0.002330	0.724 ± 0.141572	1.000 ± 0.000000	0.535 ± 0.227224	1.000 ± 0.000000	0.5054 ± 0.159767	0.1026 ± 0.012270	0.593 ± 0.228802	1.000 ± 0.000000	0.561 ± 0.223613	1.000 ± 0.000000	0.790 ± 0.137929	1.000 ± 0.000000	0.803 ± 0.187558	1.000 ± 0.000000	0.850 ± 0.151659	1.000 ± 0.000000	0.849 ± 0.144250	1.000 ± 0.000000	0.712 ± 0.203575	1.000 ± 0.000000	0.823 ± 0.182726	1.000 ± 0.000000
