	mean_ncv_average_precision	mean_ncv_balanced_accuracy	mean_ncv_brier_loss	mean_ncv_f1	mean_ncv_informedness	mean_ncv_log_loss	mean_ncv_markedness	mean_ncv_mcc	mean_ncv_negative_predictive_value	mean_ncv_precision	mean_ncv_precision_recall_auc	mean_ncv_roc_auc	mean_ncv_sensitivity	mean_ncv_specificity
mcc	0.827 ± 0.043411	0.737 ± 0.046204	0.16940 ± 0.016696	0.715 ± 0.049528	0.474 ± 0.092407	0.5037 ± 0.046119	0.472 ± 0.092081	0.473 ± 0.092223	0.773 ± 0.044662	0.699 ± 0.051620	0.822 ± 0.045947	0.830 ± 0.034954	0.733 ± 0.057378	0.741 ± 0.052705
precision_recall_auc	0.835 ± 0.040542	0.739 ± 0.050768	0.16329 ± 0.014895	0.718 ± 0.052754	0.479 ± 0.101536	0.4898 ± 0.042082	0.478 ± 0.104023	0.478 ± 0.102755	0.773 ± 0.043533	0.705 ± 0.064659	0.832 ± 0.041321	0.839 ± 0.028993	0.733 ± 0.051052	0.745 ± 0.064993
roc_auc	0.833 ± 0.029858	0.742 ± 0.056459	0.16716 ± 0.015578	0.721 ± 0.060248	0.484 ± 0.112919	0.4974 ± 0.043268	0.483 ± 0.113807	0.484 ± 0.113345	0.778 ± 0.052133	0.705 ± 0.066133	0.830 ± 0.031074	0.833 ± 0.028750	0.739 ± 0.064417	0.745 ± 0.064993
