	mean_best_threshold_tuning_score	mean_best_threshold	mean_test_average_precision	mean_train_average_precision	mean_test_balanced_accuracy	mean_train_balanced_accuracy	mean_test_brier_loss	mean_train_brier_loss	mean_test_f1	mean_train_f1	mean_test_informedness	mean_train_informedness	mean_test_log_loss	mean_train_log_loss	mean_test_markedness	mean_train_markedness	mean_test_mcc	mean_train_mcc	mean_test_negative_predictive_value	mean_train_negative_predictive_value	mean_test_precision	mean_train_precision	mean_test_precision_recall_auc	mean_train_precision_recall_auc	mean_test_roc_auc	mean_train_roc_auc	mean_test_sensitivity	mean_train_sensitivity	mean_test_specificity	mean_train_specificity
mcc	nan	nan	0.861 ± 0.126123	1.000 ± 0.000000	0.743 ± 0.128715	1.000 ± 0.000000	0.16940 ± 0.057891	0.01429 ± 0.002505	0.705 ± 0.157643	1.000 ± 0.000000	0.486 ± 0.257430	1.000 ± 0.000000	0.5037 ± 0.146723	0.1051 ± 0.012931	0.535 ± 0.254823	1.000 ± 0.000000	0.507 ± 0.252133	1.000 ± 0.000000	0.795 ± 0.149705	1.000 ± 0.000000	0.741 ± 0.196294	1.000 ± 0.000000	0.840 ± 0.148587	1.000 ± 0.000000	0.842 ± 0.142394	1.000 ± 0.000000	0.737 ± 0.215841	1.000 ± 0.000000	0.749 ± 0.203663	1.000 ± 0.000000
precision_recall_auc	nan	nan	0.878 ± 0.108155	1.000 ± 0.000000	0.747 ± 0.141961	1.000 ± 0.000000	0.16329 ± 0.056896	0.01405 ± 0.002651	0.711 ± 0.160979	1.000 ± 0.000000	0.493 ± 0.283923	1.000 ± 0.000000	0.4898 ± 0.142678	0.1026 ± 0.012902	0.543 ± 0.286494	1.000 ± 0.000000	0.515 ± 0.281806	1.000 ± 0.000000	0.793 ± 0.163131	1.000 ± 0.000000	0.751 ± 0.209590	1.000 ± 0.000000	0.864 ± 0.123337	1.000 ± 0.000000	0.860 ± 0.124005	1.000 ± 0.000000	0.738 ± 0.215611	1.000 ± 0.000000	0.755 ± 0.222061	1.000 ± 0.000000
roc_auc	nan	nan	0.872 ± 0.113752	1.000 ± 0.000000	0.750 ± 0.134096	1.000 ± 0.000000	0.16716 ± 0.054754	0.01373 ± 0.002459	0.712 ± 0.158670	1.000 ± 0.000000	0.500 ± 0.268193	1.000 ± 0.000000	0.4974 ± 0.135546	0.1020 ± 0.012277	0.555 ± 0.265702	1.000 ± 0.000000	0.524 ± 0.263106	1.000 ± 0.000000	0.801 ± 0.163257	1.000 ± 0.000000	0.754 ± 0.201000	1.000 ± 0.000000	0.854 ± 0.132257	1.000 ± 0.000000	0.854 ± 0.130051	1.000 ± 0.000000	0.745 ± 0.224246	1.000 ± 0.000000	0.755 ± 0.216241	1.000 ± 0.000000
