	mean_ncv_average_precision	mean_ncv_balanced_accuracy	mean_ncv_brier_loss	mean_ncv_f1	mean_ncv_informedness	mean_ncv_log_loss	mean_ncv_markedness	mean_ncv_mcc	mean_ncv_negative_predictive_value	mean_ncv_precision	mean_ncv_precision_recall_auc	mean_ncv_roc_auc	mean_ncv_sensitivity	mean_ncv_specificity
mcc	0.733 ± 0.037929	0.777 ± 0.022799	0.17283 ± 0.012448	0.754 ± 0.025064	0.555 ± 0.045598	0.6201 ± 0.270216	0.557 ± 0.046928	0.556 ± 0.046205	0.797 ± 0.020695	0.759 ± 0.031009	0.711 ± 0.043867	0.820 ± 0.025975	0.750 ± 0.029280	0.805 ± 0.030679
precision_recall_auc	0.734 ± 0.036791	0.785 ± 0.032076	0.16978 ± 0.014572	0.762 ± 0.036466	0.569 ± 0.064152	0.5362 ± 0.043844	0.573 ± 0.064071	0.571 ± 0.063986	0.803 ± 0.031334	0.769 ± 0.040482	0.716 ± 0.044225	0.817 ± 0.028838	0.756 ± 0.046849	0.814 ± 0.039800
roc_auc	0.746 ± 0.036249	0.781 ± 0.026282	0.16802 ± 0.015106	0.759 ± 0.028356	0.561 ± 0.052565	0.5314 ± 0.046962	0.562 ± 0.053430	0.562 ± 0.052880	0.804 ± 0.025905	0.758 ± 0.035825	0.729 ± 0.047770	0.824 ± 0.025330	0.761 ± 0.037497	0.800 ± 0.038331
