	mean_best_threshold_tuning_score	mean_best_threshold	mean_test_average_precision	mean_train_average_precision	mean_test_balanced_accuracy	mean_train_balanced_accuracy	mean_test_brier_loss	mean_train_brier_loss	mean_test_f1	mean_train_f1	mean_test_informedness	mean_train_informedness	mean_test_log_loss	mean_train_log_loss	mean_test_markedness	mean_train_markedness	mean_test_mcc	mean_train_mcc	mean_test_negative_predictive_value	mean_train_negative_predictive_value	mean_test_precision	mean_train_precision	mean_test_precision_recall_auc	mean_train_precision_recall_auc	mean_test_roc_auc	mean_train_roc_auc	mean_test_sensitivity	mean_train_sensitivity	mean_test_specificity	mean_train_specificity
mcc	nan	nan	0.852 ± 0.143781	1.000 ± 0.000000	0.781 ± 0.126575	1.000 ± 0.000000	0.17283 ± 0.071117	0.02450 ± 0.003575	0.745 ± 0.150824	1.000 ± 0.000000	0.563 ± 0.253150	1.000 ± 0.000000	0.6201 ± 0.697329	0.1417 ± 0.014672	0.610 ± 0.253794	1.000 ± 0.000000	0.584 ± 0.249468	1.000 ± 0.000000	0.821 ± 0.156840	1.000 ± 0.000000	0.789 ± 0.181101	1.000 ± 0.000000	0.816 ± 0.186486	1.000 ± 0.000000	0.860 ± 0.134806	1.000 ± 0.000000	0.755 ± 0.218484	1.000 ± 0.000000	0.808 ± 0.177672	1.000 ± 0.000000
precision_recall_auc	nan	nan	0.851 ± 0.140670	1.000 ± 0.000000	0.790 ± 0.125127	1.000 ± 0.000000	0.16978 ± 0.073444	0.02335 ± 0.003071	0.755 ± 0.146215	1.000 ± 0.000000	0.580 ± 0.250254	1.000 ± 0.000000	0.5362 ± 0.217916	0.1387 ± 0.013848	0.619 ± 0.250065	1.000 ± 0.000000	0.597 ± 0.246349	1.000 ± 0.000000	0.821 ± 0.151966	1.000 ± 0.000000	0.798 ± 0.179253	1.000 ± 0.000000	0.824 ± 0.174175	1.000 ± 0.000000	0.855 ± 0.125852	1.000 ± 0.000000	0.763 ± 0.208493	1.000 ± 0.000000	0.817 ± 0.172204	1.000 ± 0.000000
roc_auc	nan	nan	0.856 ± 0.138995	1.000 ± 0.000000	0.786 ± 0.130518	1.000 ± 0.000000	0.16802 ± 0.072037	0.02264 ± 0.003169	0.753 ± 0.149359	1.000 ± 0.000000	0.573 ± 0.261035	1.000 ± 0.000000	0.5314 ± 0.217246	0.1363 ± 0.014486	0.616 ± 0.252930	1.000 ± 0.000000	0.592 ± 0.252918	1.000 ± 0.000000	0.826 ± 0.157902	1.000 ± 0.000000	0.790 ± 0.180805	1.000 ± 0.000000	0.833 ± 0.167763	1.000 ± 0.000000	0.860 ± 0.136725	1.000 ± 0.000000	0.770 ± 0.216627	1.000 ± 0.000000	0.803 ± 0.189632	1.000 ± 0.000000
