	mean_ncv_average_precision	mean_ncv_balanced_accuracy	mean_ncv_brier_loss	mean_ncv_f1	mean_ncv_informedness	mean_ncv_log_loss	mean_ncv_markedness	mean_ncv_mcc	mean_ncv_negative_predictive_value	mean_ncv_precision	mean_ncv_precision_recall_auc	mean_ncv_roc_auc	mean_ncv_sensitivity	mean_ncv_specificity
mcc	0.779 ± 0.059048	0.696 ± 0.059996	0.18827 ± 0.022282	0.656 ± 0.074596	0.392 ± 0.119991	0.5607 ± 0.054179	0.401 ± 0.122674	0.397 ± 0.121110	0.718 ± 0.054255	0.683 ± 0.073703	0.772 ± 0.061099	0.782 ± 0.052311	0.633 ± 0.087646	0.759 ± 0.056894
precision_recall_auc	0.805 ± 0.049900	0.710 ± 0.049919	0.17885 ± 0.020631	0.681 ± 0.059654	0.420 ± 0.099837	0.5383 ± 0.050976	0.421 ± 0.100342	0.420 ± 0.100064	0.741 ± 0.045135	0.680 ± 0.058706	0.800 ± 0.052098	0.806 ± 0.051126	0.683 ± 0.069537	0.736 ± 0.051604
roc_auc	0.798 ± 0.052829	0.718 ± 0.049143	0.18104 ± 0.023123	0.692 ± 0.053173	0.436 ± 0.098285	0.5446 ± 0.057813	0.439 ± 0.102525	0.438 ± 0.100264	0.751 ± 0.045345	0.688 ± 0.066758	0.793 ± 0.055009	0.800 ± 0.051219	0.700 ± 0.065210	0.736 ± 0.070418
