	mean_best_threshold_tuning_score	mean_best_threshold	mean_test_average_precision	mean_train_average_precision	mean_test_balanced_accuracy	mean_train_balanced_accuracy	mean_test_brier_loss	mean_train_brier_loss	mean_test_f1	mean_train_f1	mean_test_informedness	mean_train_informedness	mean_test_log_loss	mean_train_log_loss	mean_test_markedness	mean_train_markedness	mean_test_mcc	mean_train_mcc	mean_test_negative_predictive_value	mean_train_negative_predictive_value	mean_test_precision	mean_train_precision	mean_test_precision_recall_auc	mean_train_precision_recall_auc	mean_test_roc_auc	mean_train_roc_auc	mean_test_sensitivity	mean_train_sensitivity	mean_test_specificity	mean_train_specificity
mcc	nan	nan	0.904 ± 0.119717	0.966 ± 0.023797	0.805 ± 0.140475	0.934 ± 0.034784	0.16390 ± 0.064357	0.08827 ± 0.042794	0.782 ± 0.152790	0.928 ± 0.037616	0.610 ± 0.280950	0.867 ± 0.069568	0.5274 ± 0.180522	0.3214 ± 0.124648	0.651 ± 0.279684	0.872 ± 0.071336	0.629 ± 0.277362	0.870 ± 0.070144	0.834 ± 0.152062	0.941 ± 0.035113	0.817 ± 0.194598	0.931 ± 0.056666	0.890 ± 0.141410	0.965 ± 0.024315	0.876 ± 0.149208	0.955 ± 0.032098	0.793 ± 0.191397	0.927 ± 0.044795	0.817 ± 0.208887	0.941 ± 0.051754
precision_recall_auc	nan	nan	0.916 ± 0.089853	0.993 ± 0.015009	0.822 ± 0.147107	0.967 ± 0.023924	0.14102 ± 0.079602	0.03680 ± 0.036214	0.796 ± 0.168750	0.965 ± 0.026303	0.644 ± 0.294214	0.933 ± 0.047849	0.5076 ± 0.399658	0.1605 ± 0.112214	0.694 ± 0.289292	0.943 ± 0.047411	0.667 ± 0.289625	0.938 ± 0.047459	0.838 ± 0.155047	0.955 ± 0.026513	0.856 ± 0.194387	0.987 ± 0.030282	0.906 ± 0.100942	0.993 ± 0.015155	0.892 ± 0.116714	0.990 ± 0.021311	0.780 ± 0.212132	0.943 ± 0.032967	0.864 ± 0.186000	0.990 ± 0.024692
roc_auc	nan	nan	0.911 ± 0.095212	0.985 ± 0.022589	0.815 ± 0.147369	0.958 ± 0.033822	0.15143 ± 0.078653	0.05083 ± 0.046610	0.786 ± 0.169467	0.955 ± 0.037892	0.630 ± 0.294738	0.917 ± 0.067644	0.5217 ± 0.340042	0.2045 ± 0.140110	0.677 ± 0.289022	0.927 ± 0.062420	0.652 ± 0.289869	0.922 ± 0.064633	0.835 ± 0.153429	0.949 ± 0.037045	0.842 ± 0.203017	0.978 ± 0.039748	0.899 ± 0.107741	0.985 ± 0.022933	0.887 ± 0.120413	0.980 ± 0.030619	0.775 ± 0.209774	0.935 ± 0.051437	0.855 ± 0.196721	0.982 ± 0.033621
