	mean_best_threshold_tuning_score	mean_best_threshold	mean_test_average_precision	mean_train_average_precision	mean_test_balanced_accuracy	mean_train_balanced_accuracy	mean_test_brier_loss	mean_train_brier_loss	mean_test_f1	mean_train_f1	mean_test_informedness	mean_train_informedness	mean_test_log_loss	mean_train_log_loss	mean_test_markedness	mean_train_markedness	mean_test_mcc	mean_train_mcc	mean_test_negative_predictive_value	mean_train_negative_predictive_value	mean_test_precision	mean_train_precision	mean_test_precision_recall_auc	mean_train_precision_recall_auc	mean_test_roc_auc	mean_train_roc_auc	mean_test_sensitivity	mean_train_sensitivity	mean_test_specificity	mean_train_specificity
mcc	nan	nan	0.855 ± 0.152430	0.968 ± 0.080573	0.777 ± 0.151964	0.944 ± 0.080097	0.18225 ± 0.056960	0.08171 ± 0.062294	0.747 ± 0.170811	0.941 ± 0.075507	0.555 ± 0.303928	0.888 ± 0.160194	0.6227 ± 0.245348	0.2958 ± 0.176392	0.599 ± 0.322629	0.892 ± 0.223489	0.579 ± 0.296758	0.895 ± 0.155281	0.813 ± 0.202077	0.924 ± 0.144130	0.785 ± 0.207703	0.968 ± 0.086206	0.841 ± 0.173865	0.975 ± 0.042213	0.838 ± 0.168700	0.965 ± 0.071874	0.770 ± 0.230572	0.925 ± 0.085310	0.785 ± 0.249131	0.963 ± 0.142886
precision_recall_auc	nan	nan	0.876 ± 0.141356	0.978 ± 0.027118	0.800 ± 0.160533	0.941 ± 0.055237	0.18635 ± 0.059278	0.08423 ± 0.066488	0.766 ± 0.188054	0.935 ± 0.060933	0.600 ± 0.321067	0.881 ± 0.110474	0.6420 ± 0.267131	0.2982 ± 0.189273	0.644 ± 0.314916	0.894 ± 0.104090	0.620 ± 0.316001	0.888 ± 0.106968	0.829 ± 0.169217	0.933 ± 0.058763	0.815 ± 0.209070	0.961 ± 0.055107	0.857 ± 0.172569	0.979 ± 0.023091	0.855 ± 0.157248	0.976 ± 0.027053	0.765 ± 0.229419	0.912 ± 0.078506	0.835 ± 0.202850	0.969 ± 0.045734
roc_auc	nan	nan	0.885 ± 0.130766	0.972 ± 0.035298	0.795 ± 0.149147	0.940 ± 0.059817	0.17989 ± 0.059145	0.08573 ± 0.066530	0.760 ± 0.179549	0.934 ± 0.069813	0.590 ± 0.298294	0.880 ± 0.119634	0.6144 ± 0.231120	0.3029 ± 0.188849	0.641 ± 0.293782	0.895 ± 0.106696	0.613 ± 0.293847	0.887 ± 0.112621	0.827 ± 0.164278	0.934 ± 0.061637	0.814 ± 0.206646	0.961 ± 0.059143	0.875 ± 0.155727	0.977 ± 0.025080	0.868 ± 0.146850	0.973 ± 0.028288	0.760 ± 0.231234	0.912 ± 0.090953	0.830 ± 0.201778	0.968 ± 0.049642
