	mean_best_threshold_tuning_score	mean_best_threshold	mean_test_average_precision	mean_train_average_precision	mean_test_balanced_accuracy	mean_train_balanced_accuracy	mean_test_brier_loss	mean_train_brier_loss	mean_test_f1	mean_train_f1	mean_test_informedness	mean_train_informedness	mean_test_log_loss	mean_train_log_loss	mean_test_markedness	mean_train_markedness	mean_test_mcc	mean_train_mcc	mean_test_negative_predictive_value	mean_train_negative_predictive_value	mean_test_precision	mean_train_precision	mean_test_precision_recall_auc	mean_train_precision_recall_auc	mean_test_roc_auc	mean_train_roc_auc	mean_test_sensitivity	mean_train_sensitivity	mean_test_specificity	mean_train_specificity
mcc	nan	nan	0.948 ± 0.076188	0.964 ± 0.016740	0.837 ± 0.116231	0.913 ± 0.032438	0.11795 ± 0.064636	0.08052 ± 0.029238	0.809 ± 0.137114	0.904 ± 0.036484	0.674 ± 0.232462	0.826 ± 0.064876	0.4588 ± 0.373324	0.2891 ± 0.095571	0.709 ± 0.229641	0.843 ± 0.062819	0.691 ± 0.229109	0.834 ± 0.063382	0.853 ± 0.135332	0.901 ± 0.035240	0.856 ± 0.166186	0.942 ± 0.038106	0.942 ± 0.085731	0.964 ± 0.016552	0.934 ± 0.104341	0.957 ± 0.020948	0.798 ± 0.188299	0.871 ± 0.048466	0.876 ± 0.150591	0.955 ± 0.030872
precision_recall_auc	nan	nan	0.947 ± 0.074726	0.968 ± 0.016419	0.825 ± 0.120060	0.911 ± 0.034274	0.11708 ± 0.072346	0.07213 ± 0.026507	0.798 ± 0.143273	0.902 ± 0.038654	0.649 ± 0.240120	0.823 ± 0.068547	0.4351 ± 0.398638	0.2562 ± 0.092901	0.703 ± 0.235940	0.840 ± 0.062485	0.674 ± 0.235187	0.831 ± 0.065309	0.845 ± 0.136707	0.898 ± 0.040275	0.858 ± 0.172525	0.942 ± 0.029583	0.940 ± 0.084132	0.968 ± 0.015980	0.933 ± 0.101094	0.965 ± 0.019734	0.785 ± 0.197124	0.867 ± 0.054569	0.864 ± 0.171738	0.956 ± 0.023346
roc_auc	nan	nan	0.949 ± 0.070442	0.969 ± 0.017068	0.819 ± 0.108044	0.907 ± 0.037688	0.12283 ± 0.073794	0.07152 ± 0.026921	0.796 ± 0.125807	0.897 ± 0.042566	0.639 ± 0.216089	0.813 ± 0.075377	0.4630 ± 0.423251	0.2505 ± 0.094235	0.701 ± 0.210572	0.829 ± 0.071172	0.667 ± 0.209971	0.821 ± 0.073113	0.857 ± 0.135120	0.896 ± 0.040383	0.844 ± 0.170895	0.934 ± 0.036587	0.942 ± 0.079487	0.970 ± 0.016057	0.937 ± 0.094140	0.969 ± 0.017355	0.802 ± 0.191137	0.864 ± 0.054637	0.837 ± 0.187031	0.949 ± 0.029221
