	mean_best_threshold_tuning_score	mean_best_threshold	mean_test_average_precision	mean_train_average_precision	mean_test_balanced_accuracy	mean_train_balanced_accuracy	mean_test_brier_loss	mean_train_brier_loss	mean_test_f1	mean_train_f1	mean_test_informedness	mean_train_informedness	mean_test_log_loss	mean_train_log_loss	mean_test_markedness	mean_train_markedness	mean_test_mcc	mean_train_mcc	mean_test_negative_predictive_value	mean_train_negative_predictive_value	mean_test_precision	mean_train_precision	mean_test_precision_recall_auc	mean_train_precision_recall_auc	mean_test_roc_auc	mean_train_roc_auc	mean_test_sensitivity	mean_train_sensitivity	mean_test_specificity	mean_train_specificity
mcc	nan	nan	0.965 ± 0.053800	0.964 ± 0.016731	0.879 ± 0.113680	0.913 ± 0.032438	0.10462 ± 0.051836	0.08052 ± 0.029238	0.853 ± 0.142802	0.904 ± 0.036484	0.758 ± 0.227359	0.826 ± 0.064876	0.4190 ± 0.300319	0.2891 ± 0.095571	0.804 ± 0.192911	0.843 ± 0.062819	0.779 ± 0.208258	0.834 ± 0.063382	0.878 ± 0.125223	0.901 ± 0.035240	0.926 ± 0.136616	0.942 ± 0.038106	0.960 ± 0.062293	0.964 ± 0.016542	0.959 ± 0.061513	0.957 ± 0.020937	0.823 ± 0.195354	0.871 ± 0.048466	0.935 ± 0.126672	0.955 ± 0.030872
precision_recall_auc	nan	nan	0.967 ± 0.052688	0.968 ± 0.016658	0.859 ± 0.114593	0.912 ± 0.034415	0.10302 ± 0.060396	0.07135 ± 0.026839	0.833 ± 0.142377	0.903 ± 0.038804	0.718 ± 0.229187	0.824 ± 0.068829	0.4256 ± 0.503479	0.2533 ± 0.093841	0.771 ± 0.204207	0.841 ± 0.062685	0.742 ± 0.214040	0.832 ± 0.065573	0.860 ± 0.124334	0.899 ± 0.040435	0.911 ± 0.144845	0.941 ± 0.029282	0.963 ± 0.061044	0.969 ± 0.016211	0.962 ± 0.061825	0.966 ± 0.019959	0.800 ± 0.195615	0.868 ± 0.054607	0.918 ± 0.138417	0.956 ± 0.023077
roc_auc	nan	nan	0.966 ± 0.053834	0.969 ± 0.017041	0.855 ± 0.107106	0.907 ± 0.038019	0.10285 ± 0.053367	0.07152 ± 0.026918	0.826 ± 0.139078	0.897 ± 0.042934	0.709 ± 0.214212	0.814 ± 0.076038	0.4194 ± 0.354347	0.2505 ± 0.094241	0.768 ± 0.187632	0.830 ± 0.071684	0.736 ± 0.198167	0.822 ± 0.073708	0.860 ± 0.124334	0.896 ± 0.040739	0.908 ± 0.144171	0.934 ± 0.036587	0.961 ± 0.062362	0.970 ± 0.016027	0.960 ± 0.062945	0.969 ± 0.017283	0.795 ± 0.200064	0.864 ± 0.055102	0.914 ± 0.135541	0.949 ± 0.029221
