	mean_ncv_average_precision	mean_ncv_balanced_accuracy	mean_ncv_brier_loss	mean_ncv_f1	mean_ncv_informedness	mean_ncv_log_loss	mean_ncv_markedness	mean_ncv_mcc	mean_ncv_negative_predictive_value	mean_ncv_precision	mean_ncv_precision_recall_auc	mean_ncv_roc_auc	mean_ncv_sensitivity	mean_ncv_specificity
mcc	0.662 ± 0.053337	0.690 ± 0.047300	0.22390 ± 0.021512	0.689 ± 0.045462	0.380 ± 0.094600	0.7321 ± 0.076280	0.390 ± 0.094424	0.385 ± 0.094218	0.776 ± 0.056736	0.614 ± 0.048050	0.641 ± 0.060055	0.715 ± 0.032640	0.789 ± 0.068293	0.591 ± 0.077258
precision_recall_auc	0.727 ± 0.055032	0.704 ± 0.057808	0.20495 ± 0.020397	0.700 ± 0.053553	0.407 ± 0.115616	0.6742 ± 0.071135	0.414 ± 0.111484	0.411 ± 0.113449	0.782 ± 0.058647	0.632 ± 0.062167	0.712 ± 0.060550	0.770 ± 0.033341	0.789 ± 0.068293	0.618 ± 0.093891
roc_auc	0.709 ± 0.074968	0.691 ± 0.047914	0.21621 ± 0.028307	0.688 ± 0.045470	0.382 ± 0.095828	0.7446 ± 0.123028	0.391 ± 0.089023	0.387 ± 0.092233	0.771 ± 0.051180	0.620 ± 0.049789	0.695 ± 0.080811	0.757 ± 0.050410	0.778 ± 0.074074	0.605 ± 0.093523
