	mean_ncv_average_precision	mean_ncv_balanced_accuracy	mean_ncv_brier_loss	mean_ncv_f1	mean_ncv_informedness	mean_ncv_log_loss	mean_ncv_markedness	mean_ncv_mcc	mean_ncv_negative_predictive_value	mean_ncv_precision	mean_ncv_precision_recall_auc	mean_ncv_roc_auc	mean_ncv_sensitivity	mean_ncv_specificity
mcc	0.754 ± 0.048943	0.759 ± 0.042974	0.17791 ± 0.019073	0.745 ± 0.043160	0.517 ± 0.085948	0.5782 ± 0.092338	0.515 ± 0.084101	0.516 ± 0.084987	0.812 ± 0.042881	0.703 ± 0.049447	0.736 ± 0.054410	0.813 ± 0.036312	0.794 ± 0.052705	0.723 ± 0.062287
precision_recall_auc	0.805 ± 0.056835	0.765 ± 0.032063	0.16913 ± 0.014574	0.751 ± 0.030982	0.531 ± 0.064126	0.5272 ± 0.047874	0.529 ± 0.060467	0.530 ± 0.062264	0.815 ± 0.030526	0.714 ± 0.043655	0.794 ± 0.063154	0.839 ± 0.030823	0.794 ± 0.045737	0.736 ± 0.063564
roc_auc	0.779 ± 0.076022	0.768 ± 0.044858	0.16312 ± 0.024824	0.752 ± 0.049190	0.535 ± 0.089717	0.5200 ± 0.080142	0.535 ± 0.087431	0.535 ± 0.088517	0.818 ± 0.051470	0.717 ± 0.051324	0.765 ± 0.083969	0.839 ± 0.044644	0.794 ± 0.074305	0.741 ± 0.064461
