	mean_ncv_average_precision	mean_ncv_balanced_accuracy	mean_ncv_brier_loss	mean_ncv_f1	mean_ncv_informedness	mean_ncv_log_loss	mean_ncv_markedness	mean_ncv_mcc	mean_ncv_negative_predictive_value	mean_ncv_precision	mean_ncv_precision_recall_auc	mean_ncv_roc_auc	mean_ncv_sensitivity	mean_ncv_specificity
mcc	0.682 ± 0.045762	0.627 ± 0.045117	0.22932 ± 0.016225	0.651 ± 0.046384	0.253 ± 0.090235	0.7328 ± 0.064039	0.295 ± 0.110586	0.273 ± 0.098695	0.753 ± 0.084302	0.543 ± 0.032320	0.665 ± 0.049123	0.716 ± 0.042243	0.817 ± 0.090911	0.436 ± 0.074843
precision_recall_auc	0.730 ± 0.054113	0.682 ± 0.037160	0.21281 ± 0.019202	0.692 ± 0.029265	0.364 ± 0.074320	0.7003 ± 0.080611	0.392 ± 0.068625	0.378 ± 0.070542	0.795 ± 0.047560	0.597 ± 0.040167	0.716 ± 0.060378	0.754 ± 0.041031	0.828 ± 0.061139	0.536 ± 0.092907
roc_auc	0.754 ± 0.049217	0.685 ± 0.028670	0.20988 ± 0.016572	0.690 ± 0.028392	0.370 ± 0.057340	0.7028 ± 0.074718	0.391 ± 0.060709	0.381 ± 0.058077	0.789 ± 0.049948	0.603 ± 0.030007	0.739 ± 0.057277	0.785 ± 0.029803	0.811 ± 0.070273	0.559 ± 0.074381
