	mean_best_threshold_tuning_score	mean_best_threshold	mean_test_average_precision	mean_train_average_precision	mean_test_balanced_accuracy	mean_train_balanced_accuracy	mean_test_brier_loss	mean_train_brier_loss	mean_test_f1	mean_train_f1	mean_test_informedness	mean_train_informedness	mean_test_log_loss	mean_train_log_loss	mean_test_markedness	mean_train_markedness	mean_test_mcc	mean_train_mcc	mean_test_negative_predictive_value	mean_train_negative_predictive_value	mean_test_precision	mean_train_precision	mean_test_precision_recall_auc	mean_train_precision_recall_auc	mean_test_roc_auc	mean_train_roc_auc	mean_test_sensitivity	mean_train_sensitivity	mean_test_specificity	mean_train_specificity
mcc	nan	nan	0.782 ± 0.157381	0.979 ± 0.036591	0.662 ± 0.161784	0.938 ± 0.078722	0.22720 ± 0.081685	0.06027 ± 0.054430	0.672 ± 0.173909	0.934 ± 0.081625	0.325 ± 0.323569	0.876 ± 0.157443	0.7567 ± 0.375000	0.2355 ± 0.158388	0.384 ± 0.398491	0.875 ± 0.154825	0.356 ± 0.339939	0.875 ± 0.156106	0.798 ± 0.281517	0.973 ± 0.041978	0.587 ± 0.195742	0.902 ± 0.116513	0.746 ± 0.188089	0.979 ± 0.036947	0.759 ± 0.164336	0.974 ± 0.044804	0.840 ± 0.225148	0.973 ± 0.041411	0.485 ± 0.275209	0.902 ± 0.120294
precision_recall_auc	nan	nan	0.811 ± 0.127689	0.967 ± 0.038615	0.670 ± 0.143194	0.902 ± 0.088153	0.22167 ± 0.072590	0.07641 ± 0.061192	0.688 ± 0.136590	0.897 ± 0.090742	0.340 ± 0.286388	0.804 ± 0.176306	0.7339 ± 0.354513	0.2742 ± 0.177575	0.423 ± 0.339642	0.805 ± 0.172767	0.380 ± 0.294580	0.804 ± 0.174502	0.832 ± 0.257680	0.952 ± 0.051863	0.591 ± 0.163091	0.853 ± 0.125511	0.780 ± 0.153407	0.967 ± 0.038962	0.791 ± 0.139275	0.957 ± 0.048536	0.875 ± 0.184620	0.952 ± 0.051764	0.465 ± 0.258972	0.852 ± 0.130970
roc_auc	nan	nan	0.792 ± 0.140148	0.984 ± 0.029874	0.679 ± 0.144879	0.953 ± 0.075318	0.21662 ± 0.079290	0.04388 ± 0.053848	0.683 ± 0.163903	0.951 ± 0.078024	0.358 ± 0.289757	0.906 ± 0.150635	0.7332 ± 0.386538	0.1805 ± 0.160583	0.424 ± 0.327248	0.906 ± 0.148423	0.390 ± 0.292694	0.906 ± 0.149513	0.828 ± 0.228111	0.978 ± 0.040075	0.596 ± 0.178082	0.928 ± 0.110831	0.754 ± 0.173490	0.984 ± 0.030133	0.779 ± 0.142066	0.979 ± 0.038381	0.847 ± 0.219099	0.978 ± 0.039560	0.511 ± 0.241232	0.928 ± 0.114241
