	mean_best_threshold_tuning_score	mean_best_threshold	mean_test_average_precision	mean_train_average_precision	mean_test_balanced_accuracy	mean_train_balanced_accuracy	mean_test_brier_loss	mean_train_brier_loss	mean_test_f1	mean_train_f1	mean_test_informedness	mean_train_informedness	mean_test_log_loss	mean_train_log_loss	mean_test_markedness	mean_train_markedness	mean_test_mcc	mean_train_mcc	mean_test_negative_predictive_value	mean_train_negative_predictive_value	mean_test_precision	mean_train_precision	mean_test_precision_recall_auc	mean_train_precision_recall_auc	mean_test_roc_auc	mean_train_roc_auc	mean_test_sensitivity	mean_train_sensitivity	mean_test_specificity	mean_train_specificity
mcc	nan	nan	0.853 ± 0.144650	0.991 ± 0.022167	0.739 ± 0.157992	0.965 ± 0.058372	0.18685 ± 0.078769	0.04558 ± 0.050337	0.720 ± 0.161990	0.962 ± 0.059985	0.478 ± 0.315985	0.930 ± 0.116744	0.6967 ± 0.474626	0.1838 ± 0.153467	0.525 ± 0.335742	0.930 ± 0.111773	0.499 ± 0.322154	0.930 ± 0.114170	0.802 ± 0.204512	0.986 ± 0.029688	0.723 ± 0.204474	0.944 ± 0.090069	0.829 ± 0.175614	0.991 ± 0.022353	0.825 ± 0.169271	0.989 ± 0.029081	0.770 ± 0.219229	0.985 ± 0.033043	0.708 ± 0.247922	0.945 ± 0.096339
precision_recall_auc	nan	nan	0.854 ± 0.137429	0.994 ± 0.016746	0.768 ± 0.139914	0.966 ± 0.061201	0.16616 ± 0.080391	0.02574 ± 0.041877	0.739 ± 0.154185	0.964 ± 0.063283	0.536 ± 0.279827	0.933 ± 0.122403	0.5795 ± 0.322461	0.1169 ± 0.128291	0.578 ± 0.294856	0.933 ± 0.119654	0.555 ± 0.283642	0.933 ± 0.120998	0.828 ± 0.194888	0.988 ± 0.031044	0.750 ± 0.181983	0.945 ± 0.094407	0.829 ± 0.167181	0.994 ± 0.016873	0.836 ± 0.153397	0.992 ± 0.023456	0.785 ± 0.225933	0.988 ± 0.030168	0.751 ± 0.206894	0.945 ± 0.098382
roc_auc	nan	nan	0.864 ± 0.120255	0.994 ± 0.020127	0.762 ± 0.148786	0.968 ± 0.060666	0.16437 ± 0.081410	0.02541 ± 0.039783	0.738 ± 0.162451	0.966 ± 0.062817	0.523 ± 0.297571	0.936 ± 0.121331	0.5672 ± 0.319968	0.1183 ± 0.121501	0.575 ± 0.311256	0.937 ± 0.118379	0.546 ± 0.300684	0.936 ± 0.119827	0.831 ± 0.199201	0.989 ± 0.029726	0.744 ± 0.189659	0.947 ± 0.093820	0.843 ± 0.143935	0.994 ± 0.020296	0.842 ± 0.139060	0.992 ± 0.025682	0.788 ± 0.228503	0.990 ± 0.028753	0.735 ± 0.228404	0.947 ± 0.097984
