	mean_best_threshold_tuning_score	mean_best_threshold	mean_test_average_precision	mean_train_average_precision	mean_test_balanced_accuracy	mean_train_balanced_accuracy	mean_test_brier_loss	mean_train_brier_loss	mean_test_f1	mean_train_f1	mean_test_informedness	mean_train_informedness	mean_test_log_loss	mean_train_log_loss	mean_test_markedness	mean_train_markedness	mean_test_mcc	mean_train_mcc	mean_test_negative_predictive_value	mean_train_negative_predictive_value	mean_test_precision	mean_train_precision	mean_test_precision_recall_auc	mean_train_precision_recall_auc	mean_test_roc_auc	mean_train_roc_auc	mean_test_sensitivity	mean_train_sensitivity	mean_test_specificity	mean_train_specificity
mcc	nan	nan	0.787 ± 0.151991	0.991 ± 0.022167	0.650 ± 0.109037	0.965 ± 0.058372	0.22595 ± 0.062658	0.04558 ± 0.050337	0.669 ± 0.104954	0.962 ± 0.059985	0.300 ± 0.218075	0.930 ± 0.116744	0.7269 ± 0.320374	0.1838 ± 0.153467	0.377 ± 0.293033	0.930 ± 0.111773	0.337 ± 0.232724	0.930 ± 0.114170	0.808 ± 0.244955	0.986 ± 0.029688	0.569 ± 0.118307	0.944 ± 0.090069	0.747 ± 0.189365	0.991 ± 0.022353	0.771 ± 0.151916	0.989 ± 0.029081	0.852 ± 0.179197	0.985 ± 0.033043	0.448 ± 0.204281	0.945 ± 0.096339
precision_recall_auc	nan	nan	0.864 ± 0.135495	0.994 ± 0.016746	0.682 ± 0.110043	0.966 ± 0.061201	0.19228 ± 0.076780	0.02574 ± 0.041877	0.689 ± 0.110372	0.964 ± 0.063283	0.365 ± 0.220087	0.933 ± 0.122403	0.5798 ± 0.265889	0.1169 ± 0.128291	0.430 ± 0.284119	0.933 ± 0.119654	0.402 ± 0.218986	0.933 ± 0.120998	0.815 ± 0.231730	0.988 ± 0.031044	0.615 ± 0.156246	0.945 ± 0.094407	0.838 ± 0.168626	0.994 ± 0.016873	0.855 ± 0.141023	0.992 ± 0.023456	0.845 ± 0.179766	0.988 ± 0.030168	0.520 ± 0.261667	0.945 ± 0.098382
roc_auc	nan	nan	0.823 ± 0.150240	0.994 ± 0.020127	0.694 ± 0.123862	0.968 ± 0.060666	0.19750 ± 0.073744	0.02541 ± 0.039783	0.697 ± 0.121174	0.966 ± 0.062817	0.387 ± 0.247723	0.936 ± 0.121331	0.6092 ± 0.266878	0.1183 ± 0.121501	0.451 ± 0.277474	0.937 ± 0.118379	0.419 ± 0.243894	0.936 ± 0.119827	0.819 ± 0.204495	0.989 ± 0.029726	0.632 ± 0.166930	0.947 ± 0.093820	0.787 ± 0.188186	0.994 ± 0.020296	0.819 ± 0.145673	0.992 ± 0.025682	0.833 ± 0.178968	0.990 ± 0.028753	0.554 ± 0.261635	0.947 ± 0.097984
