	mean_best_threshold_tuning_score	mean_best_threshold	mean_test_average_precision	mean_train_average_precision	mean_test_balanced_accuracy	mean_train_balanced_accuracy	mean_test_brier_loss	mean_train_brier_loss	mean_test_f1	mean_train_f1	mean_test_informedness	mean_train_informedness	mean_test_log_loss	mean_train_log_loss	mean_test_markedness	mean_train_markedness	mean_test_mcc	mean_train_mcc	mean_test_negative_predictive_value	mean_train_negative_predictive_value	mean_test_precision	mean_train_precision	mean_test_precision_recall_auc	mean_train_precision_recall_auc	mean_test_roc_auc	mean_train_roc_auc	mean_test_sensitivity	mean_train_sensitivity	mean_test_specificity	mean_train_specificity
mcc	nan	nan	0.760 ± 0.179447	0.998 ± 0.008772	0.713 ± 0.129540	0.990 ± 0.035468	0.21579 ± 0.085124	0.05346 ± 0.039019	0.702 ± 0.134651	0.988 ± 0.037889	0.426 ± 0.259079	0.979 ± 0.070937	0.7636 ± 0.395124	0.2265 ± 0.109146	0.473 ± 0.273778	0.978 ± 0.069372	0.447 ± 0.264137	0.979 ± 0.070140	0.812 ± 0.176698	0.998 ± 0.010025	0.661 ± 0.172781	0.980 ± 0.059877	0.707 ± 0.223663	0.998 ± 0.008840	0.762 ± 0.177907	0.998 ± 0.011362	0.795 ± 0.188389	0.998 ± 0.009426	0.631 ± 0.225400	0.981 ± 0.061882
precision_recall_auc	nan	nan	0.793 ± 0.161747	0.995 ± 0.013211	0.720 ± 0.139402	0.976 ± 0.050371	0.20211 ± 0.074150	0.04399 ± 0.032599	0.709 ± 0.141563	0.973 ± 0.054491	0.440 ± 0.278803	0.951 ± 0.100742	0.6884 ± 0.365361	0.1961 ± 0.096953	0.465 ± 0.281948	0.950 ± 0.102428	0.451 ± 0.278805	0.950 ± 0.101573	0.813 ± 0.186089	0.989 ± 0.029843	0.652 ± 0.143603	0.961 ± 0.075971	0.749 ± 0.204437	0.995 ± 0.013309	0.788 ± 0.160473	0.994 ± 0.017541	0.807 ± 0.191545	0.987 ± 0.032834	0.633 ± 0.200665	0.964 ± 0.072284
roc_auc	nan	nan	0.782 ± 0.168418	0.996 ± 0.011149	0.711 ± 0.152792	0.979 ± 0.048809	0.20542 ± 0.082035	0.04354 ± 0.030257	0.704 ± 0.146431	0.976 ± 0.052607	0.422 ± 0.305584	0.957 ± 0.097617	0.6925 ± 0.354264	0.1965 ± 0.088977	0.447 ± 0.331932	0.956 ± 0.096283	0.433 ± 0.314610	0.956 ± 0.096928	0.794 ± 0.219300	0.995 ± 0.014000	0.653 ± 0.173386	0.961 ± 0.082963	0.738 ± 0.209953	0.996 ± 0.011241	0.781 ± 0.152474	0.995 ± 0.013805	0.802 ± 0.189648	0.995 ± 0.013605	0.620 ± 0.234738	0.962 ± 0.084617
