	mean_best_threshold_tuning_score	mean_best_threshold	mean_test_average_precision	mean_train_average_precision	mean_test_balanced_accuracy	mean_train_balanced_accuracy	mean_test_brier_loss	mean_train_brier_loss	mean_test_f1	mean_train_f1	mean_test_informedness	mean_train_informedness	mean_test_log_loss	mean_train_log_loss	mean_test_markedness	mean_train_markedness	mean_test_mcc	mean_train_mcc	mean_test_negative_predictive_value	mean_train_negative_predictive_value	mean_test_precision	mean_train_precision	mean_test_precision_recall_auc	mean_train_precision_recall_auc	mean_test_roc_auc	mean_train_roc_auc	mean_test_sensitivity	mean_train_sensitivity	mean_test_specificity	mean_train_specificity
mcc	nan	nan	0.814 ± 0.146470	0.998 ± 0.008772	0.765 ± 0.133071	0.990 ± 0.035468	0.18183 ± 0.070356	0.05346 ± 0.039019	0.759 ± 0.130331	0.988 ± 0.037889	0.531 ± 0.266142	0.979 ± 0.070937	0.5854 ± 0.259085	0.2265 ± 0.109146	0.579 ± 0.247946	0.978 ± 0.069372	0.552 ± 0.255154	0.979 ± 0.070140	0.863 ± 0.148663	0.998 ± 0.010025	0.716 ± 0.178277	0.980 ± 0.059877	0.768 ± 0.193112	0.998 ± 0.008840	0.829 ± 0.127688	0.998 ± 0.011362	0.852 ± 0.164346	0.998 ± 0.009426	0.679 ± 0.246421	0.981 ± 0.061882
precision_recall_auc	nan	nan	0.790 ± 0.166805	0.995 ± 0.013211	0.722 ± 0.126839	0.976 ± 0.050371	0.20159 ± 0.078784	0.04399 ± 0.032599	0.728 ± 0.121926	0.973 ± 0.054491	0.444 ± 0.253678	0.951 ± 0.100742	0.6496 ± 0.324792	0.1961 ± 0.096953	0.507 ± 0.247281	0.950 ± 0.102428	0.471 ± 0.246589	0.950 ± 0.101573	0.865 ± 0.166355	0.989 ± 0.029843	0.642 ± 0.144841	0.961 ± 0.075971	0.742 ± 0.212325	0.995 ± 0.013309	0.803 ± 0.148989	0.994 ± 0.017541	0.872 ± 0.158123	0.987 ± 0.032834	0.572 ± 0.223415	0.964 ± 0.072284
roc_auc	nan	nan	0.829 ± 0.145092	0.996 ± 0.011149	0.739 ± 0.138830	0.979 ± 0.048809	0.18178 ± 0.076384	0.04354 ± 0.030257	0.741 ± 0.127305	0.976 ± 0.052607	0.477 ± 0.277659	0.957 ± 0.097617	0.5920 ± 0.305993	0.1965 ± 0.088977	0.514 ± 0.292546	0.956 ± 0.096283	0.494 ± 0.280135	0.956 ± 0.096928	0.848 ± 0.202794	0.995 ± 0.014000	0.666 ± 0.152119	0.961 ± 0.082963	0.790 ± 0.188297	0.996 ± 0.011241	0.833 ± 0.125046	0.995 ± 0.013805	0.868 ± 0.156211	0.995 ± 0.013605	0.609 ± 0.238552	0.962 ± 0.084617
