	mean_ncv_average_precision	mean_ncv_balanced_accuracy	mean_ncv_brier_loss	mean_ncv_f1	mean_ncv_informedness	mean_ncv_log_loss	mean_ncv_markedness	mean_ncv_mcc	mean_ncv_negative_predictive_value	mean_ncv_precision	mean_ncv_precision_recall_auc	mean_ncv_roc_auc	mean_ncv_sensitivity	mean_ncv_specificity
mcc	0.838 ± 0.031189	0.768 ± 0.031810	0.16175 ± 0.014561	0.751 ± 0.031312	0.537 ± 0.063620	0.4931 ± 0.046288	0.535 ± 0.064110	0.536 ± 0.063838	0.807 ± 0.026830	0.728 ± 0.046422	0.834 ± 0.032616	0.837 ± 0.036811	0.778 ± 0.037037	0.759 ± 0.056894
precision_recall_auc	0.840 ± 0.028570	0.755 ± 0.023897	0.16105 ± 0.011835	0.735 ± 0.026868	0.510 ± 0.047795	0.4898 ± 0.040258	0.507 ± 0.046781	0.509 ± 0.047275	0.791 ± 0.027936	0.716 ± 0.022789	0.837 ± 0.030445	0.841 ± 0.026641	0.756 ± 0.038845	0.755 ± 0.023473
roc_auc	0.844 ± 0.027099	0.766 ± 0.037129	0.16235 ± 0.012851	0.748 ± 0.038220	0.531 ± 0.074258	0.4904 ± 0.036874	0.528 ± 0.074553	0.530 ± 0.074380	0.803 ± 0.033918	0.725 ± 0.045273	0.840 ± 0.028949	0.842 ± 0.025231	0.772 ± 0.040992	0.759 ± 0.048152
