	mean_best_threshold_tuning_score	mean_best_threshold	mean_test_average_precision	mean_train_average_precision	mean_test_balanced_accuracy	mean_train_balanced_accuracy	mean_test_brier_loss	mean_train_brier_loss	mean_test_f1	mean_train_f1	mean_test_informedness	mean_train_informedness	mean_test_log_loss	mean_train_log_loss	mean_test_markedness	mean_train_markedness	mean_test_mcc	mean_train_mcc	mean_test_negative_predictive_value	mean_train_negative_predictive_value	mean_test_precision	mean_train_precision	mean_test_precision_recall_auc	mean_train_precision_recall_auc	mean_test_roc_auc	mean_train_roc_auc	mean_test_sensitivity	mean_train_sensitivity	mean_test_specificity	mean_train_specificity
mcc	nan	nan	0.948 ± 0.068444	0.969 ± 0.018483	0.843 ± 0.121405	0.910 ± 0.047994	0.11429 ± 0.074642	0.06229 ± 0.027267	0.814 ± 0.145790	0.901 ± 0.054567	0.686 ± 0.242811	0.820 ± 0.095989	0.3844 ± 0.223375	0.2252 ± 0.077257	0.740 ± 0.216335	0.843 ± 0.090470	0.710 ± 0.227243	0.831 ± 0.092949	0.853 ± 0.132525	0.895 ± 0.049883	0.887 ± 0.160759	0.947 ± 0.050589	0.941 ± 0.078317	0.969 ± 0.018720	0.939 ± 0.079398	0.963 ± 0.023285	0.792 ± 0.198670	0.860 ± 0.069742	0.894 ± 0.168317	0.960 ± 0.042282
precision_recall_auc	nan	nan	0.945 ± 0.069909	0.962 ± 0.016484	0.846 ± 0.106416	0.871 ± 0.045315	0.11888 ± 0.066585	0.08269 ± 0.026521	0.819 ± 0.126819	0.857 ± 0.053764	0.691 ± 0.212832	0.743 ± 0.090630	0.3937 ± 0.239204	0.2663 ± 0.076519	0.724 ± 0.208905	0.759 ± 0.087342	0.707 ± 0.208691	0.751 ± 0.087646	0.851 ± 0.122606	0.871 ± 0.046853	0.873 ± 0.152855	0.889 ± 0.063863	0.938 ± 0.079085	0.962 ± 0.016713	0.932 ± 0.090836	0.960 ± 0.018476	0.798 ± 0.174225	0.832 ± 0.073341	0.893 ± 0.130935	0.910 ± 0.055429
roc_auc	nan	nan	0.947 ± 0.069917	0.962 ± 0.015713	0.839 ± 0.113449	0.861 ± 0.046906	0.12110 ± 0.067611	0.08689 ± 0.026076	0.809 ± 0.142772	0.844 ± 0.058231	0.677 ± 0.226898	0.721 ± 0.093811	0.3975 ± 0.238745	0.2753 ± 0.074026	0.714 ± 0.215749	0.737 ± 0.084564	0.694 ± 0.219283	0.729 ± 0.087058	0.854 ± 0.132369	0.865 ± 0.050771	0.861 ± 0.155502	0.872 ± 0.063550	0.940 ± 0.079166	0.961 ± 0.015936	0.936 ± 0.089643	0.960 ± 0.017227	0.798 ± 0.194955	0.825 ± 0.086002	0.879 ± 0.137429	0.896 ± 0.054722
