	mean_best_threshold_tuning_score	mean_best_threshold	mean_test_average_precision	mean_train_average_precision	mean_test_balanced_accuracy	mean_train_balanced_accuracy	mean_test_brier_loss	mean_train_brier_loss	mean_test_f1	mean_train_f1	mean_test_informedness	mean_train_informedness	mean_test_log_loss	mean_train_log_loss	mean_test_markedness	mean_train_markedness	mean_test_mcc	mean_train_mcc	mean_test_negative_predictive_value	mean_train_negative_predictive_value	mean_test_precision	mean_train_precision	mean_test_precision_recall_auc	mean_train_precision_recall_auc	mean_test_roc_auc	mean_train_roc_auc	mean_test_sensitivity	mean_train_sensitivity	mean_test_specificity	mean_train_specificity
mcc	nan	nan	0.956 ± 0.057228	0.996 ± 0.011561	0.857 ± 0.120488	0.976 ± 0.045820	0.09918 ± 0.060006	0.01974 ± 0.028072	0.818 ± 0.182464	0.973 ± 0.051515	0.714 ± 0.240975	0.952 ± 0.091640	0.3228 ± 0.153041	0.0986 ± 0.085067	0.786 ± 0.249826	0.962 ± 0.071970	0.751 ± 0.219948	0.957 ± 0.081930	0.835 ± 0.126836	0.967 ± 0.061471	0.951 ± 0.170381	0.995 ± 0.013384	0.949 ± 0.066301	0.996 ± 0.011663	0.950 ± 0.063721	0.995 ± 0.014066	0.747 ± 0.220775	0.955 ± 0.084665	0.967 ± 0.116763	0.997 ± 0.008921
precision_recall_auc	nan	nan	0.947 ± 0.069476	0.979 ± 0.016012	0.741 ± 0.159783	0.799 ± 0.143962	0.10268 ± 0.059846	0.05360 ± 0.030528	0.581 ± 0.336339	0.695 ± 0.304104	0.482 ± 0.319567	0.597 ± 0.287924	0.3244 ± 0.154523	0.1798 ± 0.090865	0.522 ± 0.505088	0.652 ± 0.421982	0.539 ± 0.319435	0.645 ± 0.284343	0.722 ± 0.146458	0.774 ± 0.124682	0.800 ± 0.404061	0.878 ± 0.327548	0.940 ± 0.078347	0.978 ± 0.016173	0.930 ± 0.104795	0.980 ± 0.016286	0.482 ± 0.319567	0.599 ± 0.288929	1.000 ± 0.000000	0.999 ± 0.006305
roc_auc	nan	nan	0.948 ± 0.068888	0.977 ± 0.018976	0.743 ± 0.151684	0.810 ± 0.145356	0.09975 ± 0.058597	0.05586 ± 0.031669	0.590 ± 0.320784	0.713 ± 0.306668	0.485 ± 0.303368	0.621 ± 0.290711	0.3158 ± 0.152464	0.1874 ± 0.092453	0.541 ± 0.479491	0.644 ± 0.453682	0.545 ± 0.302633	0.661 ± 0.292941	0.721 ± 0.135652	0.786 ± 0.126842	0.820 ± 0.388088	0.858 ± 0.349812	0.941 ± 0.077965	0.976 ± 0.019163	0.936 ± 0.098497	0.977 ± 0.019515	0.485 ± 0.303368	0.622 ± 0.291772	1.000 ± 0.000000	0.998 ± 0.007550
