	mean_best_threshold_tuning_score	mean_best_threshold	mean_test_average_precision	mean_train_average_precision	mean_test_balanced_accuracy	mean_train_balanced_accuracy	mean_test_brier_loss	mean_train_brier_loss	mean_test_f1	mean_train_f1	mean_test_informedness	mean_train_informedness	mean_test_log_loss	mean_train_log_loss	mean_test_markedness	mean_train_markedness	mean_test_mcc	mean_train_mcc	mean_test_negative_predictive_value	mean_train_negative_predictive_value	mean_test_precision	mean_train_precision	mean_test_precision_recall_auc	mean_train_precision_recall_auc	mean_test_roc_auc	mean_train_roc_auc	mean_test_sensitivity	mean_train_sensitivity	mean_test_specificity	mean_train_specificity
mcc	nan	nan	0.956 ± 0.066936	0.996 ± 0.011561	0.856 ± 0.114929	0.976 ± 0.045820	0.11146 ± 0.069499	0.01974 ± 0.028072	0.828 ± 0.146355	0.973 ± 0.051515	0.712 ± 0.229858	0.952 ± 0.091640	0.3608 ± 0.192732	0.0986 ± 0.085067	0.760 ± 0.207676	0.962 ± 0.071970	0.734 ± 0.216607	0.957 ± 0.081930	0.860 ± 0.120907	0.967 ± 0.061471	0.901 ± 0.154779	0.995 ± 0.013384	0.950 ± 0.075941	0.996 ± 0.011663	0.951 ± 0.078022	0.995 ± 0.014066	0.800 ± 0.190476	0.955 ± 0.084665	0.912 ± 0.145532	0.997 ± 0.008921
precision_recall_auc	nan	nan	0.953 ± 0.060418	0.979 ± 0.016012	0.716 ± 0.163759	0.799 ± 0.143962	0.11478 ± 0.066582	0.05360 ± 0.030528	0.525 ± 0.353656	0.695 ± 0.304104	0.431 ± 0.327517	0.597 ± 0.287924	0.3614 ± 0.168583	0.1798 ± 0.090865	0.439 ± 0.546271	0.652 ± 0.421982	0.485 ± 0.332983	0.645 ± 0.284343	0.705 ± 0.145895	0.774 ± 0.124682	0.733 ± 0.441601	0.878 ± 0.327548	0.948 ± 0.067976	0.978 ± 0.016173	0.940 ± 0.080588	0.980 ± 0.016286	0.435 ± 0.329179	0.599 ± 0.288929	0.996 ± 0.028284	0.999 ± 0.006305
roc_auc	nan	nan	0.954 ± 0.059168	0.977 ± 0.018976	0.711 ± 0.156053	0.810 ± 0.145356	0.11376 ± 0.063624	0.05586 ± 0.031669	0.523 ± 0.344973	0.713 ± 0.306668	0.422 ± 0.312107	0.621 ± 0.290711	0.3597 ± 0.162567	0.1874 ± 0.092453	0.422 ± 0.536338	0.644 ± 0.453682	0.473 ± 0.320617	0.661 ± 0.292941	0.703 ± 0.143766	0.786 ± 0.126842	0.719 ± 0.438569	0.858 ± 0.349812	0.949 ± 0.066800	0.976 ± 0.019163	0.944 ± 0.073652	0.977 ± 0.019515	0.438 ± 0.325072	0.622 ± 0.291772	0.984 ± 0.068094	0.998 ± 0.007550
