	mean_best_threshold_tuning_score	mean_best_threshold	mean_test_average_precision	mean_train_average_precision	mean_test_balanced_accuracy	mean_train_balanced_accuracy	mean_test_brier_loss	mean_train_brier_loss	mean_test_f1	mean_train_f1	mean_test_informedness	mean_train_informedness	mean_test_log_loss	mean_train_log_loss	mean_test_markedness	mean_train_markedness	mean_test_mcc	mean_train_mcc	mean_test_negative_predictive_value	mean_train_negative_predictive_value	mean_test_precision	mean_train_precision	mean_test_precision_recall_auc	mean_train_precision_recall_auc	mean_test_roc_auc	mean_train_roc_auc	mean_test_sensitivity	mean_train_sensitivity	mean_test_specificity	mean_train_specificity
mcc	nan	nan	0.819 ± 0.139468	1.000 ± 0.000000	0.733 ± 0.136375	1.000 ± 0.000000	0.18581 ± 0.067000	0.01660 ± 0.002224	0.666 ± 0.193374	1.000 ± 0.000000	0.466 ± 0.272750	1.000 ± 0.000000	0.5675 ± 0.208146	0.1123 ± 0.010259	0.512 ± 0.300512	1.000 ± 0.000000	0.486 ± 0.280126	1.000 ± 0.000000	0.751 ± 0.156282	1.000 ± 0.000000	0.761 ± 0.216041	1.000 ± 0.000000	0.789 ± 0.171038	1.000 ± 0.000000	0.800 ± 0.158017	1.000 ± 0.000000	0.637 ± 0.248442	1.000 ± 0.000000	0.829 ± 0.141093	1.000 ± 0.000000
precision_recall_auc	nan	nan	0.823 ± 0.132274	1.000 ± 0.000000	0.748 ± 0.128563	1.000 ± 0.000000	0.18299 ± 0.064329	0.01575 ± 0.001961	0.690 ± 0.167982	1.000 ± 0.000000	0.495 ± 0.257126	1.000 ± 0.000000	0.6322 ± 0.659668	0.1091 ± 0.008949	0.550 ± 0.264796	1.000 ± 0.000000	0.519 ± 0.255568	1.000 ± 0.000000	0.765 ± 0.153897	1.000 ± 0.000000	0.784 ± 0.190369	1.000 ± 0.000000	0.794 ± 0.163074	1.000 ± 0.000000	0.802 ± 0.144035	1.000 ± 0.000000	0.665 ± 0.232975	1.000 ± 0.000000	0.830 ± 0.146385	1.000 ± 0.000000
roc_auc	nan	nan	0.823 ± 0.139724	1.000 ± 0.000000	0.731 ± 0.137818	1.000 ± 0.000000	0.18664 ± 0.066267	0.01627 ± 0.002029	0.666 ± 0.181708	1.000 ± 0.000000	0.462 ± 0.275637	1.000 ± 0.000000	0.5696 ± 0.202822	0.1111 ± 0.009349	0.522 ± 0.288169	1.000 ± 0.000000	0.488 ± 0.275582	1.000 ± 0.000000	0.747 ± 0.161322	1.000 ± 0.000000	0.775 ± 0.196143	1.000 ± 0.000000	0.791 ± 0.172673	1.000 ± 0.000000	0.803 ± 0.151708	1.000 ± 0.000000	0.635 ± 0.246799	1.000 ± 0.000000	0.827 ± 0.150581	1.000 ± 0.000000
