	mean_best_threshold_tuning_score	mean_best_threshold	mean_test_average_precision	mean_train_average_precision	mean_test_balanced_accuracy	mean_train_balanced_accuracy	mean_test_brier_loss	mean_train_brier_loss	mean_test_f1	mean_train_f1	mean_test_informedness	mean_train_informedness	mean_test_log_loss	mean_train_log_loss	mean_test_markedness	mean_train_markedness	mean_test_mcc	mean_train_mcc	mean_test_negative_predictive_value	mean_train_negative_predictive_value	mean_test_precision	mean_train_precision	mean_test_precision_recall_auc	mean_train_precision_recall_auc	mean_test_roc_auc	mean_train_roc_auc	mean_test_sensitivity	mean_train_sensitivity	mean_test_specificity	mean_train_specificity
mcc	nan	nan	0.807 ± 0.122775	1.000 ± 0.000000	0.699 ± 0.131223	1.000 ± 0.000000	0.19710 ± 0.066935	0.01648 ± 0.002287	0.650 ± 0.159076	1.000 ± 0.000000	0.398 ± 0.262446	1.000 ± 0.000000	0.5801 ± 0.177807	0.1122 ± 0.010482	0.454 ± 0.281034	1.000 ± 0.000000	0.423 ± 0.268378	1.000 ± 0.000000	0.744 ± 0.156602	1.000 ± 0.000000	0.710 ± 0.217162	1.000 ± 0.000000	0.778 ± 0.148242	1.000 ± 0.000000	0.787 ± 0.148557	1.000 ± 0.000000	0.657 ± 0.220569	1.000 ± 0.000000	0.741 ± 0.222850	1.000 ± 0.000000
precision_recall_auc	nan	nan	0.814 ± 0.122668	1.000 ± 0.000000	0.717 ± 0.124073	1.000 ± 0.000000	0.19491 ± 0.064939	0.01584 ± 0.002026	0.670 ± 0.157132	1.000 ± 0.000000	0.433 ± 0.248145	1.000 ± 0.000000	0.5739 ± 0.169174	0.1092 ± 0.009235	0.485 ± 0.261897	1.000 ± 0.000000	0.456 ± 0.251737	1.000 ± 0.000000	0.764 ± 0.149780	1.000 ± 0.000000	0.721 ± 0.205412	1.000 ± 0.000000	0.789 ± 0.145837	1.000 ± 0.000000	0.794 ± 0.143449	1.000 ± 0.000000	0.683 ± 0.216915	1.000 ± 0.000000	0.750 ± 0.205536	1.000 ± 0.000000
roc_auc	nan	nan	0.803 ± 0.129212	1.000 ± 0.000000	0.709 ± 0.135421	1.000 ± 0.000000	0.19832 ± 0.066481	0.01598 ± 0.002182	0.663 ± 0.161741	1.000 ± 0.000000	0.417 ± 0.270842	1.000 ± 0.000000	0.5816 ± 0.172211	0.1102 ± 0.009699	0.467 ± 0.286281	1.000 ± 0.000000	0.440 ± 0.275611	1.000 ± 0.000000	0.754 ± 0.162243	1.000 ± 0.000000	0.714 ± 0.209998	1.000 ± 0.000000	0.769 ± 0.161258	1.000 ± 0.000000	0.785 ± 0.141329	1.000 ± 0.000000	0.673 ± 0.219410	1.000 ± 0.000000	0.744 ± 0.216569	1.000 ± 0.000000
