	mean_best_threshold_tuning_score	mean_best_threshold	mean_test_average_precision	mean_train_average_precision	mean_test_balanced_accuracy	mean_train_balanced_accuracy	mean_test_brier_loss	mean_train_brier_loss	mean_test_f1	mean_train_f1	mean_test_informedness	mean_train_informedness	mean_test_log_loss	mean_train_log_loss	mean_test_markedness	mean_train_markedness	mean_test_mcc	mean_train_mcc	mean_test_negative_predictive_value	mean_train_negative_predictive_value	mean_test_precision	mean_train_precision	mean_test_precision_recall_auc	mean_train_precision_recall_auc	mean_test_roc_auc	mean_train_roc_auc	mean_test_sensitivity	mean_train_sensitivity	mean_test_specificity	mean_train_specificity
mcc	nan	nan	0.914 ± 0.109239	0.968 ± 0.014727	0.855 ± 0.112498	0.911 ± 0.042860	0.13579 ± 0.048359	0.08709 ± 0.029447	0.829 ± 0.135343	0.901 ± 0.049109	0.710 ± 0.224997	0.821 ± 0.085720	0.4743 ± 0.237542	0.3182 ± 0.095144	0.736 ± 0.215815	0.840 ± 0.080840	0.722 ± 0.218937	0.830 ± 0.083018	0.879 ± 0.123847	0.898 ± 0.044277	0.857 ± 0.167413	0.942 ± 0.044613	0.899 ± 0.134303	0.968 ± 0.014923	0.905 ± 0.123708	0.963 ± 0.017996	0.835 ± 0.177768	0.865 ± 0.062619	0.875 ± 0.155593	0.956 ± 0.035490
precision_recall_auc	nan	nan	0.936 ± 0.088850	0.964 ± 0.019855	0.854 ± 0.116803	0.895 ± 0.047806	0.13329 ± 0.042009	0.09411 ± 0.033290	0.831 ± 0.134188	0.884 ± 0.054157	0.708 ± 0.233606	0.791 ± 0.095613	0.4622 ± 0.159541	0.3355 ± 0.103471	0.730 ± 0.232596	0.811 ± 0.093582	0.719 ± 0.231700	0.801 ± 0.094211	0.879 ± 0.128342	0.885 ± 0.048292	0.851 ± 0.168084	0.926 ± 0.057741	0.927 ± 0.106589	0.964 ± 0.018004	0.926 ± 0.101934	0.961 ± 0.019552	0.840 ± 0.171561	0.848 ± 0.066525	0.868 ± 0.154444	0.943 ± 0.047535
roc_auc	nan	nan	0.944 ± 0.078273	0.961 ± 0.019640	0.846 ± 0.113904	0.884 ± 0.048100	0.13496 ± 0.042294	0.10042 ± 0.031187	0.820 ± 0.135241	0.872 ± 0.053680	0.691 ± 0.227807	0.769 ± 0.096200	0.4832 ± 0.234224	0.3518 ± 0.100314	0.715 ± 0.225245	0.784 ± 0.096145	0.703 ± 0.224968	0.776 ± 0.095706	0.868 ± 0.126044	0.880 ± 0.048062	0.847 ± 0.163739	0.903 ± 0.061356	0.941 ± 0.081477	0.961 ± 0.017020	0.932 ± 0.097870	0.960 ± 0.018147	0.823 ± 0.176287	0.845 ± 0.065504	0.868 ± 0.145952	0.924 ± 0.052237
