	mean_best_threshold_tuning_score	mean_best_threshold	mean_test_average_precision	mean_train_average_precision	mean_test_balanced_accuracy	mean_train_balanced_accuracy	mean_test_brier_loss	mean_train_brier_loss	mean_test_f1	mean_train_f1	mean_test_informedness	mean_train_informedness	mean_test_log_loss	mean_train_log_loss	mean_test_markedness	mean_train_markedness	mean_test_mcc	mean_train_mcc	mean_test_negative_predictive_value	mean_train_negative_predictive_value	mean_test_precision	mean_train_precision	mean_test_precision_recall_auc	mean_train_precision_recall_auc	mean_test_roc_auc	mean_train_roc_auc	mean_test_sensitivity	mean_train_sensitivity	mean_test_specificity	mean_train_specificity
mcc	nan	nan	0.938 ± 0.076999	0.969 ± 0.019634	0.846 ± 0.113128	0.897 ± 0.024757	0.10607 ± 0.058978	0.07591 ± 0.016465	0.808 ± 0.153281	0.884 ± 0.030000	0.693 ± 0.226255	0.793 ± 0.049514	0.3518 ± 0.150005	0.2685 ± 0.046364	0.787 ± 0.173325	0.848 ± 0.041571	0.736 ± 0.198563	0.820 ± 0.044372	0.825 ± 0.127805	0.861 ± 0.030675	0.962 ± 0.105721	0.987 ± 0.032448	0.931 ± 0.085818	0.969 ± 0.019840	0.904 ± 0.121960	0.959 ± 0.031113	0.730 ± 0.211329	0.803 ± 0.048168	0.963 ± 0.107765	0.990 ± 0.023685
precision_recall_auc	nan	nan	0.941 ± 0.073826	0.956 ± 0.019520	0.793 ± 0.115274	0.810 ± 0.080055	0.11433 ± 0.054385	0.09171 ± 0.024315	0.711 ± 0.212739	0.753 ± 0.124495	0.586 ± 0.230547	0.619 ± 0.160110	0.3678 ± 0.137939	0.3028 ± 0.067247	0.708 ± 0.263554	0.759 ± 0.074588	0.647 ± 0.207136	0.683 ± 0.122347	0.769 ± 0.123125	0.774 ± 0.086970	0.939 ± 0.211720	0.985 ± 0.026422	0.934 ± 0.082326	0.955 ± 0.019780	0.916 ± 0.118486	0.951 ± 0.025346	0.607 ± 0.245157	0.629 ± 0.170713	0.979 ± 0.085768	0.990 ± 0.018678
roc_auc	nan	nan	0.945 ± 0.071217	0.954 ± 0.016707	0.766 ± 0.130901	0.801 ± 0.074767	0.11339 ± 0.051706	0.09615 ± 0.018849	0.658 ± 0.256513	0.741 ± 0.130033	0.532 ± 0.261802	0.603 ± 0.149535	0.3598 ± 0.128032	0.3119 ± 0.052464	0.638 ± 0.346911	0.748 ± 0.061658	0.593 ± 0.245644	0.668 ± 0.114488	0.752 ± 0.133478	0.766 ± 0.078024	0.886 ± 0.284110	0.982 ± 0.037116	0.938 ± 0.080066	0.954 ± 0.016939	0.928 ± 0.109788	0.952 ± 0.019793	0.567 ± 0.281718	0.616 ± 0.165040	0.965 ± 0.111689	0.986 ± 0.028337
