	mean_best_threshold_tuning_score	mean_best_threshold	mean_test_average_precision	mean_train_average_precision	mean_test_balanced_accuracy	mean_train_balanced_accuracy	mean_test_brier_loss	mean_train_brier_loss	mean_test_f1	mean_train_f1	mean_test_informedness	mean_train_informedness	mean_test_log_loss	mean_train_log_loss	mean_test_markedness	mean_train_markedness	mean_test_mcc	mean_train_mcc	mean_test_negative_predictive_value	mean_train_negative_predictive_value	mean_test_precision	mean_train_precision	mean_test_precision_recall_auc	mean_train_precision_recall_auc	mean_test_roc_auc	mean_train_roc_auc	mean_test_sensitivity	mean_train_sensitivity	mean_test_specificity	mean_train_specificity
mcc	nan	nan	0.940 ± 0.074819	0.969 ± 0.019634	0.839 ± 0.110547	0.897 ± 0.024757	0.11799 ± 0.057594	0.07591 ± 0.016465	0.806 ± 0.143308	0.884 ± 0.030000	0.678 ± 0.221094	0.793 ± 0.049514	0.3778 ± 0.138191	0.2685 ± 0.046364	0.729 ± 0.204080	0.848 ± 0.041571	0.701 ± 0.209934	0.820 ± 0.044372	0.841 ± 0.121945	0.861 ± 0.030675	0.888 ± 0.157864	0.987 ± 0.032448	0.933 ± 0.083464	0.969 ± 0.019840	0.918 ± 0.108123	0.959 ± 0.031113	0.775 ± 0.192143	0.803 ± 0.048168	0.903 ± 0.141208	0.990 ± 0.023685
precision_recall_auc	nan	nan	0.946 ± 0.073256	0.956 ± 0.019520	0.796 ± 0.105224	0.810 ± 0.080055	0.11384 ± 0.054767	0.09171 ± 0.024315	0.726 ± 0.182199	0.753 ± 0.124495	0.592 ± 0.210447	0.619 ± 0.160110	0.3665 ± 0.135916	0.3028 ± 0.067247	0.721 ± 0.203151	0.759 ± 0.074588	0.653 ± 0.185261	0.683 ± 0.122347	0.772 ± 0.117829	0.774 ± 0.086970	0.949 ± 0.167664	0.985 ± 0.026422	0.939 ± 0.081651	0.955 ± 0.019780	0.925 ± 0.107800	0.951 ± 0.025346	0.623 ± 0.226028	0.629 ± 0.170713	0.969 ± 0.096832	0.990 ± 0.018678
roc_auc	nan	nan	0.948 ± 0.069363	0.954 ± 0.016707	0.759 ± 0.124111	0.801 ± 0.074767	0.11336 ± 0.052898	0.09615 ± 0.018849	0.653 ± 0.249038	0.741 ± 0.130033	0.518 ± 0.248223	0.603 ± 0.149535	0.3605 ± 0.125217	0.3119 ± 0.052464	0.618 ± 0.343851	0.748 ± 0.061658	0.577 ± 0.237203	0.668 ± 0.114488	0.749 ± 0.128879	0.766 ± 0.078024	0.869 ± 0.285265	0.982 ± 0.037116	0.942 ± 0.077754	0.954 ± 0.016939	0.931 ± 0.098573	0.952 ± 0.019793	0.567 ± 0.273551	0.616 ± 0.165040	0.951 ± 0.121003	0.986 ± 0.028337
