	mean_best_threshold_tuning_score	mean_best_threshold	mean_test_average_precision	mean_train_average_precision	mean_test_balanced_accuracy	mean_train_balanced_accuracy	mean_test_brier_loss	mean_train_brier_loss	mean_test_f1	mean_train_f1	mean_test_informedness	mean_train_informedness	mean_test_log_loss	mean_train_log_loss	mean_test_markedness	mean_train_markedness	mean_test_mcc	mean_train_mcc	mean_test_negative_predictive_value	mean_train_negative_predictive_value	mean_test_precision	mean_train_precision	mean_test_precision_recall_auc	mean_train_precision_recall_auc	mean_test_roc_auc	mean_train_roc_auc	mean_test_sensitivity	mean_train_sensitivity	mean_test_specificity	mean_train_specificity
mcc	nan	nan	0.953 ± 0.065206	0.994 ± 0.014305	0.870 ± 0.112714	0.975 ± 0.046487	0.09948 ± 0.059520	0.01945 ± 0.030557	0.833 ± 0.176474	0.972 ± 0.052267	0.740 ± 0.225427	0.949 ± 0.092975	0.3265 ± 0.153403	0.0927 ± 0.094559	0.809 ± 0.235795	0.959 ± 0.074859	0.776 ± 0.203321	0.954 ± 0.084011	0.845 ± 0.124706	0.967 ± 0.060567	0.964 ± 0.160051	0.993 ± 0.017496	0.947 ± 0.074370	0.994 ± 0.014427	0.945 ± 0.079385	0.993 ± 0.018197	0.758 ± 0.215769	0.954 ± 0.083411	0.982 ± 0.089648	0.995 ± 0.011923
precision_recall_auc	nan	nan	0.951 ± 0.064528	0.978 ± 0.018065	0.745 ± 0.142875	0.831 ± 0.129796	0.10498 ± 0.059507	0.05431 ± 0.031222	0.604 ± 0.287038	0.758 ± 0.261560	0.489 ± 0.285749	0.662 ± 0.259592	0.3304 ± 0.156187	0.1851 ± 0.091179	0.600 ± 0.417938	0.718 ± 0.356102	0.561 ± 0.271454	0.703 ± 0.250649	0.725 ± 0.140801	0.804 ± 0.117885	0.875 ± 0.328300	0.914 ± 0.272742	0.944 ± 0.073732	0.978 ± 0.018236	0.940 ± 0.085800	0.979 ± 0.019405	0.493 ± 0.291528	0.666 ± 0.262084	0.996 ± 0.028284	0.996 ± 0.010972
roc_auc	nan	nan	0.950 ± 0.064135	0.978 ± 0.019797	0.766 ± 0.143263	0.847 ± 0.103047	0.10257 ± 0.059175	0.05641 ± 0.030713	0.644 ± 0.281501	0.798 ± 0.193047	0.533 ± 0.286526	0.695 ± 0.206094	0.3254 ± 0.155682	0.1917 ± 0.089728	0.638 ± 0.385273	0.769 ± 0.262105	0.597 ± 0.268455	0.738 ± 0.192257	0.743 ± 0.140159	0.816 ± 0.099685	0.895 ± 0.303424	0.954 ± 0.197336	0.943 ± 0.073290	0.978 ± 0.019988	0.939 ± 0.085365	0.978 ± 0.020805	0.537 ± 0.291684	0.699 ± 0.208799	0.996 ± 0.028284	0.995 ± 0.011724
