	mean_ncv_average_precision	mean_ncv_balanced_accuracy	mean_ncv_brier_loss	mean_ncv_f1	mean_ncv_informedness	mean_ncv_log_loss	mean_ncv_markedness	mean_ncv_mcc	mean_ncv_negative_predictive_value	mean_ncv_precision	mean_ncv_precision_recall_auc	mean_ncv_roc_auc	mean_ncv_sensitivity	mean_ncv_specificity
mcc	0.924 ± 0.037498	0.858 ± 0.037870	0.10010 ± 0.020264	0.838 ± 0.045072	0.716 ± 0.075741	0.3498 ± 0.057932	0.765 ± 0.081621	0.740 ± 0.077520	0.831 ± 0.034110	0.934 ± 0.060042	0.922 ± 0.039983	0.905 ± 0.029402	0.761 ± 0.052705	0.955 ± 0.042855
precision_recall_auc	0.904 ± 0.038513	0.796 ± 0.068372	0.12439 ± 0.024511	0.752 ± 0.092522	0.592 ± 0.136743	0.4127 ± 0.077915	0.670 ± 0.126151	0.629 ± 0.128732	0.773 ± 0.069111	0.897 ± 0.083679	0.902 ± 0.040829	0.886 ± 0.032340	0.656 ± 0.125051	0.936 ± 0.048862
roc_auc	0.894 ± 0.043142	0.800 ± 0.072081	0.12905 ± 0.027921	0.758 ± 0.100353	0.601 ± 0.144162	0.4152 ± 0.085261	0.671 ± 0.123593	0.634 ± 0.129112	0.785 ± 0.077918	0.886 ± 0.089267	0.891 ± 0.045289	0.886 ± 0.036981	0.678 ± 0.147684	0.923 ± 0.056894
