	mean_best_threshold_tuning_score	mean_best_threshold	mean_test_average_precision	mean_train_average_precision	mean_test_balanced_accuracy	mean_train_balanced_accuracy	mean_test_brier_loss	mean_train_brier_loss	mean_test_f1	mean_train_f1	mean_test_informedness	mean_train_informedness	mean_test_log_loss	mean_train_log_loss	mean_test_markedness	mean_train_markedness	mean_test_mcc	mean_train_mcc	mean_test_negative_predictive_value	mean_train_negative_predictive_value	mean_test_precision	mean_train_precision	mean_test_precision_recall_auc	mean_train_precision_recall_auc	mean_test_roc_auc	mean_train_roc_auc	mean_test_sensitivity	mean_train_sensitivity	mean_test_specificity	mean_train_specificity
mcc	nan	nan	0.930 ± 0.080026	1.000 ± 0.000000	0.835 ± 0.125311	1.000 ± 0.000000	0.12616 ± 0.059065	0.01248 ± 0.002626	0.801 ± 0.157171	1.000 ± 0.000000	0.670 ± 0.250623	1.000 ± 0.000000	0.3988 ± 0.163913	0.0915 ± 0.014351	0.720 ± 0.226565	1.000 ± 0.000000	0.693 ± 0.236266	1.000 ± 0.000000	0.849 ± 0.145152	1.000 ± 0.000000	0.871 ± 0.167365	1.000 ± 0.000000	0.921 ± 0.091438	1.000 ± 0.000000	0.921 ± 0.094067	1.000 ± 0.000000	0.785 ± 0.217626	1.000 ± 0.000000	0.885 ± 0.164208	1.000 ± 0.000000
precision_recall_auc	nan	nan	0.937 ± 0.069714	1.000 ± 0.000000	0.836 ± 0.122087	1.000 ± 0.000000	0.12151 ± 0.058437	0.01187 ± 0.002023	0.805 ± 0.155190	1.000 ± 0.000000	0.672 ± 0.244175	1.000 ± 0.000000	0.3845 ± 0.161239	0.0884 ± 0.010607	0.724 ± 0.223772	1.000 ± 0.000000	0.696 ± 0.231846	1.000 ± 0.000000	0.850 ± 0.136644	1.000 ± 0.000000	0.873 ± 0.169064	1.000 ± 0.000000	0.929 ± 0.079179	1.000 ± 0.000000	0.929 ± 0.080587	1.000 ± 0.000000	0.788 ± 0.208391	1.000 ± 0.000000	0.884 ± 0.164887	1.000 ± 0.000000
roc_auc	nan	nan	0.931 ± 0.079176	1.000 ± 0.000000	0.828 ± 0.115384	1.000 ± 0.000000	0.12360 ± 0.057572	0.01201 ± 0.002360	0.795 ± 0.148034	1.000 ± 0.000000	0.657 ± 0.230768	1.000 ± 0.000000	0.3883 ± 0.156252	0.0889 ± 0.012675	0.708 ± 0.215599	1.000 ± 0.000000	0.680 ± 0.220525	1.000 ± 0.000000	0.842 ± 0.133785	1.000 ± 0.000000	0.866 ± 0.166529	1.000 ± 0.000000	0.923 ± 0.087821	1.000 ± 0.000000	0.924 ± 0.089244	1.000 ± 0.000000	0.777 ± 0.204429	1.000 ± 0.000000	0.880 ± 0.156492	1.000 ± 0.000000
