	mean_ncv_average_precision	mean_ncv_balanced_accuracy	mean_ncv_brier_loss	mean_ncv_f1	mean_ncv_informedness	mean_ncv_log_loss	mean_ncv_markedness	mean_ncv_mcc	mean_ncv_negative_predictive_value	mean_ncv_precision	mean_ncv_precision_recall_auc	mean_ncv_roc_auc	mean_ncv_sensitivity	mean_ncv_specificity
mcc	0.890 ± 0.023333	0.810 ± 0.044596	0.13500 ± 0.010661	0.791 ± 0.050003	0.621 ± 0.089192	0.4301 ± 0.035179	0.623 ± 0.091027	0.622 ± 0.090079	0.828 ± 0.038856	0.794 ± 0.055952	0.888 ± 0.024189	0.885 ± 0.019884	0.789 ± 0.051052	0.832 ± 0.048152
precision_recall_auc	0.884 ± 0.017128	0.826 ± 0.028975	0.13407 ± 0.009441	0.809 ± 0.030500	0.652 ± 0.057950	0.4244 ± 0.025978	0.654 ± 0.059366	0.653 ± 0.058587	0.845 ± 0.027572	0.809 ± 0.044969	0.881 ± 0.017468	0.885 ± 0.017809	0.811 ± 0.038845	0.841 ± 0.049097
roc_auc	0.884 ± 0.022009	0.817 ± 0.027488	0.13422 ± 0.009021	0.797 ± 0.029970	0.633 ± 0.054976	0.4254 ± 0.028973	0.640 ± 0.059287	0.637 ± 0.057042	0.828 ± 0.022377	0.812 ± 0.044563	0.881 ± 0.023281	0.882 ± 0.016203	0.783 ± 0.031536	0.850 ± 0.043122
