	mean_best_threshold_tuning_score	mean_best_threshold	mean_test_average_precision	mean_train_average_precision	mean_test_balanced_accuracy	mean_train_balanced_accuracy	mean_test_brier_loss	mean_train_brier_loss	mean_test_f1	mean_train_f1	mean_test_informedness	mean_train_informedness	mean_test_log_loss	mean_train_log_loss	mean_test_markedness	mean_train_markedness	mean_test_mcc	mean_train_mcc	mean_test_negative_predictive_value	mean_train_negative_predictive_value	mean_test_precision	mean_train_precision	mean_test_precision_recall_auc	mean_train_precision_recall_auc	mean_test_roc_auc	mean_train_roc_auc	mean_test_sensitivity	mean_train_sensitivity	mean_test_specificity	mean_train_specificity
mcc	nan	nan	0.921 ± 0.122065	1.000 ± 0.002456	0.804 ± 0.137139	0.993 ± 0.030501	0.12587 ± 0.067580	0.02374 ± 0.031243	0.727 ± 0.231843	0.992 ± 0.035573	0.607 ± 0.274278	0.985 ± 0.061003	0.3982 ± 0.185820	0.1200 ± 0.100742	0.710 ± 0.285856	0.990 ± 0.040690	0.659 ± 0.250769	0.988 ± 0.051147	0.784 ± 0.139851	0.991 ± 0.038409	0.926 ± 0.220907	0.999 ± 0.004159	0.908 ± 0.143120	1.000 ± 0.002494	0.896 ± 0.158489	1.000 ± 0.001867	0.638 ± 0.268642	0.986 ± 0.059694	0.969 ± 0.101464	1.000 ± 0.002619
precision_recall_auc	nan	nan	0.920 ± 0.101277	1.000 ± 0.003024	0.790 ± 0.144220	0.994 ± 0.024306	0.12418 ± 0.075813	0.01404 ± 0.026572	0.701 ± 0.254265	0.993 ± 0.027384	0.580 ± 0.288439	0.988 ± 0.048612	0.4142 ± 0.292269	0.0746 ± 0.090194	0.664 ± 0.342564	0.992 ± 0.032923	0.628 ± 0.274290	0.990 ± 0.040930	0.771 ± 0.137479	0.992 ± 0.032923	0.893 ± 0.264082	1.000 ± 0.000000	0.906 ± 0.122171	1.000 ± 0.003059	0.904 ± 0.115557	1.000 ± 0.002557	0.610 ± 0.275841	0.988 ± 0.048612	0.970 ± 0.085714	1.000 ± 0.000000
roc_auc	nan	nan	0.926 ± 0.090822	0.999 ± 0.005277	0.800 ± 0.141857	0.992 ± 0.027877	0.12793 ± 0.067557	0.02591 ± 0.032764	0.713 ± 0.254089	0.991 ± 0.031241	0.600 ± 0.283713	0.984 ± 0.055754	0.3996 ± 0.191014	0.1167 ± 0.112003	0.684 ± 0.337200	0.989 ± 0.039443	0.648 ± 0.268485	0.986 ± 0.047734	0.776 ± 0.136108	0.989 ± 0.037109	0.908 ± 0.257677	0.999 ± 0.004159	0.914 ± 0.109341	0.999 ± 0.005327	0.907 ± 0.106871	0.999 ± 0.005617	0.617 ± 0.273032	0.984 ± 0.054327	0.983 ± 0.058563	1.000 ± 0.002619
