	mean_best_threshold_tuning_score	mean_best_threshold	mean_test_average_precision	mean_train_average_precision	mean_test_balanced_accuracy	mean_train_balanced_accuracy	mean_test_brier_loss	mean_train_brier_loss	mean_test_f1	mean_train_f1	mean_test_informedness	mean_train_informedness	mean_test_log_loss	mean_train_log_loss	mean_test_markedness	mean_train_markedness	mean_test_mcc	mean_train_mcc	mean_test_negative_predictive_value	mean_train_negative_predictive_value	mean_test_precision	mean_train_precision	mean_test_precision_recall_auc	mean_train_precision_recall_auc	mean_test_roc_auc	mean_train_roc_auc	mean_test_sensitivity	mean_train_sensitivity	mean_test_specificity	mean_train_specificity
mcc	nan	nan	0.810 ± 0.147648	0.989 ± 0.024429	0.676 ± 0.154476	0.962 ± 0.072034	0.22689 ± 0.086724	0.03212 ± 0.050754	0.664 ± 0.176087	0.961 ± 0.072212	0.351 ± 0.308953	0.924 ± 0.144069	0.7514 ± 0.353524	0.1342 ± 0.157279	0.390 ± 0.353263	0.925 ± 0.139611	0.373 ± 0.316124	0.925 ± 0.141825	0.770 ± 0.232806	0.981 ± 0.040342	0.620 ± 0.205878	0.944 ± 0.102506	0.780 ± 0.179957	0.989 ± 0.024617	0.783 ± 0.151220	0.985 ± 0.034577	0.773 ± 0.243417	0.982 ± 0.038036	0.578 ± 0.256778	0.942 ± 0.110120
precision_recall_auc	nan	nan	0.856 ± 0.140268	0.996 ± 0.015563	0.730 ± 0.125210	0.985 ± 0.040788	0.18942 ± 0.090131	0.01434 ± 0.030687	0.716 ± 0.126478	0.985 ± 0.042852	0.460 ± 0.250419	0.971 ± 0.081577	0.6654 ± 0.401085	0.0749 ± 0.102202	0.512 ± 0.261525	0.972 ± 0.079712	0.483 ± 0.251525	0.972 ± 0.080598	0.824 ± 0.176963	0.990 ± 0.026311	0.688 ± 0.169823	0.982 ± 0.060442	0.834 ± 0.167484	0.996 ± 0.015696	0.831 ± 0.146731	0.995 ± 0.019794	0.805 ± 0.201053	0.988 ± 0.030922	0.655 ± 0.208799	0.983 ± 0.061399
roc_auc	nan	nan	0.845 ± 0.151749	0.997 ± 0.012795	0.740 ± 0.129829	0.989 ± 0.034583	0.18903 ± 0.096932	0.01055 ± 0.023982	0.730 ± 0.125578	0.988 ± 0.037082	0.480 ± 0.259659	0.979 ± 0.069167	0.6684 ± 0.413871	0.0656 ± 0.079592	0.528 ± 0.262944	0.980 ± 0.066377	0.501 ± 0.256935	0.979 ± 0.067727	0.838 ± 0.183360	0.995 ± 0.019015	0.689 ± 0.154696	0.985 ± 0.054561	0.817 ± 0.187331	0.997 ± 0.012922	0.829 ± 0.149994	0.997 ± 0.013378	0.828 ± 0.198785	0.993 ± 0.024546	0.652 ± 0.205774	0.985 ± 0.056331
