	mean_ncv_average_precision	mean_ncv_balanced_accuracy	mean_ncv_brier_loss	mean_ncv_f1	mean_ncv_informedness	mean_ncv_log_loss	mean_ncv_markedness	mean_ncv_mcc	mean_ncv_negative_predictive_value	mean_ncv_precision	mean_ncv_precision_recall_auc	mean_ncv_roc_auc	mean_ncv_sensitivity	mean_ncv_specificity
mcc	0.693 ± 0.065418	0.672 ± 0.044723	0.22689 ± 0.027681	0.671 ± 0.044574	0.344 ± 0.089446	0.7514 ± 0.127040	0.351 ± 0.090323	0.347 ± 0.089761	0.753 ± 0.054094	0.598 ± 0.040453	0.677 ± 0.071336	0.742 ± 0.039910	0.767 ± 0.063072	0.577 ± 0.056894
precision_recall_auc	0.786 ± 0.061427	0.727 ± 0.048413	0.18942 ± 0.022112	0.721 ± 0.042238	0.455 ± 0.096827	0.6654 ± 0.122094	0.457 ± 0.092212	0.456 ± 0.094500	0.799 ± 0.041857	0.658 ± 0.055756	0.777 ± 0.067096	0.808 ± 0.031573	0.800 ± 0.038845	0.655 ± 0.080745
roc_auc	0.764 ± 0.076722	0.738 ± 0.036482	0.18903 ± 0.025210	0.733 ± 0.030971	0.477 ± 0.072964	0.6684 ± 0.138307	0.480 ± 0.067092	0.478 ± 0.070014	0.817 ± 0.028949	0.663 ± 0.040614	0.751 ± 0.082821	0.808 ± 0.045514	0.822 ± 0.023424	0.655 ± 0.061359
