	mean_best_threshold_tuning_score	mean_best_threshold	mean_test_average_precision	mean_train_average_precision	mean_test_balanced_accuracy	mean_train_balanced_accuracy	mean_test_brier_loss	mean_train_brier_loss	mean_test_f1	mean_train_f1	mean_test_informedness	mean_train_informedness	mean_test_log_loss	mean_train_log_loss	mean_test_markedness	mean_train_markedness	mean_test_mcc	mean_train_mcc	mean_test_negative_predictive_value	mean_train_negative_predictive_value	mean_test_precision	mean_train_precision	mean_test_precision_recall_auc	mean_train_precision_recall_auc	mean_test_roc_auc	mean_train_roc_auc	mean_test_sensitivity	mean_train_sensitivity	mean_test_specificity	mean_train_specificity
mcc	nan	nan	0.956 ± 0.062729	0.995 ± 0.009360	0.862 ± 0.106573	0.955 ± 0.048883	0.10704 ± 0.067622	0.02699 ± 0.029026	0.837 ± 0.128941	0.950 ± 0.054781	0.723 ± 0.213145	0.910 ± 0.097766	0.3434 ± 0.173301	0.1172 ± 0.090131	0.753 ± 0.205417	0.932 ± 0.074029	0.737 ± 0.207433	0.920 ± 0.085880	0.872 ± 0.115923	0.939 ± 0.064172	0.881 ± 0.155862	0.992 ± 0.017107	0.950 ± 0.071626	0.995 ± 0.009452	0.945 ± 0.078098	0.995 ± 0.009713	0.823 ± 0.168897	0.915 ± 0.091757	0.900 ± 0.137024	0.995 ± 0.012149
precision_recall_auc	nan	nan	0.958 ± 0.058025	0.987 ± 0.015530	0.745 ± 0.161547	0.845 ± 0.137816	0.11429 ± 0.066164	0.04297 ± 0.040813	0.593 ± 0.334795	0.776 ± 0.264071	0.491 ± 0.323095	0.691 ± 0.275633	0.3665 ± 0.179126	0.1510 ± 0.118851	0.536 ± 0.483621	0.736 ± 0.369572	0.544 ± 0.316139	0.729 ± 0.262622	0.733 ± 0.144769	0.820 ± 0.134067	0.803 ± 0.386037	0.916 ± 0.273116	0.953 ± 0.065528	0.987 ± 0.015682	0.948 ± 0.075584	0.987 ± 0.016287	0.505 ± 0.327937	0.694 ± 0.277185	0.986 ± 0.056279	0.997 ± 0.009473
roc_auc	nan	nan	0.952 ± 0.061698	0.988 ± 0.013406	0.782 ± 0.154689	0.869 ± 0.129876	0.12223 ± 0.062188	0.04598 ± 0.041936	0.669 ± 0.306578	0.818 ± 0.221590	0.564 ± 0.309377	0.738 ± 0.259752	0.3796 ± 0.157845	0.1644 ± 0.117726	0.626 ± 0.421775	0.800 ± 0.286852	0.614 ± 0.295395	0.775 ± 0.234017	0.768 ± 0.139314	0.847 ± 0.138378	0.858 ± 0.328731	0.954 ± 0.197918	0.946 ± 0.070254	0.988 ± 0.013543	0.940 ± 0.078295	0.989 ± 0.013179	0.583 ± 0.311805	0.743 ± 0.261293	0.981 ± 0.065380	0.995 ± 0.018685
