	mean_best_threshold_tuning_score	mean_best_threshold	mean_test_average_precision	mean_train_average_precision	mean_test_balanced_accuracy	mean_train_balanced_accuracy	mean_test_brier_loss	mean_train_brier_loss	mean_test_f1	mean_train_f1	mean_test_informedness	mean_train_informedness	mean_test_log_loss	mean_train_log_loss	mean_test_markedness	mean_train_markedness	mean_test_mcc	mean_train_mcc	mean_test_negative_predictive_value	mean_train_negative_predictive_value	mean_test_precision	mean_train_precision	mean_test_precision_recall_auc	mean_train_precision_recall_auc	mean_test_roc_auc	mean_train_roc_auc	mean_test_sensitivity	mean_train_sensitivity	mean_test_specificity	mean_train_specificity
mcc	nan	nan	0.937 ± 0.076841	0.967 ± 0.015605	0.838 ± 0.126102	0.908 ± 0.040065	0.12152 ± 0.076115	0.06939 ± 0.022667	0.802 ± 0.158860	0.899 ± 0.043702	0.676 ± 0.252205	0.816 ± 0.080130	0.4416 ± 0.355183	0.2431 ± 0.059230	0.717 ± 0.228571	0.838 ± 0.084385	0.694 ± 0.238684	0.827 ± 0.081654	0.844 ± 0.142550	0.893 ± 0.039407	0.873 ± 0.162499	0.946 ± 0.057574	0.929 ± 0.087454	0.967 ± 0.015807	0.923 ± 0.094881	0.963 ± 0.018859	0.780 ± 0.210792	0.859 ± 0.050677	0.896 ± 0.145980	0.956 ± 0.049217
precision_recall_auc	nan	nan	0.937 ± 0.107551	0.945 ± 0.095925	0.824 ± 0.134470	0.860 ± 0.091316	0.12615 ± 0.072638	0.08661 ± 0.033908	0.772 ± 0.218474	0.825 ± 0.184856	0.647 ± 0.268939	0.720 ± 0.182633	0.4018 ± 0.229913	0.2811 ± 0.086299	0.677 ± 0.313048	0.720 ± 0.259246	0.669 ± 0.260663	0.729 ± 0.179820	0.838 ± 0.153504	0.859 ± 0.081272	0.839 ± 0.232910	0.861 ± 0.188295	0.929 ± 0.120854	0.944 ± 0.096992	0.923 ± 0.133400	0.937 ± 0.135268	0.758 ± 0.259322	0.799 ± 0.186886	0.889 ± 0.153626	0.921 ± 0.056075
roc_auc	nan	nan	0.941 ± 0.106310	0.945 ± 0.095955	0.833 ± 0.129926	0.856 ± 0.086014	0.12677 ± 0.071920	0.09019 ± 0.034748	0.786 ± 0.211732	0.823 ± 0.176927	0.666 ± 0.259851	0.711 ± 0.172028	0.4068 ± 0.227992	0.2863 ± 0.089870	0.690 ± 0.310013	0.703 ± 0.256337	0.685 ± 0.253691	0.716 ± 0.173913	0.847 ± 0.148772	0.860 ± 0.075954	0.843 ± 0.229368	0.843 ± 0.185067	0.933 ± 0.119541	0.944 ± 0.097021	0.928 ± 0.130833	0.938 ± 0.135378	0.773 ± 0.250871	0.806 ± 0.173956	0.893 ± 0.142861	0.905 ± 0.058276
