	mean_best_threshold_tuning_score	mean_best_threshold	mean_test_average_precision	mean_train_average_precision	mean_test_balanced_accuracy	mean_train_balanced_accuracy	mean_test_brier_loss	mean_train_brier_loss	mean_test_f1	mean_train_f1	mean_test_informedness	mean_train_informedness	mean_test_log_loss	mean_train_log_loss	mean_test_markedness	mean_train_markedness	mean_test_mcc	mean_train_mcc	mean_test_negative_predictive_value	mean_train_negative_predictive_value	mean_test_precision	mean_train_precision	mean_test_precision_recall_auc	mean_train_precision_recall_auc	mean_test_roc_auc	mean_train_roc_auc	mean_test_sensitivity	mean_train_sensitivity	mean_test_specificity	mean_train_specificity
mcc	nan	nan	0.792 ± 0.158696	0.999 ± 0.003680	0.704 ± 0.148061	0.992 ± 0.026057	0.22072 ± 0.082886	0.06182 ± 0.055631	0.620 ± 0.244000	0.991 ± 0.029714	0.407 ± 0.296122	0.983 ± 0.052115	0.8559 ± 0.642899	0.2393 ± 0.146357	0.445 ± 0.372398	0.988 ± 0.034916	0.436 ± 0.301749	0.986 ± 0.043688	0.761 ± 0.179913	0.990 ± 0.034418	0.684 ± 0.274439	0.998 ± 0.008423	0.752 ± 0.200642	0.999 ± 0.002822	0.766 ± 0.173204	0.999 ± 0.002694	0.630 ± 0.306838	0.985 ± 0.051998	0.777 ± 0.203342	0.998 ± 0.007763
precision_recall_auc	nan	nan	0.816 ± 0.152161	1.000 ± 0.002260	0.720 ± 0.171922	0.997 ± 0.020239	0.21373 ± 0.097692	0.04489 ± 0.042065	0.646 ± 0.248495	0.996 ± 0.023597	0.439 ± 0.343844	0.994 ± 0.040478	0.8214 ± 0.549302	0.1881 ± 0.122693	0.488 ± 0.392840	0.996 ± 0.025789	0.465 ± 0.351192	0.995 ± 0.033381	0.765 ± 0.190182	0.996 ± 0.025789	0.723 ± 0.268465	1.000 ± 0.000000	0.787 ± 0.181051	1.000 ± 0.002282	0.783 ± 0.184569	1.000 ± 0.002245	0.643 ± 0.308166	0.994 ± 0.040478	0.796 ± 0.190284	1.000 ± 0.000000
roc_auc	nan	nan	0.827 ± 0.152569	0.998 ± 0.006567	0.723 ± 0.158182	0.988 ± 0.035832	0.20705 ± 0.096480	0.02527 ± 0.025668	0.645 ± 0.240502	0.986 ± 0.039965	0.446 ± 0.316363	0.976 ± 0.071663	0.7729 ± 0.504310	0.1292 ± 0.082386	0.501 ± 0.375500	0.981 ± 0.058481	0.479 ± 0.318851	0.978 ± 0.064817	0.770 ± 0.188531	0.988 ± 0.039143	0.732 ± 0.265735	0.993 ± 0.035631	0.799 ± 0.183694	0.998 ± 0.006615	0.794 ± 0.175699	0.998 ± 0.009224	0.640 ± 0.306505	0.983 ± 0.058511	0.806 ± 0.189962	0.993 ± 0.033976
