	mean_best_threshold_tuning_score	mean_best_threshold	mean_test_average_precision	mean_train_average_precision	mean_test_balanced_accuracy	mean_train_balanced_accuracy	mean_test_brier_loss	mean_train_brier_loss	mean_test_f1	mean_train_f1	mean_test_informedness	mean_train_informedness	mean_test_log_loss	mean_train_log_loss	mean_test_markedness	mean_train_markedness	mean_test_mcc	mean_train_mcc	mean_test_negative_predictive_value	mean_train_negative_predictive_value	mean_test_precision	mean_train_precision	mean_test_precision_recall_auc	mean_train_precision_recall_auc	mean_test_roc_auc	mean_train_roc_auc	mean_test_sensitivity	mean_train_sensitivity	mean_test_specificity	mean_train_specificity
mcc	nan	nan	0.793 ± 0.151577	1.000 ± 0.002168	0.696 ± 0.148693	0.993 ± 0.022436	0.21978 ± 0.083636	0.06971 ± 0.058392	0.618 ± 0.237965	0.992 ± 0.025723	0.392 ± 0.297385	0.986 ± 0.044872	0.8610 ± 0.713587	0.2595 ± 0.157343	0.425 ± 0.368465	0.990 ± 0.030536	0.415 ± 0.310021	0.988 ± 0.037837	0.753 ± 0.176841	0.991 ± 0.029859	0.671 ± 0.265858	0.998 ± 0.008423	0.761 ± 0.184051	1.000 ± 0.002189	0.770 ± 0.167168	1.000 ± 0.002120	0.630 ± 0.298408	0.988 ± 0.044633	0.762 ± 0.195239	0.998 ± 0.007763
precision_recall_auc	nan	nan	0.822 ± 0.144064	1.000 ± 0.000000	0.726 ± 0.148588	0.999 ± 0.004129	0.20650 ± 0.098489	0.04133 ± 0.031194	0.666 ± 0.211547	0.999 ± 0.004203	0.452 ± 0.297176	0.998 ± 0.008258	0.8647 ± 0.729532	0.1822 ± 0.092087	0.511 ± 0.338834	0.998 ± 0.006822	0.482 ± 0.301164	0.998 ± 0.007539	0.774 ± 0.180644	0.998 ± 0.006822	0.737 ± 0.234013	1.000 ± 0.000000	0.795 ± 0.170978	1.000 ± 0.000000	0.785 ± 0.170034	1.000 ± 0.000000	0.667 ± 0.279191	0.998 ± 0.008258	0.785 ± 0.192526	1.000 ± 0.000000
roc_auc	nan	nan	0.831 ± 0.142256	0.999 ± 0.003316	0.724 ± 0.144130	0.993 ± 0.026873	0.19927 ± 0.096689	0.03205 ± 0.030270	0.654 ± 0.223549	0.992 ± 0.030603	0.449 ± 0.288259	0.985 ± 0.053747	0.7443 ± 0.535550	0.1494 ± 0.094100	0.498 ± 0.354193	0.989 ± 0.041480	0.479 ± 0.292716	0.987 ± 0.047470	0.773 ± 0.179407	0.992 ± 0.031148	0.725 ± 0.254645	0.996 ± 0.025456	0.804 ± 0.170441	0.999 ± 0.003345	0.800 ± 0.165391	0.999 ± 0.003601	0.657 ± 0.289479	0.989 ± 0.047418	0.792 ± 0.187997	0.997 ± 0.023570
