	mean_ncv_average_precision	mean_ncv_balanced_accuracy	mean_ncv_brier_loss	mean_ncv_f1	mean_ncv_informedness	mean_ncv_log_loss	mean_ncv_markedness	mean_ncv_mcc	mean_ncv_negative_predictive_value	mean_ncv_precision	mean_ncv_precision_recall_auc	mean_ncv_roc_auc	mean_ncv_sensitivity	mean_ncv_specificity
mcc	0.750 ± 0.044630	0.693 ± 0.036849	0.21978 ± 0.029203	0.651 ± 0.052402	0.387 ± 0.073698	0.8610 ± 0.397154	0.397 ± 0.067295	0.392 ± 0.070360	0.716 ± 0.043540	0.681 ± 0.031841	0.742 ± 0.045819	0.732 ± 0.065239	0.628 ± 0.083024	0.759 ± 0.037421
precision_recall_auc	0.792 ± 0.041630	0.724 ± 0.038097	0.20650 ± 0.024248	0.686 ± 0.053039	0.447 ± 0.076194	0.8647 ± 0.310639	0.459 ± 0.071217	0.453 ± 0.073375	0.742 ± 0.042794	0.717 ± 0.039278	0.786 ± 0.042887	0.753 ± 0.047579	0.661 ± 0.080508	0.786 ± 0.037421
roc_auc	0.795 ± 0.047110	0.720 ± 0.049828	0.19927 ± 0.031215	0.678 ± 0.071501	0.441 ± 0.099656	0.7443 ± 0.206558	0.457 ± 0.087505	0.449 ± 0.093308	0.739 ± 0.059612	0.718 ± 0.040419	0.790 ± 0.048346	0.775 ± 0.059497	0.650 ± 0.111265	0.791 ± 0.043913
