	mean_best_threshold_tuning_score	mean_best_threshold	mean_test_average_precision	mean_train_average_precision	mean_test_balanced_accuracy	mean_train_balanced_accuracy	mean_test_brier_loss	mean_train_brier_loss	mean_test_f1	mean_train_f1	mean_test_informedness	mean_train_informedness	mean_test_log_loss	mean_train_log_loss	mean_test_markedness	mean_train_markedness	mean_test_mcc	mean_train_mcc	mean_test_negative_predictive_value	mean_train_negative_predictive_value	mean_test_precision	mean_train_precision	mean_test_precision_recall_auc	mean_train_precision_recall_auc	mean_test_roc_auc	mean_train_roc_auc	mean_test_sensitivity	mean_train_sensitivity	mean_test_specificity	mean_train_specificity
mcc	nan	nan	0.842 ± 0.140572	1.000 ± 0.003203	0.721 ± 0.151122	0.994 ± 0.028062	0.19815 ± 0.083686	0.06989 ± 0.059107	0.646 ± 0.259695	0.993 ± 0.034248	0.441 ± 0.302245	0.988 ± 0.056124	0.6633 ± 0.439636	0.2623 ± 0.152666	0.453 ± 0.385520	0.991 ± 0.035091	0.455 ± 0.320548	0.989 ± 0.046083	0.784 ± 0.175224	0.992 ± 0.034767	0.669 ± 0.279934	0.999 ± 0.006018	0.817 ± 0.169328	1.000 ± 0.003228	0.811 ± 0.157276	0.999 ± 0.004053	0.678 ± 0.310443	0.988 ± 0.056017	0.763 ± 0.181774	0.999 ± 0.005546
precision_recall_auc	nan	nan	0.852 ± 0.142933	1.000 ± 0.002222	0.730 ± 0.164068	0.992 ± 0.028637	0.19733 ± 0.101317	0.04513 ± 0.037803	0.653 ± 0.272849	0.991 ± 0.032700	0.461 ± 0.328136	0.985 ± 0.057273	0.6871 ± 0.451591	0.1919 ± 0.109335	0.468 ± 0.411281	0.989 ± 0.039752	0.476 ± 0.341713	0.987 ± 0.048705	0.782 ± 0.178038	0.989 ± 0.039752	0.687 ± 0.296139	1.000 ± 0.000000	0.831 ± 0.168038	1.000 ± 0.002243	0.806 ± 0.170300	1.000 ± 0.002215	0.672 ± 0.314254	0.985 ± 0.057273	0.789 ± 0.189330	1.000 ± 0.000000
roc_auc	nan	nan	0.860 ± 0.145478	0.999 ± 0.004011	0.729 ± 0.166311	0.984 ± 0.041395	0.20127 ± 0.103433	0.03266 ± 0.033257	0.652 ± 0.272325	0.982 ± 0.048112	0.457 ± 0.332621	0.968 ± 0.082791	0.6985 ± 0.421649	0.1524 ± 0.096932	0.468 ± 0.410081	0.978 ± 0.056697	0.471 ± 0.349196	0.973 ± 0.069934	0.780 ± 0.180103	0.981 ± 0.052737	0.689 ± 0.294266	0.997 ± 0.020624	0.840 ± 0.171412	0.999 ± 0.004047	0.822 ± 0.173059	0.999 ± 0.004198	0.668 ± 0.315191	0.971 ± 0.080912	0.789 ± 0.184968	0.997 ± 0.018332
