	mean_best_threshold_tuning_score	mean_best_threshold	mean_test_average_precision	mean_train_average_precision	mean_test_balanced_accuracy	mean_train_balanced_accuracy	mean_test_brier_loss	mean_train_brier_loss	mean_test_f1	mean_train_f1	mean_test_informedness	mean_train_informedness	mean_test_log_loss	mean_train_log_loss	mean_test_markedness	mean_train_markedness	mean_test_mcc	mean_train_mcc	mean_test_negative_predictive_value	mean_train_negative_predictive_value	mean_test_precision	mean_train_precision	mean_test_precision_recall_auc	mean_train_precision_recall_auc	mean_test_roc_auc	mean_train_roc_auc	mean_test_sensitivity	mean_train_sensitivity	mean_test_specificity	mean_train_specificity
mcc	nan	nan	0.941 ± 0.060770	0.946 ± 0.018228	0.805 ± 0.117972	0.861 ± 0.031017	0.11740 ± 0.044203	0.09922 ± 0.017920	0.774 ± 0.144821	0.845 ± 0.037232	0.610 ± 0.235945	0.721 ± 0.062034	0.3772 ± 0.113969	0.3351 ± 0.052713	0.653 ± 0.238761	0.734 ± 0.061224	0.630 ± 0.234894	0.728 ± 0.060755	0.833 ± 0.135273	0.866 ± 0.036724	0.821 ± 0.175305	0.868 ± 0.048703	0.936 ± 0.070586	0.950 ± 0.014508	0.938 ± 0.066742	0.956 ± 0.012915	0.767 ± 0.197059	0.827 ± 0.059325	0.843 ± 0.161628	0.895 ± 0.044738
precision_recall_auc	nan	nan	0.943 ± 0.065086	0.949 ± 0.015908	0.810 ± 0.116444	0.861 ± 0.029589	0.10925 ± 0.041192	0.09418 ± 0.013581	0.781 ± 0.138106	0.845 ± 0.035318	0.620 ± 0.232888	0.722 ± 0.059178	0.3540 ± 0.108193	0.3174 ± 0.048366	0.662 ± 0.231230	0.736 ± 0.057530	0.640 ± 0.229626	0.729 ± 0.057719	0.841 ± 0.140220	0.862 ± 0.033455	0.822 ± 0.169909	0.873 ± 0.040561	0.935 ± 0.075529	0.951 ± 0.014956	0.938 ± 0.070446	0.957 ± 0.012746	0.782 ± 0.195535	0.821 ± 0.053118	0.838 ± 0.168293	0.901 ± 0.035944
roc_auc	nan	nan	0.945 ± 0.063298	0.948 ± 0.016474	0.818 ± 0.113685	0.860 ± 0.027823	0.11203 ± 0.039054	0.09556 ± 0.014222	0.791 ± 0.134350	0.845 ± 0.033516	0.636 ± 0.227370	0.721 ± 0.055646	0.3648 ± 0.097293	0.3236 ± 0.049959	0.679 ± 0.223075	0.733 ± 0.052040	0.656 ± 0.222736	0.727 ± 0.053293	0.849 ± 0.137595	0.863 ± 0.032943	0.830 ± 0.169031	0.870 ± 0.035220	0.939 ± 0.073239	0.951 ± 0.015137	0.942 ± 0.066013	0.958 ± 0.012900	0.793 ± 0.192872	0.823 ± 0.052545	0.843 ± 0.169335	0.898 ± 0.031571
