	mean_best_threshold_tuning_score	mean_best_threshold	mean_test_average_precision	mean_train_average_precision	mean_test_balanced_accuracy	mean_train_balanced_accuracy	mean_test_brier_loss	mean_train_brier_loss	mean_test_f1	mean_train_f1	mean_test_informedness	mean_train_informedness	mean_test_log_loss	mean_train_log_loss	mean_test_markedness	mean_train_markedness	mean_test_mcc	mean_train_mcc	mean_test_negative_predictive_value	mean_train_negative_predictive_value	mean_test_precision	mean_train_precision	mean_test_precision_recall_auc	mean_train_precision_recall_auc	mean_test_roc_auc	mean_train_roc_auc	mean_test_sensitivity	mean_train_sensitivity	mean_test_specificity	mean_train_specificity
mcc	nan	nan	0.936 ± 0.085135	0.972 ± 0.021994	0.842 ± 0.120468	0.941 ± 0.042040	0.14203 ± 0.072393	0.06925 ± 0.044972	0.812 ± 0.142337	0.936 ± 0.047531	0.683 ± 0.240935	0.882 ± 0.084080	0.5182 ± 0.396822	0.2593 ± 0.137404	0.715 ± 0.221706	0.900 ± 0.074211	0.697 ± 0.229272	0.891 ± 0.078651	0.870 ± 0.145782	0.927 ± 0.047584	0.845 ± 0.162438	0.972 ± 0.038321	0.927 ± 0.096479	0.972 ± 0.022581	0.916 ± 0.111332	0.964 ± 0.028718	0.828 ± 0.200205	0.904 ± 0.067848	0.855 ± 0.172689	0.978 ± 0.030511
precision_recall_auc	nan	nan	0.926 ± 0.090002	0.979 ± 0.014760	0.829 ± 0.130489	0.963 ± 0.027484	0.13178 ± 0.091874	0.05230 ± 0.036479	0.801 ± 0.146396	0.961 ± 0.029902	0.659 ± 0.260978	0.926 ± 0.054969	0.5230 ± 0.519393	0.2041 ± 0.114472	0.704 ± 0.254336	0.935 ± 0.055059	0.679 ± 0.254958	0.930 ± 0.054841	0.834 ± 0.149791	0.954 ± 0.028025	0.871 ± 0.166243	0.981 ± 0.036200	0.916 ± 0.106126	0.979 ± 0.014891	0.906 ± 0.117915	0.973 ± 0.019935	0.777 ± 0.193019	0.942 ± 0.035098	0.882 ± 0.166831	0.984 ± 0.031009
roc_auc	nan	nan	0.929 ± 0.081756	0.979 ± 0.015259	0.820 ± 0.136414	0.963 ± 0.028160	0.13617 ± 0.091351	0.05103 ± 0.037913	0.791 ± 0.152030	0.961 ± 0.030820	0.641 ± 0.272829	0.927 ± 0.056319	0.5484 ± 0.526035	0.1986 ± 0.120140	0.687 ± 0.269558	0.937 ± 0.054549	0.662 ± 0.268519	0.932 ± 0.055280	0.831 ± 0.151579	0.952 ± 0.032041	0.856 ± 0.181065	0.985 ± 0.031907	0.921 ± 0.090782	0.979 ± 0.015440	0.905 ± 0.119504	0.973 ± 0.021063	0.775 ± 0.193613	0.939 ± 0.040070	0.866 ± 0.183069	0.987 ± 0.026786
