	mean_best_threshold_tuning_score	mean_best_threshold	mean_test_average_precision	mean_train_average_precision	mean_test_balanced_accuracy	mean_train_balanced_accuracy	mean_test_brier_loss	mean_train_brier_loss	mean_test_f1	mean_train_f1	mean_test_informedness	mean_train_informedness	mean_test_log_loss	mean_train_log_loss	mean_test_markedness	mean_train_markedness	mean_test_mcc	mean_train_mcc	mean_test_negative_predictive_value	mean_train_negative_predictive_value	mean_test_precision	mean_train_precision	mean_test_precision_recall_auc	mean_train_precision_recall_auc	mean_test_roc_auc	mean_train_roc_auc	mean_test_sensitivity	mean_train_sensitivity	mean_test_specificity	mean_train_specificity
mcc	nan	nan	0.924 ± 0.089202	0.970 ± 0.016729	0.829 ± 0.142611	0.918 ± 0.042697	0.14022 ± 0.063032	0.07385 ± 0.030942	0.804 ± 0.163088	0.911 ± 0.047519	0.658 ± 0.285222	0.837 ± 0.085393	0.4930 ± 0.257024	0.2721 ± 0.101269	0.681 ± 0.282254	0.851 ± 0.084175	0.669 ± 0.282478	0.844 ± 0.084559	0.861 ± 0.145988	0.909 ± 0.041122	0.821 ± 0.192093	0.942 ± 0.050814	0.918 ± 0.098797	0.970 ± 0.016780	0.906 ± 0.111658	0.967 ± 0.018309	0.817 ± 0.194889	0.883 ± 0.055068	0.841 ± 0.179196	0.954 ± 0.043182
precision_recall_auc	nan	nan	0.927 ± 0.081530	0.965 ± 0.018268	0.848 ± 0.105930	0.903 ± 0.044290	0.13172 ± 0.051644	0.08210 ± 0.029827	0.826 ± 0.122416	0.893 ± 0.050084	0.696 ± 0.211860	0.807 ± 0.088579	0.4644 ± 0.195743	0.2961 ± 0.096044	0.718 ± 0.208923	0.825 ± 0.084326	0.706 ± 0.208757	0.816 ± 0.086159	0.877 ± 0.119755	0.891 ± 0.046071	0.841 ± 0.160788	0.934 ± 0.046558	0.920 ± 0.089251	0.965 ± 0.017926	0.910 ± 0.108216	0.964 ± 0.018646	0.842 ± 0.162577	0.857 ± 0.063596	0.854 ± 0.154801	0.950 ± 0.037734
roc_auc	nan	nan	0.928 ± 0.080195	0.962 ± 0.018387	0.842 ± 0.108168	0.887 ± 0.047809	0.12819 ± 0.047004	0.08644 ± 0.030252	0.817 ± 0.132752	0.875 ± 0.053313	0.685 ± 0.216335	0.773 ± 0.095617	0.4680 ± 0.220683	0.3056 ± 0.098310	0.712 ± 0.210624	0.785 ± 0.094999	0.697 ± 0.211375	0.779 ± 0.095058	0.872 ± 0.120071	0.884 ± 0.047068	0.841 ± 0.159476	0.901 ± 0.057081	0.923 ± 0.084322	0.963 ± 0.017938	0.917 ± 0.096996	0.963 ± 0.018213	0.827 ± 0.177249	0.851 ± 0.062633	0.858 ± 0.145111	0.922 ± 0.048719
