	mean_best_threshold_tuning_score	mean_best_threshold	mean_test_average_precision	mean_train_average_precision	mean_test_balanced_accuracy	mean_train_balanced_accuracy	mean_test_brier_loss	mean_train_brier_loss	mean_test_f1	mean_train_f1	mean_test_informedness	mean_train_informedness	mean_test_log_loss	mean_train_log_loss	mean_test_markedness	mean_train_markedness	mean_test_mcc	mean_train_mcc	mean_test_negative_predictive_value	mean_train_negative_predictive_value	mean_test_precision	mean_train_precision	mean_test_precision_recall_auc	mean_train_precision_recall_auc	mean_test_roc_auc	mean_train_roc_auc	mean_test_sensitivity	mean_train_sensitivity	mean_test_specificity	mean_train_specificity
mcc	nan	nan	0.846 ± 0.103396	1.000 ± 0.000000	0.717 ± 0.129898	1.000 ± 0.000000	0.18401 ± 0.062728	0.02569 ± 0.003424	0.667 ± 0.159477	1.000 ± 0.000000	0.434 ± 0.259796	1.000 ± 0.000000	0.5426 ± 0.159670	0.1511 ± 0.012844	0.475 ± 0.265716	1.000 ± 0.000000	0.452 ± 0.260411	1.000 ± 0.000000	0.754 ± 0.149247	1.000 ± 0.000000	0.720 ± 0.201567	1.000 ± 0.000000	0.827 ± 0.118892	1.000 ± 0.000000	0.831 ± 0.124781	1.000 ± 0.000000	0.670 ± 0.214920	1.000 ± 0.000000	0.764 ± 0.204051	1.000 ± 0.000000
precision_recall_auc	nan	nan	0.853 ± 0.097133	1.000 ± 0.000000	0.728 ± 0.141813	1.000 ± 0.000000	0.17983 ± 0.060289	0.02524 ± 0.003292	0.685 ± 0.168652	1.000 ± 0.000000	0.457 ± 0.283625	1.000 ± 0.000000	0.5346 ± 0.158136	0.1489 ± 0.012713	0.492 ± 0.283416	1.000 ± 0.000000	0.473 ± 0.281726	1.000 ± 0.000000	0.777 ± 0.160257	1.000 ± 0.000000	0.715 ± 0.202870	1.000 ± 0.000000	0.832 ± 0.111285	1.000 ± 0.000000	0.836 ± 0.116378	1.000 ± 0.000000	0.705 ± 0.222214	1.000 ± 0.000000	0.752 ± 0.203530	1.000 ± 0.000000
roc_auc	nan	nan	0.838 ± 0.111530	1.000 ± 0.000000	0.698 ± 0.128166	1.000 ± 0.000000	0.18122 ± 0.054800	0.02536 ± 0.003011	0.648 ± 0.156016	1.000 ± 0.000000	0.396 ± 0.256332	1.000 ± 0.000000	0.5341 ± 0.133792	0.1495 ± 0.012147	0.438 ± 0.261440	1.000 ± 0.000000	0.414 ± 0.255761	1.000 ± 0.000000	0.744 ± 0.150661	1.000 ± 0.000000	0.694 ± 0.199820	1.000 ± 0.000000	0.815 ± 0.132557	1.000 ± 0.000000	0.826 ± 0.122240	1.000 ± 0.000000	0.663 ± 0.215578	1.000 ± 0.000000	0.733 ± 0.206924	1.000 ± 0.000000
