	mean_ncv_average_precision	mean_ncv_balanced_accuracy	mean_ncv_brier_loss	mean_ncv_f1	mean_ncv_informedness	mean_ncv_log_loss	mean_ncv_markedness	mean_ncv_mcc	mean_ncv_negative_predictive_value	mean_ncv_precision	mean_ncv_precision_recall_auc	mean_ncv_roc_auc	mean_ncv_sensitivity	mean_ncv_specificity
mcc	0.823 ± 0.051553	0.769 ± 0.045613	0.16208 ± 0.018548	0.737 ± 0.057046	0.537 ± 0.091227	0.5084 ± 0.064983	0.551 ± 0.089664	0.544 ± 0.090267	0.777 ± 0.042273	0.775 ± 0.053462	0.819 ± 0.053340	0.847 ± 0.043167	0.706 ± 0.069537	0.832 ± 0.043122
precision_recall_auc	0.825 ± 0.047838	0.788 ± 0.033468	0.16173 ± 0.015053	0.764 ± 0.037547	0.576 ± 0.066937	0.5045 ± 0.050235	0.584 ± 0.068339	0.580 ± 0.067572	0.799 ± 0.028686	0.784 ± 0.042507	0.818 ± 0.051959	0.843 ± 0.034929	0.744 ± 0.038845	0.832 ± 0.037421
roc_auc	0.824 ± 0.041386	0.762 ± 0.044517	0.16375 ± 0.014248	0.733 ± 0.050655	0.525 ± 0.089033	0.5060 ± 0.042149	0.534 ± 0.091331	0.529 ± 0.090022	0.775 ± 0.040356	0.759 ± 0.056959	0.818 ± 0.044846	0.842 ± 0.032930	0.711 ± 0.057378	0.814 ± 0.050023
