	mean_best_threshold_tuning_score	mean_best_threshold	mean_test_average_precision	mean_train_average_precision	mean_test_balanced_accuracy	mean_train_balanced_accuracy	mean_test_brier_loss	mean_train_brier_loss	mean_test_f1	mean_train_f1	mean_test_informedness	mean_train_informedness	mean_test_log_loss	mean_train_log_loss	mean_test_markedness	mean_train_markedness	mean_test_mcc	mean_train_mcc	mean_test_negative_predictive_value	mean_train_negative_predictive_value	mean_test_precision	mean_train_precision	mean_test_precision_recall_auc	mean_train_precision_recall_auc	mean_test_roc_auc	mean_train_roc_auc	mean_test_sensitivity	mean_train_sensitivity	mean_test_specificity	mean_train_specificity
mcc	nan	nan	0.866 ± 0.108469	1.000 ± 0.000000	0.728 ± 0.122020	1.000 ± 0.000000	0.17203 ± 0.053085	0.01432 ± 0.002593	0.685 ± 0.146215	1.000 ± 0.000000	0.456 ± 0.244039	1.000 ± 0.000000	0.5104 ± 0.138155	0.1045 ± 0.013661	0.503 ± 0.250667	1.000 ± 0.000000	0.477 ± 0.244459	1.000 ± 0.000000	0.773 ± 0.144608	1.000 ± 0.000000	0.729 ± 0.201652	1.000 ± 0.000000	0.846 ± 0.129270	1.000 ± 0.000000	0.855 ± 0.109199	1.000 ± 0.000000	0.700 ± 0.206197	1.000 ± 0.000000	0.756 ± 0.206437	1.000 ± 0.000000
precision_recall_auc	nan	nan	0.863 ± 0.111136	1.000 ± 0.000000	0.735 ± 0.128869	1.000 ± 0.000000	0.17171 ± 0.057478	0.01406 ± 0.002563	0.697 ± 0.151035	1.000 ± 0.000000	0.470 ± 0.257737	1.000 ± 0.000000	0.5106 ± 0.151024	0.1031 ± 0.012094	0.508 ± 0.257230	1.000 ± 0.000000	0.487 ± 0.255073	1.000 ± 0.000000	0.777 ± 0.141108	1.000 ± 0.000000	0.731 ± 0.197757	1.000 ± 0.000000	0.843 ± 0.129904	1.000 ± 0.000000	0.853 ± 0.118757	1.000 ± 0.000000	0.715 ± 0.199979	1.000 ± 0.000000	0.755 ± 0.206341	1.000 ± 0.000000
roc_auc	nan	nan	0.863 ± 0.102809	1.000 ± 0.000000	0.734 ± 0.134994	1.000 ± 0.000000	0.17081 ± 0.058042	0.01387 ± 0.002384	0.694 ± 0.164326	1.000 ± 0.000000	0.468 ± 0.269989	1.000 ± 0.000000	0.5058 ± 0.146708	0.1024 ± 0.011830	0.498 ± 0.272187	1.000 ± 0.000000	0.481 ± 0.269233	1.000 ± 0.000000	0.777 ± 0.144089	1.000 ± 0.000000	0.720 ± 0.196374	1.000 ± 0.000000	0.844 ± 0.120151	1.000 ± 0.000000	0.850 ± 0.123265	1.000 ± 0.000000	0.713 ± 0.206306	1.000 ± 0.000000	0.755 ± 0.191730	1.000 ± 0.000000
