	mean_best_threshold_tuning_score	mean_best_threshold	mean_test_average_precision	mean_train_average_precision	mean_test_balanced_accuracy	mean_train_balanced_accuracy	mean_test_brier_loss	mean_train_brier_loss	mean_test_f1	mean_train_f1	mean_test_informedness	mean_train_informedness	mean_test_log_loss	mean_train_log_loss	mean_test_markedness	mean_train_markedness	mean_test_mcc	mean_train_mcc	mean_test_negative_predictive_value	mean_train_negative_predictive_value	mean_test_precision	mean_train_precision	mean_test_precision_recall_auc	mean_train_precision_recall_auc	mean_test_roc_auc	mean_train_roc_auc	mean_test_sensitivity	mean_train_sensitivity	mean_test_specificity	mean_train_specificity
mcc	nan	nan	0.832 ± 0.112330	1.000 ± 0.000000	0.702 ± 0.123320	1.000 ± 0.000000	0.18982 ± 0.061108	0.02583 ± 0.002598	0.652 ± 0.156102	1.000 ± 0.000000	0.404 ± 0.246639	1.000 ± 0.000000	0.5584 ± 0.156180	0.1522 ± 0.010950	0.445 ± 0.248053	1.000 ± 0.000000	0.422 ± 0.244040	1.000 ± 0.000000	0.755 ± 0.159466	1.000 ± 0.000000	0.690 ± 0.183747	1.000 ± 0.000000	0.805 ± 0.133350	1.000 ± 0.000000	0.812 ± 0.132737	1.000 ± 0.000000	0.677 ± 0.231234	1.000 ± 0.000000	0.727 ± 0.196710	1.000 ± 0.000000
precision_recall_auc	nan	nan	0.830 ± 0.118796	1.000 ± 0.000000	0.692 ± 0.121135	1.000 ± 0.000000	0.18451 ± 0.058644	0.02557 ± 0.003478	0.642 ± 0.153291	1.000 ± 0.000000	0.385 ± 0.242269	1.000 ± 0.000000	0.5422 ± 0.146120	0.1498 ± 0.013568	0.421 ± 0.250967	1.000 ± 0.000000	0.401 ± 0.244038	1.000 ± 0.000000	0.740 ± 0.145689	1.000 ± 0.000000	0.681 ± 0.190780	1.000 ± 0.000000	0.801 ± 0.149824	1.000 ± 0.000000	0.818 ± 0.128150	1.000 ± 0.000000	0.657 ± 0.214709	1.000 ± 0.000000	0.728 ± 0.194611	1.000 ± 0.000000
roc_auc	nan	nan	0.824 ± 0.117483	1.000 ± 0.000000	0.711 ± 0.125135	1.000 ± 0.000000	0.18719 ± 0.059676	0.02561 ± 0.003433	0.662 ± 0.156531	1.000 ± 0.000000	0.422 ± 0.250271	1.000 ± 0.000000	0.5485 ± 0.150321	0.1499 ± 0.013588	0.470 ± 0.257628	1.000 ± 0.000000	0.443 ± 0.250848	1.000 ± 0.000000	0.762 ± 0.156704	1.000 ± 0.000000	0.709 ± 0.197855	1.000 ± 0.000000	0.801 ± 0.139254	1.000 ± 0.000000	0.810 ± 0.124160	1.000 ± 0.000000	0.680 ± 0.224214	1.000 ± 0.000000	0.742 ± 0.205128	1.000 ± 0.000000
