	mean_ncv_average_precision	mean_ncv_balanced_accuracy	mean_ncv_brier_loss	mean_ncv_f1	mean_ncv_informedness	mean_ncv_log_loss	mean_ncv_markedness	mean_ncv_mcc	mean_ncv_negative_predictive_value	mean_ncv_precision	mean_ncv_precision_recall_auc	mean_ncv_roc_auc	mean_ncv_sensitivity	mean_ncv_specificity
mcc	0.796 ± 0.031013	0.720 ± 0.045648	0.17203 ± 0.009450	0.692 ± 0.051087	0.440 ± 0.091296	0.5104 ± 0.031415	0.440 ± 0.091120	0.440 ± 0.091155	0.750 ± 0.044493	0.691 ± 0.049810	0.789 ± 0.033618	0.823 ± 0.025282	0.694 ± 0.060007	0.745 ± 0.043913
precision_recall_auc	0.797 ± 0.031613	0.728 ± 0.026167	0.17171 ± 0.011026	0.703 ± 0.029625	0.457 ± 0.052335	0.5106 ± 0.033635	0.458 ± 0.054011	0.457 ± 0.053104	0.761 ± 0.032598	0.697 ± 0.034244	0.791 ± 0.035018	0.829 ± 0.025261	0.711 ± 0.051052	0.745 ± 0.043913
roc_auc	0.791 ± 0.028319	0.728 ± 0.022404	0.17081 ± 0.007672	0.703 ± 0.022924	0.457 ± 0.044808	0.5058 ± 0.025195	0.456 ± 0.045591	0.456 ± 0.045180	0.759 ± 0.018801	0.696 ± 0.028970	0.784 ± 0.030302	0.824 ± 0.018578	0.711 ± 0.023424	0.745 ± 0.031782
