	mean_best_threshold_tuning_score	mean_best_threshold	mean_test_average_precision	mean_train_average_precision	mean_test_balanced_accuracy	mean_train_balanced_accuracy	mean_test_brier_loss	mean_train_brier_loss	mean_test_f1	mean_train_f1	mean_test_informedness	mean_train_informedness	mean_test_log_loss	mean_train_log_loss	mean_test_markedness	mean_train_markedness	mean_test_mcc	mean_train_mcc	mean_test_negative_predictive_value	mean_train_negative_predictive_value	mean_test_precision	mean_train_precision	mean_test_precision_recall_auc	mean_train_precision_recall_auc	mean_test_roc_auc	mean_train_roc_auc	mean_test_sensitivity	mean_train_sensitivity	mean_test_specificity	mean_train_specificity
mcc	nan	nan	0.879 ± 0.118514	0.984 ± 0.022923	0.776 ± 0.158757	0.953 ± 0.034850	0.15785 ± 0.068423	0.04115 ± 0.028981	0.731 ± 0.203566	0.950 ± 0.036624	0.551 ± 0.317513	0.905 ± 0.069701	0.5113 ± 0.211824	0.1718 ± 0.091127	0.602 ± 0.332795	0.922 ± 0.070994	0.574 ± 0.321325	0.914 ± 0.070114	0.794 ± 0.159877	0.938 ± 0.031088	0.808 ± 0.248800	0.984 ± 0.053121	0.860 ± 0.143059	0.984 ± 0.023212	0.856 ± 0.142547	0.979 ± 0.031593	0.723 ± 0.237165	0.920 ± 0.038096	0.828 ± 0.232590	0.985 ± 0.050697
precision_recall_auc	nan	nan	0.865 ± 0.149194	0.962 ± 0.106948	0.774 ± 0.130071	0.934 ± 0.113538	0.15495 ± 0.058207	0.04560 ± 0.049742	0.702 ± 0.229061	0.902 ± 0.231783	0.549 ± 0.260142	0.868 ± 0.227075	0.5014 ± 0.186473	0.1825 ± 0.135583	0.576 ± 0.341480	0.857 ± 0.336042	0.574 ± 0.260204	0.876 ± 0.228426	0.787 ± 0.142869	0.921 ± 0.099258	0.789 ± 0.273714	0.937 ± 0.240159	0.842 ± 0.177832	0.962 ± 0.108741	0.840 ± 0.178874	0.953 ± 0.134204	0.677 ± 0.261168	0.871 ± 0.226059	0.872 ± 0.176172	0.997 ± 0.020797
roc_auc	nan	nan	0.878 ± 0.114202	0.988 ± 0.015941	0.775 ± 0.114595	0.969 ± 0.027938	0.15838 ± 0.057081	0.02860 ± 0.024221	0.730 ± 0.144180	0.967 ± 0.029500	0.549 ± 0.229190	0.937 ± 0.055876	0.5089 ± 0.187078	0.1307 ± 0.084999	0.616 ± 0.238803	0.951 ± 0.048483	0.580 ± 0.230957	0.944 ± 0.051984	0.796 ± 0.141768	0.954 ± 0.036505	0.820 ± 0.204799	0.997 ± 0.022810	0.859 ± 0.139038	0.988 ± 0.016116	0.860 ± 0.128048	0.984 ± 0.023736	0.713 ± 0.209713	0.940 ± 0.047416	0.836 ± 0.203048	0.997 ± 0.020797
