	mean_best_threshold_tuning_score	mean_best_threshold	mean_test_average_precision	mean_train_average_precision	mean_test_balanced_accuracy	mean_train_balanced_accuracy	mean_test_brier_loss	mean_train_brier_loss	mean_test_f1	mean_train_f1	mean_test_informedness	mean_train_informedness	mean_test_log_loss	mean_train_log_loss	mean_test_markedness	mean_train_markedness	mean_test_mcc	mean_train_mcc	mean_test_negative_predictive_value	mean_train_negative_predictive_value	mean_test_precision	mean_train_precision	mean_test_precision_recall_auc	mean_train_precision_recall_auc	mean_test_roc_auc	mean_train_roc_auc	mean_test_sensitivity	mean_train_sensitivity	mean_test_specificity	mean_train_specificity
mcc	nan	nan	0.917 ± 0.084168	0.991 ± 0.015074	0.831 ± 0.131807	0.966 ± 0.040402	0.13237 ± 0.077595	0.02431 ± 0.027314	0.810 ± 0.145158	0.963 ± 0.044790	0.662 ± 0.263615	0.933 ± 0.080804	0.4331 ± 0.233885	0.1029 ± 0.089460	0.688 ± 0.257166	0.944 ± 0.067762	0.674 ± 0.259082	0.939 ± 0.074285	0.874 ± 0.140379	0.956 ± 0.051419	0.814 ± 0.189641	0.988 ± 0.019807	0.905 ± 0.097089	0.991 ± 0.015200	0.904 ± 0.097973	0.990 ± 0.018160	0.842 ± 0.177577	0.941 ± 0.069545	0.820 ± 0.202535	0.991 ± 0.014353
precision_recall_auc	nan	nan	0.933 ± 0.070109	0.989 ± 0.019020	0.765 ± 0.168891	0.896 ± 0.170108	0.13281 ± 0.071475	0.02465 ± 0.036788	0.637 ± 0.347617	0.823 ± 0.340498	0.531 ± 0.337783	0.792 ± 0.340215	0.4350 ± 0.217965	0.0860 ± 0.113149	0.482 ± 0.508358	0.735 ± 0.495167	0.550 ± 0.339278	0.796 ± 0.340166	0.786 ± 0.172115	0.899 ± 0.155624	0.696 ± 0.382850	0.836 ± 0.343815	0.924 ± 0.081484	0.989 ± 0.019200	0.920 ± 0.084286	0.989 ± 0.020248	0.622 ± 0.364686	0.812 ± 0.339359	0.909 ± 0.150404	0.981 ± 0.040254
roc_auc	nan	nan	0.923 ± 0.080640	0.987 ± 0.020011	0.775 ± 0.165664	0.884 ± 0.169760	0.13900 ± 0.077243	0.03152 ± 0.042889	0.682 ± 0.312412	0.809 ± 0.337697	0.550 ± 0.331329	0.768 ± 0.339519	0.4565 ± 0.252471	0.1063 ± 0.130289	0.523 ± 0.467542	0.710 ± 0.488177	0.568 ± 0.331856	0.770 ± 0.339423	0.812 ± 0.176981	0.891 ± 0.152751	0.711 ± 0.336439	0.820 ± 0.340162	0.912 ± 0.093095	0.987 ± 0.020211	0.910 ± 0.094892	0.987 ± 0.020205	0.693 ± 0.338999	0.800 ± 0.337094	0.857 ± 0.192992	0.968 ± 0.053873
