	mean_best_threshold_tuning_score	mean_best_threshold	mean_test_average_precision	mean_train_average_precision	mean_test_balanced_accuracy	mean_train_balanced_accuracy	mean_test_brier_loss	mean_train_brier_loss	mean_test_f1	mean_train_f1	mean_test_informedness	mean_train_informedness	mean_test_log_loss	mean_train_log_loss	mean_test_markedness	mean_train_markedness	mean_test_mcc	mean_train_mcc	mean_test_negative_predictive_value	mean_train_negative_predictive_value	mean_test_precision	mean_train_precision	mean_test_precision_recall_auc	mean_train_precision_recall_auc	mean_test_roc_auc	mean_train_roc_auc	mean_test_sensitivity	mean_train_sensitivity	mean_test_specificity	mean_train_specificity
mcc	nan	nan	0.889 ± 0.114296	0.991 ± 0.013767	0.788 ± 0.135244	0.962 ± 0.030190	0.16080 ± 0.066604	0.06353 ± 0.026376	0.753 ± 0.152946	0.960 ± 0.032701	0.577 ± 0.270487	0.924 ± 0.060379	0.5053 ± 0.213038	0.2624 ± 0.076559	0.639 ± 0.276466	0.939 ± 0.051428	0.605 ± 0.269397	0.932 ± 0.055609	0.791 ± 0.142480	0.948 ± 0.039162	0.848 ± 0.187907	0.991 ± 0.030874	0.874 ± 0.131962	0.990 ± 0.014072	0.857 ± 0.145653	0.988 ± 0.019980	0.712 ± 0.193583	0.932 ± 0.052930	0.865 ± 0.175909	0.992 ± 0.028796
precision_recall_auc	nan	nan	0.887 ± 0.108504	0.984 ± 0.017988	0.774 ± 0.116367	0.950 ± 0.047608	0.16465 ± 0.062641	0.06795 ± 0.027183	0.743 ± 0.134806	0.947 ± 0.051019	0.547 ± 0.232734	0.900 ± 0.095216	0.5179 ± 0.228153	0.2713 ± 0.079894	0.613 ± 0.230994	0.913 ± 0.094580	0.577 ± 0.227856	0.906 ± 0.094633	0.808 ± 0.127368	0.942 ± 0.043121	0.805 ± 0.192438	0.971 ± 0.065457	0.871 ± 0.126048	0.984 ± 0.018390	0.859 ± 0.140134	0.979 ± 0.026299	0.738 ± 0.186726	0.927 ± 0.054473	0.809 ± 0.212778	0.974 ± 0.061447
roc_auc	nan	nan	0.884 ± 0.116449	0.982 ± 0.018327	0.766 ± 0.121925	0.945 ± 0.051706	0.16417 ± 0.062849	0.07044 ± 0.025132	0.734 ± 0.141970	0.941 ± 0.055409	0.531 ± 0.243850	0.890 ± 0.103413	0.5147 ± 0.227100	0.2792 ± 0.070513	0.596 ± 0.243252	0.903 ± 0.103295	0.560 ± 0.239760	0.896 ± 0.103098	0.808 ± 0.133579	0.938 ± 0.047073	0.788 ± 0.200105	0.965 ± 0.069700	0.867 ± 0.138664	0.981 ± 0.018735	0.860 ± 0.142141	0.976 ± 0.027033	0.738 ± 0.193437	0.921 ± 0.058624	0.793 ± 0.220392	0.969 ± 0.064825
