	mean_best_threshold_tuning_score	mean_best_threshold	mean_test_average_precision	mean_train_average_precision	mean_test_balanced_accuracy	mean_train_balanced_accuracy	mean_test_brier_loss	mean_train_brier_loss	mean_test_f1	mean_train_f1	mean_test_informedness	mean_train_informedness	mean_test_log_loss	mean_train_log_loss	mean_test_markedness	mean_train_markedness	mean_test_mcc	mean_train_mcc	mean_test_negative_predictive_value	mean_train_negative_predictive_value	mean_test_precision	mean_train_precision	mean_test_precision_recall_auc	mean_train_precision_recall_auc	mean_test_roc_auc	mean_train_roc_auc	mean_test_sensitivity	mean_train_sensitivity	mean_test_specificity	mean_train_specificity
mcc	nan	nan	0.903 ± 0.106385	0.962 ± 0.016518	0.787 ± 0.120798	0.900 ± 0.045567	0.13183 ± 0.064411	0.07474 ± 0.018078	0.751 ± 0.152902	0.888 ± 0.052559	0.574 ± 0.241595	0.800 ± 0.091133	0.4066 ± 0.167147	0.2592 ± 0.046192	0.629 ± 0.245471	0.812 ± 0.077484	0.600 ± 0.240756	0.806 ± 0.083975	0.827 ± 0.145988	0.902 ± 0.057305	0.802 ± 0.190882	0.911 ± 0.035091	0.888 ± 0.129050	0.963 ± 0.016486	0.897 ± 0.103750	0.969 ± 0.015619	0.752 ± 0.217886	0.871 ± 0.083836	0.822 ± 0.180464	0.929 ± 0.030725
precision_recall_auc	nan	nan	0.946 ± 0.067154	0.950 ± 0.013581	0.745 ± 0.176736	0.769 ± 0.155056	0.11070 ± 0.057505	0.08746 ± 0.015083	0.596 ± 0.364209	0.632 ± 0.360700	0.490 ± 0.353471	0.537 ± 0.310113	0.3429 ± 0.148470	0.2857 ± 0.045034	0.439 ± 0.550639	0.461 ± 0.518036	0.517 ± 0.361144	0.552 ± 0.317558	0.751 ± 0.173295	0.766 ± 0.127684	0.688 ± 0.417503	0.695 ± 0.395761	0.939 ± 0.076736	0.950 ± 0.013659	0.938 ± 0.082007	0.955 ± 0.013586	0.552 ± 0.362222	0.584 ± 0.337314	0.938 ± 0.139079	0.953 ± 0.039001
roc_auc	nan	nan	0.944 ± 0.066812	0.951 ± 0.013934	0.767 ± 0.171156	0.791 ± 0.140549	0.10817 ± 0.057389	0.08665 ± 0.014468	0.650 ± 0.338427	0.683 ± 0.325463	0.533 ± 0.342311	0.581 ± 0.281099	0.3361 ± 0.146941	0.2828 ± 0.042047	0.505 ± 0.506834	0.533 ± 0.466458	0.559 ± 0.345762	0.597 ± 0.286965	0.782 ± 0.175718	0.786 ± 0.118783	0.723 ± 0.377349	0.747 ± 0.355152	0.937 ± 0.076059	0.951 ± 0.014000	0.935 ± 0.081492	0.955 ± 0.013738	0.623 ± 0.352445	0.634 ± 0.308135	0.910 ± 0.160992	0.947 ± 0.039683
