	mean_best_threshold_tuning_score	mean_best_threshold	mean_test_average_precision	mean_train_average_precision	mean_test_balanced_accuracy	mean_train_balanced_accuracy	mean_test_brier_loss	mean_train_brier_loss	mean_test_f1	mean_train_f1	mean_test_informedness	mean_train_informedness	mean_test_log_loss	mean_train_log_loss	mean_test_markedness	mean_train_markedness	mean_test_mcc	mean_train_mcc	mean_test_negative_predictive_value	mean_train_negative_predictive_value	mean_test_precision	mean_train_precision	mean_test_precision_recall_auc	mean_train_precision_recall_auc	mean_test_roc_auc	mean_train_roc_auc	mean_test_sensitivity	mean_train_sensitivity	mean_test_specificity	mean_train_specificity
mcc	nan	nan	0.850 ± 0.141387	0.994 ± 0.015583	0.762 ± 0.149216	0.964 ± 0.054645	0.17187 ± 0.077612	0.03021 ± 0.039182	0.734 ± 0.163148	0.960 ± 0.057811	0.524 ± 0.298431	0.928 ± 0.109290	0.5681 ± 0.365439	0.1315 ± 0.129206	0.560 ± 0.304506	0.924 ± 0.110587	0.540 ± 0.298406	0.926 ± 0.109910	0.825 ± 0.181050	0.985 ± 0.033797	0.735 ± 0.198299	0.939 ± 0.081132	0.823 ± 0.172684	0.994 ± 0.015694	0.840 ± 0.151335	0.991 ± 0.022991	0.788 ± 0.224751	0.984 ± 0.035133	0.736 ± 0.203801	0.944 ± 0.078354
precision_recall_auc	nan	nan	0.890 ± 0.116109	0.993 ± 0.018081	0.777 ± 0.148750	0.975 ± 0.050810	0.16212 ± 0.076130	0.01975 ± 0.033487	0.758 ± 0.154462	0.973 ± 0.054766	0.554 ± 0.297501	0.950 ± 0.101620	0.5291 ± 0.310579	0.0944 ± 0.110828	0.575 ± 0.297785	0.951 ± 0.101232	0.564 ± 0.296274	0.950 ± 0.101362	0.839 ± 0.179182	0.986 ± 0.030363	0.736 ± 0.179106	0.965 ± 0.078146	0.875 ± 0.132943	0.993 ± 0.018243	0.863 ± 0.139119	0.992 ± 0.021075	0.817 ± 0.203429	0.984 ± 0.035979	0.737 ± 0.205240	0.967 ± 0.076807
roc_auc	nan	nan	0.899 ± 0.111343	0.997 ± 0.008427	0.786 ± 0.153146	0.984 ± 0.038867	0.15594 ± 0.081968	0.01390 ± 0.021248	0.770 ± 0.159193	0.983 ± 0.042260	0.572 ± 0.306292	0.969 ± 0.077733	0.5217 ± 0.311851	0.0822 ± 0.077126	0.601 ± 0.302184	0.968 ± 0.078637	0.585 ± 0.302052	0.969 ± 0.078139	0.856 ± 0.172214	0.993 ± 0.021468	0.745 ± 0.186423	0.976 ± 0.063072	0.885 ± 0.130088	0.997 ± 0.008492	0.873 ± 0.136327	0.997 ± 0.010978	0.835 ± 0.196692	0.992 ± 0.025373	0.737 ± 0.213046	0.977 ± 0.060642
