	mean_ncv_average_precision	mean_ncv_balanced_accuracy	mean_ncv_brier_loss	mean_ncv_f1	mean_ncv_informedness	mean_ncv_log_loss	mean_ncv_markedness	mean_ncv_mcc	mean_ncv_negative_predictive_value	mean_ncv_precision	mean_ncv_precision_recall_auc	mean_ncv_roc_auc	mean_ncv_sensitivity	mean_ncv_specificity
mcc	0.674 ± 0.077724	0.648 ± 0.044287	0.22542 ± 0.021418	0.673 ± 0.042035	0.296 ± 0.088574	0.6977 ± 0.094126	0.355 ± 0.102451	0.324 ± 0.093402	0.798 ± 0.078747	0.557 ± 0.035599	0.657 ± 0.084992	0.721 ± 0.052178	0.856 ± 0.083641	0.441 ± 0.083126
precision_recall_auc	0.735 ± 0.051131	0.690 ± 0.045942	0.20309 ± 0.019152	0.704 ± 0.030965	0.379 ± 0.091884	0.6153 ± 0.065417	0.421 ± 0.076204	0.399 ± 0.082862	0.822 ± 0.045461	0.599 ± 0.053348	0.721 ± 0.057373	0.783 ± 0.031536	0.861 ± 0.047213	0.518 ± 0.113788
roc_auc	0.731 ± 0.049643	0.681 ± 0.045239	0.20823 ± 0.014841	0.692 ± 0.042587	0.362 ± 0.090478	0.6355 ± 0.077591	0.393 ± 0.090927	0.377 ± 0.090182	0.801 ± 0.058979	0.591 ± 0.039703	0.718 ± 0.056701	0.777 ± 0.025398	0.839 ± 0.066512	0.523 ± 0.071870
