	mean_best_threshold_tuning_score	mean_best_threshold	mean_test_average_precision	mean_train_average_precision	mean_test_balanced_accuracy	mean_train_balanced_accuracy	mean_test_brier_loss	mean_train_brier_loss	mean_test_f1	mean_train_f1	mean_test_informedness	mean_train_informedness	mean_test_log_loss	mean_train_log_loss	mean_test_markedness	mean_train_markedness	mean_test_mcc	mean_train_mcc	mean_test_negative_predictive_value	mean_train_negative_predictive_value	mean_test_precision	mean_train_precision	mean_test_precision_recall_auc	mean_train_precision_recall_auc	mean_test_roc_auc	mean_train_roc_auc	mean_test_sensitivity	mean_train_sensitivity	mean_test_specificity	mean_train_specificity
mcc	nan	nan	0.765 ± 0.156285	0.994 ± 0.015583	0.639 ± 0.148523	0.964 ± 0.054645	0.22415 ± 0.061268	0.03021 ± 0.039182	0.657 ± 0.164626	0.960 ± 0.057811	0.278 ± 0.297046	0.928 ± 0.109290	0.6774 ± 0.284130	0.1315 ± 0.129206	0.349 ± 0.374619	0.924 ± 0.110587	0.309 ± 0.323385	0.926 ± 0.109910	0.801 ± 0.283352	0.985 ± 0.033797	0.548 ± 0.154930	0.939 ± 0.081132	0.721 ± 0.193711	0.994 ± 0.015694	0.752 ± 0.147619	0.991 ± 0.022991	0.850 ± 0.225249	0.984 ± 0.035133	0.428 ± 0.220195	0.944 ± 0.078354
precision_recall_auc	nan	nan	0.816 ± 0.137802	0.993 ± 0.018081	0.694 ± 0.120645	0.975 ± 0.050810	0.20540 ± 0.068527	0.01975 ± 0.033487	0.710 ± 0.107957	0.973 ± 0.054766	0.388 ± 0.241289	0.950 ± 0.101620	0.6230 ± 0.257375	0.0944 ± 0.110828	0.475 ± 0.271931	0.951 ± 0.101232	0.425 ± 0.246369	0.950 ± 0.101362	0.867 ± 0.205618	0.986 ± 0.030363	0.608 ± 0.132435	0.965 ± 0.078146	0.780 ± 0.173070	0.993 ± 0.018243	0.813 ± 0.134767	0.992 ± 0.021075	0.890 ± 0.147196	0.984 ± 0.035979	0.498 ± 0.229454	0.967 ± 0.076807
roc_auc	nan	nan	0.820 ± 0.146645	0.997 ± 0.008427	0.695 ± 0.127965	0.984 ± 0.038867	0.20061 ± 0.067428	0.01390 ± 0.021248	0.707 ± 0.119953	0.983 ± 0.042260	0.390 ± 0.255929	0.969 ± 0.077733	0.6102 ± 0.251006	0.0822 ± 0.077126	0.471 ± 0.278035	0.968 ± 0.078637	0.425 ± 0.258508	0.969 ± 0.078139	0.860 ± 0.208656	0.993 ± 0.021468	0.611 ± 0.142810	0.976 ± 0.063072	0.783 ± 0.185457	0.997 ± 0.008492	0.819 ± 0.140910	0.997 ± 0.010978	0.878 ± 0.164277	0.992 ± 0.025373	0.512 ± 0.235077	0.977 ± 0.060642
