	mean_best_threshold_tuning_score	mean_best_threshold	mean_test_average_precision	mean_train_average_precision	mean_test_balanced_accuracy	mean_train_balanced_accuracy	mean_test_brier_loss	mean_train_brier_loss	mean_test_f1	mean_train_f1	mean_test_informedness	mean_train_informedness	mean_test_log_loss	mean_train_log_loss	mean_test_markedness	mean_train_markedness	mean_test_mcc	mean_train_mcc	mean_test_negative_predictive_value	mean_train_negative_predictive_value	mean_test_precision	mean_train_precision	mean_test_precision_recall_auc	mean_train_precision_recall_auc	mean_test_roc_auc	mean_train_roc_auc	mean_test_sensitivity	mean_train_sensitivity	mean_test_specificity	mean_train_specificity
mcc	nan	nan	0.953 ± 0.066692	0.995 ± 0.011717	0.854 ± 0.105868	0.959 ± 0.044954	0.09988 ± 0.062750	0.02549 ± 0.027129	0.819 ± 0.140562	0.956 ± 0.050223	0.708 ± 0.211736	0.919 ± 0.089909	0.3239 ± 0.162294	0.1154 ± 0.081677	0.799 ± 0.153866	0.938 ± 0.070124	0.749 ± 0.181954	0.928 ± 0.080055	0.839 ± 0.124264	0.944 ± 0.060783	0.960 ± 0.115617	0.994 ± 0.016717	0.947 ± 0.076149	0.995 ± 0.011829	0.946 ± 0.075956	0.995 ± 0.012837	0.752 ± 0.205846	0.923 ± 0.084027	0.956 ± 0.130790	0.996 ± 0.011766
precision_recall_auc	nan	nan	0.941 ± 0.071860	0.989 ± 0.012838	0.771 ± 0.143246	0.855 ± 0.144126	0.11364 ± 0.065373	0.04272 ± 0.039196	0.655 ± 0.287883	0.787 ± 0.270893	0.542 ± 0.286492	0.710 ± 0.288253	0.3585 ± 0.175074	0.1541 ± 0.113061	0.621 ± 0.400967	0.749 ± 0.377931	0.598 ± 0.278823	0.745 ± 0.272769	0.751 ± 0.120762	0.833 ± 0.143188	0.870 ± 0.332124	0.917 ± 0.273199	0.934 ± 0.080682	0.988 ± 0.012974	0.922 ± 0.107972	0.989 ± 0.012491	0.550 ± 0.284222	0.712 ± 0.289037	0.992 ± 0.056569	0.998 ± 0.006140
roc_auc	nan	nan	0.937 ± 0.073458	0.989 ± 0.012930	0.779 ± 0.152912	0.866 ± 0.150081	0.12343 ± 0.068792	0.04358 ± 0.042644	0.662 ± 0.309468	0.800 ± 0.277210	0.558 ± 0.305825	0.732 ± 0.300161	0.3824 ± 0.180466	0.1589 ± 0.119149	0.602 ± 0.436054	0.764 ± 0.384731	0.603 ± 0.299729	0.764 ± 0.282717	0.767 ± 0.132070	0.848 ± 0.151588	0.835 ± 0.354716	0.916 ± 0.273629	0.929 ± 0.082647	0.989 ± 0.013069	0.921 ± 0.106749	0.990 ± 0.012093	0.578 ± 0.309254	0.735 ± 0.301058	0.980 ± 0.083299	0.997 ± 0.016953
