	mean_best_threshold_tuning_score	mean_best_threshold	mean_test_average_precision	mean_train_average_precision	mean_test_balanced_accuracy	mean_train_balanced_accuracy	mean_test_brier_loss	mean_train_brier_loss	mean_test_f1	mean_train_f1	mean_test_informedness	mean_train_informedness	mean_test_log_loss	mean_train_log_loss	mean_test_markedness	mean_train_markedness	mean_test_mcc	mean_train_mcc	mean_test_negative_predictive_value	mean_train_negative_predictive_value	mean_test_precision	mean_train_precision	mean_test_precision_recall_auc	mean_train_precision_recall_auc	mean_test_roc_auc	mean_train_roc_auc	mean_test_sensitivity	mean_train_sensitivity	mean_test_specificity	mean_train_specificity
mcc	nan	nan	0.824 ± 0.147845	0.988 ± 0.030414	0.702 ± 0.122591	0.961 ± 0.067718	0.20458 ± 0.066835	0.05891 ± 0.059648	0.706 ± 0.124579	0.959 ± 0.068861	0.405 ± 0.245181	0.923 ± 0.135436	0.7252 ± 0.396663	0.2281 ± 0.173410	0.522 ± 0.232250	0.922 ± 0.132284	0.454 ± 0.233566	0.922 ± 0.133837	0.874 ± 0.160972	0.986 ± 0.037514	0.649 ± 0.191941	0.936 ± 0.098921	0.791 ± 0.184498	0.988 ± 0.030697	0.808 ± 0.143333	0.985 ± 0.038810	0.857 ± 0.191988	0.987 ± 0.035001	0.548 ± 0.277922	0.936 ± 0.104042
precision_recall_auc	nan	nan	0.846 ± 0.150533	0.996 ± 0.017345	0.720 ± 0.130073	0.982 ± 0.048917	0.18522 ± 0.080932	0.02656 ± 0.045210	0.715 ± 0.139513	0.980 ± 0.051736	0.440 ± 0.260146	0.963 ± 0.097835	0.6243 ± 0.329120	0.1246 ± 0.134381	0.494 ± 0.282946	0.962 ± 0.098540	0.468 ± 0.253957	0.963 ± 0.098167	0.831 ± 0.190070	0.993 ± 0.026565	0.663 ± 0.180811	0.968 ± 0.074374	0.818 ± 0.184802	0.996 ± 0.017490	0.831 ± 0.155272	0.995 ± 0.022240	0.825 ± 0.185386	0.993 ± 0.026383	0.615 ± 0.255001	0.970 ± 0.073364
roc_auc	nan	nan	0.823 ± 0.160875	0.997 ± 0.011035	0.712 ± 0.130228	0.984 ± 0.043438	0.18521 ± 0.078137	0.02042 ± 0.031269	0.709 ± 0.135098	0.983 ± 0.046947	0.425 ± 0.260456	0.969 ± 0.086876	0.6120 ± 0.315321	0.1106 ± 0.098102	0.474 ± 0.290741	0.968 ± 0.086475	0.451 ± 0.258715	0.968 ± 0.086650	0.822 ± 0.199592	0.996 ± 0.017453	0.652 ± 0.176189	0.971 ± 0.072316	0.785 ± 0.203532	0.997 ± 0.011130	0.822 ± 0.150709	0.997 ± 0.013573	0.825 ± 0.185386	0.996 ± 0.018228	0.600 ± 0.251120	0.972 ± 0.072592
