	mean_best_threshold_tuning_score	mean_best_threshold	mean_test_average_precision	mean_train_average_precision	mean_test_balanced_accuracy	mean_train_balanced_accuracy	mean_test_brier_loss	mean_train_brier_loss	mean_test_f1	mean_train_f1	mean_test_informedness	mean_train_informedness	mean_test_log_loss	mean_train_log_loss	mean_test_markedness	mean_train_markedness	mean_test_mcc	mean_train_mcc	mean_test_negative_predictive_value	mean_train_negative_predictive_value	mean_test_precision	mean_train_precision	mean_test_precision_recall_auc	mean_train_precision_recall_auc	mean_test_roc_auc	mean_train_roc_auc	mean_test_sensitivity	mean_train_sensitivity	mean_test_specificity	mean_train_specificity
mcc	nan	nan	0.830 ± 0.138847	0.914 ± 0.065692	0.755 ± 0.137045	0.845 ± 0.033839	0.18345 ± 0.069167	0.11556 ± 0.028153	0.718 ± 0.156256	0.833 ± 0.033243	0.510 ± 0.274091	0.689 ± 0.067678	0.5786 ± 0.203149	0.3887 ± 0.071998	0.546 ± 0.279911	0.687 ± 0.065785	0.526 ± 0.274371	0.688 ± 0.066669	0.779 ± 0.147700	0.890 ± 0.027528	0.767 ± 0.193945	0.797 ± 0.055678	0.800 ± 0.171899	0.913 ± 0.067222	0.806 ± 0.158841	0.909 ± 0.052414	0.712 ± 0.197210	0.877 ± 0.033343	0.798 ± 0.194296	0.812 ± 0.066412
precision_recall_auc	nan	nan	0.807 ± 0.161930	0.917 ± 0.109509	0.662 ± 0.149773	0.823 ± 0.210828	0.20961 ± 0.067206	0.07829 ± 0.074850	0.470 ± 0.330424	0.679 ± 0.432230	0.323 ± 0.299546	0.645 ± 0.421655	0.6615 ± 0.259641	0.2662 ± 0.214669	0.246 ± 0.498759	0.520 ± 0.618986	0.346 ± 0.305077	0.645 ± 0.421580	0.693 ± 0.169204	0.844 ± 0.189408	0.554 ± 0.391872	0.675 ± 0.430652	0.769 ± 0.201329	0.915 ± 0.112406	0.794 ± 0.164351	0.929 ± 0.086801	0.458 ± 0.362754	0.684 ± 0.434391	0.865 ± 0.175618	0.962 ± 0.063283
roc_auc	nan	nan	0.799 ± 0.161600	0.901 ± 0.099531	0.694 ± 0.149305	0.810 ± 0.181798	0.20412 ± 0.068238	0.09702 ± 0.066471	0.545 ± 0.321686	0.693 ± 0.380194	0.387 ± 0.298609	0.620 ± 0.363596	0.6521 ± 0.258734	0.3227 ± 0.192132	0.326 ± 0.463846	0.518 ± 0.542473	0.403 ± 0.305137	0.619 ± 0.363395	0.722 ± 0.152872	0.839 ± 0.167621	0.604 ± 0.367864	0.679 ± 0.376612	0.760 ± 0.201361	0.899 ± 0.102143	0.779 ± 0.163141	0.913 ± 0.075219	0.533 ± 0.340068	0.710 ± 0.386537	0.854 ± 0.177810	0.910 ± 0.101099
