	mean_best_threshold_tuning_score	mean_best_threshold	mean_test_average_precision	mean_train_average_precision	mean_test_balanced_accuracy	mean_train_balanced_accuracy	mean_test_brier_loss	mean_train_brier_loss	mean_test_f1	mean_train_f1	mean_test_informedness	mean_train_informedness	mean_test_log_loss	mean_train_log_loss	mean_test_markedness	mean_train_markedness	mean_test_mcc	mean_train_mcc	mean_test_negative_predictive_value	mean_train_negative_predictive_value	mean_test_precision	mean_train_precision	mean_test_precision_recall_auc	mean_train_precision_recall_auc	mean_test_roc_auc	mean_train_roc_auc	mean_test_sensitivity	mean_train_sensitivity	mean_test_specificity	mean_train_specificity
mcc	nan	nan	0.852 ± 0.130739	0.946 ± 0.054670	0.762 ± 0.127989	0.889 ± 0.057110	0.18056 ± 0.074762	0.08013 ± 0.041390	0.724 ± 0.153865	0.880 ± 0.058510	0.525 ± 0.255977	0.777 ± 0.114219	0.5888 ± 0.245149	0.2844 ± 0.121253	0.556 ± 0.288940	0.780 ± 0.116423	0.543 ± 0.253954	0.778 ± 0.115200	0.792 ± 0.188053	0.906 ± 0.042097	0.764 ± 0.191141	0.873 ± 0.082925	0.827 ± 0.158837	0.946 ± 0.055520	0.826 ± 0.150845	0.942 ± 0.053670	0.747 ± 0.219487	0.889 ± 0.046165	0.778 ± 0.213847	0.888 ± 0.084029
precision_recall_auc	nan	nan	0.846 ± 0.130364	0.934 ± 0.092871	0.716 ± 0.169774	0.850 ± 0.192424	0.17962 ± 0.082758	0.06893 ± 0.065357	0.575 ± 0.337650	0.736 ± 0.397534	0.432 ± 0.339548	0.699 ± 0.384847	0.5945 ± 0.321033	0.2421 ± 0.189056	0.365 ± 0.517882	0.606 ± 0.568705	0.449 ± 0.344862	0.701 ± 0.385483	0.744 ± 0.196479	0.861 ± 0.169229	0.621 ± 0.373678	0.744 ± 0.401631	0.819 ± 0.160223	0.933 ± 0.094895	0.822 ± 0.145034	0.939 ± 0.074401	0.575 ± 0.367797	0.728 ± 0.394454	0.857 ± 0.184338	0.971 ± 0.038058
roc_auc	nan	nan	0.844 ± 0.124409	0.947 ± 0.076612	0.740 ± 0.150377	0.881 ± 0.151913	0.19113 ± 0.084324	0.06316 ± 0.054410	0.651 ± 0.272900	0.816 ± 0.309671	0.480 ± 0.300755	0.762 ± 0.303825	0.6389 ± 0.343374	0.2288 ± 0.163521	0.465 ± 0.420742	0.712 ± 0.447385	0.497 ± 0.305951	0.764 ± 0.304330	0.766 ± 0.169842	0.890 ± 0.136949	0.699 ± 0.317122	0.822 ± 0.313232	0.821 ± 0.146732	0.946 ± 0.078830	0.806 ± 0.153015	0.948 ± 0.060517	0.650 ± 0.302109	0.811 ± 0.308258	0.830 ± 0.200000	0.951 ± 0.062115
