	mean_best_threshold_tuning_score	mean_best_threshold	mean_test_average_precision	mean_train_average_precision	mean_test_balanced_accuracy	mean_train_balanced_accuracy	mean_test_brier_loss	mean_train_brier_loss	mean_test_f1	mean_train_f1	mean_test_informedness	mean_train_informedness	mean_test_log_loss	mean_train_log_loss	mean_test_markedness	mean_train_markedness	mean_test_mcc	mean_train_mcc	mean_test_negative_predictive_value	mean_train_negative_predictive_value	mean_test_precision	mean_train_precision	mean_test_precision_recall_auc	mean_train_precision_recall_auc	mean_test_roc_auc	mean_train_roc_auc	mean_test_sensitivity	mean_train_sensitivity	mean_test_specificity	mean_train_specificity
mcc	nan	nan	0.874 ± 0.099410	0.985 ± 0.011946	0.800 ± 0.132169	0.910 ± 0.061955	0.16579 ± 0.056322	0.06914 ± 0.031627	0.768 ± 0.151622	0.900 ± 0.069174	0.599 ± 0.264338	0.821 ± 0.123909	0.5165 ± 0.134778	0.2691 ± 0.089226	0.632 ± 0.260701	0.829 ± 0.118189	0.614 ± 0.259704	0.825 ± 0.120971	0.836 ± 0.157313	0.908 ± 0.065367	0.795 ± 0.173599	0.921 ± 0.058142	0.858 ± 0.112881	0.984 ± 0.012346	0.846 ± 0.126549	0.986 ± 0.011483	0.783 ± 0.212292	0.882 ± 0.085071	0.816 ± 0.167649	0.939 ± 0.045570
precision_recall_auc	nan	nan	0.890 ± 0.116153	0.983 ± 0.095121	0.755 ± 0.140467	0.971 ± 0.081800	0.15970 ± 0.056020	0.03671 ± 0.042620	0.708 ± 0.191237	0.959 ± 0.147560	0.510 ± 0.280934	0.942 ± 0.163599	0.4887 ± 0.136664	0.1817 ± 0.117118	0.547 ± 0.311039	0.936 ± 0.215873	0.531 ± 0.278554	0.943 ± 0.162255	0.794 ± 0.154093	0.972 ± 0.075582	0.752 ± 0.220694	0.964 ± 0.144827	0.875 ± 0.131045	0.982 ± 0.098964	0.863 ± 0.158130	0.981 ± 0.113286	0.712 ± 0.239407	0.955 ± 0.151443	0.798 ± 0.194296	0.988 ± 0.030502
roc_auc	nan	nan	0.899 ± 0.092113	0.996 ± 0.009594	0.764 ± 0.133384	0.980 ± 0.045387	0.16093 ± 0.054240	0.03153 ± 0.031604	0.727 ± 0.156467	0.978 ± 0.051191	0.527 ± 0.266768	0.960 ± 0.090774	0.4946 ± 0.134404	0.1673 ± 0.096956	0.564 ± 0.266066	0.961 ± 0.088480	0.544 ± 0.262955	0.961 ± 0.089619	0.797 ± 0.143848	0.982 ± 0.042982	0.767 ± 0.184953	0.980 ± 0.046605	0.885 ± 0.104612	0.996 ± 0.009895	0.875 ± 0.119568	0.996 ± 0.009928	0.728 ± 0.205377	0.976 ± 0.056626	0.799 ± 0.180558	0.984 ± 0.035642
