	mean_best_threshold_tuning_score	mean_best_threshold	mean_test_average_precision	mean_train_average_precision	mean_test_balanced_accuracy	mean_train_balanced_accuracy	mean_test_brier_loss	mean_train_brier_loss	mean_test_f1	mean_train_f1	mean_test_informedness	mean_train_informedness	mean_test_log_loss	mean_train_log_loss	mean_test_markedness	mean_train_markedness	mean_test_mcc	mean_train_mcc	mean_test_negative_predictive_value	mean_train_negative_predictive_value	mean_test_precision	mean_train_precision	mean_test_precision_recall_auc	mean_train_precision_recall_auc	mean_test_roc_auc	mean_train_roc_auc	mean_test_sensitivity	mean_train_sensitivity	mean_test_specificity	mean_train_specificity
mcc	nan	nan	0.885 ± 0.145018	0.981 ± 0.016970	0.803 ± 0.158753	0.956 ± 0.033375	0.16816 ± 0.071055	0.07390 ± 0.052902	0.766 ± 0.194587	0.953 ± 0.037084	0.605 ± 0.317506	0.912 ± 0.066750	0.5616 ± 0.234089	0.2746 ± 0.157763	0.636 ± 0.316016	0.931 ± 0.055023	0.619 ± 0.315449	0.922 ± 0.060652	0.841 ± 0.167498	0.938 ± 0.042563	0.795 ± 0.216785	0.993 ± 0.022150	0.865 ± 0.174233	0.981 ± 0.017351	0.863 ± 0.169096	0.975 ± 0.024385	0.783 ± 0.239283	0.918 ± 0.059250	0.822 ± 0.188485	0.994 ± 0.017633
precision_recall_auc	nan	nan	0.895 ± 0.121292	0.984 ± 0.015849	0.829 ± 0.127211	0.950 ± 0.042667	0.16091 ± 0.060012	0.06654 ± 0.056058	0.798 ± 0.154810	0.946 ± 0.047051	0.658 ± 0.254421	0.900 ± 0.085335	0.5618 ± 0.273782	0.2461 ± 0.164538	0.693 ± 0.249258	0.917 ± 0.079591	0.674 ± 0.249535	0.908 ± 0.082184	0.851 ± 0.134458	0.933 ± 0.045687	0.842 ± 0.189886	0.984 ± 0.041082	0.879 ± 0.146766	0.983 ± 0.016269	0.878 ± 0.128967	0.981 ± 0.019233	0.797 ± 0.199319	0.912 ± 0.061224	0.861 ± 0.164531	0.987 ± 0.033957
roc_auc	nan	nan	0.897 ± 0.119099	0.984 ± 0.014747	0.816 ± 0.124822	0.954 ± 0.042186	0.16016 ± 0.058653	0.06461 ± 0.055032	0.782 ± 0.157467	0.951 ± 0.045892	0.632 ± 0.249645	0.908 ± 0.084371	0.5631 ± 0.272344	0.2412 ± 0.161290	0.674 ± 0.251091	0.924 ± 0.081444	0.651 ± 0.247783	0.916 ± 0.082666	0.842 ± 0.135540	0.939 ± 0.043420	0.832 ± 0.195611	0.985 ± 0.045928	0.881 ± 0.144224	0.984 ± 0.015114	0.880 ± 0.126302	0.981 ± 0.019335	0.780 ± 0.206032	0.921 ± 0.055874	0.852 ± 0.167807	0.987 ± 0.039591
