	mean_best_threshold_tuning_score	mean_best_threshold	mean_test_average_precision	mean_train_average_precision	mean_test_balanced_accuracy	mean_train_balanced_accuracy	mean_test_brier_loss	mean_train_brier_loss	mean_test_f1	mean_train_f1	mean_test_informedness	mean_train_informedness	mean_test_log_loss	mean_train_log_loss	mean_test_markedness	mean_train_markedness	mean_test_mcc	mean_train_mcc	mean_test_negative_predictive_value	mean_train_negative_predictive_value	mean_test_precision	mean_train_precision	mean_test_precision_recall_auc	mean_train_precision_recall_auc	mean_test_roc_auc	mean_train_roc_auc	mean_test_sensitivity	mean_train_sensitivity	mean_test_specificity	mean_train_specificity
mcc	nan	nan	0.955 ± 0.062215	0.993 ± 0.010980	0.879 ± 0.103582	0.959 ± 0.049959	0.09467 ± 0.059809	0.02613 ± 0.030929	0.850 ± 0.134942	0.954 ± 0.056213	0.758 ± 0.207163	0.917 ± 0.099918	0.3105 ± 0.154851	0.1136 ± 0.092745	0.830 ± 0.151521	0.937 ± 0.076318	0.791 ± 0.178696	0.927 ± 0.088140	0.855 ± 0.121051	0.944 ± 0.066250	0.975 ± 0.086389	0.993 ± 0.017004	0.949 ± 0.071377	0.993 ± 0.011094	0.948 ± 0.070269	0.993 ± 0.010724	0.780 ± 0.194715	0.922 ± 0.093615	0.978 ± 0.084007	0.995 ± 0.011878
precision_recall_auc	nan	nan	0.947 ± 0.065677	0.982 ± 0.014469	0.757 ± 0.154232	0.834 ± 0.151625	0.11044 ± 0.063214	0.05349 ± 0.035357	0.620 ± 0.316374	0.748 ± 0.302580	0.515 ± 0.308464	0.668 ± 0.303250	0.3442 ± 0.160802	0.1831 ± 0.099932	0.577 ± 0.462844	0.687 ± 0.437289	0.573 ± 0.302306	0.702 ± 0.297016	0.742 ± 0.137543	0.813 ± 0.142988	0.835 ± 0.369811	0.874 ± 0.326270	0.941 ± 0.074715	0.982 ± 0.014614	0.933 ± 0.092847	0.983 ± 0.014433	0.520 ± 0.310237	0.673 ± 0.305421	0.995 ± 0.035355	0.996 ± 0.011596
roc_auc	nan	nan	0.944 ± 0.070563	0.984 ± 0.014488	0.747 ± 0.150223	0.838 ± 0.145656	0.11527 ± 0.063109	0.05086 ± 0.037833	0.608 ± 0.309230	0.759 ± 0.284068	0.494 ± 0.300446	0.676 ± 0.291313	0.3554 ± 0.158622	0.1743 ± 0.107945	0.552 ± 0.468561	0.711 ± 0.405113	0.551 ± 0.300584	0.713 ± 0.281541	0.728 ± 0.133353	0.815 ± 0.139244	0.823 ± 0.372541	0.896 ± 0.301968	0.936 ± 0.080427	0.984 ± 0.014638	0.930 ± 0.098517	0.985 ± 0.014107	0.503 ± 0.294969	0.679 ± 0.292847	0.991 ± 0.044824	0.997 ± 0.010303
