	mean_best_threshold_tuning_score	mean_best_threshold	mean_test_average_precision	mean_train_average_precision	mean_test_balanced_accuracy	mean_train_balanced_accuracy	mean_test_brier_loss	mean_train_brier_loss	mean_test_f1	mean_train_f1	mean_test_informedness	mean_train_informedness	mean_test_log_loss	mean_train_log_loss	mean_test_markedness	mean_train_markedness	mean_test_mcc	mean_train_mcc	mean_test_negative_predictive_value	mean_train_negative_predictive_value	mean_test_precision	mean_train_precision	mean_test_precision_recall_auc	mean_train_precision_recall_auc	mean_test_roc_auc	mean_train_roc_auc	mean_test_sensitivity	mean_train_sensitivity	mean_test_specificity	mean_train_specificity
mcc	nan	nan	0.941 ± 0.076293	0.985 ± 0.018386	0.849 ± 0.115227	0.940 ± 0.045365	0.12750 ± 0.075598	0.03775 ± 0.028897	0.822 ± 0.146603	0.935 ± 0.051366	0.698 ± 0.230455	0.881 ± 0.090731	0.4224 ± 0.225122	0.1383 ± 0.092030	0.732 ± 0.214404	0.901 ± 0.075611	0.714 ± 0.221312	0.891 ± 0.083176	0.877 ± 0.121661	0.923 ± 0.055752	0.854 ± 0.170793	0.978 ± 0.023785	0.934 ± 0.085379	0.985 ± 0.018542	0.922 ± 0.102213	0.984 ± 0.021042	0.828 ± 0.184743	0.897 ± 0.077703	0.870 ± 0.165677	0.984 ± 0.017658
precision_recall_auc	nan	nan	0.935 ± 0.086414	0.984 ± 0.018403	0.761 ± 0.174186	0.846 ± 0.181252	0.14412 ± 0.085060	0.04007 ± 0.034189	0.636 ± 0.350797	0.740 ± 0.377807	0.522 ± 0.348372	0.692 ± 0.362505	0.4711 ± 0.262586	0.1406 ± 0.107206	0.460 ± 0.520228	0.618 ± 0.543101	0.536 ± 0.349885	0.699 ± 0.364746	0.792 ± 0.177606	0.848 ± 0.158340	0.668 ± 0.378016	0.769 ± 0.391162	0.927 ± 0.096912	0.984 ± 0.018568	0.915 ± 0.112115	0.983 ± 0.021810	0.642 ± 0.366640	0.716 ± 0.369742	0.880 ± 0.179853	0.975 ± 0.043545
roc_auc	nan	nan	0.933 ± 0.084768	0.983 ± 0.020106	0.752 ± 0.166635	0.850 ± 0.166675	0.14298 ± 0.078900	0.04294 ± 0.039930	0.628 ± 0.345437	0.761 ± 0.343529	0.505 ± 0.333270	0.699 ± 0.333349	0.4688 ± 0.253634	0.1455 ± 0.119504	0.445 ± 0.509001	0.644 ± 0.494214	0.520 ± 0.335077	0.707 ± 0.334357	0.791 ± 0.181383	0.851 ± 0.146676	0.654 ± 0.362321	0.793 ± 0.355297	0.925 ± 0.094350	0.982 ± 0.020296	0.909 ± 0.114464	0.983 ± 0.022236	0.640 ± 0.372465	0.737 ± 0.338289	0.865 ± 0.156247	0.963 ± 0.055205
