	mean_best_threshold_tuning_score	mean_best_threshold	mean_test_average_precision	mean_train_average_precision	mean_test_balanced_accuracy	mean_train_balanced_accuracy	mean_test_brier_loss	mean_train_brier_loss	mean_test_f1	mean_train_f1	mean_test_informedness	mean_train_informedness	mean_test_log_loss	mean_train_log_loss	mean_test_markedness	mean_train_markedness	mean_test_mcc	mean_train_mcc	mean_test_negative_predictive_value	mean_train_negative_predictive_value	mean_test_precision	mean_train_precision	mean_test_precision_recall_auc	mean_train_precision_recall_auc	mean_test_roc_auc	mean_train_roc_auc	mean_test_sensitivity	mean_train_sensitivity	mean_test_specificity	mean_train_specificity
mcc	nan	nan	0.876 ± 0.139366	1.000 ± 0.000000	0.745 ± 0.149988	0.999 ± 0.005511	0.16096 ± 0.082136	0.02220 ± 0.035513	0.632 ± 0.275607	0.999 ± 0.005692	0.489 ± 0.299977	0.998 ± 0.011022	0.5443 ± 0.337231	0.1057 ± 0.115514	0.572 ± 0.383708	0.998 ± 0.008173	0.535 ± 0.300591	0.998 ± 0.009603	0.748 ± 0.148781	0.998 ± 0.008173	0.824 ± 0.303181	1.000 ± 0.000000	0.855 ± 0.170091	1.000 ± 0.000000	0.853 ± 0.148809	1.000 ± 0.000000	0.563 ± 0.307484	0.998 ± 0.011022	0.926 ± 0.109842	1.000 ± 0.000000
precision_recall_auc	nan	nan	0.881 ± 0.127268	1.000 ± 0.000158	0.766 ± 0.140552	0.997 ± 0.018519	0.15446 ± 0.082064	0.01627 ± 0.028698	0.663 ± 0.252538	0.997 ± 0.021310	0.533 ± 0.281103	0.995 ± 0.037039	0.5460 ± 0.384225	0.0801 ± 0.098249	0.629 ± 0.331171	0.997 ± 0.023933	0.585 ± 0.262735	0.996 ± 0.030680	0.768 ± 0.157125	0.997 ± 0.023933	0.861 ± 0.262116	1.000 ± 0.000000	0.863 ± 0.153170	1.000 ± 0.000160	0.846 ± 0.147195	1.000 ± 0.000125	0.595 ± 0.304450	0.995 ± 0.037039	0.938 ± 0.109059	1.000 ± 0.000000
roc_auc	nan	nan	0.873 ± 0.128961	1.000 ± 0.001583	0.774 ± 0.140157	0.995 ± 0.025073	0.15791 ± 0.085511	0.01671 ± 0.023962	0.688 ± 0.243251	0.994 ± 0.028718	0.547 ± 0.280313	0.990 ± 0.050147	0.5443 ± 0.345147	0.0866 ± 0.088958	0.611 ± 0.343339	0.993 ± 0.034319	0.586 ± 0.271169	0.991 ± 0.042422	0.778 ± 0.151652	0.993 ± 0.034319	0.833 ± 0.264017	1.000 ± 0.000000	0.853 ± 0.154839	1.000 ± 0.001600	0.836 ± 0.154214	1.000 ± 0.001541	0.633 ± 0.287199	0.990 ± 0.050147	0.914 ± 0.129378	1.000 ± 0.000000
