	mean_best_threshold_tuning_score	mean_best_threshold	mean_test_average_precision	mean_train_average_precision	mean_test_balanced_accuracy	mean_train_balanced_accuracy	mean_test_brier_loss	mean_train_brier_loss	mean_test_f1	mean_train_f1	mean_test_informedness	mean_train_informedness	mean_test_log_loss	mean_train_log_loss	mean_test_markedness	mean_train_markedness	mean_test_mcc	mean_train_mcc	mean_test_negative_predictive_value	mean_train_negative_predictive_value	mean_test_precision	mean_train_precision	mean_test_precision_recall_auc	mean_train_precision_recall_auc	mean_test_roc_auc	mean_train_roc_auc	mean_test_sensitivity	mean_train_sensitivity	mean_test_specificity	mean_train_specificity
mcc	nan	nan	0.965 ± 0.049336	0.962 ± 0.014223	0.905 ± 0.111177	0.914 ± 0.027646	0.09898 ± 0.045403	0.08362 ± 0.020453	0.883 ± 0.143097	0.905 ± 0.031592	0.811 ± 0.222355	0.828 ± 0.055292	0.3468 ± 0.111771	0.3050 ± 0.057175	0.859 ± 0.172570	0.842 ± 0.052321	0.833 ± 0.197410	0.835 ± 0.053502	0.889 ± 0.124011	0.905 ± 0.029147	0.971 ± 0.100934	0.938 ± 0.031525	0.961 ± 0.055010	0.963 ± 0.014044	0.955 ± 0.064579	0.957 ± 0.016682	0.837 ± 0.195586	0.876 ± 0.042072	0.974 ± 0.096489	0.952 ± 0.025484
precision_recall_auc	nan	nan	0.963 ± 0.047837	0.960 ± 0.015608	0.879 ± 0.091226	0.904 ± 0.035259	0.10434 ± 0.043812	0.08515 ± 0.018032	0.848 ± 0.125269	0.894 ± 0.039912	0.757 ± 0.182453	0.808 ± 0.070518	0.3612 ± 0.117190	0.3096 ± 0.053613	0.825 ± 0.124591	0.828 ± 0.067623	0.788 ± 0.152616	0.818 ± 0.068613	0.864 ± 0.116686	0.891 ± 0.038088	0.961 ± 0.099627	0.936 ± 0.039194	0.958 ± 0.053617	0.961 ± 0.015060	0.955 ± 0.059493	0.957 ± 0.017348	0.790 ± 0.192872	0.857 ± 0.053516	0.967 ± 0.086667	0.951 ± 0.032099
roc_auc	nan	nan	0.963 ± 0.045848	0.961 ± 0.017458	0.866 ± 0.100481	0.900 ± 0.039257	0.10875 ± 0.049034	0.08402 ± 0.022977	0.838 ± 0.128403	0.889 ± 0.044386	0.731 ± 0.200962	0.799 ± 0.078513	0.4062 ± 0.328400	0.3028 ± 0.074522	0.799 ± 0.157441	0.815 ± 0.076625	0.762 ± 0.177065	0.807 ± 0.077262	0.860 ± 0.120635	0.891 ± 0.040653	0.939 ± 0.119504	0.924 ± 0.043692	0.958 ± 0.051548	0.963 ± 0.016566	0.956 ± 0.054171	0.960 ± 0.018782	0.790 ± 0.192872	0.858 ± 0.055258	0.941 ± 0.124002	0.941 ± 0.034727
