	mean_best_threshold_tuning_score	mean_best_threshold	mean_test_average_precision	mean_train_average_precision	mean_test_balanced_accuracy	mean_train_balanced_accuracy	mean_test_brier_loss	mean_train_brier_loss	mean_test_f1	mean_train_f1	mean_test_informedness	mean_train_informedness	mean_test_log_loss	mean_train_log_loss	mean_test_markedness	mean_train_markedness	mean_test_mcc	mean_train_mcc	mean_test_negative_predictive_value	mean_train_negative_predictive_value	mean_test_precision	mean_train_precision	mean_test_precision_recall_auc	mean_train_precision_recall_auc	mean_test_roc_auc	mean_train_roc_auc	mean_test_sensitivity	mean_train_sensitivity	mean_test_specificity	mean_train_specificity
mcc	nan	nan	0.835 ± 0.149921	1.000 ± 0.000000	0.708 ± 0.176391	0.999 ± 0.003535	0.20856 ± 0.090456	0.03826 ± 0.035987	0.609 ± 0.291733	0.999 ± 0.003607	0.416 ± 0.352782	0.999 ± 0.007070	0.8351 ± 0.638276	0.1661 ± 0.111268	0.434 ± 0.447959	0.999 ± 0.005876	0.439 ± 0.364032	0.999 ± 0.006472	0.758 ± 0.193084	0.999 ± 0.005876	0.676 ± 0.319336	1.000 ± 0.000000	0.809 ± 0.177343	1.000 ± 0.000000	0.804 ± 0.165385	1.000 ± 0.000000	0.615 ± 0.340439	0.999 ± 0.007070	0.801 ± 0.200634	1.000 ± 0.000000
precision_recall_auc	nan	nan	0.838 ± 0.139611	1.000 ± 0.000000	0.724 ± 0.161957	0.998 ± 0.005925	0.20471 ± 0.094342	0.03196 ± 0.027479	0.641 ± 0.259193	0.998 ± 0.006058	0.448 ± 0.323915	0.996 ± 0.011851	0.8839 ± 0.692862	0.1480 ± 0.089068	0.491 ± 0.386033	0.997 ± 0.009308	0.474 ± 0.330992	0.997 ± 0.010578	0.763 ± 0.178829	0.997 ± 0.009308	0.729 ± 0.289362	1.000 ± 0.000000	0.812 ± 0.167873	1.000 ± 0.000000	0.809 ± 0.166205	1.000 ± 0.000000	0.637 ± 0.312604	0.996 ± 0.011851	0.811 ± 0.193594	1.000 ± 0.000000
roc_auc	nan	nan	0.835 ± 0.137927	1.000 ± 0.000000	0.722 ± 0.157021	0.998 ± 0.006705	0.20546 ± 0.095364	0.02111 ± 0.020531	0.645 ± 0.247877	0.998 ± 0.006913	0.445 ± 0.314041	0.997 ± 0.013409	0.9054 ± 0.703729	0.1146 ± 0.073766	0.488 ± 0.366312	0.997 ± 0.010254	0.470 ± 0.318222	0.997 ± 0.011833	0.769 ± 0.180794	0.997 ± 0.010254	0.719 ± 0.272255	1.000 ± 0.000000	0.808 ± 0.167073	1.000 ± 0.000000	0.803 ± 0.163861	1.000 ± 0.000000	0.652 ± 0.307544	0.997 ± 0.013409	0.793 ± 0.198209	1.000 ± 0.000000
