	mean_best_threshold_tuning_score	mean_best_threshold	mean_test_average_precision	mean_train_average_precision	mean_test_balanced_accuracy	mean_train_balanced_accuracy	mean_test_brier_loss	mean_train_brier_loss	mean_test_f1	mean_train_f1	mean_test_informedness	mean_train_informedness	mean_test_log_loss	mean_train_log_loss	mean_test_markedness	mean_train_markedness	mean_test_mcc	mean_train_mcc	mean_test_negative_predictive_value	mean_train_negative_predictive_value	mean_test_precision	mean_train_precision	mean_test_precision_recall_auc	mean_train_precision_recall_auc	mean_test_roc_auc	mean_train_roc_auc	mean_test_sensitivity	mean_train_sensitivity	mean_test_specificity	mean_train_specificity
mcc	nan	nan	0.799 ± 0.169632	1.000 ± 0.000000	0.723 ± 0.169491	0.999 ± 0.003535	0.20700 ± 0.095369	0.03826 ± 0.035987	0.634 ± 0.273758	0.999 ± 0.003607	0.447 ± 0.338983	0.999 ± 0.007070	0.8294 ± 0.632839	0.1661 ± 0.111268	0.481 ± 0.414577	0.999 ± 0.005876	0.473 ± 0.346873	0.999 ± 0.006472	0.770 ± 0.190085	0.999 ± 0.005876	0.711 ± 0.297542	1.000 ± 0.000000	0.765 ± 0.203851	1.000 ± 0.000000	0.767 ± 0.187195	1.000 ± 0.000000	0.632 ± 0.326499	0.999 ± 0.007070	0.815 ± 0.188780	1.000 ± 0.000000
precision_recall_auc	nan	nan	0.820 ± 0.152492	1.000 ± 0.000000	0.715 ± 0.161487	0.998 ± 0.005925	0.21469 ± 0.099902	0.03196 ± 0.027479	0.615 ± 0.271108	0.998 ± 0.006058	0.431 ± 0.322974	0.996 ± 0.011851	0.8962 ± 0.702341	0.1480 ± 0.089068	0.478 ± 0.406951	0.997 ± 0.009308	0.466 ± 0.325411	0.997 ± 0.010578	0.757 ± 0.188155	0.997 ± 0.009308	0.721 ± 0.304013	1.000 ± 0.000000	0.793 ± 0.180608	1.000 ± 0.000000	0.771 ± 0.186982	1.000 ± 0.000000	0.602 ± 0.328748	0.996 ± 0.011851	0.829 ± 0.197456	1.000 ± 0.000000
roc_auc	nan	nan	0.818 ± 0.152808	1.000 ± 0.000000	0.717 ± 0.173981	0.998 ± 0.006705	0.20893 ± 0.105957	0.02111 ± 0.020531	0.619 ± 0.279833	0.998 ± 0.006913	0.433 ± 0.347961	0.997 ± 0.013409	0.8538 ± 0.664001	0.1146 ± 0.073766	0.482 ± 0.418870	0.997 ± 0.010254	0.465 ± 0.353225	0.997 ± 0.011833	0.762 ± 0.197108	0.997 ± 0.010254	0.719 ± 0.304080	1.000 ± 0.000000	0.790 ± 0.181334	1.000 ± 0.000000	0.775 ± 0.183822	1.000 ± 0.000000	0.613 ± 0.338296	0.997 ± 0.013409	0.820 ± 0.198720	1.000 ± 0.000000
