	mean_best_threshold_tuning_score	mean_best_threshold	mean_test_average_precision	mean_train_average_precision	mean_test_balanced_accuracy	mean_train_balanced_accuracy	mean_test_brier_loss	mean_train_brier_loss	mean_test_f1	mean_train_f1	mean_test_informedness	mean_train_informedness	mean_test_log_loss	mean_train_log_loss	mean_test_markedness	mean_train_markedness	mean_test_mcc	mean_train_mcc	mean_test_negative_predictive_value	mean_train_negative_predictive_value	mean_test_precision	mean_train_precision	mean_test_precision_recall_auc	mean_train_precision_recall_auc	mean_test_roc_auc	mean_train_roc_auc	mean_test_sensitivity	mean_train_sensitivity	mean_test_specificity	mean_train_specificity
mcc	nan	nan	0.930 ± 0.092698	0.986 ± 0.021728	0.808 ± 0.123015	0.953 ± 0.036485	0.12807 ± 0.070104	0.03642 ± 0.028339	0.756 ± 0.173817	0.951 ± 0.038461	0.615 ± 0.246031	0.907 ± 0.072969	0.4278 ± 0.237306	0.1453 ± 0.088937	0.703 ± 0.211248	0.923 ± 0.074010	0.654 ± 0.225557	0.915 ± 0.073292	0.811 ± 0.147989	0.938 ± 0.030882	0.892 ± 0.163377	0.985 ± 0.053516	0.920 ± 0.110651	0.986 ± 0.021885	0.918 ± 0.105159	0.983 ± 0.028164	0.713 ± 0.242320	0.921 ± 0.037742	0.902 ± 0.150834	0.986 ± 0.050838
precision_recall_auc	nan	nan	0.920 ± 0.109842	0.988 ± 0.028409	0.791 ± 0.133736	0.955 ± 0.069421	0.13713 ± 0.086081	0.03091 ± 0.027382	0.729 ± 0.199738	0.943 ± 0.138177	0.583 ± 0.267472	0.909 ± 0.138842	0.4425 ± 0.270801	0.1261 ± 0.084736	0.658 ± 0.291968	0.916 ± 0.198517	0.620 ± 0.258585	0.917 ± 0.138329	0.789 ± 0.155750	0.939 ± 0.063598	0.868 ± 0.212966	0.978 ± 0.141263	0.909 ± 0.128952	0.988 ± 0.028771	0.907 ± 0.131264	0.986 ± 0.029714	0.677 ± 0.252336	0.911 ± 0.138686	0.906 ± 0.145209	0.998 ± 0.005813
roc_auc	nan	nan	0.919 ± 0.093573	0.990 ± 0.014093	0.797 ± 0.120610	0.964 ± 0.029778	0.13413 ± 0.068311	0.02763 ± 0.022407	0.741 ± 0.182208	0.962 ± 0.031311	0.593 ± 0.241220	0.928 ± 0.059556	0.4304 ± 0.212741	0.1159 ± 0.075962	0.671 ± 0.245906	0.943 ± 0.053758	0.627 ± 0.236578	0.935 ± 0.056432	0.799 ± 0.141619	0.949 ± 0.035711	0.872 ± 0.197388	0.993 ± 0.029458	0.906 ± 0.112418	0.990 ± 0.014187	0.909 ± 0.102367	0.988 ± 0.019060	0.695 ± 0.239644	0.934 ± 0.046068	0.898 ± 0.142127	0.994 ± 0.028060
