	mean_best_threshold_tuning_score	mean_best_threshold	mean_test_average_precision	mean_train_average_precision	mean_test_balanced_accuracy	mean_train_balanced_accuracy	mean_test_brier_loss	mean_train_brier_loss	mean_test_f1	mean_train_f1	mean_test_informedness	mean_train_informedness	mean_test_log_loss	mean_train_log_loss	mean_test_markedness	mean_train_markedness	mean_test_mcc	mean_train_mcc	mean_test_negative_predictive_value	mean_train_negative_predictive_value	mean_test_precision	mean_train_precision	mean_test_precision_recall_auc	mean_train_precision_recall_auc	mean_test_roc_auc	mean_train_roc_auc	mean_test_sensitivity	mean_train_sensitivity	mean_test_specificity	mean_train_specificity
mcc	nan	nan	0.899 ± 0.124745	0.986 ± 0.021728	0.806 ± 0.140716	0.953 ± 0.036485	0.14261 ± 0.075580	0.03642 ± 0.028339	0.776 ± 0.163794	0.951 ± 0.038461	0.612 ± 0.281432	0.907 ± 0.072969	0.4708 ± 0.235062	0.1453 ± 0.088937	0.683 ± 0.256040	0.923 ± 0.074010	0.644 ± 0.266293	0.915 ± 0.073292	0.854 ± 0.159577	0.938 ± 0.030882	0.829 ± 0.201502	0.985 ± 0.053516	0.883 ± 0.145255	0.986 ± 0.021885	0.884 ± 0.147646	0.983 ± 0.028164	0.793 ± 0.232213	0.921 ± 0.037742	0.819 ± 0.238167	0.986 ± 0.050838
precision_recall_auc	nan	nan	0.882 ± 0.133892	0.988 ± 0.028409	0.789 ± 0.162909	0.955 ± 0.069421	0.15104 ± 0.091916	0.03091 ± 0.027382	0.744 ± 0.218718	0.943 ± 0.138177	0.579 ± 0.325817	0.909 ± 0.138842	0.4905 ± 0.290122	0.1261 ± 0.084736	0.616 ± 0.346374	0.916 ± 0.198517	0.600 ± 0.320216	0.917 ± 0.138329	0.830 ± 0.179347	0.939 ± 0.063598	0.786 ± 0.235288	0.978 ± 0.141263	0.863 ± 0.158288	0.988 ± 0.028771	0.871 ± 0.151606	0.986 ± 0.029714	0.757 ± 0.272949	0.911 ± 0.138686	0.822 ± 0.210238	0.998 ± 0.005813
roc_auc	nan	nan	0.887 ± 0.130474	0.990 ± 0.014093	0.792 ± 0.153585	0.964 ± 0.029778	0.14806 ± 0.084414	0.02763 ± 0.022407	0.753 ± 0.185217	0.962 ± 0.031311	0.584 ± 0.307170	0.928 ± 0.059556	0.4709 ± 0.243123	0.1159 ± 0.075962	0.638 ± 0.293862	0.943 ± 0.053758	0.608 ± 0.297397	0.935 ± 0.056432	0.833 ± 0.172072	0.949 ± 0.035711	0.805 ± 0.204203	0.993 ± 0.029458	0.870 ± 0.152018	0.990 ± 0.014187	0.873 ± 0.156112	0.988 ± 0.019060	0.765 ± 0.252364	0.934 ± 0.046068	0.819 ± 0.210172	0.994 ± 0.028060
