	mean_best_threshold_tuning_score	mean_best_threshold	mean_test_average_precision	mean_train_average_precision	mean_test_balanced_accuracy	mean_train_balanced_accuracy	mean_test_brier_loss	mean_train_brier_loss	mean_test_f1	mean_train_f1	mean_test_informedness	mean_train_informedness	mean_test_log_loss	mean_train_log_loss	mean_test_markedness	mean_train_markedness	mean_test_mcc	mean_train_mcc	mean_test_negative_predictive_value	mean_train_negative_predictive_value	mean_test_precision	mean_train_precision	mean_test_precision_recall_auc	mean_train_precision_recall_auc	mean_test_roc_auc	mean_train_roc_auc	mean_test_sensitivity	mean_train_sensitivity	mean_test_specificity	mean_train_specificity
mcc	nan	nan	0.863 ± 0.118181	1.000 ± 0.000000	0.805 ± 0.128789	1.000 ± 0.000000	0.16304 ± 0.083562	0.02287 ± 0.003383	0.780 ± 0.144037	1.000 ± 0.000000	0.611 ± 0.257578	1.000 ± 0.000000	0.5403 ± 0.297014	0.1289 ± 0.015776	0.655 ± 0.237605	1.000 ± 0.000000	0.630 ± 0.243795	1.000 ± 0.000000	0.857 ± 0.154543	1.000 ± 0.000000	0.799 ± 0.167257	1.000 ± 0.000000	0.836 ± 0.152242	1.000 ± 0.000000	0.864 ± 0.118519	1.000 ± 0.000000	0.812 ± 0.214160	1.000 ± 0.000000	0.799 ± 0.195482	1.000 ± 0.000000
precision_recall_auc	nan	nan	0.860 ± 0.133862	1.000 ± 0.000000	0.805 ± 0.121975	1.000 ± 0.000000	0.16431 ± 0.080387	0.02254 ± 0.003464	0.776 ± 0.143602	1.000 ± 0.000000	0.610 ± 0.243949	1.000 ± 0.000000	0.5473 ± 0.304028	0.1289 ± 0.016555	0.646 ± 0.234022	1.000 ± 0.000000	0.626 ± 0.235483	1.000 ± 0.000000	0.852 ± 0.152937	1.000 ± 0.000000	0.794 ± 0.167811	1.000 ± 0.000000	0.835 ± 0.165234	1.000 ± 0.000000	0.864 ± 0.124368	1.000 ± 0.000000	0.808 ± 0.211791	1.000 ± 0.000000	0.802 ± 0.173781	1.000 ± 0.000000
roc_auc	nan	nan	0.849 ± 0.136016	1.000 ± 0.000000	0.799 ± 0.125579	1.000 ± 0.000000	0.16584 ± 0.081475	0.02261 ± 0.003486	0.772 ± 0.140437	1.000 ± 0.000000	0.597 ± 0.251158	1.000 ± 0.000000	0.6306 ± 0.661846	0.1291 ± 0.015965	0.636 ± 0.244899	1.000 ± 0.000000	0.615 ± 0.245076	1.000 ± 0.000000	0.843 ± 0.149037	1.000 ± 0.000000	0.793 ± 0.178881	1.000 ± 0.000000	0.822 ± 0.170512	1.000 ± 0.000000	0.856 ± 0.127652	1.000 ± 0.000000	0.795 ± 0.198642	1.000 ± 0.000000	0.802 ± 0.196905	1.000 ± 0.000000
