	mean_ncv_average_precision	mean_ncv_balanced_accuracy	mean_ncv_brier_loss	mean_ncv_f1	mean_ncv_informedness	mean_ncv_log_loss	mean_ncv_markedness	mean_ncv_mcc	mean_ncv_negative_predictive_value	mean_ncv_precision	mean_ncv_precision_recall_auc	mean_ncv_roc_auc	mean_ncv_sensitivity	mean_ncv_specificity
mcc	0.750 ± 0.050608	0.803 ± 0.028482	0.16304 ± 0.013902	0.786 ± 0.028610	0.606 ± 0.056964	0.5403 ± 0.065569	0.603 ± 0.058598	0.604 ± 0.057746	0.834 ± 0.022581	0.769 ± 0.043785	0.729 ± 0.061438	0.831 ± 0.031149	0.806 ± 0.029280	0.800 ± 0.048862
precision_recall_auc	0.746 ± 0.049582	0.800 ± 0.020054	0.16431 ± 0.011350	0.783 ± 0.021069	0.600 ± 0.040108	0.5473 ± 0.066007	0.597 ± 0.039673	0.599 ± 0.039874	0.831 ± 0.020416	0.767 ± 0.027033	0.725 ± 0.056066	0.829 ± 0.024062	0.800 ± 0.028689	0.800 ± 0.031782
roc_auc	0.748 ± 0.049839	0.794 ± 0.028075	0.16584 ± 0.012831	0.776 ± 0.029930	0.589 ± 0.056149	0.6306 ± 0.250068	0.587 ± 0.056276	0.588 ± 0.056181	0.823 ± 0.026116	0.764 ± 0.036196	0.727 ± 0.059793	0.828 ± 0.025637	0.789 ± 0.035136	0.800 ± 0.038331
