	mean_ncv_average_precision	mean_ncv_balanced_accuracy	mean_ncv_brier_loss	mean_ncv_f1	mean_ncv_informedness	mean_ncv_log_loss	mean_ncv_markedness	mean_ncv_mcc	mean_ncv_negative_predictive_value	mean_ncv_precision	mean_ncv_precision_recall_auc	mean_ncv_roc_auc	mean_ncv_sensitivity	mean_ncv_specificity
mcc	0.761 ± 0.054196	0.795 ± 0.016770	0.17008 ± 0.013434	0.775 ± 0.016275	0.590 ± 0.033539	0.5392 ± 0.044835	0.593 ± 0.038142	0.592 ± 0.035728	0.815 ± 0.010102	0.778 ± 0.034023	0.748 ± 0.063593	0.805 ± 0.028664	0.772 ± 0.017568	0.818 ± 0.037113
precision_recall_auc	0.780 ± 0.046416	0.807 ± 0.019165	0.16337 ± 0.015125	0.787 ± 0.018298	0.614 ± 0.038331	0.5191 ± 0.051470	0.618 ± 0.043756	0.616 ± 0.041037	0.821 ± 0.006946	0.797 ± 0.036818	0.771 ± 0.051705	0.819 ± 0.036512	0.778 ± 0.000000	0.836 ± 0.038331
roc_auc	0.800 ± 0.041935	0.809 ± 0.016540	0.15917 ± 0.013711	0.788 ± 0.016967	0.618 ± 0.033080	0.5078 ± 0.054741	0.624 ± 0.036408	0.621 ± 0.034643	0.819 ± 0.011244	0.805 ± 0.030262	0.792 ± 0.045956	0.826 ± 0.038092	0.772 ± 0.017568	0.845 ± 0.031782
