	mean_ncv_average_precision	mean_ncv_balanced_accuracy	mean_ncv_brier_loss	mean_ncv_f1	mean_ncv_informedness	mean_ncv_log_loss	mean_ncv_markedness	mean_ncv_mcc	mean_ncv_negative_predictive_value	mean_ncv_precision	mean_ncv_precision_recall_auc	mean_ncv_roc_auc	mean_ncv_sensitivity	mean_ncv_specificity
mcc	0.926 ± 0.015539	0.855 ± 0.022992	0.10943 ± 0.013612	0.837 ± 0.025423	0.711 ± 0.045985	0.3681 ± 0.033843	0.740 ± 0.056914	0.725 ± 0.051190	0.839 ± 0.013733	0.900 ± 0.047031	0.925 ± 0.015801	0.905 ± 0.022462	0.783 ± 0.017568	0.927 ± 0.038331
precision_recall_auc	0.911 ± 0.038771	0.804 ± 0.069333	0.12328 ± 0.023923	0.762 ± 0.098236	0.609 ± 0.138667	0.4045 ± 0.095070	0.675 ± 0.106747	0.641 ± 0.123297	0.782 ± 0.068917	0.893 ± 0.046224	0.909 ± 0.040305	0.903 ± 0.036069	0.672 ± 0.129497	0.936 ± 0.023473
roc_auc	0.905 ± 0.044417	0.778 ± 0.058464	0.13010 ± 0.029944	0.733 ± 0.080611	0.556 ± 0.116928	0.4255 ± 0.110219	0.613 ± 0.104503	0.583 ± 0.108726	0.766 ± 0.061036	0.847 ± 0.070637	0.902 ± 0.046107	0.898 ± 0.041703	0.656 ± 0.116534	0.900 ± 0.055876
