	mean_best_threshold_tuning_score	mean_best_threshold	mean_test_average_precision	mean_train_average_precision	mean_test_balanced_accuracy	mean_train_balanced_accuracy	mean_test_brier_loss	mean_train_brier_loss	mean_test_f1	mean_train_f1	mean_test_informedness	mean_train_informedness	mean_test_log_loss	mean_train_log_loss	mean_test_markedness	mean_train_markedness	mean_test_mcc	mean_train_mcc	mean_test_negative_predictive_value	mean_train_negative_predictive_value	mean_test_precision	mean_train_precision	mean_test_precision_recall_auc	mean_train_precision_recall_auc	mean_test_roc_auc	mean_train_roc_auc	mean_test_sensitivity	mean_train_sensitivity	mean_test_specificity	mean_train_specificity
mcc	nan	nan	0.935 ± 0.097574	0.968 ± 0.015317	0.840 ± 0.129764	0.913 ± 0.031577	0.11671 ± 0.088853	0.06318 ± 0.021960	0.802 ± 0.180321	0.904 ± 0.035469	0.680 ± 0.259528	0.826 ± 0.063153	0.4039 ± 0.309729	0.2264 ± 0.069154	0.733 ± 0.277115	0.849 ± 0.056818	0.705 ± 0.261570	0.837 ± 0.059717	0.840 ± 0.136540	0.896 ± 0.037669	0.892 ± 0.201137	0.953 ± 0.029261	0.925 ± 0.113083	0.968 ± 0.015445	0.925 ± 0.106671	0.962 ± 0.019929	0.763 ± 0.218452	0.862 ± 0.051775	0.917 ± 0.144141	0.965 ± 0.023754
precision_recall_auc	nan	nan	0.935 ± 0.084998	0.961 ± 0.017542	0.807 ± 0.165483	0.848 ± 0.137227	0.12483 ± 0.087358	0.07605 ± 0.027245	0.720 ± 0.307676	0.776 ± 0.294582	0.615 ± 0.330965	0.695 ± 0.274453	0.4207 ± 0.307206	0.2499 ± 0.079458	0.620 ± 0.451542	0.670 ± 0.424978	0.641 ± 0.329204	0.710 ± 0.276451	0.799 ± 0.150087	0.836 ± 0.120282	0.821 ± 0.336828	0.834 ± 0.312725	0.925 ± 0.100511	0.960 ± 0.017699	0.922 ± 0.098340	0.958 ± 0.019405	0.665 ± 0.310662	0.729 ± 0.284236	0.950 ± 0.126168	0.967 ± 0.028554
roc_auc	nan	nan	0.933 ± 0.087771	0.961 ± 0.020939	0.796 ± 0.162614	0.836 ± 0.138873	0.13673 ± 0.085619	0.07964 ± 0.036035	0.713 ± 0.302400	0.763 ± 0.293219	0.591 ± 0.325229	0.672 ± 0.277746	0.4535 ± 0.304398	0.2552 ± 0.104844	0.577 ± 0.439711	0.636 ± 0.422809	0.608 ± 0.326687	0.681 ± 0.278434	0.805 ± 0.148854	0.837 ± 0.126913	0.773 ± 0.327219	0.799 ± 0.305377	0.923 ± 0.103841	0.960 ± 0.021147	0.921 ± 0.101033	0.960 ± 0.022022	0.683 ± 0.309524	0.736 ± 0.290657	0.908 ± 0.141190	0.936 ± 0.062732
