	mean_best_threshold_tuning_score	mean_best_threshold	mean_test_average_precision	mean_train_average_precision	mean_test_balanced_accuracy	mean_train_balanced_accuracy	mean_test_brier_loss	mean_train_brier_loss	mean_test_f1	mean_train_f1	mean_test_informedness	mean_train_informedness	mean_test_log_loss	mean_train_log_loss	mean_test_markedness	mean_train_markedness	mean_test_mcc	mean_train_mcc	mean_test_negative_predictive_value	mean_train_negative_predictive_value	mean_test_precision	mean_train_precision	mean_test_precision_recall_auc	mean_train_precision_recall_auc	mean_test_roc_auc	mean_train_roc_auc	mean_test_sensitivity	mean_train_sensitivity	mean_test_specificity	mean_train_specificity
mcc	nan	nan	0.941 ± 0.075891	0.968 ± 0.015317	0.850 ± 0.123056	0.913 ± 0.031577	0.12001 ± 0.079042	0.06318 ± 0.021960	0.824 ± 0.150933	0.904 ± 0.035469	0.701 ± 0.246113	0.826 ± 0.063153	0.4037 ± 0.229058	0.2264 ± 0.069154	0.737 ± 0.237873	0.849 ± 0.056818	0.718 ± 0.240452	0.837 ± 0.059717	0.862 ± 0.123810	0.896 ± 0.037669	0.875 ± 0.172459	0.953 ± 0.029261	0.934 ± 0.085096	0.968 ± 0.015445	0.924 ± 0.099405	0.962 ± 0.019929	0.810 ± 0.182139	0.862 ± 0.051775	0.891 ± 0.157367	0.965 ± 0.023754
precision_recall_auc	nan	nan	0.940 ± 0.069160	0.961 ± 0.017542	0.811 ± 0.158799	0.848 ± 0.137227	0.12383 ± 0.076162	0.07605 ± 0.027245	0.729 ± 0.303829	0.776 ± 0.294582	0.622 ± 0.317598	0.695 ± 0.274453	0.4106 ± 0.220924	0.2499 ± 0.079458	0.611 ± 0.438639	0.670 ± 0.424978	0.641 ± 0.315196	0.710 ± 0.276451	0.829 ± 0.149272	0.836 ± 0.120282	0.783 ± 0.331320	0.834 ± 0.312725	0.933 ± 0.077783	0.960 ± 0.017699	0.926 ± 0.090831	0.958 ± 0.019405	0.713 ± 0.314592	0.729 ± 0.284236	0.909 ± 0.160894	0.967 ± 0.028554
roc_auc	nan	nan	0.939 ± 0.068698	0.961 ± 0.020939	0.798 ± 0.157901	0.836 ± 0.138873	0.13123 ± 0.075694	0.07964 ± 0.036035	0.716 ± 0.300949	0.763 ± 0.293219	0.596 ± 0.315802	0.672 ± 0.277746	0.4263 ± 0.216021	0.2552 ± 0.104844	0.595 ± 0.430254	0.636 ± 0.422809	0.618 ± 0.314041	0.681 ± 0.278434	0.823 ± 0.149828	0.837 ± 0.126913	0.772 ± 0.329231	0.799 ± 0.305377	0.931 ± 0.077248	0.960 ± 0.021147	0.923 ± 0.090465	0.960 ± 0.022022	0.703 ± 0.317284	0.736 ± 0.290657	0.893 ± 0.171729	0.936 ± 0.062732
