	mean_best_threshold_tuning_score	mean_best_threshold	mean_test_average_precision	mean_train_average_precision	mean_test_balanced_accuracy	mean_train_balanced_accuracy	mean_test_brier_loss	mean_train_brier_loss	mean_test_f1	mean_train_f1	mean_test_informedness	mean_train_informedness	mean_test_log_loss	mean_train_log_loss	mean_test_markedness	mean_train_markedness	mean_test_mcc	mean_train_mcc	mean_test_negative_predictive_value	mean_train_negative_predictive_value	mean_test_precision	mean_train_precision	mean_test_precision_recall_auc	mean_train_precision_recall_auc	mean_test_roc_auc	mean_train_roc_auc	mean_test_sensitivity	mean_train_sensitivity	mean_test_specificity	mean_train_specificity
mcc	nan	nan	0.949 ± 0.073368	0.987 ± 0.016074	0.860 ± 0.108540	0.952 ± 0.043632	0.10483 ± 0.069577	0.03281 ± 0.027967	0.828 ± 0.140974	0.948 ± 0.048888	0.720 ± 0.217079	0.905 ± 0.087265	0.3614 ± 0.225950	0.1268 ± 0.093028	0.787 ± 0.182705	0.920 ± 0.075296	0.751 ± 0.197349	0.912 ± 0.081206	0.846 ± 0.123857	0.939 ± 0.052078	0.941 ± 0.124686	0.981 ± 0.028779	0.943 ± 0.081635	0.987 ± 0.016216	0.931 ± 0.108279	0.986 ± 0.018646	0.768 ± 0.196548	0.918 ± 0.071472	0.952 ± 0.100489	0.986 ± 0.021926
precision_recall_auc	nan	nan	0.936 ± 0.082542	0.987 ± 0.014821	0.755 ± 0.185660	0.861 ± 0.176632	0.12573 ± 0.084166	0.03416 ± 0.030208	0.615 ± 0.375554	0.766 ± 0.365972	0.510 ± 0.371320	0.722 ± 0.353263	0.4142 ± 0.268936	0.1220 ± 0.096451	0.439 ± 0.554554	0.655 ± 0.529641	0.527 ± 0.372933	0.729 ± 0.355160	0.781 ± 0.181461	0.860 ± 0.156806	0.657 ± 0.404526	0.795 ± 0.378103	0.928 ± 0.092877	0.987 ± 0.014957	0.922 ± 0.100887	0.986 ± 0.017202	0.608 ± 0.386584	0.741 ± 0.358162	0.902 ± 0.166280	0.981 ± 0.031007
roc_auc	nan	nan	0.938 ± 0.080820	0.989 ± 0.015664	0.748 ± 0.176426	0.872 ± 0.174350	0.12998 ± 0.073048	0.03237 ± 0.038451	0.610 ± 0.367968	0.787 ± 0.353108	0.496 ± 0.352852	0.744 ± 0.348699	0.4256 ± 0.240693	0.1120 ± 0.117893	0.428 ± 0.541563	0.681 ± 0.510635	0.515 ± 0.355418	0.748 ± 0.349340	0.783 ± 0.179257	0.876 ± 0.156489	0.645 ± 0.396905	0.805 ± 0.359260	0.930 ± 0.090377	0.989 ± 0.015819	0.921 ± 0.102642	0.989 ± 0.016575	0.613 ± 0.386771	0.773 ± 0.350057	0.883 ± 0.175141	0.972 ± 0.049496
