	mean_ncv_average_precision	mean_ncv_balanced_accuracy	mean_ncv_brier_loss	mean_ncv_f1	mean_ncv_informedness	mean_ncv_log_loss	mean_ncv_markedness	mean_ncv_mcc	mean_ncv_negative_predictive_value	mean_ncv_precision	mean_ncv_precision_recall_auc	mean_ncv_roc_auc	mean_ncv_sensitivity	mean_ncv_specificity
mcc	0.916 ± 0.016455	0.827 ± 0.030145	0.12364 ± 0.019574	0.811 ± 0.033127	0.654 ± 0.060290	0.4049 ± 0.050912	0.652 ± 0.060459	0.653 ± 0.060361	0.851 ± 0.027795	0.800 ± 0.035035	0.914 ± 0.016902	0.901 ± 0.018899	0.822 ± 0.035136	0.832 ± 0.030679
precision_recall_auc	0.888 ± 0.021934	0.753 ± 0.050221	0.14544 ± 0.019854	0.705 ± 0.067951	0.506 ± 0.100442	0.4746 ± 0.065720	0.559 ± 0.106200	0.531 ± 0.098253	0.747 ± 0.052232	0.812 ± 0.085209	0.885 ± 0.022665	0.878 ± 0.023780	0.633 ± 0.102104	0.873 ± 0.063564
roc_auc	0.884 ± 0.020813	0.778 ± 0.051889	0.14500 ± 0.019127	0.743 ± 0.072072	0.556 ± 0.103778	0.4817 ± 0.070952	0.583 ± 0.091773	0.569 ± 0.097072	0.785 ± 0.064617	0.798 ± 0.058803	0.880 ± 0.021996	0.878 ± 0.025588	0.706 ± 0.117268	0.850 ± 0.060795
