	mean_ncv_average_precision	mean_ncv_balanced_accuracy	mean_ncv_brier_loss	mean_ncv_f1	mean_ncv_informedness	mean_ncv_log_loss	mean_ncv_markedness	mean_ncv_mcc	mean_ncv_negative_predictive_value	mean_ncv_precision	mean_ncv_precision_recall_auc	mean_ncv_roc_auc	mean_ncv_sensitivity	mean_ncv_specificity
mcc	0.816 ± 0.081382	0.749 ± 0.055909	0.17044 ± 0.029253	0.746 ± 0.050310	0.499 ± 0.111818	0.5321 ± 0.098546	0.507 ± 0.110308	0.503 ± 0.110928	0.837 ± 0.057912	0.670 ± 0.061859	0.808 ± 0.087044	0.833 ± 0.060709	0.844 ± 0.051052	0.655 ± 0.083540
precision_recall_auc	0.842 ± 0.080270	0.787 ± 0.068252	0.15131 ± 0.035323	0.774 ± 0.068929	0.573 ± 0.136504	0.5304 ± 0.218895	0.573 ± 0.137577	0.573 ± 0.136969	0.842 ± 0.070298	0.731 ± 0.080239	0.834 ± 0.087868	0.866 ± 0.057561	0.828 ± 0.080508	0.745 ± 0.086244
roc_auc	0.853 ± 0.070234	0.782 ± 0.065982	0.14643 ± 0.029263	0.769 ± 0.067618	0.563 ± 0.131964	0.4683 ± 0.118070	0.561 ± 0.128590	0.562 ± 0.130268	0.837 ± 0.065588	0.724 ± 0.068782	0.847 ± 0.075446	0.874 ± 0.047409	0.822 ± 0.077690	0.741 ± 0.077406
