	mean_best_threshold_tuning_score	mean_best_threshold	mean_test_average_precision	mean_train_average_precision	mean_test_balanced_accuracy	mean_train_balanced_accuracy	mean_test_brier_loss	mean_train_brier_loss	mean_test_f1	mean_train_f1	mean_test_informedness	mean_train_informedness	mean_test_log_loss	mean_train_log_loss	mean_test_markedness	mean_train_markedness	mean_test_mcc	mean_train_mcc	mean_test_negative_predictive_value	mean_train_negative_predictive_value	mean_test_precision	mean_train_precision	mean_test_precision_recall_auc	mean_train_precision_recall_auc	mean_test_roc_auc	mean_train_roc_auc	mean_test_sensitivity	mean_train_sensitivity	mean_test_specificity	mean_train_specificity
mcc	nan	nan	0.800 ± 0.155039	0.975 ± 0.105625	0.691 ± 0.125608	0.962 ± 0.064712	0.20697 ± 0.064860	0.06073 ± 0.060773	0.703 ± 0.122726	0.959 ± 0.066833	0.382 ± 0.251216	0.924 ± 0.129423	0.7121 ± 0.342477	0.2321 ± 0.173755	0.486 ± 0.272502	0.923 ± 0.127221	0.426 ± 0.252869	0.923 ± 0.128294	0.858 ± 0.197848	0.987 ± 0.034135	0.628 ± 0.180506	0.935 ± 0.097572	0.757 ± 0.197833	0.975 ± 0.106386	0.795 ± 0.157149	0.968 ± 0.143257	0.867 ± 0.171693	0.988 ± 0.032434	0.515 ± 0.268452	0.936 ± 0.100875
precision_recall_auc	nan	nan	0.827 ± 0.151461	0.995 ± 0.022667	0.716 ± 0.128269	0.978 ± 0.053368	0.18830 ± 0.079940	0.02930 ± 0.045624	0.715 ± 0.134024	0.976 ± 0.056084	0.431 ± 0.256539	0.957 ± 0.106736	0.6528 ± 0.379329	0.1353 ± 0.134001	0.491 ± 0.277311	0.955 ± 0.106627	0.461 ± 0.249064	0.956 ± 0.106658	0.832 ± 0.193412	0.993 ± 0.027764	0.659 ± 0.175600	0.962 ± 0.081697	0.792 ± 0.189667	0.995 ± 0.022863	0.817 ± 0.147987	0.993 ± 0.028354	0.833 ± 0.184428	0.993 ± 0.026477	0.598 ± 0.257531	0.964 ± 0.082323
roc_auc	nan	nan	0.822 ± 0.159262	0.999 ± 0.008021	0.721 ± 0.129201	0.988 ± 0.037045	0.18354 ± 0.077113	0.01879 ± 0.028027	0.719 ± 0.132058	0.987 ± 0.040174	0.441 ± 0.258402	0.976 ± 0.074090	0.6406 ± 0.370543	0.1064 ± 0.090233	0.490 ± 0.284084	0.975 ± 0.074562	0.467 ± 0.253992	0.975 ± 0.074301	0.827 ± 0.194099	0.997 ± 0.014631	0.663 ± 0.179960	0.978 ± 0.062067	0.784 ± 0.202144	0.999 ± 0.008079	0.818 ± 0.150643	0.998 ± 0.011048	0.833 ± 0.177377	0.997 ± 0.014935	0.608 ± 0.252409	0.979 ± 0.061402
