	mean_ncv_average_precision	mean_ncv_balanced_accuracy	mean_ncv_brier_loss	mean_ncv_f1	mean_ncv_informedness	mean_ncv_log_loss	mean_ncv_markedness	mean_ncv_mcc	mean_ncv_negative_predictive_value	mean_ncv_precision	mean_ncv_precision_recall_auc	mean_ncv_roc_auc	mean_ncv_sensitivity	mean_ncv_specificity
mcc	0.793 ± 0.044437	0.708 ± 0.036788	0.19133 ± 0.025461	0.644 ± 0.050484	0.416 ± 0.073577	0.6269 ± 0.126976	0.470 ± 0.090798	0.442 ± 0.079564	0.705 ± 0.031027	0.765 ± 0.073671	0.788 ± 0.046955	0.757 ± 0.051941	0.561 ± 0.066512	0.855 ± 0.055876
precision_recall_auc	0.813 ± 0.055889	0.719 ± 0.054658	0.18051 ± 0.036084	0.652 ± 0.077698	0.437 ± 0.109316	0.6456 ± 0.194021	0.505 ± 0.118529	0.470 ± 0.112771	0.709 ± 0.042898	0.796 ± 0.083061	0.809 ± 0.057321	0.773 ± 0.071716	0.556 ± 0.082817	0.882 ± 0.053354
roc_auc	0.791 ± 0.048909	0.697 ± 0.058202	0.20046 ± 0.031092	0.629 ± 0.076724	0.394 ± 0.116404	0.7467 ± 0.180064	0.445 ± 0.123784	0.419 ± 0.119445	0.696 ± 0.047007	0.749 ± 0.081688	0.786 ± 0.050554	0.757 ± 0.057133	0.544 ± 0.081985	0.850 ± 0.056894
