	mean_best_threshold_tuning_score	mean_best_threshold	mean_test_average_precision	mean_train_average_precision	mean_test_balanced_accuracy	mean_train_balanced_accuracy	mean_test_brier_loss	mean_train_brier_loss	mean_test_f1	mean_train_f1	mean_test_informedness	mean_train_informedness	mean_test_log_loss	mean_train_log_loss	mean_test_markedness	mean_train_markedness	mean_test_mcc	mean_train_mcc	mean_test_negative_predictive_value	mean_train_negative_predictive_value	mean_test_precision	mean_train_precision	mean_test_precision_recall_auc	mean_train_precision_recall_auc	mean_test_roc_auc	mean_train_roc_auc	mean_test_sensitivity	mean_train_sensitivity	mean_test_specificity	mean_train_specificity
mcc	nan	nan	0.863 ± 0.144947	1.000 ± 0.000000	0.730 ± 0.155629	0.996 ± 0.016747	0.18761 ± 0.102703	0.04479 ± 0.041791	0.650 ± 0.252969	0.995 ± 0.018619	0.460 ± 0.311259	0.991 ± 0.033494	0.6770 ± 0.532976	0.1794 ± 0.127886	0.502 ± 0.381970	0.993 ± 0.024874	0.482 ± 0.328495	0.992 ± 0.029251	0.765 ± 0.169514	0.993 ± 0.024874	0.737 ± 0.286981	1.000 ± 0.000000	0.843 ± 0.167192	1.000 ± 0.000000	0.833 ± 0.176072	1.000 ± 0.000000	0.645 ± 0.301080	0.991 ± 0.033494	0.815 ± 0.182458	1.000 ± 0.000000
precision_recall_auc	nan	nan	0.863 ± 0.138443	1.000 ± 0.000153	0.723 ± 0.142048	0.992 ± 0.024686	0.18907 ± 0.088139	0.02993 ± 0.034115	0.612 ± 0.277567	0.991 ± 0.027013	0.447 ± 0.284096	0.983 ± 0.049372	0.6619 ± 0.453407	0.1299 ± 0.110444	0.470 ± 0.408077	0.988 ± 0.036017	0.479 ± 0.284475	0.986 ± 0.042765	0.757 ± 0.169617	0.988 ± 0.036017	0.713 ± 0.318631	1.000 ± 0.000000	0.844 ± 0.160558	1.000 ± 0.000155	0.826 ± 0.168995	1.000 ± 0.000125	0.600 ± 0.328192	0.983 ± 0.049372	0.847 ± 0.173326	1.000 ± 0.000000
roc_auc	nan	nan	0.854 ± 0.132363	1.000 ± 0.000153	0.726 ± 0.147862	0.991 ± 0.025178	0.19298 ± 0.099411	0.01704 ± 0.017882	0.625 ± 0.271700	0.990 ± 0.027494	0.453 ± 0.295725	0.982 ± 0.050356	0.7135 ± 0.506943	0.0952 ± 0.068841	0.494 ± 0.403479	0.986 ± 0.036972	0.489 ± 0.298937	0.984 ± 0.043729	0.756 ± 0.163955	0.986 ± 0.036972	0.739 ± 0.316397	1.000 ± 0.000000	0.833 ± 0.154977	1.000 ± 0.000155	0.818 ± 0.153042	1.000 ± 0.000125	0.602 ± 0.314651	0.982 ± 0.050356	0.851 ± 0.183640	1.000 ± 0.000000
