	mean_best_threshold_tuning_score	mean_best_threshold	mean_test_average_precision	mean_train_average_precision	mean_test_balanced_accuracy	mean_train_balanced_accuracy	mean_test_brier_loss	mean_train_brier_loss	mean_test_f1	mean_train_f1	mean_test_informedness	mean_train_informedness	mean_test_log_loss	mean_train_log_loss	mean_test_markedness	mean_train_markedness	mean_test_mcc	mean_train_mcc	mean_test_negative_predictive_value	mean_train_negative_predictive_value	mean_test_precision	mean_train_precision	mean_test_precision_recall_auc	mean_train_precision_recall_auc	mean_test_roc_auc	mean_train_roc_auc	mean_test_sensitivity	mean_train_sensitivity	mean_test_specificity	mean_train_specificity
mcc	nan	nan	0.946 ± 0.078203	0.987 ± 0.015917	0.875 ± 0.105670	0.936 ± 0.053239	0.09794 ± 0.061217	0.04051 ± 0.035416	0.846 ± 0.136373	0.929 ± 0.060162	0.749 ± 0.211340	0.872 ± 0.106478	0.3230 ± 0.160923	0.1571 ± 0.105131	0.821 ± 0.161330	0.897 ± 0.087872	0.782 ± 0.185234	0.885 ± 0.097032	0.854 ± 0.121716	0.918 ± 0.066438	0.967 ± 0.101293	0.980 ± 0.032945	0.940 ± 0.087394	0.987 ± 0.016058	0.930 ± 0.109030	0.987 ± 0.019821	0.780 ± 0.194715	0.887 ± 0.093161	0.969 ± 0.101464	0.985 ± 0.025566
precision_recall_auc	nan	nan	0.949 ± 0.067202	0.985 ± 0.017474	0.737 ± 0.125201	0.865 ± 0.111192	0.10507 ± 0.060332	0.04426 ± 0.035278	0.603 ± 0.261877	0.819 ± 0.201068	0.474 ± 0.250401	0.729 ± 0.222384	0.3325 ± 0.161804	0.1575 ± 0.105495	0.605 ± 0.363559	0.791 ± 0.275027	0.548 ± 0.240334	0.767 ± 0.206932	0.716 ± 0.109357	0.836 ± 0.114834	0.888 ± 0.304729	0.956 ± 0.198214	0.942 ± 0.076364	0.985 ± 0.017639	0.940 ± 0.082681	0.985 ± 0.018772	0.483 ± 0.254773	0.732 ± 0.223497	0.991 ± 0.044824	0.997 ± 0.016622
roc_auc	nan	nan	0.949 ± 0.061439	0.986 ± 0.015324	0.765 ± 0.129970	0.877 ± 0.117768	0.10784 ± 0.060295	0.04196 ± 0.035644	0.652 ± 0.257311	0.834 ± 0.207883	0.529 ± 0.259940	0.755 ± 0.235536	0.3390 ± 0.157815	0.1519 ± 0.102811	0.650 ± 0.342753	0.810 ± 0.281123	0.597 ± 0.241397	0.789 ± 0.217059	0.744 ± 0.128944	0.853 ± 0.122126	0.906 ± 0.275651	0.957 ± 0.198390	0.942 ± 0.070588	0.986 ± 0.015479	0.942 ± 0.064085	0.987 ± 0.014947	0.543 ± 0.273675	0.757 ± 0.235975	0.986 ± 0.056279	0.998 ± 0.015713
