	mean_best_threshold_tuning_score	mean_best_threshold	mean_test_average_precision	mean_train_average_precision	mean_test_balanced_accuracy	mean_train_balanced_accuracy	mean_test_brier_loss	mean_train_brier_loss	mean_test_f1	mean_train_f1	mean_test_informedness	mean_train_informedness	mean_test_log_loss	mean_train_log_loss	mean_test_markedness	mean_train_markedness	mean_test_mcc	mean_train_mcc	mean_test_negative_predictive_value	mean_train_negative_predictive_value	mean_test_precision	mean_train_precision	mean_test_precision_recall_auc	mean_train_precision_recall_auc	mean_test_roc_auc	mean_train_roc_auc	mean_test_sensitivity	mean_train_sensitivity	mean_test_specificity	mean_train_specificity
mcc	nan	nan	0.959 ± 0.062460	0.987 ± 0.015917	0.852 ± 0.108767	0.936 ± 0.053239	0.09324 ± 0.058559	0.04051 ± 0.035416	0.813 ± 0.150871	0.929 ± 0.060162	0.703 ± 0.217533	0.872 ± 0.106478	0.3129 ± 0.154651	0.1571 ± 0.105131	0.798 ± 0.157330	0.897 ± 0.087872	0.746 ± 0.187278	0.885 ± 0.097032	0.825 ± 0.120875	0.918 ± 0.066438	0.972 ± 0.096398	0.980 ± 0.032945	0.954 ± 0.069792	0.987 ± 0.016058	0.944 ± 0.085218	0.987 ± 0.019821	0.730 ± 0.205204	0.887 ± 0.093161	0.973 ± 0.098566	0.985 ± 0.025566
precision_recall_auc	nan	nan	0.949 ± 0.068378	0.985 ± 0.017474	0.769 ± 0.130467	0.865 ± 0.111192	0.09915 ± 0.061922	0.04426 ± 0.035278	0.663 ± 0.245848	0.819 ± 0.201068	0.538 ± 0.260934	0.729 ± 0.222384	0.3209 ± 0.165805	0.1575 ± 0.105495	0.679 ± 0.310121	0.791 ± 0.275027	0.610 ± 0.239400	0.767 ± 0.206932	0.746 ± 0.123878	0.836 ± 0.114834	0.933 ± 0.242810	0.956 ± 0.198214	0.943 ± 0.077164	0.985 ± 0.017639	0.935 ± 0.090028	0.985 ± 0.018772	0.543 ± 0.257671	0.732 ± 0.223497	0.995 ± 0.035355	0.997 ± 0.016622
roc_auc	nan	nan	0.953 ± 0.065039	0.986 ± 0.015324	0.777 ± 0.136972	0.877 ± 0.117768	0.10524 ± 0.063192	0.04196 ± 0.035644	0.673 ± 0.251671	0.834 ± 0.207883	0.553 ± 0.273944	0.755 ± 0.235536	0.3356 ± 0.169257	0.1519 ± 0.102811	0.686 ± 0.323794	0.810 ± 0.281123	0.622 ± 0.248635	0.789 ± 0.217059	0.753 ± 0.133998	0.853 ± 0.122126	0.933 ± 0.242810	0.957 ± 0.198390	0.947 ± 0.074111	0.986 ± 0.015479	0.944 ± 0.077702	0.987 ± 0.014947	0.558 ± 0.270555	0.757 ± 0.235975	0.995 ± 0.035355	0.998 ± 0.015713
