	mean_best_threshold_tuning_score	mean_best_threshold	mean_test_average_precision	mean_train_average_precision	mean_test_balanced_accuracy	mean_train_balanced_accuracy	mean_test_brier_loss	mean_train_brier_loss	mean_test_f1	mean_train_f1	mean_test_informedness	mean_train_informedness	mean_test_log_loss	mean_train_log_loss	mean_test_markedness	mean_train_markedness	mean_test_mcc	mean_train_mcc	mean_test_negative_predictive_value	mean_train_negative_predictive_value	mean_test_precision	mean_train_precision	mean_test_precision_recall_auc	mean_train_precision_recall_auc	mean_test_roc_auc	mean_train_roc_auc	mean_test_sensitivity	mean_train_sensitivity	mean_test_specificity	mean_train_specificity
mcc	nan	nan	0.936 ± 0.076927	0.972 ± 0.021472	0.871 ± 0.109721	0.904 ± 0.032353	0.10070 ± 0.060186	0.06870 ± 0.019610	0.839 ± 0.148310	0.894 ± 0.037859	0.742 ± 0.219442	0.809 ± 0.064706	0.3332 ± 0.156302	0.2443 ± 0.054103	0.825 ± 0.156916	0.853 ± 0.053750	0.780 ± 0.188772	0.831 ± 0.058760	0.846 ± 0.126047	0.872 ± 0.040338	0.979 ± 0.085768	0.981 ± 0.025929	0.929 ± 0.085984	0.972 ± 0.021628	0.913 ± 0.110423	0.963 ± 0.032402	0.765 ± 0.205983	0.822 ± 0.058331	0.977 ± 0.095410	0.987 ± 0.018091
precision_recall_auc	nan	nan	0.942 ± 0.073720	0.957 ± 0.014829	0.751 ± 0.145297	0.765 ± 0.131476	0.11818 ± 0.065251	0.08540 ± 0.021529	0.613 ± 0.309675	0.645 ± 0.291915	0.502 ± 0.290593	0.529 ± 0.262952	0.3763 ± 0.180254	0.2779 ± 0.056698	0.556 ± 0.452672	0.585 ± 0.427603	0.557 ± 0.288728	0.583 ± 0.263942	0.737 ± 0.137368	0.744 ± 0.110763	0.819 ± 0.371001	0.841 ± 0.345764	0.935 ± 0.082582	0.957 ± 0.014963	0.920 ± 0.113982	0.952 ± 0.018733	0.523 ± 0.308166	0.544 ± 0.276176	0.979 ± 0.085768	0.985 ± 0.038034
roc_auc	nan	nan	0.948 ± 0.062855	0.956 ± 0.015828	0.741 ± 0.152687	0.757 ± 0.117458	0.11764 ± 0.060942	0.09180 ± 0.020635	0.588 ± 0.321717	0.641 ± 0.264855	0.483 ± 0.305374	0.514 ± 0.234916	0.3734 ± 0.164174	0.2933 ± 0.054674	0.540 ± 0.473946	0.595 ± 0.395811	0.541 ± 0.303280	0.575 ± 0.238022	0.727 ± 0.132047	0.734 ± 0.102240	0.813 ± 0.387796	0.860 ± 0.325002	0.941 ± 0.071661	0.956 ± 0.015979	0.934 ± 0.088059	0.954 ± 0.017135	0.487 ± 0.306468	0.530 ± 0.251408	0.996 ± 0.028284	0.984 ± 0.043744
