	mean_ncv_average_precision	mean_ncv_balanced_accuracy	mean_ncv_brier_loss	mean_ncv_f1	mean_ncv_informedness	mean_ncv_log_loss	mean_ncv_markedness	mean_ncv_mcc	mean_ncv_negative_predictive_value	mean_ncv_precision	mean_ncv_precision_recall_auc	mean_ncv_roc_auc	mean_ncv_sensitivity	mean_ncv_specificity
mcc	0.919 ± 0.019139	0.869 ± 0.018511	0.10070 ± 0.011270	0.851 ± 0.021788	0.738 ± 0.037022	0.3332 ± 0.028644	0.802 ± 0.054426	0.769 ± 0.044269	0.834 ± 0.013865	0.968 ± 0.053403	0.918 ± 0.019347	0.890 ± 0.035875	0.761 ± 0.026836	0.977 ± 0.038629
precision_recall_auc	0.915 ± 0.014039	0.750 ± 0.072707	0.11818 ± 0.016198	0.661 ± 0.136495	0.499 ± 0.145415	0.3763 ± 0.052193	0.680 ± 0.081304	0.579 ± 0.115022	0.720 ± 0.062755	0.960 ± 0.066295	0.913 ± 0.014389	0.892 ± 0.019671	0.522 ± 0.155379	0.977 ± 0.038629
roc_auc	0.914 ± 0.017898	0.745 ± 0.065278	0.11764 ± 0.016349	0.650 ± 0.118309	0.490 ± 0.130556	0.3734 ± 0.052506	0.701 ± 0.059842	0.583 ± 0.101892	0.710 ± 0.055088	0.991 ± 0.028748	0.912 ± 0.018396	0.905 ± 0.024679	0.494 ± 0.132119	0.995 ± 0.014374
