	mean_best_threshold_tuning_score	mean_best_threshold	mean_test_average_precision	mean_train_average_precision	mean_test_balanced_accuracy	mean_train_balanced_accuracy	mean_test_brier_loss	mean_train_brier_loss	mean_test_f1	mean_train_f1	mean_test_informedness	mean_train_informedness	mean_test_log_loss	mean_train_log_loss	mean_test_markedness	mean_train_markedness	mean_test_mcc	mean_train_mcc	mean_test_negative_predictive_value	mean_train_negative_predictive_value	mean_test_precision	mean_train_precision	mean_test_precision_recall_auc	mean_train_precision_recall_auc	mean_test_roc_auc	mean_train_roc_auc	mean_test_sensitivity	mean_train_sensitivity	mean_test_specificity	mean_train_specificity
mcc	nan	nan	0.937 ± 0.079119	0.973 ± 0.021969	0.860 ± 0.113610	0.905 ± 0.031760	0.11050 ± 0.064446	0.06947 ± 0.018397	0.832 ± 0.142147	0.894 ± 0.037058	0.720 ± 0.227220	0.809 ± 0.063519	0.3594 ± 0.166519	0.2484 ± 0.049618	0.753 ± 0.212319	0.849 ± 0.055717	0.735 ± 0.217558	0.829 ± 0.059129	0.866 ± 0.121764	0.875 ± 0.037092	0.887 ± 0.151843	0.974 ± 0.030839	0.928 ± 0.090718	0.972 ± 0.022136	0.926 ± 0.098405	0.964 ± 0.031545	0.812 ± 0.186575	0.827 ± 0.054154	0.908 ± 0.124278	0.982 ± 0.023273
precision_recall_auc	nan	nan	0.941 ± 0.074385	0.960 ± 0.016507	0.749 ± 0.142786	0.778 ± 0.114671	0.11604 ± 0.070550	0.08272 ± 0.022497	0.611 ± 0.300412	0.680 ± 0.250665	0.499 ± 0.285572	0.556 ± 0.229342	0.3756 ± 0.184380	0.2693 ± 0.059367	0.584 ± 0.425636	0.636 ± 0.373746	0.561 ± 0.277994	0.614 ± 0.230364	0.732 ± 0.126293	0.750 ± 0.101719	0.852 ± 0.351812	0.885 ± 0.301056	0.934 ± 0.082947	0.960 ± 0.016654	0.918 ± 0.109413	0.956 ± 0.020385	0.507 ± 0.293949	0.568 ± 0.240235	0.992 ± 0.056569	0.988 ± 0.035702
roc_auc	nan	nan	0.947 ± 0.068440	0.958 ± 0.018781	0.765 ± 0.149144	0.781 ± 0.102963	0.11423 ± 0.066159	0.08840 ± 0.023250	0.636 ± 0.307397	0.694 ± 0.220336	0.530 ± 0.298289	0.563 ± 0.205926	0.3647 ± 0.171846	0.2835 ± 0.061368	0.603 ± 0.427006	0.673 ± 0.296585	0.587 ± 0.288684	0.624 ± 0.197524	0.751 ± 0.128410	0.753 ± 0.094984	0.852 ± 0.351812	0.920 ± 0.239873	0.940 ± 0.076935	0.957 ± 0.018955	0.932 ± 0.094093	0.956 ± 0.021012	0.538 ± 0.305473	0.579 ± 0.220677	0.992 ± 0.056569	0.984 ± 0.041001
