	mean_best_threshold_tuning_score	mean_best_threshold	mean_test_average_precision	mean_train_average_precision	mean_test_balanced_accuracy	mean_train_balanced_accuracy	mean_test_brier_loss	mean_train_brier_loss	mean_test_f1	mean_train_f1	mean_test_informedness	mean_train_informedness	mean_test_log_loss	mean_train_log_loss	mean_test_markedness	mean_train_markedness	mean_test_mcc	mean_train_mcc	mean_test_negative_predictive_value	mean_train_negative_predictive_value	mean_test_precision	mean_train_precision	mean_test_precision_recall_auc	mean_train_precision_recall_auc	mean_test_roc_auc	mean_train_roc_auc	mean_test_sensitivity	mean_train_sensitivity	mean_test_specificity	mean_train_specificity
mcc	nan	nan	0.865 ± 0.116734	1.000 ± 0.000000	0.774 ± 0.102025	1.000 ± 0.000000	0.16368 ± 0.052930	0.01041 ± 0.002227	0.741 ± 0.125227	1.000 ± 0.000000	0.547 ± 0.204051	1.000 ± 0.000000	0.4946 ± 0.127973	0.0838 ± 0.010989	0.583 ± 0.210828	1.000 ± 0.000000	0.564 ± 0.204231	1.000 ± 0.000000	0.814 ± 0.121896	1.000 ± 0.000000	0.769 ± 0.179706	1.000 ± 0.000000	0.851 ± 0.130197	1.000 ± 0.000000	0.859 ± 0.124719	1.000 ± 0.000000	0.758 ± 0.176777	1.000 ± 0.000000	0.789 ± 0.174464	1.000 ± 0.000000
precision_recall_auc	nan	nan	0.875 ± 0.106524	1.000 ± 0.000000	0.779 ± 0.110800	1.000 ± 0.000000	0.16189 ± 0.049720	0.01023 ± 0.001811	0.747 ± 0.130976	1.000 ± 0.000000	0.559 ± 0.221600	1.000 ± 0.000000	0.4904 ± 0.120824	0.0825 ± 0.008830	0.600 ± 0.221557	1.000 ± 0.000000	0.578 ± 0.218462	1.000 ± 0.000000	0.820 ± 0.130653	1.000 ± 0.000000	0.781 ± 0.185359	1.000 ± 0.000000	0.860 ± 0.115798	1.000 ± 0.000000	0.869 ± 0.112923	1.000 ± 0.000000	0.765 ± 0.186483	1.000 ± 0.000000	0.794 ± 0.192629	1.000 ± 0.000000
roc_auc	nan	nan	0.871 ± 0.109689	1.000 ± 0.000000	0.772 ± 0.103387	1.000 ± 0.000000	0.16402 ± 0.050563	0.01029 ± 0.002116	0.738 ± 0.124627	1.000 ± 0.000000	0.543 ± 0.206773	1.000 ± 0.000000	0.4950 ± 0.122620	0.0828 ± 0.010648	0.583 ± 0.210020	1.000 ± 0.000000	0.561 ± 0.204903	1.000 ± 0.000000	0.815 ± 0.127273	1.000 ± 0.000000	0.768 ± 0.180275	1.000 ± 0.000000	0.854 ± 0.127886	1.000 ± 0.000000	0.860 ± 0.122966	1.000 ± 0.000000	0.758 ± 0.183851	1.000 ± 0.000000	0.785 ± 0.183573	1.000 ± 0.000000
