	mean_best_threshold_tuning_score	mean_best_threshold	mean_test_average_precision	mean_train_average_precision	mean_test_balanced_accuracy	mean_train_balanced_accuracy	mean_test_brier_loss	mean_train_brier_loss	mean_test_f1	mean_train_f1	mean_test_informedness	mean_train_informedness	mean_test_log_loss	mean_train_log_loss	mean_test_markedness	mean_train_markedness	mean_test_mcc	mean_train_mcc	mean_test_negative_predictive_value	mean_train_negative_predictive_value	mean_test_precision	mean_train_precision	mean_test_precision_recall_auc	mean_train_precision_recall_auc	mean_test_roc_auc	mean_train_roc_auc	mean_test_sensitivity	mean_train_sensitivity	mean_test_specificity	mean_train_specificity
mcc	nan	nan	0.944 ± 0.064977	0.976 ± 0.015475	0.876 ± 0.091996	0.931 ± 0.022925	0.10258 ± 0.057712	0.05521 ± 0.017670	0.847 ± 0.118477	0.925 ± 0.025698	0.751 ± 0.183992	0.862 ± 0.045850	0.3574 ± 0.210789	0.2077 ± 0.055493	0.809 ± 0.137221	0.883 ± 0.040162	0.778 ± 0.158151	0.872 ± 0.042642	0.866 ± 0.118956	0.912 ± 0.030104	0.943 ± 0.110661	0.972 ± 0.023769	0.936 ± 0.077751	0.976 ± 0.015600	0.929 ± 0.079512	0.972 ± 0.020322	0.803 ± 0.188802	0.883 ± 0.041436	0.948 ± 0.106885	0.979 ± 0.018228
precision_recall_auc	nan	nan	0.961 ± 0.058962	0.968 ± 0.016441	0.878 ± 0.099987	0.923 ± 0.026604	0.08994 ± 0.052873	0.06423 ± 0.017998	0.853 ± 0.123760	0.916 ± 0.029854	0.757 ± 0.199974	0.846 ± 0.053209	0.3176 ± 0.193183	0.2365 ± 0.057009	0.806 ± 0.165384	0.865 ± 0.051259	0.779 ± 0.180133	0.855 ± 0.051872	0.870 ± 0.120733	0.907 ± 0.030468	0.936 ± 0.117016	0.957 ± 0.033048	0.956 ± 0.066563	0.968 ± 0.016562	0.949 ± 0.074213	0.961 ± 0.022964	0.815 ± 0.184650	0.878 ± 0.041199	0.942 ± 0.111739	0.967 ± 0.026449
roc_auc	nan	nan	0.961 ± 0.050562	0.975 ± 0.013145	0.877 ± 0.096248	0.934 ± 0.024774	0.09250 ± 0.050114	0.05823 ± 0.015502	0.854 ± 0.120148	0.928 ± 0.027209	0.755 ± 0.192497	0.868 ± 0.049548	0.3222 ± 0.186135	0.2191 ± 0.047995	0.804 ± 0.161065	0.886 ± 0.044346	0.777 ± 0.174178	0.877 ± 0.046621	0.882 ± 0.118288	0.917 ± 0.031537	0.922 ± 0.131476	0.969 ± 0.023835	0.957 ± 0.056420	0.975 ± 0.013240	0.950 ± 0.066986	0.970 ± 0.017801	0.830 ± 0.182077	0.892 ± 0.042345	0.925 ± 0.131028	0.976 ± 0.019508
