	mean_best_threshold_tuning_score	mean_best_threshold	mean_test_average_precision	mean_train_average_precision	mean_test_balanced_accuracy	mean_train_balanced_accuracy	mean_test_brier_loss	mean_train_brier_loss	mean_test_f1	mean_train_f1	mean_test_informedness	mean_train_informedness	mean_test_log_loss	mean_train_log_loss	mean_test_markedness	mean_train_markedness	mean_test_mcc	mean_train_mcc	mean_test_negative_predictive_value	mean_train_negative_predictive_value	mean_test_precision	mean_train_precision	mean_test_precision_recall_auc	mean_train_precision_recall_auc	mean_test_roc_auc	mean_train_roc_auc	mean_test_sensitivity	mean_train_sensitivity	mean_test_specificity	mean_train_specificity
mcc	nan	nan	0.941 ± 0.076546	0.976 ± 0.015475	0.852 ± 0.114506	0.931 ± 0.022925	0.11512 ± 0.065434	0.05521 ± 0.017670	0.827 ± 0.136437	0.925 ± 0.025698	0.704 ± 0.229013	0.862 ± 0.045850	0.3994 ± 0.235128	0.2077 ± 0.055493	0.745 ± 0.218790	0.883 ± 0.040162	0.724 ± 0.222195	0.872 ± 0.042642	0.865 ± 0.124960	0.912 ± 0.030104	0.880 ± 0.170290	0.972 ± 0.023769	0.935 ± 0.083586	0.976 ± 0.015600	0.917 ± 0.113641	0.972 ± 0.020322	0.813 ± 0.180199	0.883 ± 0.041436	0.891 ± 0.165273	0.979 ± 0.018228
precision_recall_auc	nan	nan	0.947 ± 0.077901	0.968 ± 0.016441	0.865 ± 0.111833	0.923 ± 0.026604	0.11447 ± 0.066346	0.06423 ± 0.017998	0.842 ± 0.139896	0.916 ± 0.029854	0.731 ± 0.223667	0.846 ± 0.053209	0.3974 ± 0.237125	0.2365 ± 0.057009	0.759 ± 0.207529	0.865 ± 0.051259	0.743 ± 0.214302	0.855 ± 0.051872	0.896 ± 0.117374	0.907 ± 0.030468	0.863 ± 0.167365	0.957 ± 0.033048	0.941 ± 0.084770	0.968 ± 0.016562	0.922 ± 0.119610	0.961 ± 0.022964	0.857 ± 0.178206	0.878 ± 0.041199	0.874 ± 0.161384	0.967 ± 0.026449
roc_auc	nan	nan	0.949 ± 0.074779	0.975 ± 0.013145	0.872 ± 0.102077	0.934 ± 0.024774	0.10906 ± 0.066213	0.05823 ± 0.015502	0.853 ± 0.122769	0.928 ± 0.027209	0.743 ± 0.204154	0.868 ± 0.049548	0.3839 ± 0.235210	0.2191 ± 0.047995	0.773 ± 0.190443	0.886 ± 0.044346	0.757 ± 0.196025	0.877 ± 0.046621	0.904 ± 0.113117	0.917 ± 0.031537	0.869 ± 0.163369	0.969 ± 0.023835	0.944 ± 0.081474	0.975 ± 0.013240	0.926 ± 0.113621	0.970 ± 0.017801	0.870 ± 0.162499	0.892 ± 0.042345	0.873 ± 0.166969	0.976 ± 0.019508
