	mean_ncv_average_precision	mean_ncv_balanced_accuracy	mean_ncv_brier_loss	mean_ncv_f1	mean_ncv_informedness	mean_ncv_log_loss	mean_ncv_markedness	mean_ncv_mcc	mean_ncv_negative_predictive_value	mean_ncv_precision	mean_ncv_precision_recall_auc	mean_ncv_roc_auc	mean_ncv_sensitivity	mean_ncv_specificity
mcc	0.741 ± 0.061899	0.698 ± 0.052408	0.21375 ± 0.022021	0.655 ± 0.066928	0.396 ± 0.104816	0.7275 ± 0.193419	0.410 ± 0.105254	0.403 ± 0.104677	0.718 ± 0.050214	0.692 ± 0.065715	0.731 ± 0.069469	0.731 ± 0.052682	0.628 ± 0.090911	0.768 ± 0.069267
precision_recall_auc	0.761 ± 0.059502	0.695 ± 0.036351	0.21501 ± 0.031290	0.633 ± 0.057476	0.389 ± 0.072701	0.7896 ± 0.240519	0.427 ± 0.069832	0.407 ± 0.069682	0.701 ± 0.035500	0.726 ± 0.048993	0.753 ± 0.062661	0.745 ± 0.060318	0.567 ± 0.081985	0.823 ± 0.045201
roc_auc	0.753 ± 0.057501	0.717 ± 0.042967	0.21662 ± 0.029735	0.658 ± 0.066644	0.433 ± 0.085934	0.8080 ± 0.222061	0.478 ± 0.083494	0.455 ± 0.083855	0.715 ± 0.037286	0.763 ± 0.057253	0.743 ± 0.063797	0.744 ± 0.052994	0.583 ± 0.083846	0.850 ± 0.048152
