	mean_ncv_average_precision	mean_ncv_balanced_accuracy	mean_ncv_brier_loss	mean_ncv_f1	mean_ncv_informedness	mean_ncv_log_loss	mean_ncv_markedness	mean_ncv_mcc	mean_ncv_negative_predictive_value	mean_ncv_precision	mean_ncv_precision_recall_auc	mean_ncv_roc_auc	mean_ncv_sensitivity	mean_ncv_specificity
mcc	0.753 ± 0.055714	0.716 ± 0.038171	0.20627 ± 0.026499	0.668 ± 0.052951	0.431 ± 0.076343	0.8049 ± 0.272928	0.458 ± 0.077642	0.444 ± 0.075873	0.727 ± 0.046225	0.731 ± 0.054131	0.741 ± 0.061015	0.765 ± 0.054232	0.622 ± 0.089963	0.809 ± 0.055876
precision_recall_auc	0.769 ± 0.046258	0.721 ± 0.036695	0.20954 ± 0.028741	0.675 ± 0.050581	0.441 ± 0.073390	0.8498 ± 0.203082	0.466 ± 0.073547	0.453 ± 0.072428	0.729 ± 0.036506	0.736 ± 0.051445	0.763 ± 0.048561	0.740 ± 0.036815	0.628 ± 0.074305	0.814 ± 0.050023
roc_auc	0.779 ± 0.056770	0.726 ± 0.047426	0.19935 ± 0.037543	0.683 ± 0.063509	0.453 ± 0.094852	0.7856 ± 0.217761	0.472 ± 0.088954	0.462 ± 0.091707	0.736 ± 0.047400	0.736 ± 0.047213	0.772 ± 0.058801	0.767 ± 0.063473	0.639 ± 0.083846	0.814 ± 0.033539
