	mean_best_threshold_tuning_score	mean_best_threshold	mean_test_average_precision	mean_train_average_precision	mean_test_balanced_accuracy	mean_train_balanced_accuracy	mean_test_brier_loss	mean_train_brier_loss	mean_test_f1	mean_train_f1	mean_test_informedness	mean_train_informedness	mean_test_log_loss	mean_train_log_loss	mean_test_markedness	mean_train_markedness	mean_test_mcc	mean_train_mcc	mean_test_negative_predictive_value	mean_train_negative_predictive_value	mean_test_precision	mean_train_precision	mean_test_precision_recall_auc	mean_train_precision_recall_auc	mean_test_roc_auc	mean_train_roc_auc	mean_test_sensitivity	mean_train_sensitivity	mean_test_specificity	mean_train_specificity
mcc	nan	nan	0.797 ± 0.159704	1.000 ± 0.001702	0.703 ± 0.154155	0.989 ± 0.034726	0.20855 ± 0.079794	0.06781 ± 0.049437	0.625 ± 0.236000	0.987 ± 0.040258	0.406 ± 0.308311	0.978 ± 0.069452	0.9273 ± 0.833488	0.2583 ± 0.132478	0.458 ± 0.368782	0.985 ± 0.045570	0.433 ± 0.324250	0.981 ± 0.057850	0.757 ± 0.186601	0.986 ± 0.045442	0.701 ± 0.264700	0.999 ± 0.006018	0.761 ± 0.192891	1.000 ± 0.001719	0.780 ± 0.173766	1.000 ± 0.001602	0.628 ± 0.304543	0.979 ± 0.069475	0.778 ± 0.189295	0.999 ± 0.005546
precision_recall_auc	nan	nan	0.826 ± 0.141691	0.999 ± 0.004489	0.713 ± 0.159247	0.984 ± 0.042218	0.21163 ± 0.086720	0.05418 ± 0.045596	0.624 ± 0.241235	0.981 ± 0.048875	0.427 ± 0.318494	0.967 ± 0.084437	0.8129 ± 0.551183	0.2158 ± 0.125825	0.496 ± 0.359025	0.978 ± 0.057356	0.463 ± 0.316835	0.972 ± 0.071260	0.745 ± 0.181380	0.978 ± 0.057356	0.751 ± 0.266122	1.000 ± 0.000000	0.799 ± 0.168912	0.999 ± 0.004522	0.788 ± 0.172904	0.999 ± 0.006300	0.600 ± 0.303980	0.967 ± 0.084437	0.827 ± 0.190115	1.000 ± 0.000000
roc_auc	nan	nan	0.823 ± 0.145863	0.999 ± 0.004128	0.711 ± 0.153648	0.977 ± 0.050235	0.20153 ± 0.088920	0.03208 ± 0.026973	0.618 ± 0.254372	0.974 ± 0.058345	0.423 ± 0.307295	0.954 ± 0.100469	0.7962 ± 0.547582	0.1547 ± 0.081620	0.480 ± 0.394366	0.969 ± 0.066959	0.458 ± 0.316731	0.961 ± 0.084196	0.753 ± 0.186013	0.969 ± 0.066959	0.727 ± 0.294813	1.000 ± 0.000000	0.794 ± 0.176581	0.999 ± 0.004163	0.790 ± 0.164374	0.999 ± 0.005270	0.607 ± 0.318122	0.954 ± 0.100469	0.816 ± 0.194160	1.000 ± 0.000000
