	mean_best_threshold_tuning_score	mean_best_threshold	mean_test_average_precision	mean_train_average_precision	mean_test_balanced_accuracy	mean_train_balanced_accuracy	mean_test_brier_loss	mean_train_brier_loss	mean_test_f1	mean_train_f1	mean_test_informedness	mean_train_informedness	mean_test_log_loss	mean_train_log_loss	mean_test_markedness	mean_train_markedness	mean_test_mcc	mean_train_mcc	mean_test_negative_predictive_value	mean_train_negative_predictive_value	mean_test_precision	mean_train_precision	mean_test_precision_recall_auc	mean_train_precision_recall_auc	mean_test_roc_auc	mean_train_roc_auc	mean_test_sensitivity	mean_train_sensitivity	mean_test_specificity	mean_train_specificity
mcc	nan	nan	0.841 ± 0.143608	1.000 ± 0.000224	0.754 ± 0.137232	0.993 ± 0.026141	0.18445 ± 0.067926	0.06851 ± 0.042382	0.700 ± 0.212629	0.993 ± 0.030103	0.507 ± 0.274464	0.987 ± 0.052282	0.6607 ± 0.448588	0.2620 ± 0.113297	0.537 ± 0.314541	0.991 ± 0.033837	0.521 ± 0.287886	0.989 ± 0.043331	0.798 ± 0.151416	0.991 ± 0.033837	0.738 ± 0.231314	1.000 ± 0.000000	0.813 ± 0.177147	1.000 ± 0.000227	0.821 ± 0.151113	1.000 ± 0.000187	0.713 ± 0.258725	0.987 ± 0.052282	0.794 ± 0.163395	1.000 ± 0.000000
precision_recall_auc	nan	nan	0.863 ± 0.144212	0.999 ± 0.002998	0.763 ± 0.156899	0.983 ± 0.047029	0.18180 ± 0.083772	0.05441 ± 0.041416	0.694 ± 0.242107	0.980 ± 0.055219	0.527 ± 0.313798	0.965 ± 0.094059	0.6509 ± 0.501948	0.2158 ± 0.115173	0.564 ± 0.344959	0.977 ± 0.061274	0.546 ± 0.314666	0.971 ± 0.078204	0.795 ± 0.173788	0.977 ± 0.061274	0.770 ± 0.248572	1.000 ± 0.000000	0.840 ± 0.172570	0.999 ± 0.003026	0.841 ± 0.157727	0.999 ± 0.003177	0.692 ± 0.297023	0.965 ± 0.094059	0.835 ± 0.158517	1.000 ± 0.000000
roc_auc	nan	nan	0.850 ± 0.152216	0.999 ± 0.003150	0.748 ± 0.165789	0.980 ± 0.047319	0.19107 ± 0.102547	0.03217 ± 0.024412	0.673 ± 0.258574	0.977 ± 0.055145	0.497 ± 0.331577	0.960 ± 0.094638	0.7265 ± 0.711012	0.1537 ± 0.073484	0.526 ± 0.382545	0.972 ± 0.063679	0.513 ± 0.341694	0.966 ± 0.079595	0.781 ± 0.174387	0.972 ± 0.063679	0.745 ± 0.271918	1.000 ± 0.000000	0.825 ± 0.182611	0.999 ± 0.003180	0.825 ± 0.172752	0.999 ± 0.003339	0.667 ± 0.303513	0.960 ± 0.094638	0.830 ± 0.162255	1.000 ± 0.000000
