	mean_best_threshold_tuning_score	mean_best_threshold	mean_test_average_precision	mean_train_average_precision	mean_test_balanced_accuracy	mean_train_balanced_accuracy	mean_test_brier_loss	mean_train_brier_loss	mean_test_f1	mean_train_f1	mean_test_informedness	mean_train_informedness	mean_test_log_loss	mean_train_log_loss	mean_test_markedness	mean_train_markedness	mean_test_mcc	mean_train_mcc	mean_test_negative_predictive_value	mean_train_negative_predictive_value	mean_test_precision	mean_train_precision	mean_test_precision_recall_auc	mean_train_precision_recall_auc	mean_test_roc_auc	mean_train_roc_auc	mean_test_sensitivity	mean_train_sensitivity	mean_test_specificity	mean_train_specificity
mcc	nan	nan	0.948 ± 0.073828	0.970 ± 0.018363	0.863 ± 0.121653	0.924 ± 0.035146	0.10008 ± 0.073280	0.05845 ± 0.023329	0.827 ± 0.161871	0.916 ± 0.040083	0.725 ± 0.243306	0.847 ± 0.070292	0.3603 ± 0.250284	0.2168 ± 0.071969	0.799 ± 0.192566	0.869 ± 0.061106	0.758 ± 0.217027	0.858 ± 0.065407	0.842 ± 0.127277	0.906 ± 0.041302	0.957 ± 0.125628	0.962 ± 0.029900	0.942 ± 0.083072	0.970 ± 0.018507	0.927 ± 0.101139	0.963 ± 0.024722	0.763 ± 0.211195	0.875 ± 0.058709	0.962 ± 0.119335	0.972 ± 0.023359
precision_recall_auc	nan	nan	0.938 ± 0.075525	0.960 ± 0.018849	0.811 ± 0.153479	0.845 ± 0.116244	0.12330 ± 0.075089	0.08162 ± 0.029606	0.741 ± 0.269673	0.790 ± 0.244283	0.622 ± 0.306957	0.689 ± 0.232488	0.3902 ± 0.209839	0.2627 ± 0.083561	0.633 ± 0.388635	0.672 ± 0.352288	0.642 ± 0.304391	0.699 ± 0.232427	0.825 ± 0.148414	0.846 ± 0.107809	0.808 ± 0.288857	0.825 ± 0.255867	0.930 ± 0.085603	0.959 ± 0.019024	0.924 ± 0.092225	0.957 ± 0.022017	0.715 ± 0.291163	0.765 ± 0.244967	0.907 ± 0.137770	0.924 ± 0.063031
roc_auc	nan	nan	0.944 ± 0.066415	0.961 ± 0.021379	0.828 ± 0.142891	0.858 ± 0.095660	0.12806 ± 0.082095	0.08075 ± 0.035481	0.778 ± 0.239921	0.824 ± 0.183363	0.655 ± 0.285783	0.715 ± 0.191320	0.3982 ± 0.229917	0.2546 ± 0.100765	0.664 ± 0.356910	0.707 ± 0.270074	0.671 ± 0.284241	0.720 ± 0.190521	0.847 ± 0.142390	0.865 ± 0.091612	0.817 ± 0.259895	0.842 ± 0.189459	0.937 ± 0.075346	0.960 ± 0.021595	0.931 ± 0.079425	0.960 ± 0.021824	0.768 ± 0.260978	0.811 ± 0.188405	0.887 ± 0.149765	0.904 ± 0.066240
