	mean_best_threshold_tuning_score	mean_best_threshold	mean_test_average_precision	mean_train_average_precision	mean_test_balanced_accuracy	mean_train_balanced_accuracy	mean_test_brier_loss	mean_train_brier_loss	mean_test_f1	mean_train_f1	mean_test_informedness	mean_train_informedness	mean_test_log_loss	mean_train_log_loss	mean_test_markedness	mean_train_markedness	mean_test_mcc	mean_train_mcc	mean_test_negative_predictive_value	mean_train_negative_predictive_value	mean_test_precision	mean_train_precision	mean_test_precision_recall_auc	mean_train_precision_recall_auc	mean_test_roc_auc	mean_train_roc_auc	mean_test_sensitivity	mean_train_sensitivity	mean_test_specificity	mean_train_specificity
mcc	nan	nan	0.923 ± 0.085789	0.978 ± 0.017899	0.827 ± 0.112231	0.942 ± 0.038758	0.12697 ± 0.055326	0.06263 ± 0.030711	0.792 ± 0.146156	0.937 ± 0.043289	0.654 ± 0.224462	0.884 ± 0.077516	0.4281 ± 0.169637	0.2441 ± 0.090918	0.718 ± 0.213324	0.900 ± 0.072733	0.684 ± 0.215604	0.892 ± 0.074839	0.829 ± 0.123549	0.928 ± 0.044025	0.889 ± 0.158571	0.972 ± 0.040871	0.914 ± 0.095278	0.978 ± 0.018306	0.897 ± 0.121000	0.970 ± 0.025575	0.748 ± 0.195245	0.906 ± 0.058976	0.906 ± 0.136142	0.978 ± 0.032671
precision_recall_auc	nan	nan	0.929 ± 0.108291	0.956 ± 0.097953	0.829 ± 0.116888	0.905 ± 0.076618	0.11549 ± 0.061940	0.06879 ± 0.035549	0.789 ± 0.173402	0.886 ± 0.139597	0.659 ± 0.233776	0.809 ± 0.153236	0.3992 ± 0.201599	0.2555 ± 0.094144	0.709 ± 0.262511	0.817 ± 0.204463	0.686 ± 0.224198	0.817 ± 0.152632	0.835 ± 0.129944	0.896 ± 0.070062	0.874 ± 0.198584	0.921 ± 0.143289	0.921 ± 0.120764	0.955 ± 0.101115	0.903 ± 0.159244	0.943 ± 0.128834	0.757 ± 0.216156	0.855 ± 0.141856	0.902 ± 0.150834	0.954 ± 0.043427
roc_auc	nan	nan	0.927 ± 0.107536	0.954 ± 0.097329	0.835 ± 0.114701	0.900 ± 0.073738	0.11442 ± 0.058010	0.07012 ± 0.035018	0.793 ± 0.175949	0.880 ± 0.137234	0.671 ± 0.229402	0.799 ± 0.147477	0.3932 ± 0.189907	0.2586 ± 0.093262	0.719 ± 0.254894	0.807 ± 0.200265	0.697 ± 0.217498	0.807 ± 0.147199	0.843 ± 0.128056	0.891 ± 0.067506	0.877 ± 0.197174	0.915 ± 0.141947	0.919 ± 0.119839	0.953 ± 0.100478	0.898 ± 0.159568	0.940 ± 0.128122	0.762 ± 0.218873	0.850 ± 0.139215	0.909 ± 0.141670	0.950 ± 0.042970
