	mean_best_threshold_tuning_score	mean_best_threshold	mean_test_average_precision	mean_train_average_precision	mean_test_balanced_accuracy	mean_train_balanced_accuracy	mean_test_brier_loss	mean_train_brier_loss	mean_test_f1	mean_train_f1	mean_test_informedness	mean_train_informedness	mean_test_log_loss	mean_train_log_loss	mean_test_markedness	mean_train_markedness	mean_test_mcc	mean_train_mcc	mean_test_negative_predictive_value	mean_train_negative_predictive_value	mean_test_precision	mean_train_precision	mean_test_precision_recall_auc	mean_train_precision_recall_auc	mean_test_roc_auc	mean_train_roc_auc	mean_test_sensitivity	mean_train_sensitivity	mean_test_specificity	mean_train_specificity
mcc	nan	nan	0.959 ± 0.059264	0.995 ± 0.010288	0.861 ± 0.111037	0.970 ± 0.048079	0.09711 ± 0.060909	0.02434 ± 0.031332	0.819 ± 0.179472	0.967 ± 0.053944	0.723 ± 0.222074	0.940 ± 0.096158	0.3211 ± 0.159917	0.1109 ± 0.096131	0.797 ± 0.227215	0.954 ± 0.074196	0.761 ± 0.196348	0.947 ± 0.085258	0.832 ± 0.122956	0.960 ± 0.064034	0.965 ± 0.151607	0.994 ± 0.014888	0.954 ± 0.066898	0.995 ± 0.010390	0.951 ± 0.067382	0.995 ± 0.010798	0.737 ± 0.220389	0.944 ± 0.089546	0.986 ± 0.056279	0.996 ± 0.010315
precision_recall_auc	nan	nan	0.942 ± 0.064299	0.979 ± 0.019038	0.769 ± 0.144634	0.837 ± 0.142487	0.10446 ± 0.056965	0.05097 ± 0.034929	0.647 ± 0.292145	0.760 ± 0.280509	0.538 ± 0.289269	0.674 ± 0.284974	0.3309 ± 0.143705	0.1725 ± 0.102924	0.624 ± 0.412259	0.711 ± 0.404113	0.599 ± 0.278556	0.713 ± 0.277742	0.744 ± 0.133090	0.814 ± 0.135700	0.880 ± 0.328261	0.897 ± 0.302326	0.935 ± 0.071868	0.979 ± 0.019220	0.923 ± 0.089844	0.980 ± 0.021070	0.538 ± 0.289269	0.676 ± 0.285753	1.000 ± 0.000000	0.998 ± 0.007713
roc_auc	nan	nan	0.944 ± 0.061564	0.974 ± 0.019741	0.751 ± 0.139720	0.819 ± 0.133632	0.10285 ± 0.054603	0.05924 ± 0.033554	0.616 ± 0.294116	0.737 ± 0.267265	0.502 ± 0.279440	0.638 ± 0.267265	0.3263 ± 0.139164	0.1970 ± 0.096792	0.585 ± 0.433777	0.709 ± 0.359945	0.566 ± 0.276486	0.686 ± 0.256438	0.725 ± 0.127212	0.793 ± 0.123977	0.860 ± 0.350510	0.916 ± 0.273253	0.937 ± 0.068798	0.974 ± 0.019930	0.924 ± 0.086769	0.974 ± 0.021544	0.502 ± 0.279440	0.641 ± 0.269101	1.000 ± 0.000000	0.997 ± 0.009342
