	mean_best_threshold_tuning_score	mean_best_threshold	mean_test_average_precision	mean_train_average_precision	mean_test_balanced_accuracy	mean_train_balanced_accuracy	mean_test_brier_loss	mean_train_brier_loss	mean_test_f1	mean_train_f1	mean_test_informedness	mean_train_informedness	mean_test_log_loss	mean_train_log_loss	mean_test_markedness	mean_train_markedness	mean_test_mcc	mean_train_mcc	mean_test_negative_predictive_value	mean_train_negative_predictive_value	mean_test_precision	mean_train_precision	mean_test_precision_recall_auc	mean_train_precision_recall_auc	mean_test_roc_auc	mean_train_roc_auc	mean_test_sensitivity	mean_train_sensitivity	mean_test_specificity	mean_train_specificity
mcc	nan	nan	0.870 ± 0.125844	0.969 ± 0.020422	0.745 ± 0.121892	0.918 ± 0.049787	0.18694 ± 0.071603	0.06010 ± 0.036068	0.681 ± 0.170475	0.911 ± 0.054807	0.489 ± 0.243783	0.837 ± 0.099574	0.5867 ± 0.226332	0.2253 ± 0.124058	0.554 ± 0.289328	0.837 ± 0.101431	0.523 ± 0.245729	0.837 ± 0.100417	0.742 ± 0.136763	0.931 ± 0.043790	0.812 ± 0.221903	0.906 ± 0.065651	0.851 ± 0.149580	0.969 ± 0.020574	0.845 ± 0.139003	0.958 ± 0.029395	0.628 ± 0.213099	0.916 ± 0.053922	0.861 ± 0.168211	0.920 ± 0.057089
precision_recall_auc	nan	nan	0.880 ± 0.143490	0.961 ± 0.073166	0.721 ± 0.157505	0.920 ± 0.136424	0.18124 ± 0.090134	0.04686 ± 0.058658	0.606 ± 0.290844	0.876 ± 0.268407	0.442 ± 0.315011	0.841 ± 0.272847	0.5780 ± 0.326789	0.1709 ± 0.180975	0.432 ± 0.453819	0.811 ± 0.385458	0.463 ± 0.326638	0.843 ± 0.272186	0.726 ± 0.161023	0.923 ± 0.120060	0.707 ± 0.339935	0.888 ± 0.269397	0.860 ± 0.172954	0.960 ± 0.074544	0.872 ± 0.144461	0.958 ± 0.063677	0.567 ± 0.302578	0.866 ± 0.268899	0.875 ± 0.156574	0.974 ± 0.040878
roc_auc	nan	nan	0.860 ± 0.150478	0.971 ± 0.058701	0.715 ± 0.149055	0.943 ± 0.103447	0.19959 ± 0.098418	0.03797 ± 0.050742	0.626 ± 0.245522	0.920 ± 0.196901	0.430 ± 0.298110	0.886 ± 0.206894	0.6407 ± 0.344421	0.1468 ± 0.163381	0.445 ± 0.389434	0.872 ± 0.286330	0.453 ± 0.300782	0.888 ± 0.206748	0.726 ± 0.145057	0.947 ± 0.091329	0.719 ± 0.299149	0.925 ± 0.198404	0.837 ± 0.180900	0.971 ± 0.059888	0.842 ± 0.155002	0.966 ± 0.053561	0.597 ± 0.263179	0.915 ± 0.197229	0.833 ± 0.189686	0.971 ± 0.047482
