	mean_ncv_average_precision	mean_ncv_balanced_accuracy	mean_ncv_brier_loss	mean_ncv_f1	mean_ncv_informedness	mean_ncv_log_loss	mean_ncv_markedness	mean_ncv_mcc	mean_ncv_negative_predictive_value	mean_ncv_precision	mean_ncv_precision_recall_auc	mean_ncv_roc_auc	mean_ncv_sensitivity	mean_ncv_specificity
mcc	0.651 ± 0.065290	0.637 ± 0.060763	0.22809 ± 0.019594	0.590 ± 0.078105	0.273 ± 0.121526	0.6580 ± 0.045433	0.284 ± 0.126866	0.279 ± 0.123982	0.670 ± 0.051927	0.614 ± 0.083171	0.634 ± 0.069800	0.676 ± 0.066309	0.578 ± 0.108614	0.695 ± 0.107244
precision_recall_auc	0.565 ± 0.070154	0.573 ± 0.065543	0.24531 ± 0.016527	0.437 ± 0.141706	0.146 ± 0.131085	0.6981 ± 0.041310	0.173 ± 0.141945	0.158 ± 0.134577	0.607 ± 0.055856	0.566 ± 0.094920	0.549 ± 0.072076	0.594 ± 0.083603	0.378 ± 0.169320	0.768 ± 0.096899
roc_auc	0.601 ± 0.068266	0.579 ± 0.073842	0.24015 ± 0.018107	0.467 ± 0.128952	0.158 ± 0.147684	0.6963 ± 0.052754	0.194 ± 0.163888	0.174 ± 0.153514	0.613 ± 0.062860	0.581 ± 0.114063	0.583 ± 0.072171	0.608 ± 0.083956	0.417 ± 0.168203	0.741 ± 0.133900
