	mean_best_threshold_tuning_score	mean_best_threshold	mean_test_average_precision	mean_train_average_precision	mean_test_balanced_accuracy	mean_train_balanced_accuracy	mean_test_brier_loss	mean_train_brier_loss	mean_test_f1	mean_train_f1	mean_test_informedness	mean_train_informedness	mean_test_log_loss	mean_train_log_loss	mean_test_markedness	mean_train_markedness	mean_test_mcc	mean_train_mcc	mean_test_negative_predictive_value	mean_train_negative_predictive_value	mean_test_precision	mean_train_precision	mean_test_precision_recall_auc	mean_train_precision_recall_auc	mean_test_roc_auc	mean_train_roc_auc	mean_test_sensitivity	mean_train_sensitivity	mean_test_specificity	mean_train_specificity
mcc	nan	nan	0.922 ± 0.085191	0.976 ± 0.014047	0.823 ± 0.120808	0.930 ± 0.035698	0.13109 ± 0.051768	0.07259 ± 0.025278	0.790 ± 0.150548	0.924 ± 0.039087	0.647 ± 0.241617	0.861 ± 0.071396	0.4326 ± 0.140751	0.2773 ± 0.077445	0.700 ± 0.232390	0.876 ± 0.068759	0.671 ± 0.235051	0.868 ± 0.069778	0.842 ± 0.135841	0.919 ± 0.037239	0.857 ± 0.185719	0.957 ± 0.040403	0.912 ± 0.097903	0.976 ± 0.014173	0.905 ± 0.102595	0.973 ± 0.016958	0.777 ± 0.199518	0.895 ± 0.049634	0.870 ± 0.182388	0.966 ± 0.035413
precision_recall_auc	nan	nan	0.939 ± 0.068603	0.972 ± 0.013177	0.843 ± 0.121020	0.915 ± 0.035079	0.12291 ± 0.050845	0.08023 ± 0.020356	0.813 ± 0.151725	0.907 ± 0.039731	0.686 ± 0.242039	0.831 ± 0.070157	0.4137 ± 0.162524	0.2994 ± 0.061549	0.733 ± 0.233746	0.852 ± 0.063169	0.708 ± 0.235951	0.841 ± 0.066343	0.852 ± 0.136137	0.900 ± 0.040748	0.881 ± 0.170555	0.952 ± 0.032415	0.932 ± 0.077546	0.972 ± 0.013329	0.924 ± 0.092316	0.970 ± 0.015079	0.787 ± 0.202843	0.867 ± 0.057260	0.899 ± 0.149315	0.964 ± 0.026214
roc_auc	nan	nan	0.940 ± 0.067397	0.973 ± 0.013766	0.838 ± 0.114929	0.912 ± 0.039108	0.12389 ± 0.051093	0.08030 ± 0.022912	0.811 ± 0.137780	0.902 ± 0.043963	0.677 ± 0.229857	0.823 ± 0.078216	0.4204 ± 0.176919	0.2980 ± 0.071080	0.723 ± 0.224587	0.844 ± 0.071591	0.698 ± 0.225020	0.834 ± 0.074527	0.851 ± 0.130602	0.897 ± 0.044227	0.872 ± 0.168401	0.947 ± 0.037490	0.933 ± 0.076201	0.972 ± 0.013929	0.925 ± 0.090319	0.971 ± 0.015279	0.792 ± 0.186909	0.863 ± 0.061900	0.885 ± 0.158517	0.960 ± 0.031057
