	mean_best_threshold_tuning_score	mean_best_threshold	mean_test_average_precision	mean_train_average_precision	mean_test_balanced_accuracy	mean_train_balanced_accuracy	mean_test_brier_loss	mean_train_brier_loss	mean_test_f1	mean_train_f1	mean_test_informedness	mean_train_informedness	mean_test_log_loss	mean_train_log_loss	mean_test_markedness	mean_train_markedness	mean_test_mcc	mean_train_mcc	mean_test_negative_predictive_value	mean_train_negative_predictive_value	mean_test_precision	mean_train_precision	mean_test_precision_recall_auc	mean_train_precision_recall_auc	mean_test_roc_auc	mean_train_roc_auc	mean_test_sensitivity	mean_train_sensitivity	mean_test_specificity	mean_train_specificity
mcc	nan	nan	0.904 ± 0.106669	0.971 ± 0.019465	0.832 ± 0.134310	0.949 ± 0.034698	0.16420 ± 0.071024	0.08466 ± 0.047787	0.808 ± 0.151104	0.945 ± 0.037392	0.665 ± 0.268621	0.898 ± 0.069396	0.5662 ± 0.280960	0.3105 ± 0.143499	0.708 ± 0.242574	0.904 ± 0.070363	0.684 ± 0.253670	0.901 ± 0.069705	0.873 ± 0.145515	0.948 ± 0.032921	0.835 ± 0.188206	0.956 ± 0.045950	0.889 ± 0.126717	0.971 ± 0.019891	0.883 ± 0.129952	0.957 ± 0.029595	0.835 ± 0.198842	0.935 ± 0.040390	0.830 ± 0.214047	0.963 ± 0.040259
precision_recall_auc	nan	nan	0.908 ± 0.101529	0.988 ± 0.016972	0.815 ± 0.135219	0.968 ± 0.022262	0.15942 ± 0.075505	0.05009 ± 0.047211	0.795 ± 0.152393	0.966 ± 0.024557	0.630 ± 0.270439	0.937 ± 0.044524	0.5667 ± 0.366570	0.2022 ± 0.147709	0.671 ± 0.261586	0.944 ± 0.044220	0.649 ± 0.263518	0.940 ± 0.044177	0.858 ± 0.140321	0.961 ± 0.024927	0.814 ± 0.191683	0.983 ± 0.030151	0.896 ± 0.118763	0.987 ± 0.017256	0.885 ± 0.123175	0.982 ± 0.025646	0.818 ± 0.187242	0.950 ± 0.031502	0.812 ± 0.205675	0.986 ± 0.024330
roc_auc	nan	nan	0.910 ± 0.101426	0.980 ± 0.017723	0.821 ± 0.128353	0.962 ± 0.024035	0.16256 ± 0.077071	0.06616 ± 0.047663	0.797 ± 0.146204	0.959 ± 0.026430	0.643 ± 0.256705	0.925 ± 0.048069	0.5729 ± 0.362511	0.2552 ± 0.150324	0.677 ± 0.248698	0.930 ± 0.049257	0.658 ± 0.250039	0.927 ± 0.048473	0.855 ± 0.136843	0.959 ± 0.024662	0.822 ± 0.179992	0.971 ± 0.034404	0.898 ± 0.118012	0.980 ± 0.018062	0.884 ± 0.127314	0.970 ± 0.028290	0.812 ± 0.186575	0.949 ± 0.030805	0.831 ± 0.181516	0.976 ± 0.028416
