	mean_best_threshold_tuning_score	mean_best_threshold	mean_test_average_precision	mean_train_average_precision	mean_test_balanced_accuracy	mean_train_balanced_accuracy	mean_test_brier_loss	mean_train_brier_loss	mean_test_f1	mean_train_f1	mean_test_informedness	mean_train_informedness	mean_test_log_loss	mean_train_log_loss	mean_test_markedness	mean_train_markedness	mean_test_mcc	mean_train_mcc	mean_test_negative_predictive_value	mean_train_negative_predictive_value	mean_test_precision	mean_train_precision	mean_test_precision_recall_auc	mean_train_precision_recall_auc	mean_test_roc_auc	mean_train_roc_auc	mean_test_sensitivity	mean_train_sensitivity	mean_test_specificity	mean_train_specificity
mcc	nan	nan	0.846 ± 0.154581	0.974 ± 0.027359	0.735 ± 0.173252	0.943 ± 0.060123	0.20742 ± 0.080524	0.09036 ± 0.064555	0.689 ± 0.213242	0.937 ± 0.065886	0.470 ± 0.346503	0.885 ± 0.120245	0.7403 ± 0.432719	0.3176 ± 0.187982	0.530 ± 0.358684	0.900 ± 0.107633	0.496 ± 0.348748	0.893 ± 0.113579	0.775 ± 0.184339	0.936 ± 0.058406	0.755 ± 0.259209	0.964 ± 0.063953	0.823 ± 0.188755	0.975 ± 0.024816	0.831 ± 0.172137	0.968 ± 0.029381	0.697 ± 0.255195	0.916 ± 0.082938	0.773 ± 0.258964	0.969 ± 0.065991
precision_recall_auc	nan	nan	0.856 ± 0.144280	0.971 ± 0.029221	0.757 ± 0.163440	0.931 ± 0.060678	0.20105 ± 0.066436	0.10382 ± 0.064660	0.701 ± 0.226313	0.925 ± 0.064815	0.515 ± 0.326881	0.862 ± 0.121357	0.6744 ± 0.310175	0.3551 ± 0.182972	0.560 ± 0.366230	0.877 ± 0.115341	0.539 ± 0.329188	0.870 ± 0.118087	0.793 ± 0.175164	0.924 ± 0.057825	0.766 ± 0.269511	0.954 ± 0.069206	0.833 ± 0.179699	0.973 ± 0.025527	0.843 ± 0.159697	0.968 ± 0.029237	0.705 ± 0.266842	0.901 ± 0.076002	0.810 ± 0.230793	0.961 ± 0.069083
roc_auc	nan	nan	0.847 ± 0.149995	0.970 ± 0.028944	0.757 ± 0.170011	0.931 ± 0.059120	0.20413 ± 0.070752	0.10562 ± 0.063337	0.706 ± 0.225007	0.925 ± 0.063061	0.513 ± 0.340023	0.861 ± 0.118241	0.6852 ± 0.322325	0.3605 ± 0.179978	0.557 ± 0.379113	0.876 ± 0.112087	0.537 ± 0.343213	0.868 ± 0.114885	0.795 ± 0.179552	0.925 ± 0.056464	0.762 ± 0.274747	0.951 ± 0.068290	0.823 ± 0.186802	0.971 ± 0.025522	0.833 ± 0.164351	0.966 ± 0.029663	0.715 ± 0.258687	0.902 ± 0.074831	0.798 ± 0.252934	0.959 ± 0.068672
