	mean_best_threshold_tuning_score	mean_best_threshold	mean_test_average_precision	mean_train_average_precision	mean_test_balanced_accuracy	mean_train_balanced_accuracy	mean_test_brier_loss	mean_train_brier_loss	mean_test_f1	mean_train_f1	mean_test_informedness	mean_train_informedness	mean_test_log_loss	mean_train_log_loss	mean_test_markedness	mean_train_markedness	mean_test_mcc	mean_train_mcc	mean_test_negative_predictive_value	mean_train_negative_predictive_value	mean_test_precision	mean_train_precision	mean_test_precision_recall_auc	mean_train_precision_recall_auc	mean_test_roc_auc	mean_train_roc_auc	mean_test_sensitivity	mean_train_sensitivity	mean_test_specificity	mean_train_specificity
mcc	nan	nan	0.845 ± 0.110870	1.000 ± 0.000000	0.702 ± 0.128259	1.000 ± 0.000000	0.18698 ± 0.059298	0.02540 ± 0.002745	0.648 ± 0.158583	1.000 ± 0.000000	0.403 ± 0.256518	1.000 ± 0.000000	0.5542 ± 0.145697	0.1524 ± 0.011345	0.450 ± 0.274173	1.000 ± 0.000000	0.424 ± 0.262088	1.000 ± 0.000000	0.742 ± 0.154315	1.000 ± 0.000000	0.708 ± 0.205570	1.000 ± 0.000000	0.823 ± 0.128953	1.000 ± 0.000000	0.824 ± 0.140940	1.000 ± 0.000000	0.650 ± 0.220800	1.000 ± 0.000000	0.753 ± 0.190169	1.000 ± 0.000000
precision_recall_auc	nan	nan	0.845 ± 0.122317	1.000 ± 0.000000	0.707 ± 0.138133	1.000 ± 0.000000	0.18525 ± 0.062572	0.02474 ± 0.002909	0.656 ± 0.161713	1.000 ± 0.000000	0.415 ± 0.276265	1.000 ± 0.000000	0.5478 ± 0.154515	0.1485 ± 0.011953	0.461 ± 0.292663	1.000 ± 0.000000	0.435 ± 0.281192	1.000 ± 0.000000	0.738 ± 0.153050	1.000 ± 0.000000	0.723 ± 0.217929	1.000 ± 0.000000	0.825 ± 0.141604	1.000 ± 0.000000	0.820 ± 0.155038	1.000 ± 0.000000	0.652 ± 0.210745	1.000 ± 0.000000	0.763 ± 0.200461	1.000 ± 0.000000
roc_auc	nan	nan	0.834 ± 0.135881	1.000 ± 0.000000	0.698 ± 0.136361	1.000 ± 0.000000	0.18517 ± 0.062433	0.02481 ± 0.002523	0.643 ± 0.165387	1.000 ± 0.000000	0.395 ± 0.272721	1.000 ± 0.000000	0.5476 ± 0.153545	0.1496 ± 0.011267	0.441 ± 0.290175	1.000 ± 0.000000	0.416 ± 0.278286	1.000 ± 0.000000	0.732 ± 0.154276	1.000 ± 0.000000	0.709 ± 0.212831	1.000 ± 0.000000	0.809 ± 0.162472	1.000 ± 0.000000	0.810 ± 0.157376	1.000 ± 0.000000	0.638 ± 0.219906	1.000 ± 0.000000	0.757 ± 0.193256	1.000 ± 0.000000
