	mean_best_threshold_tuning_score	mean_best_threshold	mean_test_average_precision	mean_train_average_precision	mean_test_balanced_accuracy	mean_train_balanced_accuracy	mean_test_brier_loss	mean_train_brier_loss	mean_test_f1	mean_train_f1	mean_test_informedness	mean_train_informedness	mean_test_log_loss	mean_train_log_loss	mean_test_markedness	mean_train_markedness	mean_test_mcc	mean_train_mcc	mean_test_negative_predictive_value	mean_train_negative_predictive_value	mean_test_precision	mean_train_precision	mean_test_precision_recall_auc	mean_train_precision_recall_auc	mean_test_roc_auc	mean_train_roc_auc	mean_test_sensitivity	mean_train_sensitivity	mean_test_specificity	mean_train_specificity
mcc	nan	nan	0.877 ± 0.117213	1.000 ± 0.000000	0.772 ± 0.128129	1.000 ± 0.000000	0.16691 ± 0.055532	0.01499 ± 0.002253	0.707 ± 0.198949	1.000 ± 0.000000	0.544 ± 0.256257	1.000 ± 0.000000	0.5166 ± 0.155692	0.1089 ± 0.011689	0.601 ± 0.279562	1.000 ± 0.000000	0.573 ± 0.245785	1.000 ± 0.000000	0.796 ± 0.161728	1.000 ± 0.000000	0.805 ± 0.204940	1.000 ± 0.000000	0.861 ± 0.138899	1.000 ± 0.000000	0.864 ± 0.131895	1.000 ± 0.000000	0.692 ± 0.268452	1.000 ± 0.000000	0.852 ± 0.148104	1.000 ± 0.000000
precision_recall_auc	nan	nan	0.893 ± 0.094745	1.000 ± 0.000000	0.766 ± 0.108126	1.000 ± 0.000000	0.16067 ± 0.051499	0.01419 ± 0.002514	0.717 ± 0.137803	1.000 ± 0.000000	0.531 ± 0.216251	1.000 ± 0.000000	0.4941 ± 0.137812	0.1033 ± 0.011619	0.592 ± 0.218185	1.000 ± 0.000000	0.558 ± 0.211925	1.000 ± 0.000000	0.788 ± 0.142401	1.000 ± 0.000000	0.804 ± 0.181783	1.000 ± 0.000000	0.881 ± 0.107180	1.000 ± 0.000000	0.880 ± 0.110234	1.000 ± 0.000000	0.703 ± 0.213729	1.000 ± 0.000000	0.828 ± 0.172366	1.000 ± 0.000000
roc_auc	nan	nan	0.884 ± 0.106122	1.000 ± 0.000000	0.778 ± 0.101246	1.000 ± 0.000000	0.16465 ± 0.052834	0.01427 ± 0.002574	0.730 ± 0.136407	1.000 ± 0.000000	0.555 ± 0.202491	1.000 ± 0.000000	0.5060 ± 0.148449	0.1048 ± 0.011886	0.614 ± 0.191151	1.000 ± 0.000000	0.581 ± 0.191383	1.000 ± 0.000000	0.801 ± 0.138461	1.000 ± 0.000000	0.813 ± 0.165301	1.000 ± 0.000000	0.869 ± 0.123005	1.000 ± 0.000000	0.868 ± 0.124465	1.000 ± 0.000000	0.718 ± 0.213550	1.000 ± 0.000000	0.837 ± 0.154791	1.000 ± 0.000000
