	mean_best_threshold_tuning_score	mean_best_threshold	mean_test_average_precision	mean_train_average_precision	mean_test_balanced_accuracy	mean_train_balanced_accuracy	mean_test_brier_loss	mean_train_brier_loss	mean_test_f1	mean_train_f1	mean_test_informedness	mean_train_informedness	mean_test_log_loss	mean_train_log_loss	mean_test_markedness	mean_train_markedness	mean_test_mcc	mean_train_mcc	mean_test_negative_predictive_value	mean_train_negative_predictive_value	mean_test_precision	mean_train_precision	mean_test_precision_recall_auc	mean_train_precision_recall_auc	mean_test_roc_auc	mean_train_roc_auc	mean_test_sensitivity	mean_train_sensitivity	mean_test_specificity	mean_train_specificity
mcc	nan	nan	0.949 ± 0.081325	0.988 ± 0.016134	0.857 ± 0.125962	0.945 ± 0.038511	0.10279 ± 0.072225	0.03623 ± 0.024751	0.822 ± 0.163986	0.940 ± 0.043846	0.715 ± 0.251923	0.891 ± 0.077022	0.3499 ± 0.222659	0.1373 ± 0.082606	0.773 ± 0.218461	0.910 ± 0.063913	0.741 ± 0.232650	0.900 ± 0.070413	0.849 ± 0.139071	0.928 ± 0.047054	0.924 ± 0.142108	0.982 ± 0.023687	0.941 ± 0.094864	0.988 ± 0.016269	0.937 ± 0.098718	0.987 ± 0.019980	0.777 ± 0.221083	0.904 ± 0.066361	0.938 ± 0.120187	0.987 ± 0.017015
precision_recall_auc	nan	nan	0.932 ± 0.093901	0.981 ± 0.016914	0.789 ± 0.158005	0.864 ± 0.145892	0.12505 ± 0.087743	0.05014 ± 0.032060	0.706 ± 0.295216	0.797 ± 0.302964	0.577 ± 0.316011	0.729 ± 0.291784	0.4089 ± 0.290283	0.1683 ± 0.095723	0.568 ± 0.431268	0.687 ± 0.439356	0.596 ± 0.316827	0.735 ± 0.293354	0.808 ± 0.154175	0.862 ± 0.131220	0.761 ± 0.325342	0.824 ± 0.312936	0.922 ± 0.110062	0.980 ± 0.017083	0.921 ± 0.106259	0.981 ± 0.016945	0.690 ± 0.312731	0.773 ± 0.296919	0.887 ± 0.163136	0.956 ± 0.052053
roc_auc	nan	nan	0.938 ± 0.082979	0.974 ± 0.019476	0.797 ± 0.147694	0.870 ± 0.123271	0.12371 ± 0.082448	0.05945 ± 0.033503	0.729 ± 0.260894	0.820 ± 0.252035	0.594 ± 0.295387	0.740 ± 0.246541	0.3967 ± 0.270444	0.1944 ± 0.099218	0.615 ± 0.367832	0.714 ± 0.368493	0.617 ± 0.291070	0.746 ± 0.247466	0.823 ± 0.147967	0.870 ± 0.114203	0.791 ± 0.286333	0.844 ± 0.259020	0.930 ± 0.094063	0.974 ± 0.019670	0.929 ± 0.094354	0.975 ± 0.019575	0.720 ± 0.291975	0.800 ± 0.248644	0.874 ± 0.172094	0.940 ± 0.054329
