	mean_best_threshold_tuning_score	mean_best_threshold	mean_test_average_precision	mean_train_average_precision	mean_test_balanced_accuracy	mean_train_balanced_accuracy	mean_test_brier_loss	mean_train_brier_loss	mean_test_f1	mean_train_f1	mean_test_informedness	mean_train_informedness	mean_test_log_loss	mean_train_log_loss	mean_test_markedness	mean_train_markedness	mean_test_mcc	mean_train_mcc	mean_test_negative_predictive_value	mean_train_negative_predictive_value	mean_test_precision	mean_train_precision	mean_test_precision_recall_auc	mean_train_precision_recall_auc	mean_test_roc_auc	mean_train_roc_auc	mean_test_sensitivity	mean_train_sensitivity	mean_test_specificity	mean_train_specificity
mcc	nan	nan	0.942 ± 0.082551	0.988 ± 0.016134	0.850 ± 0.119748	0.945 ± 0.038511	0.12302 ± 0.078178	0.03623 ± 0.024751	0.826 ± 0.138093	0.940 ± 0.043846	0.700 ± 0.239496	0.891 ± 0.077022	0.4145 ± 0.242991	0.1373 ± 0.082606	0.720 ± 0.234731	0.910 ± 0.063913	0.709 ± 0.235998	0.900 ± 0.070413	0.874 ± 0.125722	0.928 ± 0.047054	0.846 ± 0.171777	0.982 ± 0.023687	0.935 ± 0.092017	0.988 ± 0.016269	0.924 ± 0.113213	0.987 ± 0.019980	0.835 ± 0.170442	0.904 ± 0.066361	0.865 ± 0.163273	0.987 ± 0.017015
precision_recall_auc	nan	nan	0.939 ± 0.073703	0.981 ± 0.016914	0.800 ± 0.154299	0.864 ± 0.145892	0.12471 ± 0.069924	0.05014 ± 0.032060	0.724 ± 0.294541	0.797 ± 0.302964	0.600 ± 0.308597	0.729 ± 0.291784	0.4051 ± 0.193793	0.1683 ± 0.095723	0.575 ± 0.428832	0.687 ± 0.439356	0.612 ± 0.312122	0.735 ± 0.293354	0.825 ± 0.147456	0.862 ± 0.131220	0.750 ± 0.318950	0.824 ± 0.312936	0.931 ± 0.085025	0.980 ± 0.017083	0.928 ± 0.085627	0.981 ± 0.016945	0.722 ± 0.305658	0.773 ± 0.296919	0.878 ± 0.154906	0.956 ± 0.052053
roc_auc	nan	nan	0.943 ± 0.072867	0.974 ± 0.019476	0.811 ± 0.142557	0.870 ± 0.123271	0.12503 ± 0.073628	0.05945 ± 0.033503	0.756 ± 0.254705	0.820 ± 0.252035	0.623 ± 0.285114	0.740 ± 0.246541	0.4055 ± 0.214484	0.1944 ± 0.099218	0.624 ± 0.368081	0.714 ± 0.368493	0.638 ± 0.286923	0.746 ± 0.247466	0.846 ± 0.134647	0.870 ± 0.114203	0.778 ± 0.284012	0.844 ± 0.259020	0.935 ± 0.084181	0.974 ± 0.019670	0.935 ± 0.081802	0.975 ± 0.019575	0.762 ± 0.271476	0.800 ± 0.248644	0.861 ± 0.175048	0.940 ± 0.054329
