	mean_best_threshold_tuning_score	mean_best_threshold	mean_test_average_precision	mean_train_average_precision	mean_test_balanced_accuracy	mean_train_balanced_accuracy	mean_test_brier_loss	mean_train_brier_loss	mean_test_f1	mean_train_f1	mean_test_informedness	mean_train_informedness	mean_test_log_loss	mean_train_log_loss	mean_test_markedness	mean_train_markedness	mean_test_mcc	mean_train_mcc	mean_test_negative_predictive_value	mean_train_negative_predictive_value	mean_test_precision	mean_train_precision	mean_test_precision_recall_auc	mean_train_precision_recall_auc	mean_test_roc_auc	mean_train_roc_auc	mean_test_sensitivity	mean_train_sensitivity	mean_test_specificity	mean_train_specificity
mcc	nan	nan	0.930 ± 0.082738	0.969 ± 0.018217	0.866 ± 0.113595	0.900 ± 0.027737	0.10065 ± 0.059193	0.07226 ± 0.016161	0.837 ± 0.148095	0.889 ± 0.032684	0.733 ± 0.227191	0.800 ± 0.055475	0.3359 ± 0.153576	0.2557 ± 0.043593	0.807 ± 0.177046	0.845 ± 0.046478	0.767 ± 0.201256	0.822 ± 0.050447	0.849 ± 0.127904	0.869 ± 0.034444	0.958 ± 0.108025	0.976 ± 0.026062	0.922 ± 0.091487	0.968 ± 0.018352	0.895 ± 0.130741	0.960 ± 0.027080	0.775 ± 0.204990	0.817 ± 0.050942	0.958 ± 0.115776	0.983 ± 0.020344
precision_recall_auc	nan	nan	0.942 ± 0.073709	0.957 ± 0.017629	0.717 ± 0.155902	0.747 ± 0.125579	0.11257 ± 0.067143	0.08500 ± 0.020469	0.540 ± 0.332026	0.614 ± 0.287164	0.433 ± 0.311805	0.493 ± 0.251157	0.3525 ± 0.174204	0.2774 ± 0.053392	0.475 ± 0.513909	0.552 ± 0.444808	0.494 ± 0.317479	0.553 ± 0.261287	0.705 ± 0.132863	0.723 ± 0.104315	0.770 ± 0.419061	0.828 ± 0.365924	0.935 ± 0.083816	0.957 ± 0.017795	0.928 ± 0.103817	0.954 ± 0.020405	0.438 ± 0.306676	0.501 ± 0.260128	0.995 ± 0.035355	0.992 ± 0.016118
roc_auc	nan	nan	0.953 ± 0.063156	0.958 ± 0.019240	0.710 ± 0.145793	0.744 ± 0.132897	0.11350 ± 0.062904	0.08556 ± 0.024824	0.526 ± 0.329392	0.603 ± 0.302376	0.420 ± 0.291586	0.488 ± 0.265794	0.3589 ± 0.165458	0.2784 ± 0.065423	0.454 ± 0.519772	0.535 ± 0.469206	0.482 ± 0.302922	0.546 ± 0.277217	0.694 ± 0.119909	0.722 ± 0.107804	0.760 ± 0.431419	0.813 ± 0.385276	0.946 ± 0.072256	0.958 ± 0.019426	0.945 ± 0.079849	0.957 ± 0.020484	0.420 ± 0.291586	0.492 ± 0.271826	1.000 ± 0.000000	0.995 ± 0.013391
