	mean_best_threshold_tuning_score	mean_best_threshold	mean_test_average_precision	mean_train_average_precision	mean_test_balanced_accuracy	mean_train_balanced_accuracy	mean_test_brier_loss	mean_train_brier_loss	mean_test_f1	mean_train_f1	mean_test_informedness	mean_train_informedness	mean_test_log_loss	mean_train_log_loss	mean_test_markedness	mean_train_markedness	mean_test_mcc	mean_train_mcc	mean_test_negative_predictive_value	mean_train_negative_predictive_value	mean_test_precision	mean_train_precision	mean_test_precision_recall_auc	mean_train_precision_recall_auc	mean_test_roc_auc	mean_train_roc_auc	mean_test_sensitivity	mean_train_sensitivity	mean_test_specificity	mean_train_specificity
mcc	nan	nan	0.958 ± 0.055933	0.969 ± 0.018217	0.860 ± 0.105441	0.900 ± 0.027737	0.09396 ± 0.052979	0.07226 ± 0.016161	0.821 ± 0.151324	0.889 ± 0.032684	0.719 ± 0.210882	0.800 ± 0.055475	0.3157 ± 0.136220	0.2557 ± 0.043593	0.817 ± 0.136686	0.845 ± 0.046478	0.764 ± 0.175456	0.822 ± 0.050447	0.829 ± 0.118690	0.869 ± 0.034444	0.988 ± 0.058345	0.976 ± 0.026062	0.953 ± 0.060998	0.968 ± 0.018352	0.935 ± 0.094616	0.960 ± 0.027080	0.728 ± 0.205377	0.817 ± 0.050942	0.991 ± 0.044824	0.983 ± 0.020344
precision_recall_auc	nan	nan	0.947 ± 0.062401	0.957 ± 0.017629	0.722 ± 0.152790	0.747 ± 0.125579	0.10155 ± 0.059968	0.08500 ± 0.020469	0.547 ± 0.331127	0.614 ± 0.287164	0.443 ± 0.305579	0.493 ± 0.251157	0.3279 ± 0.155177	0.2774 ± 0.053392	0.489 ± 0.509959	0.552 ± 0.444808	0.505 ± 0.309563	0.553 ± 0.261287	0.709 ± 0.129660	0.723 ± 0.104315	0.780 ± 0.418452	0.828 ± 0.365924	0.941 ± 0.070202	0.957 ± 0.017795	0.929 ± 0.088074	0.954 ± 0.020405	0.443 ± 0.305579	0.501 ± 0.260128	1.000 ± 0.000000	0.992 ± 0.016118
roc_auc	nan	nan	0.950 ± 0.062292	0.958 ± 0.019240	0.702 ± 0.143194	0.744 ± 0.132897	0.10795 ± 0.055686	0.08556 ± 0.024824	0.516 ± 0.324518	0.603 ± 0.302376	0.403 ± 0.286388	0.488 ± 0.265794	0.3421 ± 0.136801	0.2784 ± 0.065423	0.438 ± 0.515498	0.535 ± 0.469206	0.465 ± 0.298563	0.546 ± 0.277217	0.690 ± 0.118197	0.722 ± 0.107804	0.748 ± 0.428733	0.813 ± 0.385276	0.943 ± 0.071714	0.958 ± 0.019426	0.938 ± 0.076276	0.957 ± 0.020484	0.413 ± 0.289636	0.492 ± 0.271826	0.990 ± 0.049487	0.995 ± 0.013391
