	mean_best_threshold_tuning_score	mean_best_threshold	mean_test_average_precision	mean_train_average_precision	mean_test_balanced_accuracy	mean_train_balanced_accuracy	mean_test_brier_loss	mean_train_brier_loss	mean_test_f1	mean_train_f1	mean_test_informedness	mean_train_informedness	mean_test_log_loss	mean_train_log_loss	mean_test_markedness	mean_train_markedness	mean_test_mcc	mean_train_mcc	mean_test_negative_predictive_value	mean_train_negative_predictive_value	mean_test_precision	mean_train_precision	mean_test_precision_recall_auc	mean_train_precision_recall_auc	mean_test_roc_auc	mean_train_roc_auc	mean_test_sensitivity	mean_train_sensitivity	mean_test_specificity	mean_train_specificity
mcc	nan	nan	0.938 ± 0.075555	0.969 ± 0.018217	0.862 ± 0.113142	0.900 ± 0.027737	0.10769 ± 0.062485	0.07226 ± 0.016161	0.836 ± 0.142609	0.889 ± 0.032684	0.725 ± 0.226284	0.800 ± 0.055475	0.3516 ± 0.155502	0.2557 ± 0.043593	0.760 ± 0.213138	0.845 ± 0.046478	0.741 ± 0.218087	0.822 ± 0.050447	0.870 ± 0.121243	0.869 ± 0.034444	0.890 ± 0.154893	0.976 ± 0.026062	0.931 ± 0.083944	0.968 ± 0.018352	0.911 ± 0.114951	0.960 ± 0.027080	0.817 ± 0.182884	0.817 ± 0.050942	0.908 ± 0.134149	0.983 ± 0.020344
precision_recall_auc	nan	nan	0.951 ± 0.061574	0.957 ± 0.017629	0.726 ± 0.164115	0.747 ± 0.125579	0.11296 ± 0.067887	0.08500 ± 0.020469	0.551 ± 0.350991	0.614 ± 0.287164	0.452 ± 0.328230	0.493 ± 0.251157	0.3621 ± 0.182671	0.2774 ± 0.053392	0.467 ± 0.529955	0.552 ± 0.444808	0.504 ± 0.331214	0.553 ± 0.261287	0.719 ± 0.137878	0.723 ± 0.104315	0.748 ± 0.428733	0.828 ± 0.365924	0.944 ± 0.069410	0.957 ± 0.017795	0.938 ± 0.081474	0.954 ± 0.020405	0.462 ± 0.329575	0.501 ± 0.260128	0.990 ± 0.049487	0.992 ± 0.016118
roc_auc	nan	nan	0.954 ± 0.058076	0.958 ± 0.019240	0.713 ± 0.145812	0.744 ± 0.132897	0.11546 ± 0.063409	0.08556 ± 0.024824	0.535 ± 0.333145	0.603 ± 0.302376	0.427 ± 0.291623	0.488 ± 0.265794	0.3652 ± 0.163000	0.2784 ± 0.065423	0.451 ± 0.517866	0.535 ± 0.469206	0.484 ± 0.301781	0.546 ± 0.277217	0.704 ± 0.122343	0.722 ± 0.107804	0.747 ± 0.429096	0.813 ± 0.385276	0.948 ± 0.065751	0.958 ± 0.019426	0.944 ± 0.071291	0.957 ± 0.020484	0.440 ± 0.304929	0.492 ± 0.271826	0.987 ± 0.066094	0.995 ± 0.013391
