	mean_best_threshold_tuning_score	mean_best_threshold	mean_test_average_precision	mean_train_average_precision	mean_test_balanced_accuracy	mean_train_balanced_accuracy	mean_test_brier_loss	mean_train_brier_loss	mean_test_f1	mean_train_f1	mean_test_informedness	mean_train_informedness	mean_test_log_loss	mean_train_log_loss	mean_test_markedness	mean_train_markedness	mean_test_mcc	mean_train_mcc	mean_test_negative_predictive_value	mean_train_negative_predictive_value	mean_test_precision	mean_train_precision	mean_test_precision_recall_auc	mean_train_precision_recall_auc	mean_test_roc_auc	mean_train_roc_auc	mean_test_sensitivity	mean_train_sensitivity	mean_test_specificity	mean_train_specificity
mcc	nan	nan	0.949 ± 0.089126	1.000 ± 0.000000	0.876 ± 0.113879	1.000 ± 0.000000	0.10929 ± 0.058211	0.00987 ± 0.002130	0.853 ± 0.138062	1.000 ± 0.000000	0.752 ± 0.227758	1.000 ± 0.000000	0.4509 ± 0.624805	0.0774 ± 0.013145	0.788 ± 0.207481	1.000 ± 0.000000	0.768 ± 0.215514	1.000 ± 0.000000	0.884 ± 0.131337	1.000 ± 0.000000	0.904 ± 0.139191	1.000 ± 0.000000	0.941 ± 0.109849	1.000 ± 0.000000	0.937 ± 0.108109	1.000 ± 0.000000	0.837 ± 0.190446	1.000 ± 0.000000	0.915 ± 0.124642	1.000 ± 0.000000
precision_recall_auc	nan	nan	0.951 ± 0.074545	1.000 ± 0.000000	0.858 ± 0.110804	1.000 ± 0.000000	0.11138 ± 0.054114	0.00951 ± 0.002163	0.829 ± 0.140665	1.000 ± 0.000000	0.716 ± 0.221607	1.000 ± 0.000000	0.3756 ± 0.167505	0.0748 ± 0.013368	0.770 ± 0.189490	1.000 ± 0.000000	0.741 ± 0.202891	1.000 ± 0.000000	0.873 ± 0.132077	1.000 ± 0.000000	0.897 ± 0.146760	1.000 ± 0.000000	0.944 ± 0.088358	1.000 ± 0.000000	0.938 ± 0.095227	1.000 ± 0.000000	0.813 ± 0.205204	1.000 ± 0.000000	0.903 ± 0.143715	1.000 ± 0.000000
roc_auc	nan	nan	0.945 ± 0.082514	1.000 ± 0.000000	0.858 ± 0.111160	1.000 ± 0.000000	0.11088 ± 0.057171	0.00947 ± 0.002126	0.830 ± 0.138989	1.000 ± 0.000000	0.716 ± 0.222321	1.000 ± 0.000000	0.3758 ± 0.172714	0.0741 ± 0.012549	0.763 ± 0.196926	1.000 ± 0.000000	0.737 ± 0.206821	1.000 ± 0.000000	0.873 ± 0.126110	1.000 ± 0.000000	0.889 ± 0.150312	1.000 ± 0.000000	0.939 ± 0.095007	1.000 ± 0.000000	0.932 ± 0.103140	1.000 ± 0.000000	0.817 ± 0.194889	1.000 ± 0.000000	0.899 ± 0.143744	1.000 ± 0.000000
