	mean_best_threshold_tuning_score	mean_best_threshold	mean_test_average_precision	mean_train_average_precision	mean_test_balanced_accuracy	mean_train_balanced_accuracy	mean_test_brier_loss	mean_train_brier_loss	mean_test_f1	mean_train_f1	mean_test_informedness	mean_train_informedness	mean_test_log_loss	mean_train_log_loss	mean_test_markedness	mean_train_markedness	mean_test_mcc	mean_train_mcc	mean_test_negative_predictive_value	mean_train_negative_predictive_value	mean_test_precision	mean_train_precision	mean_test_precision_recall_auc	mean_train_precision_recall_auc	mean_test_roc_auc	mean_train_roc_auc	mean_test_sensitivity	mean_train_sensitivity	mean_test_specificity	mean_train_specificity
mcc	nan	nan	0.918 ± 0.089330	1.000 ± 0.000000	0.821 ± 0.105949	1.000 ± 0.000000	0.13036 ± 0.056060	0.00979 ± 0.002159	0.768 ± 0.152690	1.000 ± 0.000000	0.642 ± 0.211898	1.000 ± 0.000000	0.4354 ± 0.168511	0.0769 ± 0.012484	0.734 ± 0.169654	1.000 ± 0.000000	0.683 ± 0.187618	1.000 ± 0.000000	0.804 ± 0.122684	1.000 ± 0.000000	0.930 ± 0.137342	1.000 ± 0.000000	0.910 ± 0.098863	1.000 ± 0.000000	0.889 ± 0.124419	1.000 ± 0.000000	0.692 ± 0.212459	1.000 ± 0.000000	0.950 ± 0.098974	1.000 ± 0.000000
precision_recall_auc	nan	nan	0.920 ± 0.088654	1.000 ± 0.000000	0.838 ± 0.112210	1.000 ± 0.000000	0.12607 ± 0.055302	0.00976 ± 0.002182	0.786 ± 0.180282	1.000 ± 0.000000	0.676 ± 0.224421	1.000 ± 0.000000	0.4309 ± 0.180730	0.0751 ± 0.013229	0.745 ± 0.236715	1.000 ± 0.000000	0.711 ± 0.203302	1.000 ± 0.000000	0.831 ± 0.133360	1.000 ± 0.000000	0.913 ± 0.185103	1.000 ± 0.000000	0.915 ± 0.095488	1.000 ± 0.000000	0.888 ± 0.130647	1.000 ± 0.000000	0.730 ± 0.234231	1.000 ± 0.000000	0.946 ± 0.108722	1.000 ± 0.000000
roc_auc	nan	nan	0.918 ± 0.091516	1.000 ± 0.000000	0.838 ± 0.114796	1.000 ± 0.000000	0.13014 ± 0.057079	0.00948 ± 0.002265	0.792 ± 0.163806	1.000 ± 0.000000	0.675 ± 0.229592	1.000 ± 0.000000	0.4397 ± 0.181988	0.0739 ± 0.013448	0.756 ± 0.187027	1.000 ± 0.000000	0.711 ± 0.206353	1.000 ± 0.000000	0.831 ± 0.134545	1.000 ± 0.000000	0.925 ± 0.141030	1.000 ± 0.000000	0.909 ± 0.100799	1.000 ± 0.000000	0.883 ± 0.136546	1.000 ± 0.000000	0.735 ± 0.226309	1.000 ± 0.000000	0.940 ± 0.113389	1.000 ± 0.000000
