	mean_best_threshold_tuning_score	mean_best_threshold	mean_test_average_precision	mean_train_average_precision	mean_test_balanced_accuracy	mean_train_balanced_accuracy	mean_test_brier_loss	mean_train_brier_loss	mean_test_f1	mean_train_f1	mean_test_informedness	mean_train_informedness	mean_test_log_loss	mean_train_log_loss	mean_test_markedness	mean_train_markedness	mean_test_mcc	mean_train_mcc	mean_test_negative_predictive_value	mean_train_negative_predictive_value	mean_test_precision	mean_train_precision	mean_test_precision_recall_auc	mean_train_precision_recall_auc	mean_test_roc_auc	mean_train_roc_auc	mean_test_sensitivity	mean_train_sensitivity	mean_test_specificity	mean_train_specificity
mcc	nan	nan	0.897 ± 0.119523	1.000 ± 0.000000	0.850 ± 0.109866	1.000 ± 0.000000	0.12917 ± 0.065354	0.00975 ± 0.001993	0.828 ± 0.129642	1.000 ± 0.000000	0.700 ± 0.219732	1.000 ± 0.000000	0.4242 ± 0.186151	0.0762 ± 0.012118	0.736 ± 0.212773	1.000 ± 0.000000	0.717 ± 0.214412	1.000 ± 0.000000	0.874 ± 0.119246	1.000 ± 0.000000	0.862 ± 0.167895	1.000 ± 0.000000	0.884 ± 0.142636	1.000 ± 0.000000	0.902 ± 0.103592	1.000 ± 0.000000	0.828 ± 0.170375	1.000 ± 0.000000	0.872 ± 0.165418	1.000 ± 0.000000
precision_recall_auc	nan	nan	0.905 ± 0.104145	1.000 ± 0.000000	0.846 ± 0.106016	1.000 ± 0.000000	0.12982 ± 0.064064	0.00956 ± 0.002066	0.820 ± 0.129288	1.000 ± 0.000000	0.691 ± 0.212032	1.000 ± 0.000000	0.4258 ± 0.180476	0.0736 ± 0.012400	0.726 ± 0.204404	1.000 ± 0.000000	0.708 ± 0.206346	1.000 ± 0.000000	0.864 ± 0.118236	1.000 ± 0.000000	0.862 ± 0.166566	1.000 ± 0.000000	0.890 ± 0.129786	1.000 ± 0.000000	0.902 ± 0.098439	1.000 ± 0.000000	0.813 ± 0.172976	1.000 ± 0.000000	0.878 ± 0.156870	1.000 ± 0.000000
roc_auc	nan	nan	0.900 ± 0.125508	1.000 ± 0.000000	0.849 ± 0.109359	1.000 ± 0.000000	0.13071 ± 0.062026	0.00936 ± 0.002255	0.826 ± 0.129583	1.000 ± 0.000000	0.698 ± 0.218717	1.000 ± 0.000000	0.5108 ± 0.607132	0.0730 ± 0.013064	0.729 ± 0.215711	1.000 ± 0.000000	0.713 ± 0.215430	1.000 ± 0.000000	0.872 ± 0.114366	1.000 ± 0.000000	0.856 ± 0.174376	1.000 ± 0.000000	0.885 ± 0.149970	1.000 ± 0.000000	0.905 ± 0.104499	1.000 ± 0.000000	0.828 ± 0.162717	1.000 ± 0.000000	0.870 ± 0.165677	1.000 ± 0.000000
