	mean_best_threshold_tuning_score	mean_best_threshold	mean_test_average_precision	mean_train_average_precision	mean_test_balanced_accuracy	mean_train_balanced_accuracy	mean_test_brier_loss	mean_train_brier_loss	mean_test_f1	mean_train_f1	mean_test_informedness	mean_train_informedness	mean_test_log_loss	mean_train_log_loss	mean_test_markedness	mean_train_markedness	mean_test_mcc	mean_train_mcc	mean_test_negative_predictive_value	mean_train_negative_predictive_value	mean_test_precision	mean_train_precision	mean_test_precision_recall_auc	mean_train_precision_recall_auc	mean_test_roc_auc	mean_train_roc_auc	mean_test_sensitivity	mean_train_sensitivity	mean_test_specificity	mean_train_specificity
mcc	nan	nan	0.950 ± 0.066184	0.957 ± 0.015883	0.854 ± 0.106708	0.901 ± 0.029264	0.11370 ± 0.052037	0.08909 ± 0.030613	0.829 ± 0.123676	0.891 ± 0.033188	0.708 ± 0.213416	0.803 ± 0.058528	0.4035 ± 0.177158	0.3129 ± 0.090526	0.744 ± 0.205580	0.819 ± 0.057153	0.725 ± 0.207328	0.811 ± 0.057342	0.857 ± 0.129282	0.892 ± 0.031657	0.887 ± 0.145035	0.928 ± 0.036195	0.945 ± 0.073147	0.957 ± 0.015803	0.934 ± 0.096070	0.948 ± 0.021202	0.807 ± 0.176126	0.859 ± 0.044465	0.901 ± 0.131122	0.944 ± 0.029179
precision_recall_auc	nan	nan	0.947 ± 0.069253	0.964 ± 0.012919	0.850 ± 0.115635	0.903 ± 0.029846	0.09913 ± 0.062648	0.07395 ± 0.019082	0.829 ± 0.128933	0.893 ± 0.033528	0.701 ± 0.231269	0.806 ± 0.059692	0.3541 ± 0.217498	0.2568 ± 0.066342	0.736 ± 0.226504	0.820 ± 0.058713	0.717 ± 0.227025	0.813 ± 0.058860	0.869 ± 0.128644	0.895 ± 0.032242	0.867 ± 0.165968	0.924 ± 0.036577	0.941 ± 0.077165	0.964 ± 0.012758	0.932 ± 0.096479	0.960 ± 0.015762	0.825 ± 0.169408	0.865 ± 0.043350	0.876 ± 0.166059	0.941 ± 0.029997
roc_auc	nan	nan	0.948 ± 0.068054	0.962 ± 0.013611	0.843 ± 0.115939	0.896 ± 0.033402	0.10374 ± 0.063845	0.07809 ± 0.020935	0.820 ± 0.128605	0.885 ± 0.037854	0.685 ± 0.231877	0.792 ± 0.066805	0.3700 ± 0.216563	0.2703 ± 0.073093	0.725 ± 0.226610	0.805 ± 0.065698	0.704 ± 0.227017	0.799 ± 0.066013	0.862 ± 0.139169	0.889 ± 0.034806	0.863 ± 0.161037	0.917 ± 0.038301	0.942 ± 0.075858	0.963 ± 0.012875	0.933 ± 0.094459	0.961 ± 0.014252	0.815 ± 0.180772	0.856 ± 0.046372	0.870 ± 0.169332	0.936 ± 0.030186
