	mean_best_threshold_tuning_score	mean_best_threshold	mean_test_average_precision	mean_train_average_precision	mean_test_balanced_accuracy	mean_train_balanced_accuracy	mean_test_brier_loss	mean_train_brier_loss	mean_test_f1	mean_train_f1	mean_test_informedness	mean_train_informedness	mean_test_log_loss	mean_train_log_loss	mean_test_markedness	mean_train_markedness	mean_test_mcc	mean_train_mcc	mean_test_negative_predictive_value	mean_train_negative_predictive_value	mean_test_precision	mean_train_precision	mean_test_precision_recall_auc	mean_train_precision_recall_auc	mean_test_roc_auc	mean_train_roc_auc	mean_test_sensitivity	mean_train_sensitivity	mean_test_specificity	mean_train_specificity
mcc	nan	nan	0.886 ± 0.101858	1.000 ± 0.000000	0.753 ± 0.146351	0.966 ± 0.029593	0.16027 ± 0.082883	0.05461 ± 0.048060	0.672 ± 0.216539	0.964 ± 0.031789	0.505 ± 0.292701	0.931 ± 0.059186	0.5071 ± 0.296134	0.2162 ± 0.138485	0.636 ± 0.309248	0.949 ± 0.043839	0.566 ± 0.286109	0.940 ± 0.051535	0.734 ± 0.132707	0.949 ± 0.043839	0.902 ± 0.229117	1.000 ± 0.000000	0.874 ± 0.112658	1.000 ± 0.000000	0.831 ± 0.152039	1.000 ± 0.000000	0.573 ± 0.233673	0.931 ± 0.059186	0.932 ± 0.164366	1.000 ± 0.000000
precision_recall_auc	nan	nan	0.896 ± 0.090839	1.000 ± 0.000640	0.779 ± 0.138987	0.950 ± 0.025589	0.14436 ± 0.082904	0.02765 ± 0.020916	0.695 ± 0.226487	0.947 ± 0.027751	0.558 ± 0.277975	0.900 ± 0.051179	0.4642 ± 0.297014	0.1297 ± 0.065259	0.684 ± 0.309759	0.926 ± 0.036978	0.621 ± 0.261825	0.913 ± 0.044060	0.751 ± 0.143060	0.926 ± 0.036978	0.933 ± 0.221723	1.000 ± 0.000000	0.884 ± 0.101673	1.000 ± 0.000651	0.856 ± 0.133973	1.000 ± 0.000555	0.587 ± 0.249125	0.900 ± 0.051179	0.971 ± 0.128607	1.000 ± 0.000000
roc_auc	nan	nan	0.894 ± 0.099098	1.000 ± 0.000640	0.776 ± 0.126296	0.947 ± 0.025117	0.14805 ± 0.087443	0.02577 ± 0.014943	0.682 ± 0.226928	0.943 ± 0.027318	0.553 ± 0.252591	0.894 ± 0.050235	0.4746 ± 0.307361	0.1246 ± 0.048956	0.693 ± 0.275521	0.921 ± 0.036004	0.621 ± 0.228597	0.907 ± 0.043094	0.747 ± 0.130161	0.921 ± 0.036004	0.945 ± 0.208086	1.000 ± 0.000000	0.881 ± 0.110943	1.000 ± 0.000651	0.855 ± 0.144389	1.000 ± 0.000555	0.567 ± 0.250283	0.894 ± 0.050235	0.986 ± 0.075620	1.000 ± 0.000000
