	mean_best_threshold_tuning_score	mean_best_threshold	mean_test_average_precision	mean_train_average_precision	mean_test_balanced_accuracy	mean_train_balanced_accuracy	mean_test_brier_loss	mean_train_brier_loss	mean_test_f1	mean_train_f1	mean_test_informedness	mean_train_informedness	mean_test_log_loss	mean_train_log_loss	mean_test_markedness	mean_train_markedness	mean_test_mcc	mean_train_mcc	mean_test_negative_predictive_value	mean_train_negative_predictive_value	mean_test_precision	mean_train_precision	mean_test_precision_recall_auc	mean_train_precision_recall_auc	mean_test_roc_auc	mean_train_roc_auc	mean_test_sensitivity	mean_train_sensitivity	mean_test_specificity	mean_train_specificity
mcc	nan	nan	0.946 ± 0.080347	0.984 ± 0.017540	0.857 ± 0.110529	0.945 ± 0.042898	0.10854 ± 0.069019	0.03718 ± 0.029054	0.829 ± 0.139262	0.939 ± 0.047795	0.714 ± 0.221057	0.890 ± 0.085796	0.3703 ± 0.236915	0.1416 ± 0.097313	0.775 ± 0.188630	0.906 ± 0.072548	0.742 ± 0.202644	0.898 ± 0.079102	0.861 ± 0.129623	0.931 ± 0.054341	0.914 ± 0.147325	0.975 ± 0.024938	0.938 ± 0.097657	0.984 ± 0.017692	0.939 ± 0.081218	0.982 ± 0.021099	0.798 ± 0.199979	0.908 ± 0.073805	0.916 ± 0.150658	0.981 ± 0.018609
precision_recall_auc	nan	nan	0.944 ± 0.073689	0.986 ± 0.017889	0.769 ± 0.167297	0.882 ± 0.166045	0.12470 ± 0.072878	0.03375 ± 0.035544	0.647 ± 0.336931	0.807 ± 0.335080	0.537 ± 0.334594	0.764 ± 0.332089	0.3929 ± 0.222169	0.1145 ± 0.114376	0.529 ± 0.492449	0.710 ± 0.487031	0.568 ± 0.335245	0.769 ± 0.332548	0.774 ± 0.154469	0.884 ± 0.151350	0.756 ± 0.382921	0.825 ± 0.341176	0.936 ± 0.083825	0.986 ± 0.018059	0.935 ± 0.083300	0.986 ± 0.019507	0.600 ± 0.342559	0.792 ± 0.332751	0.937 ± 0.140266	0.972 ± 0.048498
roc_auc	nan	nan	0.945 ± 0.071455	0.990 ± 0.016833	0.775 ± 0.161699	0.901 ± 0.161103	0.12299 ± 0.076243	0.02696 ± 0.036902	0.660 ± 0.324827	0.837 ± 0.319162	0.550 ± 0.323398	0.802 ± 0.322206	0.3878 ± 0.233232	0.0916 ± 0.116205	0.555 ± 0.477209	0.750 ± 0.464039	0.585 ± 0.321111	0.803 ± 0.322256	0.778 ± 0.166092	0.908 ± 0.146236	0.778 ± 0.366676	0.842 ± 0.320636	0.937 ± 0.082049	0.990 ± 0.016999	0.938 ± 0.076159	0.990 ± 0.017112	0.613 ± 0.341216	0.833 ± 0.318825	0.937 ± 0.140266	0.969 ± 0.054262
