	mean_best_threshold_tuning_score	mean_best_threshold	mean_test_average_precision	mean_train_average_precision	mean_test_balanced_accuracy	mean_train_balanced_accuracy	mean_test_brier_loss	mean_train_brier_loss	mean_test_f1	mean_train_f1	mean_test_informedness	mean_train_informedness	mean_test_log_loss	mean_train_log_loss	mean_test_markedness	mean_train_markedness	mean_test_mcc	mean_train_mcc	mean_test_negative_predictive_value	mean_train_negative_predictive_value	mean_test_precision	mean_train_precision	mean_test_precision_recall_auc	mean_train_precision_recall_auc	mean_test_roc_auc	mean_train_roc_auc	mean_test_sensitivity	mean_train_sensitivity	mean_test_specificity	mean_train_specificity
mcc	nan	nan	0.947 ± 0.070785	0.996 ± 0.007995	0.860 ± 0.105311	0.944 ± 0.038786	0.10376 ± 0.062105	0.02685 ± 0.024877	0.832 ± 0.133810	0.939 ± 0.044089	0.720 ± 0.210622	0.888 ± 0.077571	0.3380 ± 0.159122	0.1215 ± 0.072194	0.786 ± 0.177478	0.918 ± 0.056478	0.750 ± 0.191103	0.902 ± 0.067048	0.855 ± 0.113120	0.920 ± 0.052662	0.931 ± 0.134798	0.998 ± 0.011490	0.943 ± 0.077119	0.996 ± 0.008085	0.927 ± 0.105400	0.996 ± 0.007095	0.787 ± 0.186080	0.889 ± 0.075400	0.933 ± 0.135379	0.998 ± 0.008670
precision_recall_auc	nan	nan	0.945 ± 0.073638	0.989 ± 0.015558	0.767 ± 0.164639	0.884 ± 0.114830	0.11302 ± 0.064914	0.03411 ± 0.039457	0.631 ± 0.329404	0.846 ± 0.181902	0.534 ± 0.329277	0.768 ± 0.229660	0.3556 ± 0.170167	0.1261 ± 0.115647	0.576 ± 0.473811	0.838 ± 0.223223	0.583 ± 0.316988	0.805 ± 0.200695	0.764 ± 0.162779	0.858 ± 0.128345	0.812 ± 0.368195	0.980 ± 0.141421	0.941 ± 0.080215	0.989 ± 0.015712	0.921 ± 0.111057	0.989 ± 0.015646	0.560 ± 0.346279	0.768 ± 0.229660	0.974 ± 0.082214	1.000 ± 0.000000
roc_auc	nan	nan	0.951 ± 0.070297	0.985 ± 0.016436	0.796 ± 0.156257	0.871 ± 0.123952	0.11361 ± 0.062415	0.04668 ± 0.041297	0.690 ± 0.305729	0.824 ± 0.214287	0.593 ± 0.312515	0.743 ± 0.247905	0.3517 ± 0.161759	0.1644 ± 0.117765	0.647 ± 0.418227	0.801 ± 0.287409	0.638 ± 0.297204	0.778 ± 0.226180	0.790 ± 0.142670	0.848 ± 0.132643	0.857 ± 0.329658	0.953 ± 0.198873	0.947 ± 0.076767	0.985 ± 0.016604	0.936 ± 0.096267	0.986 ± 0.016010	0.615 ± 0.322041	0.749 ± 0.248786	0.978 ± 0.078350	0.994 ± 0.024460
