	mean_ncv_average_precision	mean_ncv_balanced_accuracy	mean_ncv_brier_loss	mean_ncv_f1	mean_ncv_informedness	mean_ncv_log_loss	mean_ncv_markedness	mean_ncv_mcc	mean_ncv_negative_predictive_value	mean_ncv_precision	mean_ncv_precision_recall_auc	mean_ncv_roc_auc	mean_ncv_sensitivity	mean_ncv_specificity
mcc	0.764 ± 0.031077	0.744 ± 0.023359	0.18440 ± 0.010538	0.706 ± 0.031388	0.488 ± 0.046718	0.5665 ± 0.035904	0.509 ± 0.044431	0.498 ± 0.045162	0.750 ± 0.025632	0.759 ± 0.028964	0.752 ± 0.037507	0.788 ± 0.018671	0.661 ± 0.048644	0.827 ± 0.028748
precision_recall_auc	0.778 ± 0.038223	0.734 ± 0.044941	0.18228 ± 0.016014	0.692 ± 0.054274	0.467 ± 0.089882	0.6369 ± 0.289970	0.488 ± 0.092230	0.478 ± 0.090855	0.739 ± 0.038756	0.749 ± 0.057267	0.770 ± 0.042685	0.795 ± 0.038867	0.644 ± 0.059720	0.823 ± 0.045201
roc_auc	0.770 ± 0.043873	0.735 ± 0.033349	0.18427 ± 0.013225	0.693 ± 0.040371	0.471 ± 0.066697	0.6402 ± 0.264406	0.495 ± 0.070048	0.483 ± 0.068307	0.738 ± 0.026998	0.757 ± 0.043885	0.761 ± 0.049656	0.790 ± 0.030004	0.639 ± 0.039284	0.832 ± 0.030679
