	mean_best_threshold_tuning_score	mean_best_threshold	mean_test_average_precision	mean_train_average_precision	mean_test_balanced_accuracy	mean_train_balanced_accuracy	mean_test_brier_loss	mean_train_brier_loss	mean_test_f1	mean_train_f1	mean_test_informedness	mean_train_informedness	mean_test_log_loss	mean_train_log_loss	mean_test_markedness	mean_train_markedness	mean_test_mcc	mean_train_mcc	mean_test_negative_predictive_value	mean_train_negative_predictive_value	mean_test_precision	mean_train_precision	mean_test_precision_recall_auc	mean_train_precision_recall_auc	mean_test_roc_auc	mean_train_roc_auc	mean_test_sensitivity	mean_train_sensitivity	mean_test_specificity	mean_train_specificity
mcc	nan	nan	0.964 ± 0.061945	1.000 ± 0.000000	0.854 ± 0.112350	1.000 ± 0.000000	0.09509 ± 0.044276	0.01106 ± 0.002279	0.813 ± 0.158640	1.000 ± 0.000000	0.709 ± 0.224700	1.000 ± 0.000000	0.3065 ± 0.113814	0.0796 ± 0.013066	0.783 ± 0.173173	1.000 ± 0.000000	0.742 ± 0.197009	1.000 ± 0.000000	0.847 ± 0.128040	1.000 ± 0.000000	0.935 ± 0.128732	1.000 ± 0.000000	0.958 ± 0.072219	1.000 ± 0.000000	0.965 ± 0.058720	1.000 ± 0.000000	0.760 ± 0.222489	1.000 ± 0.000000	0.949 ± 0.100757	1.000 ± 0.000000
precision_recall_auc	nan	nan	0.966 ± 0.064846	1.000 ± 0.000000	0.860 ± 0.112461	1.000 ± 0.000000	0.09326 ± 0.044086	0.01124 ± 0.002189	0.821 ± 0.159407	1.000 ± 0.000000	0.720 ± 0.224921	1.000 ± 0.000000	0.3042 ± 0.115900	0.0808 ± 0.012556	0.789 ± 0.177139	1.000 ± 0.000000	0.751 ± 0.199438	1.000 ± 0.000000	0.853 ± 0.122537	1.000 ± 0.000000	0.936 ± 0.135359	1.000 ± 0.000000	0.960 ± 0.075973	1.000 ± 0.000000	0.968 ± 0.056734	1.000 ± 0.000000	0.770 ± 0.215972	1.000 ± 0.000000	0.950 ± 0.106904	1.000 ± 0.000000
roc_auc	nan	nan	0.964 ± 0.067698	1.000 ± 0.000000	0.858 ± 0.110797	1.000 ± 0.000000	0.09445 ± 0.045791	0.01110 ± 0.002365	0.819 ± 0.157628	1.000 ± 0.000000	0.716 ± 0.221594	1.000 ± 0.000000	0.3075 ± 0.121906	0.0804 ± 0.012927	0.784 ± 0.174560	1.000 ± 0.000000	0.746 ± 0.196205	1.000 ± 0.000000	0.857 ± 0.124029	1.000 ± 0.000000	0.927 ± 0.138382	1.000 ± 0.000000	0.958 ± 0.078905	1.000 ± 0.000000	0.965 ± 0.064774	1.000 ± 0.000000	0.775 ± 0.218380	1.000 ± 0.000000	0.941 ± 0.111890	1.000 ± 0.000000
