	mean_best_threshold_tuning_score	mean_best_threshold	mean_test_average_precision	mean_train_average_precision	mean_test_balanced_accuracy	mean_train_balanced_accuracy	mean_test_brier_loss	mean_train_brier_loss	mean_test_f1	mean_train_f1	mean_test_informedness	mean_train_informedness	mean_test_log_loss	mean_train_log_loss	mean_test_markedness	mean_train_markedness	mean_test_mcc	mean_train_mcc	mean_test_negative_predictive_value	mean_train_negative_predictive_value	mean_test_precision	mean_train_precision	mean_test_precision_recall_auc	mean_train_precision_recall_auc	mean_test_roc_auc	mean_train_roc_auc	mean_test_sensitivity	mean_train_sensitivity	mean_test_specificity	mean_train_specificity
mcc	nan	nan	0.795 ± 0.149051	0.990 ± 0.020800	0.634 ± 0.131622	0.961 ± 0.063829	0.22904 ± 0.068526	0.03591 ± 0.046914	0.650 ± 0.155506	0.959 ± 0.065965	0.269 ± 0.263244	0.922 ± 0.127658	0.7014 ± 0.271995	0.1506 ± 0.148095	0.322 ± 0.381052	0.922 ± 0.125803	0.302 ± 0.285239	0.922 ± 0.126691	0.775 ± 0.295328	0.981 ± 0.036697	0.547 ± 0.157337	0.941 ± 0.095675	0.759 ± 0.183015	0.990 ± 0.020958	0.777 ± 0.148862	0.987 ± 0.029340	0.845 ± 0.218873	0.980 ± 0.037443	0.424 ± 0.240162	0.942 ± 0.098439
precision_recall_auc	nan	nan	0.837 ± 0.139183	0.996 ± 0.010549	0.692 ± 0.138590	0.975 ± 0.051001	0.20042 ± 0.080833	0.02033 ± 0.030105	0.702 ± 0.123588	0.973 ± 0.055347	0.385 ± 0.277179	0.950 ± 0.102001	0.6026 ± 0.265462	0.1035 ± 0.101150	0.422 ± 0.346729	0.949 ± 0.102543	0.406 ± 0.291756	0.950 ± 0.102246	0.799 ± 0.258086	0.990 ± 0.025279	0.624 ± 0.159600	0.959 ± 0.082122	0.810 ± 0.167966	0.996 ± 0.010631	0.824 ± 0.145580	0.995 ± 0.013559	0.845 ± 0.158838	0.989 ± 0.028736	0.540 ± 0.262445	0.961 ± 0.080497
roc_auc	nan	nan	0.828 ± 0.157205	0.998 ± 0.009295	0.692 ± 0.138095	0.984 ± 0.037684	0.20139 ± 0.080995	0.01555 ± 0.025982	0.702 ± 0.123133	0.982 ± 0.041631	0.383 ± 0.276190	0.968 ± 0.075368	0.6137 ± 0.292441	0.0876 ± 0.085939	0.399 ± 0.361983	0.966 ± 0.076353	0.403 ± 0.281483	0.967 ± 0.075825	0.775 ± 0.279014	0.997 ± 0.015555	0.624 ± 0.158338	0.969 ± 0.065736	0.799 ± 0.187540	0.998 ± 0.009374	0.810 ± 0.172988	0.998 ± 0.011036	0.843 ± 0.166360	0.996 ± 0.018228	0.540 ± 0.269353	0.971 ± 0.063991
