	mean_best_threshold_tuning_score	mean_best_threshold	mean_test_average_precision	mean_train_average_precision	mean_test_balanced_accuracy	mean_train_balanced_accuracy	mean_test_brier_loss	mean_train_brier_loss	mean_test_f1	mean_train_f1	mean_test_informedness	mean_train_informedness	mean_test_log_loss	mean_train_log_loss	mean_test_markedness	mean_train_markedness	mean_test_mcc	mean_train_mcc	mean_test_negative_predictive_value	mean_train_negative_predictive_value	mean_test_precision	mean_train_precision	mean_test_precision_recall_auc	mean_train_precision_recall_auc	mean_test_roc_auc	mean_train_roc_auc	mean_test_sensitivity	mean_train_sensitivity	mean_test_specificity	mean_train_specificity
mcc	nan	nan	0.890 ± 0.087936	1.000 ± 0.000000	0.761 ± 0.123141	0.966 ± 0.036944	0.15639 ± 0.064133	0.04730 ± 0.045311	0.678 ± 0.188933	0.963 ± 0.040772	0.523 ± 0.246282	0.932 ± 0.073887	0.4783 ± 0.178547	0.1979 ± 0.132125	0.665 ± 0.220724	0.950 ± 0.053037	0.584 ± 0.228946	0.941 ± 0.063574	0.740 ± 0.125097	0.950 ± 0.053037	0.925 ± 0.159052	1.000 ± 0.000000	0.876 ± 0.100437	1.000 ± 0.000000	0.860 ± 0.121980	1.000 ± 0.000000	0.572 ± 0.225883	0.932 ± 0.073887	0.951 ± 0.102265	1.000 ± 0.000000
precision_recall_auc	nan	nan	0.899 ± 0.077041	1.000 ± 0.000000	0.765 ± 0.110455	0.936 ± 0.037425	0.15090 ± 0.057046	0.03471 ± 0.025740	0.679 ± 0.175228	0.930 ± 0.041734	0.530 ± 0.220911	0.871 ± 0.074850	0.4586 ± 0.149185	0.1598 ± 0.081678	0.692 ± 0.173577	0.907 ± 0.053110	0.600 ± 0.194943	0.889 ± 0.064060	0.734 ± 0.115739	0.907 ± 0.053110	0.958 ± 0.116946	1.000 ± 0.000000	0.886 ± 0.088273	1.000 ± 0.000000	0.871 ± 0.101550	1.000 ± 0.000000	0.557 ± 0.209902	0.871 ± 0.074850	0.973 ± 0.074375	1.000 ± 0.000000
roc_auc	nan	nan	0.899 ± 0.092196	1.000 ± 0.000000	0.764 ± 0.111999	0.937 ± 0.036220	0.15333 ± 0.062985	0.02666 ± 0.017725	0.679 ± 0.173469	0.931 ± 0.040376	0.528 ± 0.223998	0.874 ± 0.072441	0.4626 ± 0.162459	0.1340 ± 0.061460	0.688 ± 0.187701	0.909 ± 0.051073	0.598 ± 0.201979	0.891 ± 0.061832	0.733 ± 0.114276	0.909 ± 0.051073	0.955 ± 0.127342	1.000 ± 0.000000	0.884 ± 0.109032	1.000 ± 0.000000	0.882 ± 0.105750	1.000 ± 0.000000	0.555 ± 0.207300	0.874 ± 0.072441	0.973 ± 0.074375	1.000 ± 0.000000
