	mean_ncv_average_precision	mean_ncv_balanced_accuracy	mean_ncv_brier_loss	mean_ncv_f1	mean_ncv_informedness	mean_ncv_log_loss	mean_ncv_markedness	mean_ncv_mcc	mean_ncv_negative_predictive_value	mean_ncv_precision	mean_ncv_precision_recall_auc	mean_ncv_roc_auc	mean_ncv_sensitivity	mean_ncv_specificity
mcc	0.898 ± 0.028436	0.803 ± 0.028989	0.13854 ± 0.014537	0.776 ± 0.033018	0.606 ± 0.057977	0.4819 ± 0.081052	0.630 ± 0.063186	0.618 ± 0.059750	0.801 ± 0.029788	0.829 ± 0.052793	0.895 ± 0.029357	0.880 ± 0.033098	0.733 ± 0.051052	0.873 ± 0.051604
precision_recall_auc	0.903 ± 0.047682	0.836 ± 0.037007	0.12810 ± 0.019532	0.815 ± 0.041704	0.672 ± 0.074015	0.4759 ± 0.146352	0.696 ± 0.081174	0.684 ± 0.076834	0.829 ± 0.032740	0.867 ± 0.061597	0.901 ± 0.048983	0.893 ± 0.040807	0.772 ± 0.048644	0.900 ± 0.051604
roc_auc	0.880 ± 0.067054	0.830 ± 0.053505	0.14050 ± 0.028106	0.809 ± 0.063133	0.660 ± 0.107010	0.5092 ± 0.141668	0.674 ± 0.109978	0.667 ± 0.108393	0.829 ± 0.044777	0.844 ± 0.068906	0.876 ± 0.071299	0.878 ± 0.054686	0.778 ± 0.064150	0.882 ± 0.053354
