	mean_best_threshold_tuning_score	mean_best_threshold	mean_test_average_precision	mean_train_average_precision	mean_test_balanced_accuracy	mean_train_balanced_accuracy	mean_test_brier_loss	mean_train_brier_loss	mean_test_f1	mean_train_f1	mean_test_informedness	mean_train_informedness	mean_test_log_loss	mean_train_log_loss	mean_test_markedness	mean_train_markedness	mean_test_mcc	mean_train_mcc	mean_test_negative_predictive_value	mean_train_negative_predictive_value	mean_test_precision	mean_train_precision	mean_test_precision_recall_auc	mean_train_precision_recall_auc	mean_test_roc_auc	mean_train_roc_auc	mean_test_sensitivity	mean_train_sensitivity	mean_test_specificity	mean_train_specificity
mcc	nan	nan	0.927 ± 0.088256	0.972 ± 0.019360	0.807 ± 0.124319	0.919 ± 0.047667	0.13854 ± 0.052241	0.07756 ± 0.041028	0.762 ± 0.164384	0.911 ± 0.053354	0.615 ± 0.248639	0.838 ± 0.095335	0.4819 ± 0.229744	0.2816 ± 0.131894	0.671 ± 0.231067	0.853 ± 0.092587	0.640 ± 0.236966	0.845 ± 0.093759	0.820 ± 0.142044	0.909 ± 0.046849	0.851 ± 0.173643	0.944 ± 0.052958	0.916 ± 0.106614	0.972 ± 0.019621	0.918 ± 0.090505	0.969 ± 0.022987	0.737 ± 0.221672	0.882 ± 0.063350	0.878 ± 0.151577	0.956 ± 0.045276
precision_recall_auc	nan	nan	0.937 ± 0.073901	0.966 ± 0.030533	0.840 ± 0.117675	0.909 ± 0.057092	0.12810 ± 0.064419	0.08028 ± 0.043499	0.807 ± 0.147843	0.901 ± 0.063647	0.681 ± 0.235350	0.818 ± 0.114183	0.4759 ± 0.395523	0.2864 ± 0.138168	0.735 ± 0.215950	0.834 ± 0.114698	0.705 ± 0.223340	0.826 ± 0.114265	0.844 ± 0.134223	0.900 ± 0.052238	0.890 ± 0.160289	0.934 ± 0.069190	0.933 ± 0.077933	0.969 ± 0.023358	0.928 ± 0.084307	0.968 ± 0.024376	0.777 ± 0.199518	0.871 ± 0.067739	0.904 ± 0.151469	0.947 ± 0.058202
roc_auc	nan	nan	0.925 ± 0.101947	0.956 ± 0.034906	0.832 ± 0.130203	0.891 ± 0.062257	0.14050 ± 0.074284	0.09151 ± 0.045128	0.795 ± 0.179624	0.880 ± 0.069204	0.663 ± 0.260407	0.782 ± 0.124514	0.5092 ± 0.371331	0.3176 ± 0.142245	0.700 ± 0.271898	0.790 ± 0.126893	0.681 ± 0.261642	0.786 ± 0.125594	0.847 ± 0.140485	0.892 ± 0.054475	0.853 ± 0.198902	0.898 ± 0.077611	0.922 ± 0.110774	0.961 ± 0.025610	0.924 ± 0.093473	0.961 ± 0.025699	0.778 ± 0.223106	0.864 ± 0.068656	0.885 ± 0.142231	0.918 ± 0.064951
