	mean_best_threshold_tuning_score	mean_best_threshold	mean_test_average_precision	mean_train_average_precision	mean_test_balanced_accuracy	mean_train_balanced_accuracy	mean_test_brier_loss	mean_train_brier_loss	mean_test_f1	mean_train_f1	mean_test_informedness	mean_train_informedness	mean_test_log_loss	mean_train_log_loss	mean_test_markedness	mean_train_markedness	mean_test_mcc	mean_train_mcc	mean_test_negative_predictive_value	mean_train_negative_predictive_value	mean_test_precision	mean_train_precision	mean_test_precision_recall_auc	mean_train_precision_recall_auc	mean_test_roc_auc	mean_train_roc_auc	mean_test_sensitivity	mean_train_sensitivity	mean_test_specificity	mean_train_specificity
mcc	nan	nan	0.885 ± 0.118241	0.979 ± 0.018528	0.789 ± 0.137785	0.941 ± 0.047302	0.16410 ± 0.069545	0.07636 ± 0.054872	0.748 ± 0.174385	0.936 ± 0.052780	0.579 ± 0.275570	0.882 ± 0.094605	0.5517 ± 0.287341	0.2777 ± 0.158933	0.632 ± 0.271139	0.896 ± 0.091504	0.603 ± 0.270773	0.889 ± 0.092877	0.816 ± 0.150954	0.929 ± 0.046719	0.816 ± 0.196770	0.967 ± 0.053164	0.870 ± 0.139272	0.979 ± 0.017818	0.862 ± 0.139474	0.976 ± 0.021368	0.735 ± 0.230651	0.908 ± 0.062064	0.844 ± 0.183403	0.974 ± 0.043762
precision_recall_auc	nan	nan	0.891 ± 0.109377	0.973 ± 0.027645	0.814 ± 0.112521	0.933 ± 0.059034	0.16477 ± 0.063549	0.07687 ± 0.059119	0.781 ± 0.145768	0.926 ± 0.067274	0.627 ± 0.225041	0.865 ± 0.118067	0.5689 ± 0.285144	0.2718 ± 0.171177	0.671 ± 0.211367	0.879 ± 0.112812	0.647 ± 0.215419	0.872 ± 0.114970	0.842 ± 0.136136	0.925 ± 0.056146	0.828 ± 0.165172	0.954 ± 0.067358	0.880 ± 0.125539	0.976 ± 0.021810	0.873 ± 0.131545	0.974 ± 0.022667	0.783 ± 0.206197	0.903 ± 0.078559	0.844 ± 0.158320	0.962 ± 0.056299
roc_auc	nan	nan	0.887 ± 0.103600	0.965 ± 0.036159	0.805 ± 0.114975	0.926 ± 0.063835	0.16734 ± 0.064482	0.08191 ± 0.063561	0.771 ± 0.147293	0.919 ± 0.072148	0.611 ± 0.229950	0.852 ± 0.127670	0.5799 ± 0.303219	0.2837 ± 0.182585	0.658 ± 0.218223	0.864 ± 0.125427	0.632 ± 0.221165	0.858 ± 0.126079	0.834 ± 0.137990	0.922 ± 0.057385	0.824 ± 0.169134	0.941 ± 0.078249	0.885 ± 0.114344	0.972 ± 0.024258	0.877 ± 0.125218	0.972 ± 0.024453	0.772 ± 0.208119	0.902 ± 0.078462	0.839 ± 0.165150	0.951 ± 0.066429
