	mean_best_threshold_tuning_score	mean_best_threshold	mean_test_average_precision	mean_train_average_precision	mean_test_balanced_accuracy	mean_train_balanced_accuracy	mean_test_brier_loss	mean_train_brier_loss	mean_test_f1	mean_train_f1	mean_test_informedness	mean_train_informedness	mean_test_log_loss	mean_train_log_loss	mean_test_markedness	mean_train_markedness	mean_test_mcc	mean_train_mcc	mean_test_negative_predictive_value	mean_train_negative_predictive_value	mean_test_precision	mean_train_precision	mean_test_precision_recall_auc	mean_train_precision_recall_auc	mean_test_roc_auc	mean_train_roc_auc	mean_test_sensitivity	mean_train_sensitivity	mean_test_specificity	mean_train_specificity
mcc	nan	nan	0.910 ± 0.095528	0.973 ± 0.019343	0.797 ± 0.131619	0.919 ± 0.047667	0.14702 ± 0.051627	0.07766 ± 0.040844	0.765 ± 0.173383	0.911 ± 0.053354	0.594 ± 0.263238	0.838 ± 0.095335	0.5008 ± 0.189364	0.2823 ± 0.130592	0.629 ± 0.281469	0.853 ± 0.092587	0.611 ± 0.268474	0.845 ± 0.093759	0.835 ± 0.133150	0.909 ± 0.046849	0.794 ± 0.217978	0.944 ± 0.052958	0.898 ± 0.112092	0.972 ± 0.019602	0.888 ± 0.121802	0.969 ± 0.022993	0.775 ± 0.206368	0.882 ± 0.063350	0.819 ± 0.196368	0.956 ± 0.045276
precision_recall_auc	nan	nan	0.915 ± 0.093305	0.966 ± 0.030520	0.830 ± 0.113851	0.909 ± 0.057092	0.14238 ± 0.050582	0.08034 ± 0.043547	0.806 ± 0.133347	0.901 ± 0.063647	0.660 ± 0.227702	0.818 ± 0.114183	0.5015 ± 0.227155	0.2866 ± 0.138247	0.692 ± 0.225808	0.834 ± 0.114698	0.675 ± 0.225258	0.826 ± 0.114265	0.858 ± 0.119817	0.900 ± 0.052238	0.834 ± 0.173676	0.934 ± 0.069190	0.908 ± 0.103397	0.969 ± 0.023342	0.894 ± 0.121900	0.968 ± 0.024282	0.810 ± 0.167549	0.871 ± 0.067739	0.850 ± 0.171429	0.947 ± 0.058202
roc_auc	nan	nan	0.916 ± 0.100649	0.956 ± 0.034907	0.832 ± 0.124494	0.891 ± 0.062257	0.14515 ± 0.055798	0.09151 ± 0.045128	0.802 ± 0.172504	0.880 ± 0.069204	0.663 ± 0.248989	0.782 ± 0.124514	0.5202 ± 0.251352	0.3176 ± 0.142251	0.682 ± 0.268027	0.790 ± 0.126893	0.672 ± 0.255357	0.786 ± 0.125594	0.865 ± 0.124384	0.892 ± 0.054475	0.817 ± 0.201003	0.898 ± 0.077611	0.912 ± 0.110078	0.962 ± 0.025604	0.901 ± 0.119818	0.961 ± 0.025693	0.813 ± 0.200312	0.864 ± 0.068656	0.850 ± 0.153530	0.918 ± 0.064951
