	mean_ncv_average_precision	mean_ncv_balanced_accuracy	mean_ncv_brier_loss	mean_ncv_f1	mean_ncv_informedness	mean_ncv_log_loss	mean_ncv_markedness	mean_ncv_mcc	mean_ncv_negative_predictive_value	mean_ncv_precision	mean_ncv_precision_recall_auc	mean_ncv_roc_auc	mean_ncv_sensitivity	mean_ncv_specificity
mcc	0.832 ± 0.062621	0.788 ± 0.046874	0.16463 ± 0.031411	0.761 ± 0.059439	0.575 ± 0.093747	0.5527 ± 0.144930	0.585 ± 0.087383	0.580 ± 0.090527	0.799 ± 0.048753	0.786 ± 0.043892	0.827 ± 0.065821	0.841 ± 0.058610	0.739 ± 0.078785	0.836 ± 0.031782
precision_recall_auc	0.832 ± 0.030755	0.809 ± 0.033401	0.16448 ± 0.019728	0.788 ± 0.039626	0.619 ± 0.066801	0.5684 ± 0.085879	0.624 ± 0.065146	0.621 ± 0.065832	0.824 ± 0.039765	0.801 ± 0.036708	0.827 ± 0.032569	0.836 ± 0.033178	0.778 ± 0.058561	0.841 ± 0.032141
roc_auc	0.833 ± 0.036096	0.802 ± 0.027020	0.16728 ± 0.020240	0.779 ± 0.032373	0.603 ± 0.054040	0.5793 ± 0.091976	0.608 ± 0.051855	0.606 ± 0.052885	0.815 ± 0.029006	0.793 ± 0.028058	0.829 ± 0.038580	0.837 ± 0.036415	0.767 ± 0.043823	0.836 ± 0.023473
