	mean_ncv_average_precision	mean_ncv_balanced_accuracy	mean_ncv_brier_loss	mean_ncv_f1	mean_ncv_informedness	mean_ncv_log_loss	mean_ncv_markedness	mean_ncv_mcc	mean_ncv_negative_predictive_value	mean_ncv_precision	mean_ncv_precision_recall_auc	mean_ncv_roc_auc	mean_ncv_sensitivity	mean_ncv_specificity
mcc	0.838 ± 0.019431	0.795 ± 0.028396	0.15510 ± 0.006809	0.778 ± 0.031194	0.591 ± 0.056792	0.4841 ± 0.025814	0.589 ± 0.058364	0.590 ± 0.057543	0.830 ± 0.033486	0.759 ± 0.039488	0.832 ± 0.021326	0.849 ± 0.014893	0.800 ± 0.046849	0.791 ± 0.043913
precision_recall_auc	0.889 ± 0.012358	0.792 ± 0.029091	0.13701 ± 0.005811	0.769 ± 0.033731	0.584 ± 0.058182	0.4288 ± 0.017097	0.588 ± 0.057365	0.586 ± 0.057643	0.809 ± 0.030279	0.779 ± 0.035030	0.885 ± 0.013090	0.894 ± 0.014325	0.761 ± 0.045737	0.823 ± 0.033539
roc_auc	0.877 ± 0.026396	0.791 ± 0.034980	0.14250 ± 0.012375	0.770 ± 0.038065	0.581 ± 0.069960	0.4479 ± 0.037046	0.583 ± 0.071731	0.582 ± 0.070790	0.813 ± 0.030122	0.770 ± 0.047497	0.873 ± 0.027637	0.879 ± 0.026485	0.772 ± 0.040992	0.809 ± 0.046945
