	mean_best_threshold_tuning_score	mean_best_threshold	mean_test_average_precision	mean_train_average_precision	mean_test_balanced_accuracy	mean_train_balanced_accuracy	mean_test_brier_loss	mean_train_brier_loss	mean_test_f1	mean_train_f1	mean_test_informedness	mean_train_informedness	mean_test_log_loss	mean_train_log_loss	mean_test_markedness	mean_train_markedness	mean_test_mcc	mean_train_mcc	mean_test_negative_predictive_value	mean_train_negative_predictive_value	mean_test_precision	mean_train_precision	mean_test_precision_recall_auc	mean_train_precision_recall_auc	mean_test_roc_auc	mean_train_roc_auc	mean_test_sensitivity	mean_train_sensitivity	mean_test_specificity	mean_train_specificity
mcc	nan	nan	0.817 ± 0.129122	0.940 ± 0.061292	0.677 ± 0.141810	0.880 ± 0.063467	0.21692 ± 0.077443	0.08627 ± 0.045386	0.682 ± 0.143749	0.871 ± 0.065078	0.354 ± 0.283620	0.761 ± 0.126935	0.6572 ± 0.242514	0.3012 ± 0.133816	0.405 ± 0.345044	0.761 ± 0.127712	0.381 ± 0.292222	0.761 ± 0.127212	0.796 ± 0.244808	0.904 ± 0.050108	0.609 ± 0.177392	0.857 ± 0.085162	0.789 ± 0.154862	0.939 ± 0.062246	0.784 ± 0.148164	0.933 ± 0.057187	0.838 ± 0.189289	0.888 ± 0.055401	0.516 ± 0.256634	0.873 ± 0.086750
precision_recall_auc	nan	nan	0.788 ± 0.145617	0.942 ± 0.089979	0.666 ± 0.138841	0.873 ± 0.183262	0.21881 ± 0.074151	0.06112 ± 0.068065	0.559 ± 0.296525	0.780 ± 0.372868	0.332 ± 0.277682	0.747 ± 0.366524	0.6600 ± 0.226997	0.2140 ± 0.201239	0.286 ± 0.439614	0.668 ± 0.536857	0.348 ± 0.289352	0.748 ± 0.366779	0.751 ± 0.211586	0.885 ± 0.164333	0.535 ± 0.298071	0.783 ± 0.374628	0.752 ± 0.178720	0.941 ± 0.091854	0.757 ± 0.155620	0.943 ± 0.077244	0.645 ± 0.362972	0.777 ± 0.372355	0.687 ± 0.258885	0.970 ± 0.047622
roc_auc	nan	nan	0.786 ± 0.163227	0.945 ± 0.082903	0.657 ± 0.133479	0.886 ± 0.157608	0.23476 ± 0.095170	0.06208 ± 0.065527	0.582 ± 0.254924	0.821 ± 0.313942	0.314 ± 0.266958	0.772 ± 0.315217	0.7154 ± 0.288666	0.2174 ± 0.196930	0.322 ± 0.380185	0.719 ± 0.455602	0.340 ± 0.272394	0.773 ± 0.315375	0.764 ± 0.196864	0.900 ± 0.142476	0.558 ± 0.268509	0.819 ± 0.315475	0.751 ± 0.194258	0.944 ± 0.084548	0.756 ± 0.177719	0.944 ± 0.072727	0.677 ± 0.333605	0.825 ± 0.314416	0.637 ± 0.259868	0.947 ± 0.075617
