	mean_ncv_average_precision	mean_ncv_balanced_accuracy	mean_ncv_brier_loss	mean_ncv_f1	mean_ncv_informedness	mean_ncv_log_loss	mean_ncv_markedness	mean_ncv_mcc	mean_ncv_negative_predictive_value	mean_ncv_precision	mean_ncv_precision_recall_auc	mean_ncv_roc_auc	mean_ncv_sensitivity	mean_ncv_specificity
mcc	0.766 ± 0.064393	0.826 ± 0.034584	0.15369 ± 0.015730	0.810 ± 0.037485	0.652 ± 0.069167	0.4994 ± 0.046793	0.648 ± 0.068904	0.650 ± 0.069023	0.858 ± 0.042296	0.790 ± 0.033395	0.749 ± 0.076089	0.845 ± 0.033190	0.833 ± 0.052378	0.818 ± 0.030303
precision_recall_auc	0.779 ± 0.077392	0.841 ± 0.035589	0.14706 ± 0.016858	0.827 ± 0.039307	0.683 ± 0.071178	0.5617 ± 0.274347	0.679 ± 0.069123	0.681 ± 0.070117	0.877 ± 0.046042	0.802 ± 0.031159	0.762 ± 0.086850	0.852 ± 0.036831	0.856 ± 0.059720	0.827 ± 0.028748
roc_auc	0.784 ± 0.058716	0.820 ± 0.036084	0.14985 ± 0.013277	0.804 ± 0.039960	0.640 ± 0.072167	0.4906 ± 0.041590	0.637 ± 0.071091	0.639 ± 0.071614	0.850 ± 0.039647	0.787 ± 0.035663	0.770 ± 0.066140	0.851 ± 0.028774	0.822 ± 0.051052	0.818 ± 0.030303
