	mean_best_threshold_tuning_score	mean_best_threshold	mean_test_average_precision	mean_train_average_precision	mean_test_balanced_accuracy	mean_train_balanced_accuracy	mean_test_brier_loss	mean_train_brier_loss	mean_test_f1	mean_train_f1	mean_test_informedness	mean_train_informedness	mean_test_log_loss	mean_train_log_loss	mean_test_markedness	mean_train_markedness	mean_test_mcc	mean_train_mcc	mean_test_negative_predictive_value	mean_train_negative_predictive_value	mean_test_precision	mean_train_precision	mean_test_precision_recall_auc	mean_train_precision_recall_auc	mean_test_roc_auc	mean_train_roc_auc	mean_test_sensitivity	mean_train_sensitivity	mean_test_specificity	mean_train_specificity
mcc	nan	nan	0.908 ± 0.107343	1.000 ± 0.000000	0.837 ± 0.125312	1.000 ± 0.000000	0.14020 ± 0.059672	0.01907 ± 0.002631	0.810 ± 0.150867	1.000 ± 0.000000	0.674 ± 0.250625	1.000 ± 0.000000	0.4500 ± 0.148371	0.1245 ± 0.012632	0.709 ± 0.240891	1.000 ± 0.000000	0.690 ± 0.243597	1.000 ± 0.000000	0.857 ± 0.131117	1.000 ± 0.000000	0.852 ± 0.173304	1.000 ± 0.000000	0.897 ± 0.122358	1.000 ± 0.000000	0.899 ± 0.115953	1.000 ± 0.000000	0.807 ± 0.191545	1.000 ± 0.000000	0.867 ± 0.162446	1.000 ± 0.000000
precision_recall_auc	nan	nan	0.921 ± 0.102314	1.000 ± 0.000000	0.839 ± 0.126758	1.000 ± 0.000000	0.13296 ± 0.055789	0.01799 ± 0.002492	0.810 ± 0.153199	1.000 ± 0.000000	0.678 ± 0.253515	1.000 ± 0.000000	0.4302 ± 0.132414	0.1212 ± 0.011356	0.714 ± 0.244957	1.000 ± 0.000000	0.694 ± 0.246853	1.000 ± 0.000000	0.850 ± 0.132165	1.000 ± 0.000000	0.864 ± 0.174986	1.000 ± 0.000000	0.909 ± 0.120424	1.000 ± 0.000000	0.912 ± 0.112371	1.000 ± 0.000000	0.797 ± 0.194278	1.000 ± 0.000000	0.881 ± 0.152827	1.000 ± 0.000000
roc_auc	nan	nan	0.921 ± 0.099004	1.000 ± 0.000000	0.841 ± 0.123285	1.000 ± 0.000000	0.13440 ± 0.054156	0.01835 ± 0.002664	0.816 ± 0.147258	1.000 ± 0.000000	0.682 ± 0.246569	1.000 ± 0.000000	0.4332 ± 0.130136	0.1212 ± 0.013032	0.717 ± 0.241898	1.000 ± 0.000000	0.698 ± 0.241844	1.000 ± 0.000000	0.855 ± 0.127582	1.000 ± 0.000000	0.861 ± 0.172597	1.000 ± 0.000000	0.911 ± 0.111320	1.000 ± 0.000000	0.912 ± 0.106499	1.000 ± 0.000000	0.807 ± 0.184766	1.000 ± 0.000000	0.875 ± 0.153613	1.000 ± 0.000000
