	mean_best_threshold_tuning_score	mean_best_threshold	mean_test_average_precision	mean_train_average_precision	mean_test_balanced_accuracy	mean_train_balanced_accuracy	mean_test_brier_loss	mean_train_brier_loss	mean_test_f1	mean_train_f1	mean_test_informedness	mean_train_informedness	mean_test_log_loss	mean_train_log_loss	mean_test_markedness	mean_train_markedness	mean_test_mcc	mean_train_mcc	mean_test_negative_predictive_value	mean_train_negative_predictive_value	mean_test_precision	mean_train_precision	mean_test_precision_recall_auc	mean_train_precision_recall_auc	mean_test_roc_auc	mean_train_roc_auc	mean_test_sensitivity	mean_train_sensitivity	mean_test_specificity	mean_train_specificity
mcc	nan	nan	0.908 ± 0.092748	1.000 ± 0.000000	0.823 ± 0.113646	1.000 ± 0.000000	0.13915 ± 0.050896	0.00922 ± 0.001748	0.796 ± 0.134193	1.000 ± 0.000000	0.646 ± 0.227292	1.000 ± 0.000000	0.4403 ± 0.129984	0.0762 ± 0.010394	0.673 ± 0.229783	1.000 ± 0.000000	0.659 ± 0.226840	1.000 ± 0.000000	0.845 ± 0.120939	1.000 ± 0.000000	0.828 ± 0.174816	1.000 ± 0.000000	0.896 ± 0.105759	1.000 ± 0.000000	0.894 ± 0.112685	1.000 ± 0.000000	0.795 ± 0.168535	1.000 ± 0.000000	0.851 ± 0.158272	1.000 ± 0.000000
precision_recall_auc	nan	nan	0.907 ± 0.096600	1.000 ± 0.000000	0.814 ± 0.107296	1.000 ± 0.000000	0.13767 ± 0.051619	0.00899 ± 0.001556	0.778 ± 0.135909	1.000 ± 0.000000	0.628 ± 0.214593	1.000 ± 0.000000	0.4362 ± 0.129667	0.0749 ± 0.008724	0.673 ± 0.202031	1.000 ± 0.000000	0.648 ± 0.204536	1.000 ± 0.000000	0.837 ± 0.120639	1.000 ± 0.000000	0.835 ± 0.171549	1.000 ± 0.000000	0.895 ± 0.115894	1.000 ± 0.000000	0.895 ± 0.115812	1.000 ± 0.000000	0.772 ± 0.191818	1.000 ± 0.000000	0.856 ± 0.161826	1.000 ± 0.000000
roc_auc	nan	nan	0.906 ± 0.095090	1.000 ± 0.000000	0.815 ± 0.119129	1.000 ± 0.000000	0.13770 ± 0.050988	0.00895 ± 0.001556	0.788 ± 0.141237	1.000 ± 0.000000	0.629 ± 0.238257	1.000 ± 0.000000	0.4386 ± 0.131902	0.0746 ± 0.008600	0.660 ± 0.232857	1.000 ± 0.000000	0.643 ± 0.233365	1.000 ± 0.000000	0.840 ± 0.124856	1.000 ± 0.000000	0.821 ± 0.172666	1.000 ± 0.000000	0.893 ± 0.112331	1.000 ± 0.000000	0.896 ± 0.112616	1.000 ± 0.000000	0.790 ± 0.179158	1.000 ± 0.000000	0.839 ± 0.167907	1.000 ± 0.000000
