	mean_best_threshold_tuning_score	mean_best_threshold	mean_test_average_precision	mean_train_average_precision	mean_test_balanced_accuracy	mean_train_balanced_accuracy	mean_test_brier_loss	mean_train_brier_loss	mean_test_f1	mean_train_f1	mean_test_informedness	mean_train_informedness	mean_test_log_loss	mean_train_log_loss	mean_test_markedness	mean_train_markedness	mean_test_mcc	mean_train_mcc	mean_test_negative_predictive_value	mean_train_negative_predictive_value	mean_test_precision	mean_train_precision	mean_test_precision_recall_auc	mean_train_precision_recall_auc	mean_test_roc_auc	mean_train_roc_auc	mean_test_sensitivity	mean_train_sensitivity	mean_test_specificity	mean_train_specificity
mcc	nan	nan	0.787 ± 0.141202	1.000 ± 0.000000	0.731 ± 0.121245	1.000 ± 0.000000	0.20378 ± 0.078522	0.02836 ± 0.003788	0.678 ± 0.149860	1.000 ± 0.000000	0.462 ± 0.242489	1.000 ± 0.000000	0.6235 ± 0.229865	0.1524 ± 0.015232	0.538 ± 0.264025	1.000 ± 0.000000	0.496 ± 0.248653	1.000 ± 0.000000	0.753 ± 0.144686	1.000 ± 0.000000	0.785 ± 0.212912	1.000 ± 0.000000	0.761 ± 0.165459	1.000 ± 0.000000	0.767 ± 0.148136	1.000 ± 0.000000	0.652 ± 0.210745	1.000 ± 0.000000	0.810 ± 0.205287	1.000 ± 0.000000
precision_recall_auc	nan	nan	0.801 ± 0.132004	1.000 ± 0.000000	0.740 ± 0.128377	1.000 ± 0.000000	0.20538 ± 0.079451	0.02790 ± 0.003304	0.689 ± 0.158348	1.000 ± 0.000000	0.481 ± 0.256754	1.000 ± 0.000000	0.6188 ± 0.227156	0.1515 ± 0.013616	0.558 ± 0.273763	1.000 ± 0.000000	0.516 ± 0.261366	1.000 ± 0.000000	0.759 ± 0.145377	1.000 ± 0.000000	0.799 ± 0.216809	1.000 ± 0.000000	0.769 ± 0.157884	1.000 ± 0.000000	0.769 ± 0.152399	1.000 ± 0.000000	0.657 ± 0.210037	1.000 ± 0.000000	0.824 ± 0.207571	1.000 ± 0.000000
roc_auc	nan	nan	0.794 ± 0.135131	1.000 ± 0.000000	0.724 ± 0.139080	1.000 ± 0.000000	0.20628 ± 0.078195	0.02786 ± 0.003003	0.667 ± 0.177209	1.000 ± 0.000000	0.448 ± 0.278159	1.000 ± 0.000000	0.6246 ± 0.225876	0.1518 ± 0.013493	0.527 ± 0.300179	1.000 ± 0.000000	0.484 ± 0.285288	1.000 ± 0.000000	0.747 ± 0.149912	1.000 ± 0.000000	0.780 ± 0.230497	1.000 ± 0.000000	0.766 ± 0.154348	1.000 ± 0.000000	0.761 ± 0.150327	1.000 ± 0.000000	0.633 ± 0.225877	1.000 ± 0.000000	0.815 ± 0.210260	1.000 ± 0.000000
