	mean_best_threshold_tuning_score	mean_best_threshold	mean_test_average_precision	mean_train_average_precision	mean_test_balanced_accuracy	mean_train_balanced_accuracy	mean_test_brier_loss	mean_train_brier_loss	mean_test_f1	mean_train_f1	mean_test_informedness	mean_train_informedness	mean_test_log_loss	mean_train_log_loss	mean_test_markedness	mean_train_markedness	mean_test_mcc	mean_train_mcc	mean_test_negative_predictive_value	mean_train_negative_predictive_value	mean_test_precision	mean_train_precision	mean_test_precision_recall_auc	mean_train_precision_recall_auc	mean_test_roc_auc	mean_train_roc_auc	mean_test_sensitivity	mean_train_sensitivity	mean_test_specificity	mean_train_specificity
mcc	nan	nan	0.817 ± 0.154318	1.000 ± 0.000000	0.720 ± 0.136589	1.000 ± 0.000000	0.18840 ± 0.072613	0.01816 ± 0.002088	0.650 ± 0.189430	1.000 ± 0.000000	0.440 ± 0.273177	1.000 ± 0.000000	0.6530 ± 0.632003	0.1138 ± 0.009642	0.494 ± 0.300959	1.000 ± 0.000000	0.464 ± 0.279937	1.000 ± 0.000000	0.739 ± 0.157297	1.000 ± 0.000000	0.755 ± 0.220570	1.000 ± 0.000000	0.783 ± 0.191757	1.000 ± 0.000000	0.815 ± 0.147727	1.000 ± 0.000000	0.620 ± 0.246954	1.000 ± 0.000000	0.820 ± 0.151523	1.000 ± 0.000000
precision_recall_auc	nan	nan	0.822 ± 0.140082	1.000 ± 0.000000	0.715 ± 0.136412	1.000 ± 0.000000	0.18698 ± 0.072215	0.01752 ± 0.002069	0.645 ± 0.184395	1.000 ± 0.000000	0.430 ± 0.272824	1.000 ± 0.000000	0.5727 ± 0.222502	0.1119 ± 0.009958	0.482 ± 0.288848	1.000 ± 0.000000	0.453 ± 0.275457	1.000 ± 0.000000	0.736 ± 0.157970	1.000 ± 0.000000	0.746 ± 0.197449	1.000 ± 0.000000	0.799 ± 0.159888	1.000 ± 0.000000	0.810 ± 0.149166	1.000 ± 0.000000	0.615 ± 0.243911	1.000 ± 0.000000	0.815 ± 0.140789	1.000 ± 0.000000
roc_auc	nan	nan	0.819 ± 0.142203	1.000 ± 0.000000	0.712 ± 0.144259	1.000 ± 0.000000	0.18868 ± 0.072355	0.01772 ± 0.002169	0.637 ± 0.203437	1.000 ± 0.000000	0.423 ± 0.288518	1.000 ± 0.000000	0.5736 ± 0.213015	0.1128 ± 0.010150	0.472 ± 0.318135	1.000 ± 0.000000	0.444 ± 0.296750	1.000 ± 0.000000	0.730 ± 0.155568	1.000 ± 0.000000	0.742 ± 0.228255	1.000 ± 0.000000	0.787 ± 0.172440	1.000 ± 0.000000	0.814 ± 0.149482	1.000 ± 0.000000	0.603 ± 0.250600	1.000 ± 0.000000	0.820 ± 0.151523	1.000 ± 0.000000
