	mean_best_threshold_tuning_score	mean_best_threshold	mean_test_average_precision	mean_train_average_precision	mean_test_balanced_accuracy	mean_train_balanced_accuracy	mean_test_brier_loss	mean_train_brier_loss	mean_test_f1	mean_train_f1	mean_test_informedness	mean_train_informedness	mean_test_log_loss	mean_train_log_loss	mean_test_markedness	mean_train_markedness	mean_test_mcc	mean_train_mcc	mean_test_negative_predictive_value	mean_train_negative_predictive_value	mean_test_precision	mean_train_precision	mean_test_precision_recall_auc	mean_train_precision_recall_auc	mean_test_roc_auc	mean_train_roc_auc	mean_test_sensitivity	mean_train_sensitivity	mean_test_specificity	mean_train_specificity
mcc	nan	nan	0.792 ± 0.141839	1.000 ± 0.000000	0.743 ± 0.117839	1.000 ± 0.000000	0.20312 ± 0.078190	0.02821 ± 0.003801	0.683 ± 0.159340	1.000 ± 0.000000	0.487 ± 0.235678	1.000 ± 0.000000	0.6191 ± 0.236719	0.1526 ± 0.015818	0.571 ± 0.248578	1.000 ± 0.000000	0.524 ± 0.237528	1.000 ± 0.000000	0.760 ± 0.138290	1.000 ± 0.000000	0.811 ± 0.210754	1.000 ± 0.000000	0.761 ± 0.173535	1.000 ± 0.000000	0.766 ± 0.159839	1.000 ± 0.000000	0.647 ± 0.217281	1.000 ± 0.000000	0.840 ± 0.191397	1.000 ± 0.000000
precision_recall_auc	nan	nan	0.799 ± 0.135245	1.000 ± 0.000000	0.729 ± 0.129442	1.000 ± 0.000000	0.20517 ± 0.076915	0.02803 ± 0.003357	0.676 ± 0.165982	1.000 ± 0.000000	0.458 ± 0.258884	1.000 ± 0.000000	0.6174 ± 0.216108	0.1510 ± 0.014195	0.532 ± 0.275003	1.000 ± 0.000000	0.491 ± 0.262771	1.000 ± 0.000000	0.758 ± 0.145496	1.000 ± 0.000000	0.774 ± 0.218739	1.000 ± 0.000000	0.768 ± 0.166919	1.000 ± 0.000000	0.773 ± 0.148625	1.000 ± 0.000000	0.655 ± 0.220164	1.000 ± 0.000000	0.803 ± 0.210541	1.000 ± 0.000000
roc_auc	nan	nan	0.798 ± 0.131731	1.000 ± 0.000000	0.734 ± 0.130332	1.000 ± 0.000000	0.20595 ± 0.076513	0.02793 ± 0.003438	0.682 ± 0.167579	1.000 ± 0.000000	0.468 ± 0.260665	1.000 ± 0.000000	0.6177 ± 0.216741	0.1511 ± 0.014106	0.540 ± 0.277046	1.000 ± 0.000000	0.501 ± 0.265843	1.000 ± 0.000000	0.755 ± 0.143122	1.000 ± 0.000000	0.785 ± 0.214135	1.000 ± 0.000000	0.763 ± 0.161911	1.000 ± 0.000000	0.762 ± 0.154411	1.000 ± 0.000000	0.650 ± 0.214946	1.000 ± 0.000000	0.818 ± 0.204231	1.000 ± 0.000000
