	mean_best_threshold_tuning_score	mean_best_threshold	mean_test_average_precision	mean_train_average_precision	mean_test_balanced_accuracy	mean_train_balanced_accuracy	mean_test_brier_loss	mean_train_brier_loss	mean_test_f1	mean_train_f1	mean_test_informedness	mean_train_informedness	mean_test_log_loss	mean_train_log_loss	mean_test_markedness	mean_train_markedness	mean_test_mcc	mean_train_mcc	mean_test_negative_predictive_value	mean_train_negative_predictive_value	mean_test_precision	mean_train_precision	mean_test_precision_recall_auc	mean_train_precision_recall_auc	mean_test_roc_auc	mean_train_roc_auc	mean_test_sensitivity	mean_train_sensitivity	mean_test_specificity	mean_train_specificity
mcc	nan	nan	0.935 ± 0.081224	0.966 ± 0.020286	0.852 ± 0.115948	0.900 ± 0.026801	0.11565 ± 0.065747	0.07572 ± 0.017842	0.822 ± 0.147043	0.889 ± 0.031041	0.705 ± 0.231896	0.799 ± 0.053601	0.3750 ± 0.166501	0.2680 ± 0.047199	0.750 ± 0.216664	0.849 ± 0.053948	0.726 ± 0.222368	0.824 ± 0.052543	0.858 ± 0.130074	0.866 ± 0.027265	0.892 ± 0.158587	0.983 ± 0.042175	0.927 ± 0.091283	0.966 ± 0.020519	0.914 ± 0.111162	0.956 ± 0.030063	0.797 ± 0.195731	0.812 ± 0.042951	0.908 ± 0.140102	0.987 ± 0.034762
precision_recall_auc	nan	nan	0.945 ± 0.068531	0.956 ± 0.018313	0.814 ± 0.127506	0.836 ± 0.085205	0.11525 ± 0.057564	0.08936 ± 0.025088	0.743 ± 0.224253	0.791 ± 0.141898	0.627 ± 0.255012	0.671 ± 0.170411	0.3703 ± 0.141918	0.2968 ± 0.067919	0.708 ± 0.281990	0.781 ± 0.087252	0.670 ± 0.231380	0.720 ± 0.135864	0.806 ± 0.136768	0.804 ± 0.088107	0.903 ± 0.224905	0.976 ± 0.050803	0.939 ± 0.077287	0.956 ± 0.018581	0.927 ± 0.094892	0.953 ± 0.022312	0.678 ± 0.268325	0.690 ± 0.180237	0.949 ± 0.115833	0.981 ± 0.041896
roc_auc	nan	nan	0.947 ± 0.068329	0.956 ± 0.017561	0.803 ± 0.126078	0.835 ± 0.068363	0.11662 ± 0.056760	0.09424 ± 0.025367	0.731 ± 0.221439	0.797 ± 0.103296	0.607 ± 0.252156	0.670 ± 0.136726	0.3708 ± 0.136200	0.3055 ± 0.068204	0.688 ± 0.272386	0.766 ± 0.074015	0.649 ± 0.231052	0.714 ± 0.104652	0.799 ± 0.134123	0.808 ± 0.078332	0.890 ± 0.228841	0.958 ± 0.064359	0.941 ± 0.077120	0.955 ± 0.017831	0.930 ± 0.092594	0.955 ± 0.018784	0.672 ± 0.266948	0.704 ± 0.156512	0.935 ± 0.132961	0.966 ± 0.053762
