	mean_best_threshold_tuning_score	mean_best_threshold	mean_test_average_precision	mean_train_average_precision	mean_test_balanced_accuracy	mean_train_balanced_accuracy	mean_test_brier_loss	mean_train_brier_loss	mean_test_f1	mean_train_f1	mean_test_informedness	mean_train_informedness	mean_test_log_loss	mean_train_log_loss	mean_test_markedness	mean_train_markedness	mean_test_mcc	mean_train_mcc	mean_test_negative_predictive_value	mean_train_negative_predictive_value	mean_test_precision	mean_train_precision	mean_test_precision_recall_auc	mean_train_precision_recall_auc	mean_test_roc_auc	mean_train_roc_auc	mean_test_sensitivity	mean_train_sensitivity	mean_test_specificity	mean_train_specificity
mcc	nan	nan	0.955 ± 0.063272	0.991 ± 0.014300	0.859 ± 0.106659	0.954 ± 0.052135	0.09584 ± 0.056330	0.03172 ± 0.034170	0.824 ± 0.147955	0.949 ± 0.058505	0.717 ± 0.213318	0.908 ± 0.104269	0.3178 ± 0.147657	0.1323 ± 0.102296	0.806 ± 0.152419	0.927 ± 0.083031	0.757 ± 0.182756	0.917 ± 0.093578	0.835 ± 0.118874	0.940 ± 0.067496	0.971 ± 0.089787	0.988 ± 0.025470	0.950 ± 0.070906	0.991 ± 0.014428	0.941 ± 0.079876	0.990 ± 0.017572	0.745 ± 0.203017	0.917 ± 0.094415	0.972 ± 0.092118	0.991 ± 0.020394
precision_recall_auc	nan	nan	0.951 ± 0.063428	0.982 ± 0.014384	0.768 ± 0.143127	0.829 ± 0.126388	0.10004 ± 0.059292	0.05517 ± 0.033984	0.646 ± 0.289222	0.757 ± 0.250563	0.535 ± 0.286254	0.658 ± 0.252775	0.3201 ± 0.153544	0.1859 ± 0.100720	0.624 ± 0.411671	0.715 ± 0.359999	0.597 ± 0.276090	0.702 ± 0.245293	0.744 ± 0.131077	0.801 ± 0.120531	0.880 ± 0.328261	0.914 ± 0.272848	0.945 ± 0.071346	0.982 ± 0.014528	0.937 ± 0.080902	0.983 ± 0.014651	0.535 ± 0.286254	0.662 ± 0.254965	1.000 ± 0.000000	0.996 ± 0.010582
roc_auc	nan	nan	0.953 ± 0.062641	0.982 ± 0.016468	0.741 ± 0.147804	0.829 ± 0.142726	0.10458 ± 0.057103	0.05303 ± 0.037296	0.596 ± 0.307501	0.749 ± 0.279626	0.482 ± 0.295607	0.659 ± 0.285452	0.3307 ± 0.142656	0.1819 ± 0.105764	0.553 ± 0.454203	0.703 ± 0.404278	0.542 ± 0.296526	0.701 ± 0.277047	0.723 ± 0.125192	0.804 ± 0.136955	0.830 ± 0.372663	0.899 ± 0.302783	0.947 ± 0.071315	0.982 ± 0.016634	0.943 ± 0.073349	0.983 ± 0.016689	0.487 ± 0.289342	0.660 ± 0.285926	0.995 ± 0.035355	0.999 ± 0.005238
