	mean_ncv_average_precision	mean_ncv_balanced_accuracy	mean_ncv_brier_loss	mean_ncv_f1	mean_ncv_informedness	mean_ncv_log_loss	mean_ncv_markedness	mean_ncv_mcc	mean_ncv_negative_predictive_value	mean_ncv_precision	mean_ncv_precision_recall_auc	mean_ncv_roc_auc	mean_ncv_sensitivity	mean_ncv_specificity
mcc	0.928 ± 0.010680	0.858 ± 0.025293	0.10755 ± 0.006494	0.842 ± 0.029806	0.717 ± 0.050586	0.3474 ± 0.019143	0.727 ± 0.047940	0.722 ± 0.049215	0.858 ± 0.025765	0.870 ± 0.025261	0.926 ± 0.011022	0.918 ± 0.011676	0.817 ± 0.037497	0.900 ± 0.019165
precision_recall_auc	0.919 ± 0.017262	0.739 ± 0.074305	0.11221 ± 0.012361	0.635 ± 0.131566	0.478 ± 0.148610	0.3564 ± 0.032827	0.706 ± 0.064250	0.577 ± 0.116212	0.706 ± 0.064250	1.000 ± 0.000000	0.917 ± 0.018124	0.914 ± 0.012049	0.478 ± 0.148610	1.000 ± 0.000000
roc_auc	0.915 ± 0.015986	0.759 ± 0.054227	0.11357 ± 0.010845	0.679 ± 0.097318	0.519 ± 0.108453	0.3588 ± 0.027083	0.705 ± 0.054171	0.603 ± 0.084035	0.722 ± 0.046168	0.983 ± 0.036777	0.913 ± 0.016621	0.911 ± 0.017584	0.528 ± 0.111880	0.991 ± 0.019165
