	mean_best_threshold_tuning_score	mean_best_threshold	mean_test_average_precision	mean_train_average_precision	mean_test_balanced_accuracy	mean_train_balanced_accuracy	mean_test_brier_loss	mean_train_brier_loss	mean_test_f1	mean_train_f1	mean_test_informedness	mean_train_informedness	mean_test_log_loss	mean_train_log_loss	mean_test_markedness	mean_train_markedness	mean_test_mcc	mean_train_mcc	mean_test_negative_predictive_value	mean_train_negative_predictive_value	mean_test_precision	mean_train_precision	mean_test_precision_recall_auc	mean_train_precision_recall_auc	mean_test_roc_auc	mean_train_roc_auc	mean_test_sensitivity	mean_train_sensitivity	mean_test_specificity	mean_train_specificity
mcc	nan	nan	0.822 ± 0.134442	0.994 ± 0.017064	0.744 ± 0.160505	0.979 ± 0.050808	0.19913 ± 0.089162	0.01933 ± 0.035836	0.727 ± 0.182016	0.978 ± 0.052442	0.488 ± 0.321010	0.957 ± 0.101615	0.6803 ± 0.322041	0.1009 ± 0.116910	0.535 ± 0.329061	0.958 ± 0.101439	0.509 ± 0.320886	0.957 ± 0.101517	0.831 ± 0.186206	0.986 ± 0.031812	0.704 ± 0.225652	0.971 ± 0.071817	0.789 ± 0.166614	0.994 ± 0.017181	0.802 ± 0.150411	0.991 ± 0.026283	0.807 ± 0.227403	0.985 ± 0.032689	0.681 ± 0.261450	0.972 ± 0.072064
precision_recall_auc	nan	nan	0.870 ± 0.116295	0.993 ± 0.016372	0.776 ± 0.144844	0.973 ± 0.051169	0.18032 ± 0.075680	0.02372 ± 0.035189	0.762 ± 0.143077	0.971 ± 0.054724	0.552 ± 0.289687	0.946 ± 0.102338	0.6223 ± 0.310633	0.1113 ± 0.117670	0.583 ± 0.273915	0.947 ± 0.103614	0.565 ± 0.280034	0.946 ± 0.102916	0.855 ± 0.171298	0.981 ± 0.033977	0.728 ± 0.180823	0.966 ± 0.075383	0.850 ± 0.139626	0.993 ± 0.016493	0.850 ± 0.127132	0.991 ± 0.023129	0.845 ± 0.191226	0.978 ± 0.038579	0.707 ± 0.229020	0.968 ± 0.071774
roc_auc	nan	nan	0.854 ± 0.116214	0.997 ± 0.015562	0.752 ± 0.135283	0.990 ± 0.036783	0.18966 ± 0.074729	0.01210 ± 0.027691	0.732 ± 0.143084	0.988 ± 0.040005	0.504 ± 0.270567	0.979 ± 0.073566	0.6486 ± 0.305856	0.0691 ± 0.093403	0.553 ± 0.262283	0.979 ± 0.075207	0.526 ± 0.264289	0.979 ± 0.074374	0.835 ± 0.170009	0.994 ± 0.020214	0.718 ± 0.191856	0.985 ± 0.057390	0.830 ± 0.142743	0.997 ± 0.015697	0.832 ± 0.125044	0.996 ± 0.019693	0.803 ± 0.210118	0.993 ± 0.021763	0.701 ± 0.241697	0.986 ± 0.054511
