	mean_ncv_average_precision	mean_ncv_balanced_accuracy	mean_ncv_brier_loss	mean_ncv_f1	mean_ncv_informedness	mean_ncv_log_loss	mean_ncv_markedness	mean_ncv_mcc	mean_ncv_negative_predictive_value	mean_ncv_precision	mean_ncv_precision_recall_auc	mean_ncv_roc_auc	mean_ncv_sensitivity	mean_ncv_specificity
mcc	0.875 ± 0.029229	0.812 ± 0.032213	0.14569 ± 0.010450	0.788 ± 0.039120	0.624 ± 0.064426	0.4531 ± 0.027487	0.641 ± 0.066161	0.632 ± 0.064471	0.814 ± 0.035501	0.827 ± 0.050211	0.873 ± 0.029629	0.873 ± 0.026066	0.756 ± 0.059720	0.868 ± 0.045201
precision_recall_auc	0.884 ± 0.020117	0.820 ± 0.028902	0.14157 ± 0.011089	0.796 ± 0.035256	0.641 ± 0.057803	0.4441 ± 0.031649	0.663 ± 0.054248	0.652 ± 0.055807	0.814 ± 0.030056	0.849 ± 0.030607	0.882 ± 0.019892	0.878 ± 0.022231	0.750 ± 0.047213	0.891 ± 0.023473
roc_auc	0.879 ± 0.026123	0.823 ± 0.034296	0.14347 ± 0.011882	0.800 ± 0.038347	0.646 ± 0.068591	0.4504 ± 0.034079	0.671 ± 0.076166	0.659 ± 0.071501	0.817 ± 0.029738	0.854 ± 0.060524	0.877 ± 0.026171	0.877 ± 0.023948	0.756 ± 0.046849	0.891 ± 0.053354
