	mean_best_threshold_tuning_score	mean_best_threshold	mean_test_average_precision	mean_train_average_precision	mean_test_balanced_accuracy	mean_train_balanced_accuracy	mean_test_brier_loss	mean_train_brier_loss	mean_test_f1	mean_train_f1	mean_test_informedness	mean_train_informedness	mean_test_log_loss	mean_train_log_loss	mean_test_markedness	mean_train_markedness	mean_test_mcc	mean_train_mcc	mean_test_negative_predictive_value	mean_train_negative_predictive_value	mean_test_precision	mean_train_precision	mean_test_precision_recall_auc	mean_train_precision_recall_auc	mean_test_roc_auc	mean_train_roc_auc	mean_test_sensitivity	mean_train_sensitivity	mean_test_specificity	mean_train_specificity
mcc	nan	nan	0.966 ± 0.055366	0.996 ± 0.007465	0.863 ± 0.113941	0.955 ± 0.048536	0.10182 ± 0.067645	0.02953 ± 0.028766	0.826 ± 0.156968	0.951 ± 0.054281	0.725 ± 0.227882	0.911 ± 0.097073	0.3343 ± 0.182100	0.1269 ± 0.087860	0.806 ± 0.170572	0.934 ± 0.072945	0.762 ± 0.198910	0.922 ± 0.085063	0.842 ± 0.122742	0.937 ± 0.066876	0.964 ± 0.109594	0.997 ± 0.014007	0.962 ± 0.061728	0.996 ± 0.007545	0.956 ± 0.078831	0.997 ± 0.006829	0.755 ± 0.209206	0.913 ± 0.093347	0.970 ± 0.099488	0.998 ± 0.010051
precision_recall_auc	nan	nan	0.944 ± 0.067124	0.991 ± 0.012765	0.792 ± 0.165185	0.879 ± 0.149503	0.11153 ± 0.065992	0.03483 ± 0.034761	0.677 ± 0.314658	0.817 ± 0.281463	0.584 ± 0.330369	0.759 ± 0.299006	0.3537 ± 0.170824	0.1324 ± 0.098232	0.642 ± 0.428146	0.782 ± 0.386914	0.631 ± 0.314872	0.786 ± 0.283660	0.778 ± 0.150986	0.862 ± 0.147984	0.863 ± 0.332806	0.920 ± 0.274048	0.938 ± 0.074758	0.991 ± 0.012896	0.926 ± 0.092727	0.991 ± 0.012748	0.592 ± 0.325699	0.759 ± 0.299006	0.992 ± 0.039590	1.000 ± 0.000000
roc_auc	nan	nan	0.944 ± 0.073270	0.987 ± 0.016148	0.789 ± 0.151742	0.875 ± 0.137651	0.11559 ± 0.064680	0.04338 ± 0.040981	0.685 ± 0.280176	0.821 ± 0.247067	0.578 ± 0.303484	0.750 ± 0.275302	0.3621 ± 0.167406	0.1573 ± 0.113791	0.671 ± 0.362054	0.792 ± 0.341106	0.632 ± 0.282624	0.783 ± 0.257109	0.774 ± 0.140507	0.855 ± 0.143513	0.897 ± 0.283503	0.937 ± 0.239958	0.937 ± 0.082693	0.987 ± 0.016308	0.931 ± 0.089745	0.987 ± 0.017022	0.590 ± 0.298256	0.753 ± 0.275792	0.988 ± 0.047980	0.998 ± 0.016638
