	mean_best_threshold_tuning_score	mean_best_threshold	mean_test_average_precision	mean_train_average_precision	mean_test_balanced_accuracy	mean_train_balanced_accuracy	mean_test_brier_loss	mean_train_brier_loss	mean_test_f1	mean_train_f1	mean_test_informedness	mean_train_informedness	mean_test_log_loss	mean_train_log_loss	mean_test_markedness	mean_train_markedness	mean_test_mcc	mean_train_mcc	mean_test_negative_predictive_value	mean_train_negative_predictive_value	mean_test_precision	mean_train_precision	mean_test_precision_recall_auc	mean_train_precision_recall_auc	mean_test_roc_auc	mean_train_roc_auc	mean_test_sensitivity	mean_train_sensitivity	mean_test_specificity	mean_train_specificity
mcc	nan	nan	0.953 ± 0.063988	0.996 ± 0.007465	0.855 ± 0.107825	0.955 ± 0.048536	0.10849 ± 0.066823	0.02953 ± 0.028766	0.829 ± 0.128774	0.951 ± 0.054281	0.711 ± 0.215651	0.911 ± 0.097073	0.3436 ± 0.172678	0.1269 ± 0.087860	0.744 ± 0.209297	0.934 ± 0.072945	0.727 ± 0.210236	0.922 ± 0.085063	0.860 ± 0.118618	0.937 ± 0.066876	0.884 ± 0.156035	0.997 ± 0.014007	0.947 ± 0.074246	0.996 ± 0.007545	0.949 ± 0.068362	0.997 ± 0.006829	0.807 ± 0.172056	0.913 ± 0.093347	0.904 ± 0.134331	0.998 ± 0.010051
precision_recall_auc	nan	nan	0.949 ± 0.072218	0.991 ± 0.012765	0.778 ± 0.166152	0.879 ± 0.149503	0.11849 ± 0.073484	0.03483 ± 0.034761	0.668 ± 0.321000	0.817 ± 0.281463	0.556 ± 0.332305	0.759 ± 0.299006	0.3794 ± 0.208499	0.1324 ± 0.098232	0.587 ± 0.452427	0.782 ± 0.386914	0.595 ± 0.321695	0.786 ± 0.283660	0.796 ± 0.162445	0.862 ± 0.147984	0.791 ± 0.352866	0.920 ± 0.274048	0.943 ± 0.080587	0.991 ± 0.012896	0.931 ± 0.103486	0.991 ± 0.012748	0.632 ± 0.348340	0.759 ± 0.299006	0.924 ± 0.167892	1.000 ± 0.000000
roc_auc	nan	nan	0.953 ± 0.067159	0.987 ± 0.016148	0.799 ± 0.150038	0.875 ± 0.137651	0.11399 ± 0.066903	0.04338 ± 0.040981	0.715 ± 0.275523	0.821 ± 0.247067	0.598 ± 0.300076	0.750 ± 0.275302	0.3604 ± 0.186470	0.1573 ± 0.113791	0.667 ± 0.365532	0.792 ± 0.341106	0.642 ± 0.282977	0.783 ± 0.257109	0.807 ± 0.144348	0.855 ± 0.143513	0.861 ± 0.288258	0.937 ± 0.239958	0.947 ± 0.075607	0.987 ± 0.016308	0.940 ± 0.090641	0.987 ± 0.017022	0.662 ± 0.306029	0.753 ± 0.275792	0.936 ± 0.150184	0.998 ± 0.016638
