	mean_best_threshold_tuning_score	mean_best_threshold	mean_test_average_precision	mean_train_average_precision	mean_test_balanced_accuracy	mean_train_balanced_accuracy	mean_test_brier_loss	mean_train_brier_loss	mean_test_f1	mean_train_f1	mean_test_informedness	mean_train_informedness	mean_test_log_loss	mean_train_log_loss	mean_test_markedness	mean_train_markedness	mean_test_mcc	mean_train_mcc	mean_test_negative_predictive_value	mean_train_negative_predictive_value	mean_test_precision	mean_train_precision	mean_test_precision_recall_auc	mean_train_precision_recall_auc	mean_test_roc_auc	mean_train_roc_auc	mean_test_sensitivity	mean_train_sensitivity	mean_test_specificity	mean_train_specificity
mcc	nan	nan	0.928 ± 0.100603	0.959 ± 0.015184	0.857 ± 0.116849	0.902 ± 0.034192	0.12965 ± 0.059737	0.08586 ± 0.023979	0.839 ± 0.132008	0.892 ± 0.038886	0.713 ± 0.233697	0.804 ± 0.068383	0.5111 ± 0.650067	0.3080 ± 0.071045	0.737 ± 0.220757	0.816 ± 0.068459	0.724 ± 0.225993	0.810 ± 0.068182	0.898 ± 0.121388	0.897 ± 0.034351	0.839 ± 0.169520	0.919 ± 0.044587	0.919 ± 0.119887	0.960 ± 0.014818	0.916 ± 0.110033	0.955 ± 0.016941	0.868 ± 0.164174	0.867 ± 0.046403	0.845 ± 0.180490	0.937 ± 0.035664
precision_recall_auc	nan	nan	0.936 ± 0.089804	0.958 ± 0.015286	0.857 ± 0.113659	0.895 ± 0.032222	0.12311 ± 0.056579	0.08863 ± 0.018893	0.838 ± 0.129118	0.884 ± 0.036877	0.715 ± 0.227319	0.791 ± 0.064444	0.5224 ± 0.898091	0.3167 ± 0.061026	0.742 ± 0.219674	0.810 ± 0.062033	0.727 ± 0.221975	0.800 ± 0.062701	0.886 ± 0.120735	0.884 ± 0.035532	0.855 ± 0.169213	0.926 ± 0.039939	0.930 ± 0.106915	0.960 ± 0.014607	0.927 ± 0.098308	0.957 ± 0.016334	0.852 ± 0.164346	0.847 ± 0.050982	0.863 ± 0.171966	0.943 ± 0.032542
roc_auc	nan	nan	0.929 ± 0.099263	0.958 ± 0.016521	0.848 ± 0.108898	0.887 ± 0.039193	0.12350 ± 0.056891	0.08968 ± 0.022472	0.828 ± 0.123881	0.874 ± 0.044389	0.696 ± 0.217797	0.773 ± 0.078387	0.6094 ± 1.104778	0.3178 ± 0.072868	0.719 ± 0.214480	0.790 ± 0.078289	0.707 ± 0.214558	0.782 ± 0.077974	0.880 ± 0.121996	0.879 ± 0.038728	0.839 ± 0.163494	0.911 ± 0.049241	0.922 ± 0.121549	0.960 ± 0.015600	0.925 ± 0.098898	0.959 ± 0.016292	0.847 ± 0.163542	0.842 ± 0.053685	0.849 ± 0.162094	0.932 ± 0.040942
