	mean_best_threshold_tuning_score	mean_best_threshold	mean_test_average_precision	mean_train_average_precision	mean_test_balanced_accuracy	mean_train_balanced_accuracy	mean_test_brier_loss	mean_train_brier_loss	mean_test_f1	mean_train_f1	mean_test_informedness	mean_train_informedness	mean_test_log_loss	mean_train_log_loss	mean_test_markedness	mean_train_markedness	mean_test_mcc	mean_train_mcc	mean_test_negative_predictive_value	mean_train_negative_predictive_value	mean_test_precision	mean_train_precision	mean_test_precision_recall_auc	mean_train_precision_recall_auc	mean_test_roc_auc	mean_train_roc_auc	mean_test_sensitivity	mean_train_sensitivity	mean_test_specificity	mean_train_specificity
mcc	nan	nan	0.828 ± 0.141886	1.000 ± 0.000000	0.736 ± 0.174412	0.998 ± 0.010291	0.20302 ± 0.084220	0.07069 ± 0.049895	0.672 ± 0.251364	0.998 ± 0.011054	0.471 ± 0.348824	0.996 ± 0.020581	0.7867 ± 0.582860	0.2633 ± 0.133493	0.514 ± 0.389097	0.997 ± 0.014514	0.490 ± 0.361006	0.997 ± 0.017581	0.785 ± 0.186141	0.997 ± 0.014514	0.729 ± 0.270289	1.000 ± 0.000000	0.799 ± 0.171199	1.000 ± 0.000000	0.804 ± 0.162704	1.000 ± 0.000000	0.683 ± 0.305375	0.996 ± 0.020581	0.788 ± 0.194191	1.000 ± 0.000000
precision_recall_auc	nan	nan	0.843 ± 0.132811	1.000 ± 0.000000	0.730 ± 0.171576	0.998 ± 0.006210	0.20463 ± 0.088583	0.04251 ± 0.030904	0.661 ± 0.254941	0.998 ± 0.006341	0.460 ± 0.343153	0.995 ± 0.012419	0.8726 ± 0.704048	0.1856 ± 0.089258	0.497 ± 0.398952	0.996 ± 0.009793	0.478 ± 0.363003	0.996 ± 0.011103	0.770 ± 0.182697	0.996 ± 0.009793	0.727 ± 0.288336	1.000 ± 0.000000	0.816 ± 0.161710	1.000 ± 0.000000	0.820 ± 0.152886	1.000 ± 0.000000	0.658 ± 0.303163	0.995 ± 0.012419	0.802 ± 0.189780	1.000 ± 0.000000
roc_auc	nan	nan	0.829 ± 0.137295	0.999 ± 0.004410	0.735 ± 0.164085	0.997 ± 0.015463	0.20941 ± 0.099606	0.03038 ± 0.031856	0.666 ± 0.248420	0.997 ± 0.017251	0.470 ± 0.328169	0.994 ± 0.030926	0.8917 ± 0.662404	0.1480 ± 0.096296	0.512 ± 0.378790	0.996 ± 0.020885	0.492 ± 0.339027	0.995 ± 0.026002	0.777 ± 0.176871	0.996 ± 0.020885	0.735 ± 0.280339	1.000 ± 0.000000	0.800 ± 0.168390	0.999 ± 0.004440	0.800 ± 0.158556	0.999 ± 0.006236	0.667 ± 0.297381	0.994 ± 0.030926	0.803 ± 0.202134	1.000 ± 0.000000
