	mean_best_threshold_tuning_score	mean_best_threshold	mean_test_average_precision	mean_train_average_precision	mean_test_balanced_accuracy	mean_train_balanced_accuracy	mean_test_brier_loss	mean_train_brier_loss	mean_test_f1	mean_train_f1	mean_test_informedness	mean_train_informedness	mean_test_log_loss	mean_train_log_loss	mean_test_markedness	mean_train_markedness	mean_test_mcc	mean_train_mcc	mean_test_negative_predictive_value	mean_train_negative_predictive_value	mean_test_precision	mean_train_precision	mean_test_precision_recall_auc	mean_train_precision_recall_auc	mean_test_roc_auc	mean_train_roc_auc	mean_test_sensitivity	mean_train_sensitivity	mean_test_specificity	mean_train_specificity
mcc	nan	nan	0.959 ± 0.057484	0.993 ± 0.010756	0.867 ± 0.106942	0.946 ± 0.048703	0.09302 ± 0.062506	0.03190 ± 0.029013	0.834 ± 0.147224	0.940 ± 0.054714	0.735 ± 0.213884	0.892 ± 0.097406	0.3143 ± 0.166646	0.1346 ± 0.085420	0.812 ± 0.162838	0.919 ± 0.073350	0.770 ± 0.187678	0.905 ± 0.085378	0.846 ± 0.121652	0.926 ± 0.066239	0.966 ± 0.094818	0.993 ± 0.016918	0.954 ± 0.065700	0.993 ± 0.010858	0.950 ± 0.071140	0.993 ± 0.012052	0.762 ± 0.200630	0.897 ± 0.093242	0.973 ± 0.074375	0.995 ± 0.011923
precision_recall_auc	nan	nan	0.950 ± 0.060535	0.987 ± 0.012939	0.759 ± 0.161803	0.840 ± 0.166640	0.10875 ± 0.058684	0.04474 ± 0.038503	0.615 ± 0.334015	0.747 ± 0.328533	0.518 ± 0.323607	0.680 ± 0.333281	0.3447 ± 0.145847	0.1599 ± 0.107156	0.561 ± 0.484336	0.680 ± 0.474333	0.570 ± 0.318305	0.709 ± 0.326237	0.747 ± 0.139844	0.823 ± 0.158023	0.813 ± 0.387796	0.857 ± 0.349419	0.944 ± 0.067672	0.987 ± 0.013076	0.933 ± 0.085352	0.988 ± 0.011796	0.522 ± 0.324199	0.682 ± 0.334364	0.996 ± 0.028284	0.998 ± 0.008151
roc_auc	nan	nan	0.944 ± 0.070510	0.987 ± 0.013419	0.750 ± 0.161629	0.841 ± 0.168048	0.11417 ± 0.059210	0.04739 ± 0.039868	0.605 ± 0.331412	0.747 ± 0.330333	0.500 ± 0.323257	0.681 ± 0.336096	0.3554 ± 0.146420	0.1681 ± 0.111763	0.536 ± 0.485924	0.683 ± 0.475491	0.550 ± 0.322233	0.711 ± 0.328168	0.739 ± 0.139522	0.825 ± 0.158717	0.797 ± 0.388745	0.858 ± 0.349788	0.937 ± 0.078850	0.987 ± 0.013562	0.927 ± 0.094361	0.988 ± 0.012650	0.513 ± 0.318710	0.683 ± 0.336889	0.987 ± 0.052304	0.998 ± 0.006428
