	mean_best_threshold_tuning_score	mean_best_threshold	mean_test_average_precision	mean_train_average_precision	mean_test_balanced_accuracy	mean_train_balanced_accuracy	mean_test_brier_loss	mean_train_brier_loss	mean_test_f1	mean_train_f1	mean_test_informedness	mean_train_informedness	mean_test_log_loss	mean_train_log_loss	mean_test_markedness	mean_train_markedness	mean_test_mcc	mean_train_mcc	mean_test_negative_predictive_value	mean_train_negative_predictive_value	mean_test_precision	mean_train_precision	mean_test_precision_recall_auc	mean_train_precision_recall_auc	mean_test_roc_auc	mean_train_roc_auc	mean_test_sensitivity	mean_train_sensitivity	mean_test_specificity	mean_train_specificity
mcc	nan	nan	0.947 ± 0.067637	0.993 ± 0.010756	0.864 ± 0.107404	0.946 ± 0.048703	0.11062 ± 0.068462	0.03190 ± 0.029013	0.840 ± 0.129848	0.940 ± 0.054714	0.727 ± 0.214808	0.892 ± 0.097406	0.3528 ± 0.177860	0.1346 ± 0.085420	0.753 ± 0.209353	0.919 ± 0.073350	0.739 ± 0.210219	0.905 ± 0.085378	0.875 ± 0.117718	0.926 ± 0.066239	0.878 ± 0.151644	0.993 ± 0.016918	0.940 ± 0.076184	0.993 ± 0.010858	0.933 ± 0.090268	0.993 ± 0.012052	0.828 ± 0.170375	0.897 ± 0.093242	0.899 ± 0.125556	0.995 ± 0.011923
precision_recall_auc	nan	nan	0.949 ± 0.064355	0.987 ± 0.012939	0.748 ± 0.169717	0.840 ± 0.166640	0.11398 ± 0.064853	0.04474 ± 0.038503	0.591 ± 0.356292	0.747 ± 0.328533	0.495 ± 0.339435	0.680 ± 0.333281	0.3604 ± 0.167331	0.1599 ± 0.107156	0.500 ± 0.523507	0.680 ± 0.474333	0.539 ± 0.336551	0.709 ± 0.326237	0.750 ± 0.154450	0.823 ± 0.158023	0.749 ± 0.410560	0.857 ± 0.349419	0.943 ± 0.072781	0.987 ± 0.013076	0.935 ± 0.086413	0.988 ± 0.011796	0.523 ± 0.355169	0.682 ± 0.334364	0.972 ± 0.077037	0.998 ± 0.008151
roc_auc	nan	nan	0.948 ± 0.067155	0.987 ± 0.013419	0.746 ± 0.171555	0.841 ± 0.168048	0.11673 ± 0.061748	0.04739 ± 0.039868	0.583 ± 0.363163	0.747 ± 0.330333	0.492 ± 0.343109	0.681 ± 0.336096	0.3641 ± 0.154143	0.1681 ± 0.111763	0.481 ± 0.542803	0.683 ± 0.475491	0.534 ± 0.344027	0.711 ± 0.328168	0.743 ± 0.153469	0.825 ± 0.158717	0.738 ± 0.425588	0.858 ± 0.349788	0.941 ± 0.075680	0.987 ± 0.013562	0.935 ± 0.088082	0.988 ± 0.012650	0.510 ± 0.352204	0.683 ± 0.336889	0.982 ± 0.062073	0.998 ± 0.006428
