	mean_best_threshold_tuning_score	mean_best_threshold	mean_test_average_precision	mean_train_average_precision	mean_test_balanced_accuracy	mean_train_balanced_accuracy	mean_test_brier_loss	mean_train_brier_loss	mean_test_f1	mean_train_f1	mean_test_informedness	mean_train_informedness	mean_test_log_loss	mean_train_log_loss	mean_test_markedness	mean_train_markedness	mean_test_mcc	mean_train_mcc	mean_test_negative_predictive_value	mean_train_negative_predictive_value	mean_test_precision	mean_train_precision	mean_test_precision_recall_auc	mean_train_precision_recall_auc	mean_test_roc_auc	mean_train_roc_auc	mean_test_sensitivity	mean_train_sensitivity	mean_test_specificity	mean_train_specificity
mcc	nan	nan	0.946 ± 0.066801	0.994 ± 0.010279	0.860 ± 0.108173	0.955 ± 0.048257	0.10994 ± 0.066732	0.02849 ± 0.030508	0.835 ± 0.131091	0.951 ± 0.054184	0.720 ± 0.216347	0.911 ± 0.096513	0.3510 ± 0.177132	0.1215 ± 0.092337	0.745 ± 0.208858	0.933 ± 0.072534	0.732 ± 0.210928	0.922 ± 0.084602	0.875 ± 0.117188	0.938 ± 0.065129	0.870 ± 0.157708	0.994 ± 0.014825	0.939 ± 0.076986	0.994 ± 0.010380	0.937 ± 0.074907	0.994 ± 0.011358	0.828 ± 0.170375	0.915 ± 0.091927	0.892 ± 0.136785	0.996 ± 0.009967
precision_recall_auc	nan	nan	0.946 ± 0.071812	0.989 ± 0.014087	0.761 ± 0.161704	0.867 ± 0.151550	0.11956 ± 0.059577	0.04121 ± 0.037746	0.623 ± 0.325479	0.798 ± 0.292727	0.521 ± 0.323407	0.734 ± 0.303099	0.3758 ± 0.152897	0.1508 ± 0.104844	0.568 ± 0.465229	0.746 ± 0.418539	0.571 ± 0.311878	0.761 ± 0.293588	0.757 ± 0.145232	0.848 ± 0.146962	0.812 ± 0.368013	0.898 ± 0.302501	0.940 ± 0.080289	0.988 ± 0.014231	0.928 ± 0.098662	0.989 ± 0.014083	0.543 ± 0.331731	0.736 ± 0.303438	0.978 ± 0.067128	0.999 ± 0.007331
roc_auc	nan	nan	0.950 ± 0.067694	0.988 ± 0.013562	0.734 ± 0.165177	0.857 ± 0.157990	0.12282 ± 0.059469	0.04306 ± 0.038732	0.569 ± 0.348901	0.778 ± 0.311600	0.469 ± 0.330355	0.714 ± 0.315981	0.3834 ± 0.150397	0.1548 ± 0.108576	0.486 ± 0.516007	0.717 ± 0.448222	0.517 ± 0.327210	0.741 ± 0.309137	0.737 ± 0.151742	0.838 ± 0.149148	0.749 ± 0.410560	0.878 ± 0.327783	0.943 ± 0.076143	0.988 ± 0.013705	0.935 ± 0.089875	0.989 ± 0.013235	0.497 ± 0.348694	0.715 ± 0.316459	0.972 ± 0.077037	0.999 ± 0.005876
