	mean_best_threshold_tuning_score	mean_best_threshold	mean_test_average_precision	mean_train_average_precision	mean_test_balanced_accuracy	mean_train_balanced_accuracy	mean_test_brier_loss	mean_train_brier_loss	mean_test_f1	mean_train_f1	mean_test_informedness	mean_train_informedness	mean_test_log_loss	mean_train_log_loss	mean_test_markedness	mean_train_markedness	mean_test_mcc	mean_train_mcc	mean_test_negative_predictive_value	mean_train_negative_predictive_value	mean_test_precision	mean_train_precision	mean_test_precision_recall_auc	mean_train_precision_recall_auc	mean_test_roc_auc	mean_train_roc_auc	mean_test_sensitivity	mean_train_sensitivity	mean_test_specificity	mean_train_specificity
mcc	nan	nan	0.796 ± 0.150772	0.999 ± 0.004180	0.704 ± 0.158796	0.991 ± 0.031884	0.22219 ± 0.080970	0.06110 ± 0.052947	0.623 ± 0.255647	0.990 ± 0.036807	0.408 ± 0.317592	0.982 ± 0.063768	0.9534 ± 0.696432	0.2386 ± 0.138458	0.437 ± 0.404249	0.987 ± 0.044093	0.433 ± 0.327898	0.984 ± 0.054163	0.754 ± 0.179052	0.988 ± 0.043920	0.684 ± 0.291674	0.999 ± 0.006018	0.764 ± 0.182675	0.999 ± 0.004216	0.763 ± 0.168978	0.999 ± 0.004796	0.633 ± 0.305375	0.983 ± 0.063744	0.775 ± 0.213391	0.999 ± 0.005546
precision_recall_auc	nan	nan	0.832 ± 0.144301	1.000 ± 0.002317	0.729 ± 0.167161	0.994 ± 0.024441	0.21042 ± 0.084308	0.04342 ± 0.037625	0.647 ± 0.268492	0.994 ± 0.028059	0.458 ± 0.334322	0.989 ± 0.048883	0.8754 ± 0.621848	0.1855 ± 0.108911	0.485 ± 0.408700	0.992 ± 0.033070	0.481 ± 0.342102	0.991 ± 0.041171	0.773 ± 0.187177	0.992 ± 0.033070	0.711 ± 0.295956	1.000 ± 0.000000	0.802 ± 0.176693	1.000 ± 0.002339	0.809 ± 0.163050	1.000 ± 0.002307	0.652 ± 0.319744	0.989 ± 0.048883	0.806 ± 0.202444	1.000 ± 0.000000
roc_auc	nan	nan	0.816 ± 0.143724	0.998 ± 0.006349	0.711 ± 0.170947	0.989 ± 0.031663	0.21417 ± 0.099391	0.02878 ± 0.035275	0.640 ± 0.247022	0.988 ± 0.034560	0.421 ± 0.341894	0.978 ± 0.063326	0.7914 ± 0.456036	0.1388 ± 0.103095	0.471 ± 0.389948	0.982 ± 0.054819	0.443 ± 0.358196	0.980 ± 0.058822	0.760 ± 0.186142	0.989 ± 0.033140	0.711 ± 0.276944	0.993 ± 0.035631	0.785 ± 0.175062	0.998 ± 0.006395	0.786 ± 0.160555	0.998 ± 0.009059	0.645 ± 0.301080	0.985 ± 0.047594	0.776 ± 0.205595	0.993 ± 0.033976
