	mean_best_threshold_tuning_score	mean_best_threshold	mean_test_average_precision	mean_train_average_precision	mean_test_balanced_accuracy	mean_train_balanced_accuracy	mean_test_brier_loss	mean_train_brier_loss	mean_test_f1	mean_train_f1	mean_test_informedness	mean_train_informedness	mean_test_log_loss	mean_train_log_loss	mean_test_markedness	mean_train_markedness	mean_test_mcc	mean_train_mcc	mean_test_negative_predictive_value	mean_train_negative_predictive_value	mean_test_precision	mean_train_precision	mean_test_precision_recall_auc	mean_train_precision_recall_auc	mean_test_roc_auc	mean_train_roc_auc	mean_test_sensitivity	mean_train_sensitivity	mean_test_specificity	mean_train_specificity
mcc	nan	nan	0.810 ± 0.156433	1.000 ± 0.002814	0.742 ± 0.156993	0.992 ± 0.029674	0.21394 ± 0.089351	0.05165 ± 0.041593	0.674 ± 0.247039	0.991 ± 0.034392	0.484 ± 0.313986	0.985 ± 0.059347	0.8944 ± 0.713122	0.2105 ± 0.114284	0.519 ± 0.372867	0.989 ± 0.040536	0.511 ± 0.311826	0.987 ± 0.050191	0.785 ± 0.175777	0.989 ± 0.040536	0.734 ± 0.274708	1.000 ± 0.000000	0.778 ± 0.188912	1.000 ± 0.002840	0.776 ± 0.173242	1.000 ± 0.002993	0.683 ± 0.295948	0.985 ± 0.059347	0.801 ± 0.208613	1.000 ± 0.000000
precision_recall_auc	nan	nan	0.836 ± 0.139691	1.000 ± 0.002814	0.724 ± 0.168399	0.996 ± 0.020640	0.20684 ± 0.086433	0.04757 ± 0.037832	0.650 ± 0.259331	0.995 ± 0.023932	0.449 ± 0.336799	0.991 ± 0.041280	0.8952 ± 0.657566	0.1973 ± 0.109489	0.481 ± 0.398336	0.994 ± 0.026671	0.471 ± 0.345295	0.992 ± 0.034199	0.766 ± 0.179896	0.994 ± 0.026671	0.715 ± 0.288422	1.000 ± 0.000000	0.808 ± 0.169576	1.000 ± 0.002840	0.807 ± 0.168472	1.000 ± 0.002993	0.652 ± 0.304301	0.991 ± 0.041280	0.797 ± 0.206627	1.000 ± 0.000000
roc_auc	nan	nan	0.822 ± 0.137496	0.998 ± 0.007057	0.722 ± 0.160206	0.990 ± 0.031019	0.21024 ± 0.095806	0.03169 ± 0.037111	0.661 ± 0.227841	0.989 ± 0.033880	0.443 ± 0.320413	0.979 ± 0.062038	0.7631 ± 0.469428	0.1464 ± 0.109892	0.488 ± 0.361441	0.982 ± 0.054748	0.464 ± 0.333679	0.981 ± 0.058157	0.768 ± 0.179500	0.990 ± 0.030779	0.720 ± 0.257149	0.992 ± 0.037258	0.792 ± 0.166093	0.998 ± 0.007106	0.795 ± 0.156348	0.997 ± 0.010348	0.668 ± 0.282968	0.986 ± 0.044136	0.775 ± 0.197497	0.993 ± 0.035805
