	mean_best_threshold_tuning_score	mean_best_threshold	mean_test_average_precision	mean_train_average_precision	mean_test_balanced_accuracy	mean_train_balanced_accuracy	mean_test_brier_loss	mean_train_brier_loss	mean_test_f1	mean_train_f1	mean_test_informedness	mean_train_informedness	mean_test_log_loss	mean_train_log_loss	mean_test_markedness	mean_train_markedness	mean_test_mcc	mean_train_mcc	mean_test_negative_predictive_value	mean_train_negative_predictive_value	mean_test_precision	mean_train_precision	mean_test_precision_recall_auc	mean_train_precision_recall_auc	mean_test_roc_auc	mean_train_roc_auc	mean_test_sensitivity	mean_train_sensitivity	mean_test_specificity	mean_train_specificity
mcc	nan	nan	0.821 ± 0.160052	1.000 ± 0.002814	0.723 ± 0.168464	0.992 ± 0.029674	0.21029 ± 0.093151	0.05165 ± 0.041593	0.642 ± 0.270472	0.991 ± 0.034392	0.446 ± 0.336929	0.985 ± 0.059347	0.8528 ± 0.697798	0.2105 ± 0.114284	0.465 ± 0.416960	0.989 ± 0.040536	0.470 ± 0.340144	0.987 ± 0.050191	0.771 ± 0.189276	0.989 ± 0.040536	0.695 ± 0.293610	1.000 ± 0.000000	0.793 ± 0.190538	1.000 ± 0.002840	0.799 ± 0.175846	1.000 ± 0.002993	0.650 ± 0.319438	0.985 ± 0.059347	0.796 ± 0.200469	1.000 ± 0.000000
precision_recall_auc	nan	nan	0.825 ± 0.153902	1.000 ± 0.002814	0.729 ± 0.152949	0.996 ± 0.020640	0.20361 ± 0.084374	0.04757 ± 0.037832	0.657 ± 0.234938	0.995 ± 0.023932	0.458 ± 0.305898	0.991 ± 0.041280	0.8468 ± 0.672419	0.1973 ± 0.109489	0.505 ± 0.355123	0.994 ± 0.026671	0.486 ± 0.306350	0.992 ± 0.034199	0.773 ± 0.175427	0.994 ± 0.026671	0.732 ± 0.255445	1.000 ± 0.000000	0.797 ± 0.182197	1.000 ± 0.002840	0.795 ± 0.178106	1.000 ± 0.002993	0.652 ± 0.293394	0.991 ± 0.041280	0.806 ± 0.189424	1.000 ± 0.000000
roc_auc	nan	nan	0.832 ± 0.134716	0.998 ± 0.007057	0.731 ± 0.146849	0.990 ± 0.031019	0.20210 ± 0.089018	0.03169 ± 0.037111	0.667 ± 0.209758	0.989 ± 0.033880	0.462 ± 0.293699	0.979 ± 0.062038	0.7223 ± 0.426599	0.1464 ± 0.109892	0.537 ± 0.330739	0.982 ± 0.054748	0.500 ± 0.293970	0.981 ± 0.058157	0.776 ± 0.177267	0.990 ± 0.030779	0.761 ± 0.244940	0.992 ± 0.037258	0.807 ± 0.159515	0.998 ± 0.007106	0.795 ± 0.163794	0.997 ± 0.010348	0.660 ± 0.282140	0.986 ± 0.044136	0.802 ± 0.204530	0.993 ± 0.035805
