	mean_ncv_average_precision	mean_ncv_balanced_accuracy	mean_ncv_brier_loss	mean_ncv_f1	mean_ncv_informedness	mean_ncv_log_loss	mean_ncv_markedness	mean_ncv_mcc	mean_ncv_negative_predictive_value	mean_ncv_precision	mean_ncv_precision_recall_auc	mean_ncv_roc_auc	mean_ncv_sensitivity	mean_ncv_specificity
mcc	0.764 ± 0.060194	0.720 ± 0.056170	0.21029 ± 0.035214	0.676 ± 0.074964	0.440 ± 0.112340	0.8528 ± 0.422954	0.455 ± 0.101629	0.448 ± 0.106992	0.738 ± 0.069733	0.718 ± 0.036630	0.757 ± 0.063062	0.756 ± 0.078984	0.644 ± 0.114755	0.795 ± 0.023957
precision_recall_auc	0.782 ± 0.042115	0.727 ± 0.037569	0.20361 ± 0.022026	0.686 ± 0.053195	0.455 ± 0.075138	0.8468 ± 0.276091	0.471 ± 0.066355	0.463 ± 0.070514	0.740 ± 0.044127	0.731 ± 0.032287	0.776 ± 0.043167	0.762 ± 0.054710	0.650 ± 0.083024	0.805 ± 0.030679
roc_auc	0.784 ± 0.049844	0.728 ± 0.045793	0.20210 ± 0.032583	0.687 ± 0.064309	0.456 ± 0.091586	0.7223 ± 0.198433	0.473 ± 0.080988	0.464 ± 0.085847	0.744 ± 0.056356	0.729 ± 0.039997	0.777 ± 0.051320	0.774 ± 0.062131	0.656 ± 0.104100	0.800 ± 0.043913
