	mean_best_threshold_tuning_score	mean_best_threshold	mean_test_average_precision	mean_train_average_precision	mean_test_balanced_accuracy	mean_train_balanced_accuracy	mean_test_brier_loss	mean_train_brier_loss	mean_test_f1	mean_train_f1	mean_test_informedness	mean_train_informedness	mean_test_log_loss	mean_train_log_loss	mean_test_markedness	mean_train_markedness	mean_test_mcc	mean_train_mcc	mean_test_negative_predictive_value	mean_train_negative_predictive_value	mean_test_precision	mean_train_precision	mean_test_precision_recall_auc	mean_train_precision_recall_auc	mean_test_roc_auc	mean_train_roc_auc	mean_test_sensitivity	mean_train_sensitivity	mean_test_specificity	mean_train_specificity
mcc	nan	nan	0.950 ± 0.071430	0.976 ± 0.019273	0.880 ± 0.128529	0.931 ± 0.041652	0.09911 ± 0.072034	0.05246 ± 0.028620	0.848 ± 0.181143	0.924 ± 0.046975	0.759 ± 0.257058	0.862 ± 0.083305	0.3409 ± 0.207256	0.1945 ± 0.085545	0.804 ± 0.262766	0.882 ± 0.075326	0.780 ± 0.253404	0.872 ± 0.079207	0.868 ± 0.135307	0.913 ± 0.048374	0.936 ± 0.176287	0.969 ± 0.032913	0.943 ± 0.085309	0.975 ± 0.019433	0.940 ± 0.082118	0.971 ± 0.024062	0.803 ± 0.220003	0.884 ± 0.064743	0.956 ± 0.110491	0.977 ± 0.025090
precision_recall_auc	nan	nan	0.935 ± 0.081867	0.969 ± 0.022501	0.843 ± 0.133014	0.883 ± 0.112316	0.12570 ± 0.080237	0.06450 ± 0.039649	0.792 ± 0.220920	0.846 ± 0.206976	0.687 ± 0.266028	0.767 ± 0.224632	0.3962 ± 0.226260	0.2134 ± 0.112782	0.723 ± 0.304364	0.782 ± 0.282925	0.710 ± 0.257427	0.782 ± 0.212747	0.848 ± 0.136455	0.875 ± 0.110071	0.874 ± 0.231117	0.907 ± 0.195974	0.926 ± 0.097358	0.969 ± 0.022719	0.924 ± 0.090764	0.968 ± 0.023816	0.757 ± 0.255795	0.809 ± 0.222873	0.930 ± 0.118666	0.958 ± 0.048959
roc_auc	nan	nan	0.930 ± 0.097432	0.968 ± 0.024448	0.827 ± 0.142947	0.879 ± 0.119822	0.12926 ± 0.080013	0.06696 ± 0.042847	0.772 ± 0.243038	0.838 ± 0.229631	0.655 ± 0.285894	0.758 ± 0.239643	0.4009 ± 0.220893	0.2183 ± 0.121247	0.669 ± 0.357492	0.747 ± 0.333416	0.673 ± 0.284128	0.766 ± 0.237171	0.844 ± 0.142399	0.879 ± 0.111992	0.824 ± 0.264537	0.868 ± 0.232684	0.919 ± 0.119939	0.967 ± 0.024690	0.923 ± 0.093784	0.967 ± 0.025320	0.757 ± 0.266645	0.816 ± 0.233770	0.898 ± 0.147759	0.942 ± 0.061311
