	mean_best_threshold_tuning_score	mean_best_threshold	mean_test_average_precision	mean_train_average_precision	mean_test_balanced_accuracy	mean_train_balanced_accuracy	mean_test_brier_loss	mean_train_brier_loss	mean_test_f1	mean_train_f1	mean_test_informedness	mean_train_informedness	mean_test_log_loss	mean_train_log_loss	mean_test_markedness	mean_train_markedness	mean_test_mcc	mean_train_mcc	mean_test_negative_predictive_value	mean_train_negative_predictive_value	mean_test_precision	mean_train_precision	mean_test_precision_recall_auc	mean_train_precision_recall_auc	mean_test_roc_auc	mean_train_roc_auc	mean_test_sensitivity	mean_train_sensitivity	mean_test_specificity	mean_train_specificity
mcc	nan	nan	0.909 ± 0.099486	0.976 ± 0.019273	0.838 ± 0.131613	0.931 ± 0.041652	0.13391 ± 0.081382	0.05246 ± 0.028620	0.817 ± 0.147201	0.924 ± 0.046975	0.676 ± 0.263225	0.862 ± 0.083305	0.4482 ± 0.251052	0.1945 ± 0.085545	0.699 ± 0.256919	0.882 ± 0.075326	0.687 ± 0.259134	0.872 ± 0.079207	0.871 ± 0.138855	0.913 ± 0.048374	0.828 ± 0.179614	0.969 ± 0.032913	0.896 ± 0.117003	0.975 ± 0.019433	0.893 ± 0.112602	0.971 ± 0.024062	0.835 ± 0.177768	0.884 ± 0.064743	0.841 ± 0.190512	0.977 ± 0.025090
precision_recall_auc	nan	nan	0.928 ± 0.075685	0.969 ± 0.022501	0.823 ± 0.140428	0.883 ± 0.112316	0.13625 ± 0.082105	0.06450 ± 0.039649	0.771 ± 0.223480	0.846 ± 0.206976	0.645 ± 0.280857	0.767 ± 0.224632	0.4609 ± 0.258718	0.2134 ± 0.112782	0.662 ± 0.318100	0.782 ± 0.282925	0.659 ± 0.275382	0.782 ± 0.212747	0.840 ± 0.144438	0.875 ± 0.110071	0.822 ± 0.234390	0.907 ± 0.195974	0.917 ± 0.087372	0.969 ± 0.022719	0.916 ± 0.092962	0.968 ± 0.023816	0.760 ± 0.256237	0.809 ± 0.222873	0.885 ± 0.142231	0.958 ± 0.048959
roc_auc	nan	nan	0.922 ± 0.078371	0.968 ± 0.024448	0.813 ± 0.143707	0.879 ± 0.119822	0.14032 ± 0.078309	0.06696 ± 0.042847	0.760 ± 0.239947	0.838 ± 0.229631	0.627 ± 0.287413	0.758 ± 0.239643	0.4676 ± 0.240307	0.2183 ± 0.121247	0.618 ± 0.358189	0.747 ± 0.333416	0.635 ± 0.288746	0.766 ± 0.237171	0.840 ± 0.144387	0.879 ± 0.111992	0.778 ± 0.256685	0.868 ± 0.232684	0.911 ± 0.091599	0.967 ± 0.024690	0.913 ± 0.086514	0.967 ± 0.025320	0.765 ± 0.259562	0.816 ± 0.233770	0.862 ± 0.146232	0.942 ± 0.061311
