	mean_best_threshold_tuning_score	mean_best_threshold	mean_test_average_precision	mean_train_average_precision	mean_test_balanced_accuracy	mean_train_balanced_accuracy	mean_test_brier_loss	mean_train_brier_loss	mean_test_f1	mean_train_f1	mean_test_informedness	mean_train_informedness	mean_test_log_loss	mean_train_log_loss	mean_test_markedness	mean_train_markedness	mean_test_mcc	mean_train_mcc	mean_test_negative_predictive_value	mean_train_negative_predictive_value	mean_test_precision	mean_train_precision	mean_test_precision_recall_auc	mean_train_precision_recall_auc	mean_test_roc_auc	mean_train_roc_auc	mean_test_sensitivity	mean_train_sensitivity	mean_test_specificity	mean_train_specificity
mcc	nan	nan	0.880 ± 0.145707	1.000 ± 0.000000	0.831 ± 0.117605	1.000 ± 0.000000	0.14756 ± 0.073133	0.02069 ± 0.002928	0.809 ± 0.124091	1.000 ± 0.000000	0.663 ± 0.235210	1.000 ± 0.000000	0.4852 ± 0.231636	0.1268 ± 0.014227	0.689 ± 0.230885	1.000 ± 0.000000	0.675 ± 0.230659	1.000 ± 0.000000	0.875 ± 0.148127	1.000 ± 0.000000	0.815 ± 0.164014	1.000 ± 0.000000	0.859 ± 0.178942	1.000 ± 0.000000	0.879 ± 0.142201	1.000 ± 0.000000	0.842 ± 0.181523	1.000 ± 0.000000	0.821 ± 0.169360	1.000 ± 0.000000
precision_recall_auc	nan	nan	0.890 ± 0.125220	1.000 ± 0.000000	0.841 ± 0.108881	1.000 ± 0.000000	0.13966 ± 0.070540	0.01962 ± 0.003109	0.819 ± 0.119564	1.000 ± 0.000000	0.683 ± 0.217763	1.000 ± 0.000000	0.4690 ± 0.239001	0.1226 ± 0.015537	0.710 ± 0.206330	1.000 ± 0.000000	0.695 ± 0.209088	1.000 ± 0.000000	0.884 ± 0.139234	1.000 ± 0.000000	0.826 ± 0.148658	1.000 ± 0.000000	0.872 ± 0.150342	1.000 ± 0.000000	0.882 ± 0.131503	1.000 ± 0.000000	0.850 ± 0.182884	1.000 ± 0.000000	0.833 ± 0.154725	1.000 ± 0.000000
roc_auc	nan	nan	0.900 ± 0.122156	1.000 ± 0.000000	0.838 ± 0.116171	1.000 ± 0.000000	0.13886 ± 0.071232	0.01971 ± 0.002781	0.814 ± 0.130912	1.000 ± 0.000000	0.675 ± 0.232341	1.000 ± 0.000000	0.4566 ± 0.217295	0.1228 ± 0.013088	0.701 ± 0.221756	1.000 ± 0.000000	0.687 ± 0.224759	1.000 ± 0.000000	0.885 ± 0.144526	1.000 ± 0.000000	0.816 ± 0.154101	1.000 ± 0.000000	0.884 ± 0.146901	1.000 ± 0.000000	0.894 ± 0.129507	1.000 ± 0.000000	0.850 ± 0.189731	1.000 ± 0.000000	0.825 ± 0.158517	1.000 ± 0.000000
