	mean_best_threshold_tuning_score	mean_best_threshold	mean_test_average_precision	mean_train_average_precision	mean_test_balanced_accuracy	mean_train_balanced_accuracy	mean_test_brier_loss	mean_train_brier_loss	mean_test_f1	mean_train_f1	mean_test_informedness	mean_train_informedness	mean_test_log_loss	mean_train_log_loss	mean_test_markedness	mean_train_markedness	mean_test_mcc	mean_train_mcc	mean_test_negative_predictive_value	mean_train_negative_predictive_value	mean_test_precision	mean_train_precision	mean_test_precision_recall_auc	mean_train_precision_recall_auc	mean_test_roc_auc	mean_train_roc_auc	mean_test_sensitivity	mean_train_sensitivity	mean_test_specificity	mean_train_specificity
mcc	nan	nan	0.937 ± 0.088787	1.000 ± 0.000000	0.828 ± 0.107329	1.000 ± 0.000000	0.12601 ± 0.053013	0.00979 ± 0.002321	0.796 ± 0.134916	1.000 ± 0.000000	0.657 ± 0.214658	1.000 ± 0.000000	0.4069 ± 0.145577	0.0783 ± 0.014309	0.703 ± 0.205745	1.000 ± 0.000000	0.678 ± 0.207003	1.000 ± 0.000000	0.852 ± 0.132060	1.000 ± 0.000000	0.851 ± 0.161342	1.000 ± 0.000000	0.929 ± 0.104673	1.000 ± 0.000000	0.928 ± 0.108694	1.000 ± 0.000000	0.790 ± 0.199375	1.000 ± 0.000000	0.867 ± 0.146597	1.000 ± 0.000000
precision_recall_auc	nan	nan	0.940 ± 0.077184	1.000 ± 0.000000	0.843 ± 0.091571	1.000 ± 0.000000	0.12278 ± 0.048836	0.00925 ± 0.001939	0.813 ± 0.118417	1.000 ± 0.000000	0.687 ± 0.183141	1.000 ± 0.000000	0.3989 ± 0.138049	0.0748 ± 0.010861	0.742 ± 0.161016	1.000 ± 0.000000	0.712 ± 0.167331	1.000 ± 0.000000	0.864 ± 0.126433	1.000 ± 0.000000	0.878 ± 0.132798	1.000 ± 0.000000	0.934 ± 0.085190	1.000 ± 0.000000	0.929 ± 0.100233	1.000 ± 0.000000	0.800 ± 0.197059	1.000 ± 0.000000	0.887 ± 0.122395	1.000 ± 0.000000
roc_auc	nan	nan	0.937 ± 0.082928	1.000 ± 0.000000	0.836 ± 0.112690	1.000 ± 0.000000	0.12625 ± 0.052631	0.00933 ± 0.002132	0.805 ± 0.145293	1.000 ± 0.000000	0.672 ± 0.225381	1.000 ± 0.000000	0.4080 ± 0.144893	0.0756 ± 0.012785	0.720 ± 0.210893	1.000 ± 0.000000	0.693 ± 0.214668	1.000 ± 0.000000	0.862 ± 0.135999	1.000 ± 0.000000	0.857 ± 0.156280	1.000 ± 0.000000	0.928 ± 0.099322	1.000 ± 0.000000	0.924 ± 0.102288	1.000 ± 0.000000	0.802 ± 0.208853	1.000 ± 0.000000	0.870 ± 0.144984	1.000 ± 0.000000
