	mean_best_threshold_tuning_score	mean_best_threshold	mean_test_average_precision	mean_train_average_precision	mean_test_balanced_accuracy	mean_train_balanced_accuracy	mean_test_brier_loss	mean_train_brier_loss	mean_test_f1	mean_train_f1	mean_test_informedness	mean_train_informedness	mean_test_log_loss	mean_train_log_loss	mean_test_markedness	mean_train_markedness	mean_test_mcc	mean_train_mcc	mean_test_negative_predictive_value	mean_train_negative_predictive_value	mean_test_precision	mean_train_precision	mean_test_precision_recall_auc	mean_train_precision_recall_auc	mean_test_roc_auc	mean_train_roc_auc	mean_test_sensitivity	mean_train_sensitivity	mean_test_specificity	mean_train_specificity
mcc	nan	nan	0.921 ± 0.091497	1.000 ± 0.000000	0.834 ± 0.133168	1.000 ± 0.000000	0.13569 ± 0.053913	0.01923 ± 0.002604	0.806 ± 0.157152	1.000 ± 0.000000	0.667 ± 0.266337	1.000 ± 0.000000	0.4320 ± 0.125392	0.1270 ± 0.011475	0.696 ± 0.257680	1.000 ± 0.000000	0.680 ± 0.259944	1.000 ± 0.000000	0.856 ± 0.144389	1.000 ± 0.000000	0.840 ± 0.174220	1.000 ± 0.000000	0.911 ± 0.104659	1.000 ± 0.000000	0.910 ± 0.104589	1.000 ± 0.000000	0.810 ± 0.202759	1.000 ± 0.000000	0.857 ± 0.159403	1.000 ± 0.000000
precision_recall_auc	nan	nan	0.926 ± 0.095712	1.000 ± 0.000000	0.855 ± 0.123532	1.000 ± 0.000000	0.12510 ± 0.052933	0.01753 ± 0.001913	0.833 ± 0.146296	1.000 ± 0.000000	0.711 ± 0.247063	1.000 ± 0.000000	0.4048 ± 0.122326	0.1187 ± 0.009314	0.748 ± 0.234710	1.000 ± 0.000000	0.727 ± 0.238169	1.000 ± 0.000000	0.872 ± 0.126263	1.000 ± 0.000000	0.876 ± 0.165612	1.000 ± 0.000000	0.917 ± 0.108819	1.000 ± 0.000000	0.919 ± 0.102723	1.000 ± 0.000000	0.827 ± 0.184305	1.000 ± 0.000000	0.884 ± 0.154008	1.000 ± 0.000000
roc_auc	nan	nan	0.932 ± 0.088474	1.000 ± 0.000000	0.860 ± 0.125354	1.000 ± 0.000000	0.12524 ± 0.051774	0.01751 ± 0.002234	0.836 ± 0.151715	1.000 ± 0.000000	0.721 ± 0.250709	1.000 ± 0.000000	0.4042 ± 0.117420	0.1189 ± 0.011004	0.749 ± 0.238920	1.000 ± 0.000000	0.734 ± 0.243155	1.000 ± 0.000000	0.878 ± 0.130490	1.000 ± 0.000000	0.871 ± 0.169259	1.000 ± 0.000000	0.924 ± 0.101687	1.000 ± 0.000000	0.926 ± 0.094426	1.000 ± 0.000000	0.835 ± 0.190096	1.000 ± 0.000000	0.886 ± 0.152543	1.000 ± 0.000000
