	mean_best_threshold_tuning_score	mean_best_threshold	mean_test_average_precision	mean_train_average_precision	mean_test_balanced_accuracy	mean_train_balanced_accuracy	mean_test_brier_loss	mean_train_brier_loss	mean_test_f1	mean_train_f1	mean_test_informedness	mean_train_informedness	mean_test_log_loss	mean_train_log_loss	mean_test_markedness	mean_train_markedness	mean_test_mcc	mean_train_mcc	mean_test_negative_predictive_value	mean_train_negative_predictive_value	mean_test_precision	mean_train_precision	mean_test_precision_recall_auc	mean_train_precision_recall_auc	mean_test_roc_auc	mean_train_roc_auc	mean_test_sensitivity	mean_train_sensitivity	mean_test_specificity	mean_train_specificity
mcc	nan	nan	0.807 ± 0.169493	1.000 ± 0.000000	0.698 ± 0.164476	1.000 ± 0.002357	0.23125 ± 0.097177	0.03973 ± 0.044326	0.606 ± 0.274673	1.000 ± 0.002385	0.395 ± 0.328951	0.999 ± 0.004713	0.9600 ± 0.744441	0.1706 ± 0.129072	0.422 ± 0.409851	0.999 ± 0.003599	0.421 ± 0.336527	0.999 ± 0.004157	0.752 ± 0.182965	0.999 ± 0.003599	0.670 ± 0.301435	1.000 ± 0.000000	0.775 ± 0.203314	1.000 ± 0.000000	0.775 ± 0.183271	1.000 ± 0.000000	0.613 ± 0.326790	0.999 ± 0.004713	0.782 ± 0.208189	1.000 ± 0.000000
precision_recall_auc	nan	nan	0.840 ± 0.143723	1.000 ± 0.000000	0.711 ± 0.172303	0.998 ± 0.007609	0.21450 ± 0.098875	0.03304 ± 0.028866	0.610 ± 0.283187	0.998 ± 0.007942	0.421 ± 0.344606	0.997 ± 0.015219	0.9188 ± 0.728464	0.1515 ± 0.096142	0.456 ± 0.425188	0.998 ± 0.011121	0.451 ± 0.347828	0.997 ± 0.013182	0.754 ± 0.187348	0.998 ± 0.011121	0.703 ± 0.315420	1.000 ± 0.000000	0.816 ± 0.170948	1.000 ± 0.000000	0.804 ± 0.172463	1.000 ± 0.000000	0.608 ± 0.334289	0.997 ± 0.015219	0.813 ± 0.217079	1.000 ± 0.000000
roc_auc	nan	nan	0.828 ± 0.152062	1.000 ± 0.001591	0.700 ± 0.176114	0.994 ± 0.021473	0.21388 ± 0.103201	0.01780 ± 0.020714	0.594 ± 0.293046	0.994 ± 0.024298	0.400 ± 0.352228	0.988 ± 0.042947	0.8602 ± 0.589898	0.1009 ± 0.074466	0.426 ± 0.449953	0.991 ± 0.034965	0.430 ± 0.357847	0.990 ± 0.038784	0.743 ± 0.188846	0.994 ± 0.024245	0.683 ± 0.335246	0.997 ± 0.023089	0.800 ± 0.183288	1.000 ± 0.001602	0.790 ± 0.175275	1.000 ± 0.002260	0.592 ± 0.339338	0.991 ± 0.036240	0.808 ± 0.227084	0.997 ± 0.020951
