	mean_best_threshold_tuning_score	mean_best_threshold	mean_test_average_precision	mean_train_average_precision	mean_test_balanced_accuracy	mean_train_balanced_accuracy	mean_test_brier_loss	mean_train_brier_loss	mean_test_f1	mean_train_f1	mean_test_informedness	mean_train_informedness	mean_test_log_loss	mean_train_log_loss	mean_test_markedness	mean_train_markedness	mean_test_mcc	mean_train_mcc	mean_test_negative_predictive_value	mean_train_negative_predictive_value	mean_test_precision	mean_train_precision	mean_test_precision_recall_auc	mean_train_precision_recall_auc	mean_test_roc_auc	mean_train_roc_auc	mean_test_sensitivity	mean_train_sensitivity	mean_test_specificity	mean_train_specificity
mcc	nan	nan	0.843 ± 0.157494	1.000 ± 0.000000	0.726 ± 0.154236	0.998 ± 0.006606	0.19247 ± 0.092554	0.04541 ± 0.042269	0.642 ± 0.264191	0.998 ± 0.007122	0.453 ± 0.308472	0.996 ± 0.013212	0.8768 ± 0.778701	0.1846 ± 0.125345	0.487 ± 0.399653	0.996 ± 0.013470	0.484 ± 0.314052	0.996 ± 0.013328	0.783 ± 0.178625	0.999 ± 0.004531	0.704 ± 0.298139	0.998 ± 0.012910	0.820 ± 0.187550	1.000 ± 0.000000	0.798 ± 0.187316	1.000 ± 0.000000	0.650 ± 0.317212	0.999 ± 0.005461	0.803 ± 0.208349	0.998 ± 0.012299
precision_recall_auc	nan	nan	0.855 ± 0.145957	1.000 ± 0.000000	0.742 ± 0.169926	1.000 ± 0.002279	0.18782 ± 0.098952	0.03043 ± 0.026239	0.660 ± 0.257228	1.000 ± 0.002306	0.483 ± 0.339851	0.999 ± 0.004559	0.8222 ± 0.688419	0.1434 ± 0.085099	0.534 ± 0.375951	0.999 ± 0.003704	0.512 ± 0.334936	0.999 ± 0.004130	0.779 ± 0.191879	0.999 ± 0.003704	0.755 ± 0.265227	1.000 ± 0.000000	0.836 ± 0.168505	1.000 ± 0.000000	0.805 ± 0.182965	1.000 ± 0.000000	0.653 ± 0.317819	0.999 ± 0.004559	0.830 ± 0.188712	1.000 ± 0.000000
roc_auc	nan	nan	0.849 ± 0.149628	1.000 ± 0.001723	0.737 ± 0.162212	0.996 ± 0.019747	0.19221 ± 0.100762	0.02315 ± 0.025280	0.670 ± 0.232581	0.996 ± 0.021949	0.474 ± 0.324423	0.992 ± 0.039495	0.7812 ± 0.618063	0.1183 ± 0.081979	0.538 ± 0.344123	0.993 ± 0.036593	0.505 ± 0.322196	0.993 ± 0.037919	0.785 ± 0.187013	0.997 ± 0.016479	0.753 ± 0.243728	0.996 ± 0.029916	0.828 ± 0.174534	1.000 ± 0.001733	0.806 ± 0.186560	1.000 ± 0.002744	0.672 ± 0.298527	0.996 ± 0.023741	0.802 ± 0.204530	0.996 ± 0.028808
