	mean_ncv_average_precision	mean_ncv_balanced_accuracy	mean_ncv_brier_loss	mean_ncv_f1	mean_ncv_informedness	mean_ncv_log_loss	mean_ncv_markedness	mean_ncv_mcc	mean_ncv_negative_predictive_value	mean_ncv_precision	mean_ncv_precision_recall_auc	mean_ncv_roc_auc	mean_ncv_sensitivity	mean_ncv_specificity
mcc	0.777 ± 0.050427	0.710 ± 0.047638	0.20484 ± 0.032336	0.667 ± 0.061717	0.420 ± 0.095276	0.8976 ± 0.298380	0.434 ± 0.092296	0.427 ± 0.093647	0.726 ± 0.044856	0.708 ± 0.053067	0.770 ± 0.052577	0.754 ± 0.060609	0.633 ± 0.079436	0.786 ± 0.048152
precision_recall_auc	0.808 ± 0.030076	0.733 ± 0.038294	0.18562 ± 0.022128	0.696 ± 0.045156	0.466 ± 0.076587	0.8487 ± 0.194163	0.480 ± 0.078599	0.473 ± 0.077412	0.744 ± 0.036020	0.736 ± 0.048903	0.803 ± 0.031918	0.775 ± 0.043332	0.661 ± 0.055246	0.805 ± 0.043122
roc_auc	0.800 ± 0.049110	0.728 ± 0.051461	0.19482 ± 0.030202	0.688 ± 0.065454	0.456 ± 0.102922	0.7882 ± 0.204274	0.471 ± 0.101301	0.463 ± 0.101776	0.742 ± 0.054103	0.729 ± 0.058058	0.795 ± 0.050685	0.767 ± 0.059320	0.656 ± 0.089963	0.800 ± 0.048862
