	mean_best_threshold_tuning_score	mean_best_threshold	mean_test_average_precision	mean_train_average_precision	mean_test_balanced_accuracy	mean_train_balanced_accuracy	mean_test_brier_loss	mean_train_brier_loss	mean_test_f1	mean_train_f1	mean_test_informedness	mean_train_informedness	mean_test_log_loss	mean_train_log_loss	mean_test_markedness	mean_train_markedness	mean_test_mcc	mean_train_mcc	mean_test_negative_predictive_value	mean_train_negative_predictive_value	mean_test_precision	mean_train_precision	mean_test_precision_recall_auc	mean_train_precision_recall_auc	mean_test_roc_auc	mean_train_roc_auc	mean_test_sensitivity	mean_train_sensitivity	mean_test_specificity	mean_train_specificity
mcc	nan	nan	0.939 ± 0.079582	0.970 ± 0.020752	0.839 ± 0.130291	0.929 ± 0.047826	0.13050 ± 0.059727	0.08087 ± 0.037825	0.801 ± 0.169119	0.922 ± 0.052699	0.679 ± 0.260582	0.857 ± 0.095651	0.4717 ± 0.254470	0.2989 ± 0.121716	0.729 ± 0.234329	0.872 ± 0.090457	0.701 ± 0.245237	0.864 ± 0.092785	0.840 ± 0.145903	0.921 ± 0.049787	0.889 ± 0.155606	0.951 ± 0.050118	0.932 ± 0.089855	0.971 ± 0.019080	0.928 ± 0.097284	0.964 ± 0.024091	0.767 ± 0.223353	0.897 ± 0.067616	0.912 ± 0.123949	0.960 ± 0.044762
precision_recall_auc	nan	nan	0.946 ± 0.070901	0.969 ± 0.019830	0.849 ± 0.116655	0.923 ± 0.051467	0.12837 ± 0.047740	0.08178 ± 0.041548	0.815 ± 0.152058	0.916 ± 0.057399	0.698 ± 0.233309	0.847 ± 0.102934	0.4710 ± 0.198472	0.2991 ± 0.132303	0.752 ± 0.204803	0.862 ± 0.096654	0.722 ± 0.216841	0.854 ± 0.099600	0.849 ± 0.132841	0.913 ± 0.054923	0.903 ± 0.147684	0.948 ± 0.048769	0.944 ± 0.068797	0.970 ± 0.018163	0.937 ± 0.087514	0.965 ± 0.020135	0.782 ± 0.206807	0.887 ± 0.073836	0.916 ± 0.133417	0.960 ± 0.040064
roc_auc	nan	nan	0.941 ± 0.074696	0.967 ± 0.022388	0.831 ± 0.111664	0.909 ± 0.059418	0.13405 ± 0.044529	0.08613 ± 0.043797	0.801 ± 0.144761	0.900 ± 0.066171	0.662 ± 0.223329	0.819 ± 0.118837	0.4848 ± 0.189325	0.3090 ± 0.137460	0.717 ± 0.206155	0.828 ± 0.116976	0.686 ± 0.211661	0.823 ± 0.117723	0.849 ± 0.132580	0.907 ± 0.057165	0.868 ± 0.152226	0.922 ± 0.067286	0.939 ± 0.074246	0.969 ± 0.019324	0.931 ± 0.089369	0.965 ± 0.020420	0.785 ± 0.203491	0.881 ± 0.074663	0.877 ± 0.144706	0.938 ± 0.055315
