	mean_best_threshold_tuning_score	mean_best_threshold	mean_test_average_precision	mean_train_average_precision	mean_test_balanced_accuracy	mean_train_balanced_accuracy	mean_test_brier_loss	mean_train_brier_loss	mean_test_f1	mean_train_f1	mean_test_informedness	mean_train_informedness	mean_test_log_loss	mean_train_log_loss	mean_test_markedness	mean_train_markedness	mean_test_mcc	mean_train_mcc	mean_test_negative_predictive_value	mean_train_negative_predictive_value	mean_test_precision	mean_train_precision	mean_test_precision_recall_auc	mean_train_precision_recall_auc	mean_test_roc_auc	mean_train_roc_auc	mean_test_sensitivity	mean_train_sensitivity	mean_test_specificity	mean_train_specificity
mcc	nan	nan	0.887 ± 0.134473	0.995 ± 0.012771	0.779 ± 0.135414	0.978 ± 0.039537	0.15053 ± 0.089165	0.01720 ± 0.023359	0.740 ± 0.170972	0.975 ± 0.043861	0.559 ± 0.270827	0.955 ± 0.079074	0.5009 ± 0.408573	0.0828 ± 0.071787	0.608 ± 0.272777	0.960 ± 0.073417	0.581 ± 0.268169	0.957 ± 0.076201	0.802 ± 0.135798	0.974 ± 0.043733	0.806 ± 0.202048	0.986 ± 0.033078	0.869 ± 0.159206	0.995 ± 0.012917	0.880 ± 0.144382	0.996 ± 0.011606	0.727 ± 0.210307	0.966 ± 0.057101	0.832 ± 0.183158	0.989 ± 0.025485
precision_recall_auc	nan	nan	0.895 ± 0.100975	0.995 ± 0.013951	0.728 ± 0.167679	0.914 ± 0.174515	0.15048 ± 0.069290	0.01337 ± 0.026713	0.573 ± 0.353383	0.842 ± 0.347275	0.455 ± 0.335358	0.828 ± 0.349029	0.4629 ± 0.219840	0.0539 ± 0.084419	0.404 ± 0.523184	0.771 ± 0.502914	0.479 ± 0.343120	0.831 ± 0.347865	0.741 ± 0.153304	0.918 ± 0.158973	0.663 ± 0.408478	0.853 ± 0.348703	0.878 ± 0.120207	0.995 ± 0.014133	0.892 ± 0.106330	0.996 ± 0.012053	0.533 ± 0.349927	0.834 ± 0.348505	0.922 ± 0.139299	0.995 ± 0.020844
roc_auc	nan	nan	0.914 ± 0.083914	0.990 ± 0.019670	0.766 ± 0.155261	0.923 ± 0.152230	0.14489 ± 0.067048	0.02106 ± 0.037512	0.655 ± 0.307122	0.870 ± 0.298968	0.531 ± 0.310523	0.846 ± 0.304459	0.4451 ± 0.199430	0.0736 ± 0.115817	0.524 ± 0.453712	0.803 ± 0.434519	0.557 ± 0.310227	0.847 ± 0.304122	0.778 ± 0.164533	0.927 ± 0.138458	0.746 ± 0.341541	0.876 ± 0.299323	0.899 ± 0.103322	0.990 ± 0.019919	0.913 ± 0.075909	0.991 ± 0.017793	0.623 ± 0.328727	0.865 ± 0.299473	0.908 ± 0.130681	0.981 ± 0.042371
