	mean_best_threshold_tuning_score	mean_best_threshold	mean_test_average_precision	mean_train_average_precision	mean_test_balanced_accuracy	mean_train_balanced_accuracy	mean_test_brier_loss	mean_train_brier_loss	mean_test_f1	mean_train_f1	mean_test_informedness	mean_train_informedness	mean_test_log_loss	mean_train_log_loss	mean_test_markedness	mean_train_markedness	mean_test_mcc	mean_train_mcc	mean_test_negative_predictive_value	mean_train_negative_predictive_value	mean_test_precision	mean_train_precision	mean_test_precision_recall_auc	mean_train_precision_recall_auc	mean_test_roc_auc	mean_train_roc_auc	mean_test_sensitivity	mean_train_sensitivity	mean_test_specificity	mean_train_specificity
mcc	nan	nan	0.833 ± 0.148696	1.000 ± 0.000000	0.720 ± 0.131257	1.000 ± 0.001684	0.19788 ± 0.084145	0.03817 ± 0.038787	0.629 ± 0.238058	1.000 ± 0.001704	0.441 ± 0.262514	1.000 ± 0.003367	0.8554 ± 0.938700	0.1595 ± 0.130750	0.519 ± 0.365038	1.000 ± 0.002571	0.486 ± 0.275812	1.000 ± 0.002970	0.755 ± 0.160008	1.000 ± 0.002571	0.764 ± 0.298700	1.000 ± 0.000000	0.806 ± 0.180616	1.000 ± 0.000000	0.799 ± 0.175159	1.000 ± 0.000000	0.602 ± 0.291261	1.000 ± 0.003367	0.839 ± 0.205359	1.000 ± 0.000000
precision_recall_auc	nan	nan	0.822 ± 0.145101	1.000 ± 0.000000	0.702 ± 0.135435	1.000 ± 0.001684	0.20282 ± 0.087425	0.02454 ± 0.033619	0.598 ± 0.250309	1.000 ± 0.001704	0.404 ± 0.270870	1.000 ± 0.003367	0.9678 ± 0.980642	0.1122 ± 0.115402	0.464 ± 0.399091	1.000 ± 0.002571	0.446 ± 0.291541	1.000 ± 0.002970	0.730 ± 0.160760	1.000 ± 0.002571	0.734 ± 0.320616	1.000 ± 0.000000	0.792 ± 0.177675	1.000 ± 0.000000	0.780 ± 0.167497	1.000 ± 0.000000	0.562 ± 0.292968	1.000 ± 0.003367	0.842 ± 0.201109	1.000 ± 0.000000
roc_auc	nan	nan	0.818 ± 0.145858	1.000 ± 0.000252	0.710 ± 0.159686	0.995 ± 0.020732	0.20109 ± 0.087626	0.01201 ± 0.018855	0.599 ± 0.283848	0.994 ± 0.023020	0.420 ± 0.319372	0.989 ± 0.041463	0.8597 ± 0.674177	0.0726 ± 0.073138	0.463 ± 0.436593	0.992 ± 0.028414	0.455 ± 0.336983	0.991 ± 0.035052	0.739 ± 0.174233	0.992 ± 0.028414	0.725 ± 0.338602	1.000 ± 0.000000	0.786 ± 0.181277	1.000 ± 0.000255	0.782 ± 0.163943	1.000 ± 0.000196	0.568 ± 0.322832	0.989 ± 0.041463	0.852 ± 0.191918	1.000 ± 0.000000
