	mean_ncv_average_precision	mean_ncv_balanced_accuracy	mean_ncv_brier_loss	mean_ncv_f1	mean_ncv_informedness	mean_ncv_log_loss	mean_ncv_markedness	mean_ncv_mcc	mean_ncv_negative_predictive_value	mean_ncv_precision	mean_ncv_precision_recall_auc	mean_ncv_roc_auc	mean_ncv_sensitivity	mean_ncv_specificity
mcc	0.764 ± 0.058198	0.718 ± 0.042092	0.20410 ± 0.029473	0.660 ± 0.052680	0.437 ± 0.084184	0.8306 ± 0.300803	0.488 ± 0.102605	0.462 ± 0.092510	0.713 ± 0.030730	0.775 ± 0.077712	0.756 ± 0.061429	0.750 ± 0.062021	0.578 ± 0.053672	0.859 ± 0.058486
precision_recall_auc	0.772 ± 0.087691	0.706 ± 0.058889	0.20112 ± 0.037562	0.645 ± 0.077941	0.412 ± 0.117778	0.8139 ± 0.252776	0.460 ± 0.138956	0.435 ± 0.127335	0.705 ± 0.043291	0.755 ± 0.101497	0.763 ± 0.094858	0.757 ± 0.067489	0.567 ± 0.077690	0.845 ± 0.071710
roc_auc	0.784 ± 0.060754	0.703 ± 0.057440	0.20506 ± 0.039803	0.640 ± 0.079422	0.407 ± 0.114880	0.7836 ± 0.193279	0.455 ± 0.129901	0.430 ± 0.121481	0.703 ± 0.043393	0.752 ± 0.093129	0.779 ± 0.062834	0.750 ± 0.065359	0.561 ± 0.084660	0.845 ± 0.068434
