	mean_ncv_average_precision	mean_ncv_balanced_accuracy	mean_ncv_brier_loss	mean_ncv_f1	mean_ncv_informedness	mean_ncv_log_loss	mean_ncv_markedness	mean_ncv_mcc	mean_ncv_negative_predictive_value	mean_ncv_precision	mean_ncv_precision_recall_auc	mean_ncv_roc_auc	mean_ncv_sensitivity	mean_ncv_specificity
mcc	0.817 ± 0.030824	0.766 ± 0.036695	0.17911 ± 0.014680	0.730 ± 0.045678	0.532 ± 0.073390	0.6127 ± 0.156914	0.559 ± 0.073386	0.546 ± 0.072782	0.766 ± 0.037069	0.794 ± 0.048385	0.812 ± 0.032102	0.803 ± 0.038820	0.678 ± 0.063072	0.855 ± 0.041770
precision_recall_auc	0.804 ± 0.042049	0.733 ± 0.046934	0.19067 ± 0.024388	0.674 ± 0.065786	0.465 ± 0.093868	0.6449 ± 0.137731	0.524 ± 0.097912	0.494 ± 0.095051	0.722 ± 0.040098	0.802 ± 0.065329	0.799 ± 0.043738	0.772 ± 0.045679	0.583 ± 0.075223	0.882 ± 0.038331
roc_auc	0.798 ± 0.040840	0.737 ± 0.038666	0.19080 ± 0.021834	0.687 ± 0.048727	0.475 ± 0.077331	0.6246 ± 0.117679	0.523 ± 0.096375	0.498 ± 0.085612	0.731 ± 0.030907	0.791 ± 0.076971	0.792 ± 0.043354	0.783 ± 0.044117	0.611 ± 0.058561	0.864 ± 0.060606
