	mean_best_threshold_tuning_score	mean_best_threshold	mean_test_average_precision	mean_train_average_precision	mean_test_balanced_accuracy	mean_train_balanced_accuracy	mean_test_brier_loss	mean_train_brier_loss	mean_test_f1	mean_train_f1	mean_test_informedness	mean_train_informedness	mean_test_log_loss	mean_train_log_loss	mean_test_markedness	mean_train_markedness	mean_test_mcc	mean_train_mcc	mean_test_negative_predictive_value	mean_train_negative_predictive_value	mean_test_precision	mean_train_precision	mean_test_precision_recall_auc	mean_train_precision_recall_auc	mean_test_roc_auc	mean_train_roc_auc	mean_test_sensitivity	mean_train_sensitivity	mean_test_specificity	mean_train_specificity
mcc	nan	nan	0.864 ± 0.130363	0.989 ± 0.015281	0.814 ± 0.110905	0.967 ± 0.023449	0.16219 ± 0.066513	0.04808 ± 0.046898	0.784 ± 0.132074	0.965 ± 0.025338	0.628 ± 0.221811	0.934 ± 0.046897	0.6196 ± 0.377939	0.1931 ± 0.149245	0.674 ± 0.204221	0.947 ± 0.039986	0.648 ± 0.210296	0.941 ± 0.043210	0.860 ± 0.138337	0.953 ± 0.030982	0.813 ± 0.184974	0.994 ± 0.019258	0.837 ± 0.165423	0.989 ± 0.015606	0.859 ± 0.127198	0.985 ± 0.022752	0.815 ± 0.196548	0.939 ± 0.041465	0.813 ± 0.196606	0.995 ± 0.015680
precision_recall_auc	nan	nan	0.890 ± 0.123492	0.982 ± 0.017317	0.829 ± 0.122558	0.942 ± 0.046036	0.16422 ± 0.058344	0.07499 ± 0.057022	0.801 ± 0.143887	0.938 ± 0.050660	0.659 ± 0.245116	0.885 ± 0.092071	0.5744 ± 0.268301	0.2723 ± 0.170188	0.703 ± 0.235182	0.899 ± 0.091151	0.679 ± 0.237842	0.892 ± 0.091289	0.859 ± 0.142708	0.932 ± 0.044012	0.844 ± 0.187741	0.967 ± 0.056845	0.868 ± 0.155871	0.982 ± 0.017749	0.887 ± 0.125880	0.978 ± 0.022156	0.812 ± 0.196922	0.912 ± 0.057691	0.847 ± 0.195200	0.972 ± 0.048436
roc_auc	nan	nan	0.895 ± 0.118713	0.980 ± 0.026778	0.819 ± 0.121137	0.935 ± 0.057343	0.16605 ± 0.063318	0.07555 ± 0.061791	0.785 ± 0.150358	0.928 ± 0.067481	0.638 ± 0.242274	0.871 ± 0.114687	0.6142 ± 0.402937	0.2698 ± 0.182836	0.683 ± 0.220687	0.887 ± 0.101700	0.658 ± 0.229278	0.879 ± 0.107499	0.847 ± 0.149086	0.927 ± 0.057477	0.835 ± 0.175179	0.960 ± 0.060290	0.878 ± 0.148690	0.982 ± 0.020494	0.891 ± 0.123713	0.980 ± 0.022539	0.800 ± 0.210280	0.904 ± 0.087967	0.838 ± 0.190745	0.967 ± 0.050904
