	mean_best_threshold_tuning_score	mean_best_threshold	mean_test_average_precision	mean_train_average_precision	mean_test_balanced_accuracy	mean_train_balanced_accuracy	mean_test_brier_loss	mean_train_brier_loss	mean_test_f1	mean_train_f1	mean_test_informedness	mean_train_informedness	mean_test_log_loss	mean_train_log_loss	mean_test_markedness	mean_train_markedness	mean_test_mcc	mean_train_mcc	mean_test_negative_predictive_value	mean_train_negative_predictive_value	mean_test_precision	mean_train_precision	mean_test_precision_recall_auc	mean_train_precision_recall_auc	mean_test_roc_auc	mean_train_roc_auc	mean_test_sensitivity	mean_train_sensitivity	mean_test_specificity	mean_train_specificity
mcc	nan	nan	0.931 ± 0.091483	0.968 ± 0.014130	0.821 ± 0.121210	0.910 ± 0.042539	0.13423 ± 0.061251	0.08775 ± 0.028366	0.780 ± 0.153025	0.900 ± 0.048762	0.642 ± 0.242419	0.820 ± 0.085078	0.4910 ± 0.399910	0.3207 ± 0.091189	0.699 ± 0.228089	0.839 ± 0.080125	0.667 ± 0.231701	0.829 ± 0.082351	0.828 ± 0.140511	0.897 ± 0.043547	0.871 ± 0.166447	0.941 ± 0.043931	0.921 ± 0.107839	0.968 ± 0.014318	0.916 ± 0.120371	0.963 ± 0.017361	0.747 ± 0.214920	0.864 ± 0.061882	0.895 ± 0.141151	0.956 ± 0.035002
precision_recall_auc	nan	nan	0.943 ± 0.076999	0.964 ± 0.019855	0.833 ± 0.127919	0.895 ± 0.047806	0.13848 ± 0.066381	0.09411 ± 0.033290	0.802 ± 0.158420	0.884 ± 0.054157	0.666 ± 0.255838	0.791 ± 0.095613	0.4781 ± 0.237390	0.3355 ± 0.103471	0.716 ± 0.241133	0.811 ± 0.093582	0.689 ± 0.246770	0.801 ± 0.094211	0.846 ± 0.135555	0.885 ± 0.048292	0.870 ± 0.179152	0.926 ± 0.057741	0.936 ± 0.088402	0.964 ± 0.018004	0.933 ± 0.093669	0.961 ± 0.019552	0.780 ± 0.206032	0.848 ± 0.066525	0.886 ± 0.172627	0.943 ± 0.047535
roc_auc	nan	nan	0.934 ± 0.083754	0.961 ± 0.019640	0.840 ± 0.120142	0.884 ± 0.048100	0.13700 ± 0.061775	0.10042 ± 0.031186	0.811 ± 0.145586	0.872 ± 0.053680	0.681 ± 0.240284	0.769 ± 0.096200	0.5173 ± 0.436907	0.3518 ± 0.100312	0.719 ± 0.235591	0.784 ± 0.096145	0.699 ± 0.236158	0.776 ± 0.095706	0.848 ± 0.134392	0.880 ± 0.048062	0.872 ± 0.165857	0.903 ± 0.061356	0.930 ± 0.089276	0.961 ± 0.017020	0.921 ± 0.111062	0.960 ± 0.018147	0.787 ± 0.191337	0.845 ± 0.065504	0.894 ± 0.142012	0.924 ± 0.052237
