	mean_best_threshold_tuning_score	mean_best_threshold	mean_test_average_precision	mean_train_average_precision	mean_test_balanced_accuracy	mean_train_balanced_accuracy	mean_test_brier_loss	mean_train_brier_loss	mean_test_f1	mean_train_f1	mean_test_informedness	mean_train_informedness	mean_test_log_loss	mean_train_log_loss	mean_test_markedness	mean_train_markedness	mean_test_mcc	mean_train_mcc	mean_test_negative_predictive_value	mean_train_negative_predictive_value	mean_test_precision	mean_train_precision	mean_test_precision_recall_auc	mean_train_precision_recall_auc	mean_test_roc_auc	mean_train_roc_auc	mean_test_sensitivity	mean_train_sensitivity	mean_test_specificity	mean_train_specificity
mcc	nan	nan	0.944 ± 0.076289	0.966 ± 0.020672	0.853 ± 0.114224	0.913 ± 0.045555	0.11625 ± 0.058937	0.08237 ± 0.034197	0.826 ± 0.136735	0.905 ± 0.050656	0.707 ± 0.228447	0.827 ± 0.091110	0.4212 ± 0.231574	0.2956 ± 0.110608	0.745 ± 0.210218	0.845 ± 0.085468	0.724 ± 0.217023	0.836 ± 0.088000	0.871 ± 0.134913	0.901 ± 0.050820	0.873 ± 0.156202	0.944 ± 0.044494	0.937 ± 0.085680	0.967 ± 0.018392	0.933 ± 0.097487	0.963 ± 0.021346	0.822 ± 0.193437	0.870 ± 0.068292	0.885 ± 0.150932	0.956 ± 0.037517
precision_recall_auc	nan	nan	0.947 ± 0.069814	0.967 ± 0.025200	0.853 ± 0.111318	0.920 ± 0.045073	0.11473 ± 0.058429	0.07605 ± 0.037639	0.826 ± 0.136450	0.912 ± 0.050817	0.706 ± 0.222635	0.840 ± 0.090146	0.4219 ± 0.252213	0.2715 ± 0.121239	0.751 ± 0.208737	0.857 ± 0.083138	0.727 ± 0.213551	0.848 ± 0.086402	0.871 ± 0.131700	0.908 ± 0.051542	0.880 ± 0.164692	0.949 ± 0.041842	0.942 ± 0.076230	0.969 ± 0.021890	0.934 ± 0.090823	0.966 ± 0.023640	0.815 ± 0.192909	0.879 ± 0.069846	0.891 ± 0.157367	0.961 ± 0.033029
roc_auc	nan	nan	0.946 ± 0.069855	0.957 ± 0.028518	0.844 ± 0.109217	0.895 ± 0.053626	0.12521 ± 0.047379	0.09258 ± 0.039883	0.816 ± 0.132595	0.883 ± 0.059964	0.687 ± 0.218433	0.789 ± 0.107252	0.4766 ± 0.320414	0.3217 ± 0.127345	0.733 ± 0.205920	0.806 ± 0.105814	0.709 ± 0.209985	0.797 ± 0.106077	0.865 ± 0.131331	0.888 ± 0.054519	0.868 ± 0.167664	0.918 ± 0.065106	0.942 ± 0.076628	0.960 ± 0.023753	0.939 ± 0.083397	0.959 ± 0.024241	0.810 ± 0.191248	0.854 ± 0.073676	0.877 ± 0.165434	0.935 ± 0.054605
