	mean_ncv_average_precision	mean_ncv_balanced_accuracy	mean_ncv_brier_loss	mean_ncv_f1	mean_ncv_informedness	mean_ncv_log_loss	mean_ncv_markedness	mean_ncv_mcc	mean_ncv_negative_predictive_value	mean_ncv_precision	mean_ncv_precision_recall_auc	mean_ncv_roc_auc	mean_ncv_sensitivity	mean_ncv_specificity
mcc	0.867 ± 0.039746	0.796 ± 0.037071	0.15294 ± 0.014645	0.766 ± 0.040926	0.592 ± 0.074143	0.4826 ± 0.041750	0.629 ± 0.096571	0.610 ± 0.083752	0.787 ± 0.028506	0.843 ± 0.082252	0.864 ± 0.041708	0.857 ± 0.029336	0.706 ± 0.045737	0.886 ± 0.065169
precision_recall_auc	0.869 ± 0.034814	0.811 ± 0.030508	0.15299 ± 0.012740	0.783 ± 0.036494	0.622 ± 0.061016	0.4831 ± 0.040719	0.659 ± 0.071606	0.640 ± 0.064741	0.799 ± 0.028931	0.860 ± 0.062108	0.866 ± 0.036571	0.857 ± 0.026417	0.722 ± 0.052378	0.900 ± 0.051604
roc_auc	0.877 ± 0.033721	0.809 ± 0.031948	0.14928 ± 0.012759	0.782 ± 0.039928	0.619 ± 0.063895	0.4743 ± 0.041173	0.649 ± 0.067644	0.634 ± 0.064701	0.801 ± 0.031046	0.848 ± 0.052813	0.875 ± 0.035647	0.863 ± 0.028715	0.728 ± 0.055246	0.891 ± 0.043913
