	mean_best_threshold_tuning_score	mean_best_threshold	mean_test_average_precision	mean_train_average_precision	mean_test_balanced_accuracy	mean_train_balanced_accuracy	mean_test_brier_loss	mean_train_brier_loss	mean_test_f1	mean_train_f1	mean_test_informedness	mean_train_informedness	mean_test_log_loss	mean_train_log_loss	mean_test_markedness	mean_train_markedness	mean_test_mcc	mean_train_mcc	mean_test_negative_predictive_value	mean_train_negative_predictive_value	mean_test_precision	mean_train_precision	mean_test_precision_recall_auc	mean_train_precision_recall_auc	mean_test_roc_auc	mean_train_roc_auc	mean_test_sensitivity	mean_train_sensitivity	mean_test_specificity	mean_train_specificity
mcc	nan	nan	0.856 ± 0.109199	1.000 ± 0.000000	0.770 ± 0.110553	1.000 ± 0.000000	0.17253 ± 0.056516	0.01414 ± 0.002666	0.733 ± 0.138262	1.000 ± 0.000000	0.540 ± 0.221105	1.000 ± 0.000000	0.5228 ± 0.146878	0.1046 ± 0.013341	0.584 ± 0.219478	1.000 ± 0.000000	0.559 ± 0.216831	1.000 ± 0.000000	0.811 ± 0.133430	1.000 ± 0.000000	0.773 ± 0.178678	1.000 ± 0.000000	0.838 ± 0.127128	1.000 ± 0.000000	0.836 ± 0.132277	1.000 ± 0.000000	0.747 ± 0.197748	1.000 ± 0.000000	0.793 ± 0.181549	1.000 ± 0.000000
precision_recall_auc	nan	nan	0.871 ± 0.108341	1.000 ± 0.000000	0.773 ± 0.116150	1.000 ± 0.000000	0.17056 ± 0.053845	0.01343 ± 0.002386	0.729 ± 0.155171	1.000 ± 0.000000	0.546 ± 0.232300	1.000 ± 0.000000	0.5190 ± 0.143030	0.1012 ± 0.013043	0.593 ± 0.224717	1.000 ± 0.000000	0.567 ± 0.225203	1.000 ± 0.000000	0.809 ± 0.128958	1.000 ± 0.000000	0.784 ± 0.194437	1.000 ± 0.000000	0.854 ± 0.124655	1.000 ± 0.000000	0.848 ± 0.128180	1.000 ± 0.000000	0.735 ± 0.208717	1.000 ± 0.000000	0.811 ± 0.182189	1.000 ± 0.000000
roc_auc	nan	nan	0.860 ± 0.108940	1.000 ± 0.000000	0.768 ± 0.108940	1.000 ± 0.000000	0.17110 ± 0.054477	0.01365 ± 0.002591	0.730 ± 0.138338	1.000 ± 0.000000	0.537 ± 0.217880	1.000 ± 0.000000	0.5170 ± 0.140352	0.1023 ± 0.013310	0.580 ± 0.219208	1.000 ± 0.000000	0.556 ± 0.214993	1.000 ± 0.000000	0.808 ± 0.130103	1.000 ± 0.000000	0.772 ± 0.183697	1.000 ± 0.000000	0.845 ± 0.122399	1.000 ± 0.000000	0.842 ± 0.125558	1.000 ± 0.000000	0.742 ± 0.194343	1.000 ± 0.000000	0.795 ± 0.176199	1.000 ± 0.000000
