	mean_best_threshold_tuning_score	mean_best_threshold	mean_test_average_precision	mean_train_average_precision	mean_test_balanced_accuracy	mean_train_balanced_accuracy	mean_test_brier_loss	mean_train_brier_loss	mean_test_f1	mean_train_f1	mean_test_informedness	mean_train_informedness	mean_test_log_loss	mean_train_log_loss	mean_test_markedness	mean_train_markedness	mean_test_mcc	mean_train_mcc	mean_test_negative_predictive_value	mean_train_negative_predictive_value	mean_test_precision	mean_train_precision	mean_test_precision_recall_auc	mean_train_precision_recall_auc	mean_test_roc_auc	mean_train_roc_auc	mean_test_sensitivity	mean_train_sensitivity	mean_test_specificity	mean_train_specificity
mcc	nan	nan	0.861 ± 0.102779	1.000 ± 0.000000	0.768 ± 0.110605	1.000 ± 0.000000	0.17395 ± 0.053777	0.01360 ± 0.002355	0.730 ± 0.139179	1.000 ± 0.000000	0.537 ± 0.221211	1.000 ± 0.000000	0.5255 ± 0.139930	0.1025 ± 0.012752	0.583 ± 0.219982	1.000 ± 0.000000	0.557 ± 0.217094	1.000 ± 0.000000	0.808 ± 0.129578	1.000 ± 0.000000	0.775 ± 0.185902	1.000 ± 0.000000	0.844 ± 0.118537	1.000 ± 0.000000	0.836 ± 0.128173	1.000 ± 0.000000	0.742 ± 0.194343	1.000 ± 0.000000	0.795 ± 0.187695	1.000 ± 0.000000
precision_recall_auc	nan	nan	0.871 ± 0.103159	1.000 ± 0.000000	0.770 ± 0.110745	1.000 ± 0.000000	0.16985 ± 0.053078	0.01344 ± 0.002474	0.729 ± 0.143284	1.000 ± 0.000000	0.540 ± 0.221490	1.000 ± 0.000000	0.5140 ± 0.140524	0.1011 ± 0.013161	0.587 ± 0.223044	1.000 ± 0.000000	0.561 ± 0.218619	1.000 ± 0.000000	0.804 ± 0.130150	1.000 ± 0.000000	0.784 ± 0.188397	1.000 ± 0.000000	0.855 ± 0.118891	1.000 ± 0.000000	0.850 ± 0.125645	1.000 ± 0.000000	0.732 ± 0.200120	1.000 ± 0.000000	0.808 ± 0.180803	1.000 ± 0.000000
roc_auc	nan	nan	0.875 ± 0.097832	1.000 ± 0.000000	0.761 ± 0.113029	1.000 ± 0.000000	0.17156 ± 0.053963	0.01330 ± 0.002558	0.723 ± 0.139233	1.000 ± 0.000000	0.522 ± 0.226059	1.000 ± 0.000000	0.5176 ± 0.140554	0.1011 ± 0.012600	0.568 ± 0.227362	1.000 ± 0.000000	0.542 ± 0.223219	1.000 ± 0.000000	0.803 ± 0.135363	1.000 ± 0.000000	0.766 ± 0.186359	1.000 ± 0.000000	0.858 ± 0.113492	1.000 ± 0.000000	0.854 ± 0.119714	1.000 ± 0.000000	0.737 ± 0.197318	1.000 ± 0.000000	0.785 ± 0.189858	1.000 ± 0.000000
