	mean_best_threshold_tuning_score	mean_best_threshold	mean_test_average_precision	mean_train_average_precision	mean_test_balanced_accuracy	mean_train_balanced_accuracy	mean_test_brier_loss	mean_train_brier_loss	mean_test_f1	mean_train_f1	mean_test_informedness	mean_train_informedness	mean_test_log_loss	mean_train_log_loss	mean_test_markedness	mean_train_markedness	mean_test_mcc	mean_train_mcc	mean_test_negative_predictive_value	mean_train_negative_predictive_value	mean_test_precision	mean_train_precision	mean_test_precision_recall_auc	mean_train_precision_recall_auc	mean_test_roc_auc	mean_train_roc_auc	mean_test_sensitivity	mean_train_sensitivity	mean_test_specificity	mean_train_specificity
mcc	nan	nan	0.957 ± 0.074401	0.966 ± 0.019046	0.842 ± 0.114037	0.911 ± 0.045637	0.10857 ± 0.064127	0.06467 ± 0.028296	0.806 ± 0.146181	0.902 ± 0.052428	0.683 ± 0.228075	0.823 ± 0.091274	0.3653 ± 0.195443	0.2321 ± 0.083999	0.751 ± 0.198758	0.845 ± 0.083394	0.714 ± 0.209994	0.834 ± 0.087141	0.845 ± 0.136625	0.896 ± 0.049091	0.906 ± 0.144499	0.949 ± 0.043043	0.952 ± 0.084514	0.966 ± 0.019295	0.951 ± 0.085247	0.960 ± 0.023431	0.768 ± 0.213816	0.860 ± 0.069446	0.915 ± 0.134487	0.963 ± 0.032881
precision_recall_auc	nan	nan	0.947 ± 0.072989	0.962 ± 0.017107	0.837 ± 0.118726	0.864 ± 0.072616	0.12105 ± 0.071716	0.08107 ± 0.029396	0.800 ± 0.174870	0.840 ± 0.134718	0.673 ± 0.237452	0.729 ± 0.145231	0.3893 ± 0.231427	0.2603 ± 0.085651	0.699 ± 0.273052	0.733 ± 0.193738	0.690 ± 0.234061	0.735 ± 0.143322	0.852 ± 0.137034	0.867 ± 0.067813	0.848 ± 0.200397	0.866 ± 0.139666	0.939 ± 0.083363	0.961 ± 0.017348	0.935 ± 0.099571	0.959 ± 0.018951	0.788 ± 0.215742	0.820 ± 0.141996	0.885 ± 0.142231	0.908 ± 0.055399
roc_auc	nan	nan	0.948 ± 0.072488	0.960 ± 0.016868	0.839 ± 0.118178	0.852 ± 0.072587	0.12054 ± 0.070169	0.08616 ± 0.028399	0.802 ± 0.174906	0.824 ± 0.135951	0.678 ± 0.236357	0.704 ± 0.145175	0.3940 ± 0.245274	0.2737 ± 0.082289	0.705 ± 0.271876	0.715 ± 0.189403	0.696 ± 0.232721	0.713 ± 0.139725	0.853 ± 0.136458	0.857 ± 0.070527	0.853 ± 0.201028	0.858 ± 0.141646	0.941 ± 0.082775	0.960 ± 0.017110	0.936 ± 0.099192	0.959 ± 0.018118	0.788 ± 0.215742	0.803 ± 0.152451	0.890 ± 0.141782	0.900 ± 0.061007
