	mean_ncv_average_precision	mean_ncv_balanced_accuracy	mean_ncv_brier_loss	mean_ncv_f1	mean_ncv_informedness	mean_ncv_log_loss	mean_ncv_markedness	mean_ncv_mcc	mean_ncv_negative_predictive_value	mean_ncv_precision	mean_ncv_precision_recall_auc	mean_ncv_roc_auc	mean_ncv_sensitivity	mean_ncv_specificity
mcc	0.938 ± 0.010801	0.863 ± 0.010988	0.09107 ± 0.010246	0.842 ± 0.013113	0.725 ± 0.021976	0.3076 ± 0.024665	0.803 ± 0.037537	0.763 ± 0.027575	0.822 ± 0.012455	0.981 ± 0.042682	0.937 ± 0.011094	0.921 ± 0.016685	0.739 ± 0.026836	0.986 ± 0.030679
precision_recall_auc	0.938 ± 0.008152	0.775 ± 0.042330	0.09772 ± 0.007601	0.706 ± 0.069018	0.550 ± 0.084660	0.3138 ± 0.019954	0.733 ± 0.038346	0.634 ± 0.065239	0.733 ± 0.038346	1.000 ± 0.000000	0.936 ± 0.008396	0.928 ± 0.010730	0.550 ± 0.084660	1.000 ± 0.000000
roc_auc	0.933 ± 0.008388	0.801 ± 0.053170	0.10511 ± 0.008609	0.748 ± 0.077044	0.601 ± 0.106341	0.3330 ± 0.020807	0.749 ± 0.065622	0.670 ± 0.086862	0.758 ± 0.052859	0.991 ± 0.028748	0.932 ± 0.008598	0.925 ± 0.011667	0.606 ± 0.102940	0.995 ± 0.014374
