	mean_best_threshold_tuning_score	mean_best_threshold	mean_test_average_precision	mean_train_average_precision	mean_test_balanced_accuracy	mean_train_balanced_accuracy	mean_test_brier_loss	mean_train_brier_loss	mean_test_f1	mean_train_f1	mean_test_informedness	mean_train_informedness	mean_test_log_loss	mean_train_log_loss	mean_test_markedness	mean_train_markedness	mean_test_mcc	mean_train_mcc	mean_test_negative_predictive_value	mean_train_negative_predictive_value	mean_test_precision	mean_train_precision	mean_test_precision_recall_auc	mean_train_precision_recall_auc	mean_test_roc_auc	mean_train_roc_auc	mean_test_sensitivity	mean_train_sensitivity	mean_test_specificity	mean_train_specificity
mcc	nan	nan	0.965 ± 0.046766	0.994 ± 0.011155	0.863 ± 0.101786	0.948 ± 0.048078	0.09107 ± 0.060140	0.02772 ± 0.027845	0.830 ± 0.139862	0.942 ± 0.053996	0.726 ± 0.203572	0.896 ± 0.096155	0.3076 ± 0.160230	0.1202 ± 0.085077	0.816 ± 0.144963	0.921 ± 0.073365	0.767 ± 0.174566	0.908 ± 0.084795	0.831 ± 0.112276	0.929 ± 0.063802	0.985 ± 0.072893	0.992 ± 0.017789	0.961 ± 0.051994	0.994 ± 0.011253	0.954 ± 0.066382	0.994 ± 0.014337	0.740 ± 0.187960	0.901 ± 0.090258	0.986 ± 0.075620	0.994 ± 0.012028
precision_recall_auc	nan	nan	0.958 ± 0.059548	0.988 ± 0.016807	0.771 ± 0.128563	0.846 ± 0.132109	0.09772 ± 0.059672	0.03895 ± 0.041652	0.661 ± 0.263715	0.780 ± 0.258639	0.542 ± 0.257126	0.693 ± 0.264219	0.3138 ± 0.153794	0.1382 ± 0.123488	0.644 ± 0.365401	0.735 ± 0.369111	0.605 ± 0.249302	0.730 ± 0.255153	0.744 ± 0.111052	0.819 ± 0.127268	0.900 ± 0.303046	0.916 ± 0.273236	0.952 ± 0.067267	0.988 ± 0.016967	0.948 ± 0.071563	0.988 ± 0.018707	0.542 ± 0.257126	0.696 ± 0.265124	1.000 ± 0.000000	0.997 ± 0.009212
roc_auc	nan	nan	0.957 ± 0.058381	0.987 ± 0.015048	0.796 ± 0.132343	0.860 ± 0.133839	0.10511 ± 0.057441	0.04484 ± 0.043627	0.704 ± 0.255986	0.801 ± 0.243692	0.593 ± 0.264686	0.719 ± 0.267678	0.3330 ± 0.144716	0.1578 ± 0.126015	0.685 ± 0.345215	0.768 ± 0.334922	0.648 ± 0.249778	0.755 ± 0.250046	0.771 ± 0.119814	0.837 ± 0.136536	0.913 ± 0.276108	0.931 ± 0.240185	0.952 ± 0.065984	0.987 ± 0.015205	0.946 ± 0.071006	0.987 ± 0.014537	0.597 ± 0.264254	0.726 ± 0.268810	0.996 ± 0.028284	0.993 ± 0.030310
