	mean_best_threshold_tuning_score	mean_best_threshold	mean_test_average_precision	mean_train_average_precision	mean_test_balanced_accuracy	mean_train_balanced_accuracy	mean_test_brier_loss	mean_train_brier_loss	mean_test_f1	mean_train_f1	mean_test_informedness	mean_train_informedness	mean_test_log_loss	mean_train_log_loss	mean_test_markedness	mean_train_markedness	mean_test_mcc	mean_train_mcc	mean_test_negative_predictive_value	mean_train_negative_predictive_value	mean_test_precision	mean_train_precision	mean_test_precision_recall_auc	mean_train_precision_recall_auc	mean_test_roc_auc	mean_train_roc_auc	mean_test_sensitivity	mean_train_sensitivity	mean_test_specificity	mean_train_specificity
mcc	nan	nan	0.948 ± 0.067255	0.993 ± 0.013552	0.861 ± 0.108583	0.950 ± 0.048560	0.10895 ± 0.066543	0.02672 ± 0.028112	0.832 ± 0.141090	0.945 ± 0.054334	0.722 ± 0.217166	0.900 ± 0.097120	0.3511 ± 0.175222	0.1152 ± 0.085941	0.756 ± 0.201797	0.924 ± 0.074428	0.738 ± 0.207801	0.912 ± 0.085789	0.868 ± 0.122322	0.931 ± 0.065318	0.888 ± 0.151083	0.992 ± 0.016346	0.941 ± 0.075792	0.993 ± 0.013656	0.935 ± 0.087172	0.992 ± 0.018951	0.813 ± 0.187143	0.905 ± 0.091417	0.909 ± 0.123176	0.995 ± 0.011485
precision_recall_auc	nan	nan	0.954 ± 0.061649	0.989 ± 0.014149	0.742 ± 0.157115	0.846 ± 0.146689	0.11511 ± 0.064939	0.04081 ± 0.040173	0.591 ± 0.329798	0.771 ± 0.286413	0.484 ± 0.314231	0.693 ± 0.293379	0.3660 ± 0.167220	0.1465 ± 0.115512	0.522 ± 0.471011	0.721 ± 0.409976	0.533 ± 0.307924	0.727 ± 0.284228	0.737 ± 0.146012	0.824 ± 0.140765	0.785 ± 0.383779	0.897 ± 0.302210	0.948 ± 0.070571	0.989 ± 0.014291	0.945 ± 0.073914	0.989 ± 0.014743	0.515 ± 0.333627	0.695 ± 0.294068	0.969 ± 0.087999	0.998 ± 0.008885
roc_auc	nan	nan	0.952 ± 0.061504	0.987 ± 0.014863	0.781 ± 0.148988	0.863 ± 0.138400	0.11527 ± 0.063748	0.04627 ± 0.043346	0.672 ± 0.290623	0.804 ± 0.247992	0.563 ± 0.297977	0.727 ± 0.276800	0.3633 ± 0.164985	0.1640 ± 0.122252	0.641 ± 0.377810	0.777 ± 0.338176	0.613 ± 0.279038	0.763 ± 0.256582	0.773 ± 0.137338	0.842 ± 0.143522	0.868 ± 0.304953	0.935 ± 0.239621	0.946 ± 0.070377	0.987 ± 0.015017	0.943 ± 0.074132	0.988 ± 0.014710	0.590 ± 0.308992	0.730 ± 0.277957	0.973 ± 0.074375	0.996 ± 0.017985
