	mean_best_threshold_tuning_score	mean_best_threshold	mean_test_average_precision	mean_train_average_precision	mean_test_balanced_accuracy	mean_train_balanced_accuracy	mean_test_brier_loss	mean_train_brier_loss	mean_test_f1	mean_train_f1	mean_test_informedness	mean_train_informedness	mean_test_log_loss	mean_train_log_loss	mean_test_markedness	mean_train_markedness	mean_test_mcc	mean_train_mcc	mean_test_negative_predictive_value	mean_train_negative_predictive_value	mean_test_precision	mean_train_precision	mean_test_precision_recall_auc	mean_train_precision_recall_auc	mean_test_roc_auc	mean_train_roc_auc	mean_test_sensitivity	mean_train_sensitivity	mean_test_specificity	mean_train_specificity
mcc	nan	nan	0.892 ± 0.107899	0.980 ± 0.022691	0.772 ± 0.142506	0.956 ± 0.038112	0.15285 ± 0.078589	0.03729 ± 0.029914	0.719 ± 0.198143	0.953 ± 0.040157	0.544 ± 0.285011	0.912 ± 0.076225	0.5026 ± 0.252182	0.1552 ± 0.097941	0.586 ± 0.312740	0.921 ± 0.074049	0.567 ± 0.280651	0.916 ± 0.074932	0.794 ± 0.159693	0.949 ± 0.040737	0.792 ± 0.224801	0.972 ± 0.044735	0.876 ± 0.128608	0.980 ± 0.022886	0.875 ± 0.129713	0.973 ± 0.029593	0.708 ± 0.249290	0.935 ± 0.049801	0.836 ± 0.182678	0.977 ± 0.041717
precision_recall_auc	nan	nan	0.911 ± 0.117282	0.984 ± 0.016832	0.818 ± 0.123576	0.963 ± 0.029437	0.13615 ± 0.094162	0.03177 ± 0.024921	0.785 ± 0.146504	0.960 ± 0.031951	0.635 ± 0.247152	0.925 ± 0.058873	0.4723 ± 0.328851	0.1366 ± 0.087861	0.691 ± 0.240035	0.937 ± 0.051342	0.661 ± 0.239781	0.931 ± 0.054930	0.828 ± 0.141603	0.952 ± 0.037826	0.863 ± 0.163750	0.985 ± 0.021654	0.897 ± 0.140166	0.984 ± 0.016952	0.898 ± 0.136400	0.978 ± 0.023696	0.758 ± 0.203603	0.937 ± 0.049995	0.877 ± 0.153267	0.988 ± 0.017583
roc_auc	nan	nan	0.890 ± 0.130635	0.993 ± 0.013369	0.793 ± 0.143270	0.977 ± 0.027263	0.15170 ± 0.100768	0.01886 ± 0.021833	0.755 ± 0.175196	0.975 ± 0.029377	0.585 ± 0.286539	0.954 ± 0.054526	0.5111 ± 0.341403	0.0919 ± 0.076701	0.641 ± 0.290493	0.960 ± 0.048235	0.610 ± 0.285074	0.957 ± 0.051263	0.807 ± 0.146874	0.972 ± 0.034658	0.834 ± 0.205687	0.988 ± 0.019596	0.874 ± 0.151133	0.993 ± 0.013466	0.871 ± 0.149764	0.990 ± 0.018789	0.728 ± 0.220678	0.963 ± 0.044865	0.857 ± 0.169335	0.990 ± 0.016274
