	mean_best_threshold_tuning_score	mean_best_threshold	mean_test_average_precision	mean_train_average_precision	mean_test_balanced_accuracy	mean_train_balanced_accuracy	mean_test_brier_loss	mean_train_brier_loss	mean_test_f1	mean_train_f1	mean_test_informedness	mean_train_informedness	mean_test_log_loss	mean_train_log_loss	mean_test_markedness	mean_train_markedness	mean_test_mcc	mean_train_mcc	mean_test_negative_predictive_value	mean_train_negative_predictive_value	mean_test_precision	mean_train_precision	mean_test_precision_recall_auc	mean_train_precision_recall_auc	mean_test_roc_auc	mean_train_roc_auc	mean_test_sensitivity	mean_train_sensitivity	mean_test_specificity	mean_train_specificity
mcc	nan	nan	0.840 ± 0.133808	1.000 ± 0.000000	0.785 ± 0.123086	1.000 ± 0.000000	0.16732 ± 0.072107	0.02351 ± 0.003245	0.751 ± 0.144588	1.000 ± 0.000000	0.570 ± 0.246173	1.000 ± 0.000000	0.6104 ± 0.721668	0.1374 ± 0.014609	0.615 ± 0.242243	1.000 ± 0.000000	0.590 ± 0.240109	1.000 ± 0.000000	0.824 ± 0.150359	1.000 ± 0.000000	0.791 ± 0.173284	1.000 ± 0.000000	0.807 ± 0.167580	1.000 ± 0.000000	0.849 ± 0.124740	1.000 ± 0.000000	0.760 ± 0.209361	1.000 ± 0.000000	0.810 ± 0.178714	1.000 ± 0.000000
precision_recall_auc	nan	nan	0.853 ± 0.148661	1.000 ± 0.000000	0.797 ± 0.127342	1.000 ± 0.000000	0.16406 ± 0.075704	0.02328 ± 0.002753	0.766 ± 0.147917	1.000 ± 0.000000	0.593 ± 0.254684	1.000 ± 0.000000	0.5339 ± 0.253236	0.1357 ± 0.013341	0.633 ± 0.249059	1.000 ± 0.000000	0.611 ± 0.247966	1.000 ± 0.000000	0.836 ± 0.153213	1.000 ± 0.000000	0.797 ± 0.172736	1.000 ± 0.000000	0.829 ± 0.178412	1.000 ± 0.000000	0.861 ± 0.138509	1.000 ± 0.000000	0.783 ± 0.212292	1.000 ± 0.000000	0.810 ± 0.176126	1.000 ± 0.000000
roc_auc	nan	nan	0.857 ± 0.133975	1.000 ± 0.000000	0.790 ± 0.125645	1.000 ± 0.000000	0.16545 ± 0.072260	0.02294 ± 0.003087	0.757 ± 0.146474	1.000 ± 0.000000	0.579 ± 0.251291	1.000 ± 0.000000	0.5254 ± 0.209856	0.1349 ± 0.014232	0.623 ± 0.248993	1.000 ± 0.000000	0.599 ± 0.245986	1.000 ± 0.000000	0.830 ± 0.155571	1.000 ± 0.000000	0.792 ± 0.176551	1.000 ± 0.000000	0.829 ± 0.166799	1.000 ± 0.000000	0.862 ± 0.125995	1.000 ± 0.000000	0.773 ± 0.213650	1.000 ± 0.000000	0.806 ± 0.178611	1.000 ± 0.000000
