	mean_best_threshold_tuning_score	mean_best_threshold	mean_test_average_precision	mean_train_average_precision	mean_test_balanced_accuracy	mean_train_balanced_accuracy	mean_test_brier_loss	mean_train_brier_loss	mean_test_f1	mean_train_f1	mean_test_informedness	mean_train_informedness	mean_test_log_loss	mean_train_log_loss	mean_test_markedness	mean_train_markedness	mean_test_mcc	mean_train_mcc	mean_test_negative_predictive_value	mean_train_negative_predictive_value	mean_test_precision	mean_train_precision	mean_test_precision_recall_auc	mean_train_precision_recall_auc	mean_test_roc_auc	mean_train_roc_auc	mean_test_sensitivity	mean_train_sensitivity	mean_test_specificity	mean_train_specificity
mcc	nan	nan	0.851 ± 0.136717	1.000 ± 0.000000	0.817 ± 0.120673	1.000 ± 0.000000	0.16417 ± 0.068319	0.02285 ± 0.003020	0.785 ± 0.144329	1.000 ± 0.000000	0.633 ± 0.241347	1.000 ± 0.000000	0.5191 ± 0.177354	0.1366 ± 0.014746	0.667 ± 0.239992	1.000 ± 0.000000	0.649 ± 0.238261	1.000 ± 0.000000	0.833 ± 0.132179	1.000 ± 0.000000	0.834 ± 0.175577	1.000 ± 0.000000	0.829 ± 0.166716	1.000 ± 0.000000	0.832 ± 0.152459	1.000 ± 0.000000	0.775 ± 0.192143	1.000 ± 0.000000	0.858 ± 0.153649	1.000 ± 0.000000
precision_recall_auc	nan	nan	0.868 ± 0.119941	1.000 ± 0.000000	0.806 ± 0.119817	1.000 ± 0.000000	0.15809 ± 0.070830	0.02094 ± 0.002908	0.774 ± 0.142748	1.000 ± 0.000000	0.612 ± 0.239633	1.000 ± 0.000000	0.5004 ± 0.192249	0.1279 ± 0.013990	0.648 ± 0.239180	1.000 ± 0.000000	0.629 ± 0.236388	1.000 ± 0.000000	0.827 ± 0.131490	1.000 ± 0.000000	0.822 ± 0.174842	1.000 ± 0.000000	0.851 ± 0.141943	1.000 ± 0.000000	0.856 ± 0.129615	1.000 ± 0.000000	0.768 ± 0.189947	1.000 ± 0.000000	0.844 ± 0.156048	1.000 ± 0.000000
roc_auc	nan	nan	0.872 ± 0.125520	1.000 ± 0.000000	0.814 ± 0.114959	1.000 ± 0.000000	0.15466 ± 0.069403	0.02113 ± 0.003086	0.783 ± 0.136919	1.000 ± 0.000000	0.628 ± 0.229918	1.000 ± 0.000000	0.4870 ± 0.177749	0.1293 ± 0.013929	0.669 ± 0.224937	1.000 ± 0.000000	0.647 ± 0.224298	1.000 ± 0.000000	0.837 ± 0.133910	1.000 ± 0.000000	0.832 ± 0.169408	1.000 ± 0.000000	0.854 ± 0.149139	1.000 ± 0.000000	0.856 ± 0.142976	1.000 ± 0.000000	0.780 ± 0.194715	1.000 ± 0.000000	0.848 ± 0.160344	1.000 ± 0.000000
