	mean_best_threshold_tuning_score	mean_best_threshold	mean_test_average_precision	mean_train_average_precision	mean_test_balanced_accuracy	mean_train_balanced_accuracy	mean_test_brier_loss	mean_train_brier_loss	mean_test_f1	mean_train_f1	mean_test_informedness	mean_train_informedness	mean_test_log_loss	mean_train_log_loss	mean_test_markedness	mean_train_markedness	mean_test_mcc	mean_train_mcc	mean_test_negative_predictive_value	mean_train_negative_predictive_value	mean_test_precision	mean_train_precision	mean_test_precision_recall_auc	mean_train_precision_recall_auc	mean_test_roc_auc	mean_train_roc_auc	mean_test_sensitivity	mean_train_sensitivity	mean_test_specificity	mean_train_specificity
mcc	nan	nan	0.841 ± 0.145832	0.997 ± 0.003882	0.709 ± 0.159936	0.964 ± 0.033130	0.19975 ± 0.088786	0.10456 ± 0.058108	0.635 ± 0.206547	0.962 ± 0.035820	0.418 ± 0.319871	0.929 ± 0.066261	0.6227 ± 0.318273	0.3516 ± 0.150193	0.500 ± 0.331439	0.945 ± 0.049587	0.453 ± 0.319573	0.937 ± 0.057867	0.723 ± 0.175906	0.950 ± 0.049784	0.777 ± 0.218244	0.995 ± 0.013538	0.823 ± 0.162231	0.997 ± 0.003944	0.775 ± 0.220044	0.997 ± 0.003708	0.592 ± 0.259868	0.933 ± 0.067256	0.826 ± 0.183570	0.996 ± 0.011691
precision_recall_auc	nan	nan	0.834 ± 0.149954	0.995 ± 0.004650	0.734 ± 0.167531	0.955 ± 0.032650	0.19561 ± 0.092287	0.07037 ± 0.042000	0.665 ± 0.219435	0.952 ± 0.035549	0.467 ± 0.335063	0.911 ± 0.065300	0.6461 ± 0.337618	0.2648 ± 0.113097	0.543 ± 0.357213	0.933 ± 0.048772	0.500 ± 0.339368	0.922 ± 0.056992	0.732 ± 0.159059	0.935 ± 0.046271	0.811 ± 0.248136	0.998 ± 0.009050	0.813 ± 0.172098	0.995 ± 0.004727	0.772 ± 0.209094	0.996 ± 0.004162	0.603 ± 0.245458	0.912 ± 0.063905	0.864 ± 0.184070	0.998 ± 0.006928
roc_auc	nan	nan	0.851 ± 0.146315	0.994 ± 0.004970	0.733 ± 0.156233	0.949 ± 0.031665	0.18097 ± 0.090684	0.06495 ± 0.038698	0.660 ± 0.211791	0.945 ± 0.034607	0.466 ± 0.312466	0.898 ± 0.063330	0.5705 ± 0.301868	0.2496 ± 0.105145	0.543 ± 0.336893	0.924 ± 0.047200	0.499 ± 0.317303	0.911 ± 0.055195	0.733 ± 0.154493	0.927 ± 0.045101	0.809 ± 0.238361	0.997 ± 0.010292	0.830 ± 0.171528	0.994 ± 0.005037	0.806 ± 0.190218	0.995 ± 0.004561	0.597 ± 0.244184	0.900 ± 0.062376	0.869 ± 0.167786	0.998 ± 0.007840
