	mean_best_threshold_tuning_score	mean_best_threshold	mean_test_average_precision	mean_train_average_precision	mean_test_balanced_accuracy	mean_train_balanced_accuracy	mean_test_brier_loss	mean_train_brier_loss	mean_test_f1	mean_train_f1	mean_test_informedness	mean_train_informedness	mean_test_log_loss	mean_train_log_loss	mean_test_markedness	mean_train_markedness	mean_test_mcc	mean_train_mcc	mean_test_negative_predictive_value	mean_train_negative_predictive_value	mean_test_precision	mean_train_precision	mean_test_precision_recall_auc	mean_train_precision_recall_auc	mean_test_roc_auc	mean_train_roc_auc	mean_test_sensitivity	mean_train_sensitivity	mean_test_specificity	mean_train_specificity
mcc	nan	nan	0.975 ± 0.042633	0.973 ± 0.020466	0.881 ± 0.102765	0.929 ± 0.047020	0.09010 ± 0.057081	0.05678 ± 0.030158	0.858 ± 0.135724	0.921 ± 0.052750	0.762 ± 0.205530	0.857 ± 0.094039	0.2973 ± 0.159691	0.2064 ± 0.087172	0.826 ± 0.157024	0.871 ± 0.086243	0.792 ± 0.180810	0.864 ± 0.089947	0.875 ± 0.121562	0.920 ± 0.052355	0.951 ± 0.109780	0.951 ± 0.043497	0.972 ± 0.048027	0.973 ± 0.020685	0.970 ± 0.058444	0.973 ± 0.021358	0.813 ± 0.193839	0.895 ± 0.071255	0.949 ± 0.117147	0.962 ± 0.035293
precision_recall_auc	nan	nan	0.967 ± 0.057703	0.965 ± 0.021673	0.850 ± 0.135761	0.876 ± 0.110705	0.09668 ± 0.065683	0.06853 ± 0.035627	0.794 ± 0.242953	0.835 ± 0.222116	0.700 ± 0.271522	0.752 ± 0.221410	0.3166 ± 0.205205	0.2234 ± 0.103099	0.737 ± 0.336235	0.746 ± 0.323126	0.729 ± 0.260426	0.763 ± 0.220836	0.846 ± 0.135722	0.870 ± 0.103955	0.891 ± 0.258796	0.876 ± 0.230133	0.962 ± 0.064605	0.965 ± 0.021926	0.958 ± 0.085471	0.968 ± 0.020612	0.748 ± 0.266459	0.803 ± 0.223093	0.952 ± 0.129741	0.950 ± 0.049676
roc_auc	nan	nan	0.968 ± 0.051704	0.964 ± 0.021772	0.853 ± 0.136342	0.868 ± 0.109712	0.09803 ± 0.058979	0.07219 ± 0.035929	0.798 ± 0.242647	0.826 ± 0.220360	0.705 ± 0.272684	0.737 ± 0.219425	0.3082 ± 0.161453	0.2324 ± 0.104699	0.726 ± 0.339120	0.728 ± 0.320358	0.726 ± 0.263482	0.746 ± 0.218990	0.857 ± 0.134818	0.865 ± 0.102549	0.869 ± 0.260328	0.863 ± 0.227689	0.963 ± 0.060139	0.963 ± 0.022024	0.965 ± 0.054604	0.967 ± 0.020591	0.770 ± 0.265431	0.797 ± 0.221199	0.935 ± 0.136371	0.940 ± 0.052363
