	mean_best_threshold_tuning_score	mean_best_threshold	mean_test_average_precision	mean_train_average_precision	mean_test_balanced_accuracy	mean_train_balanced_accuracy	mean_test_brier_loss	mean_train_brier_loss	mean_test_f1	mean_train_f1	mean_test_informedness	mean_train_informedness	mean_test_log_loss	mean_train_log_loss	mean_test_markedness	mean_train_markedness	mean_test_mcc	mean_train_mcc	mean_test_negative_predictive_value	mean_train_negative_predictive_value	mean_test_precision	mean_train_precision	mean_test_precision_recall_auc	mean_train_precision_recall_auc	mean_test_roc_auc	mean_train_roc_auc	mean_test_sensitivity	mean_train_sensitivity	mean_test_specificity	mean_train_specificity
mcc	nan	nan	0.864 ± 0.140629	0.973 ± 0.020466	0.790 ± 0.125571	0.929 ± 0.047020	0.15514 ± 0.079316	0.05678 ± 0.030158	0.755 ± 0.154430	0.921 ± 0.052750	0.580 ± 0.251143	0.857 ± 0.094039	0.5878 ± 0.428468	0.2064 ± 0.087172	0.634 ± 0.252131	0.871 ± 0.086243	0.604 ± 0.247274	0.864 ± 0.089947	0.829 ± 0.144787	0.920 ± 0.052355	0.805 ± 0.188124	0.951 ± 0.043497	0.839 ± 0.172997	0.973 ± 0.020685	0.861 ± 0.130990	0.973 ± 0.021358	0.760 ± 0.216680	0.895 ± 0.071255	0.820 ± 0.176993	0.962 ± 0.035293
precision_recall_auc	nan	nan	0.918 ± 0.085560	0.965 ± 0.021673	0.797 ± 0.146215	0.876 ± 0.110705	0.13877 ± 0.072173	0.06853 ± 0.035627	0.732 ± 0.246236	0.835 ± 0.222116	0.595 ± 0.292430	0.752 ± 0.221410	0.4592 ± 0.224461	0.2234 ± 0.103099	0.609 ± 0.355159	0.746 ± 0.323126	0.612 ± 0.288454	0.763 ± 0.220836	0.806 ± 0.144484	0.870 ± 0.103955	0.803 ± 0.264526	0.876 ± 0.230133	0.905 ± 0.103718	0.965 ± 0.021926	0.911 ± 0.097179	0.968 ± 0.020612	0.707 ± 0.271596	0.803 ± 0.223093	0.888 ± 0.146580	0.950 ± 0.049676
roc_auc	nan	nan	0.924 ± 0.091436	0.964 ± 0.021772	0.811 ± 0.139242	0.868 ± 0.109712	0.13620 ± 0.069029	0.07219 ± 0.035929	0.754 ± 0.236894	0.826 ± 0.220360	0.622 ± 0.278485	0.737 ± 0.219425	0.4461 ± 0.211806	0.2324 ± 0.104699	0.632 ± 0.343531	0.728 ± 0.320358	0.637 ± 0.273447	0.746 ± 0.218990	0.828 ± 0.143004	0.865 ± 0.102549	0.804 ± 0.259547	0.863 ± 0.227689	0.911 ± 0.113802	0.963 ± 0.022024	0.922 ± 0.083829	0.967 ± 0.020591	0.747 ± 0.263502	0.797 ± 0.221199	0.875 ± 0.161703	0.940 ± 0.052363
