	mean_best_threshold_tuning_score	mean_best_threshold	mean_test_average_precision	mean_train_average_precision	mean_test_balanced_accuracy	mean_train_balanced_accuracy	mean_test_brier_loss	mean_train_brier_loss	mean_test_f1	mean_train_f1	mean_test_informedness	mean_train_informedness	mean_test_log_loss	mean_train_log_loss	mean_test_markedness	mean_train_markedness	mean_test_mcc	mean_train_mcc	mean_test_negative_predictive_value	mean_train_negative_predictive_value	mean_test_precision	mean_train_precision	mean_test_precision_recall_auc	mean_train_precision_recall_auc	mean_test_roc_auc	mean_train_roc_auc	mean_test_sensitivity	mean_train_sensitivity	mean_test_specificity	mean_train_specificity
mcc	nan	nan	0.819 ± 0.139090	1.000 ± 0.000000	0.701 ± 0.119514	1.000 ± 0.000000	0.19370 ± 0.060253	0.01664 ± 0.002460	0.652 ± 0.147425	1.000 ± 0.000000	0.402 ± 0.239028	1.000 ± 0.000000	0.5664 ± 0.149566	0.1155 ± 0.011570	0.448 ± 0.253226	1.000 ± 0.000000	0.422 ± 0.242590	1.000 ± 0.000000	0.738 ± 0.138711	1.000 ± 0.000000	0.711 ± 0.202606	1.000 ± 0.000000	0.792 ± 0.168741	1.000 ± 0.000000	0.802 ± 0.153496	1.000 ± 0.000000	0.657 ± 0.203874	1.000 ± 0.000000	0.745 ± 0.210745	1.000 ± 0.000000
precision_recall_auc	nan	nan	0.832 ± 0.125297	1.000 ± 0.000000	0.718 ± 0.121874	1.000 ± 0.000000	0.19142 ± 0.059425	0.01598 ± 0.002272	0.668 ± 0.150630	1.000 ± 0.000000	0.435 ± 0.243748	1.000 ± 0.000000	0.5601 ± 0.147075	0.1127 ± 0.010232	0.480 ± 0.255359	1.000 ± 0.000000	0.455 ± 0.246900	1.000 ± 0.000000	0.758 ± 0.148002	1.000 ± 0.000000	0.722 ± 0.202468	1.000 ± 0.000000	0.808 ± 0.151086	1.000 ± 0.000000	0.812 ± 0.145248	1.000 ± 0.000000	0.675 ± 0.213789	1.000 ± 0.000000	0.760 ± 0.197174	1.000 ± 0.000000
roc_auc	nan	nan	0.818 ± 0.136708	1.000 ± 0.000000	0.712 ± 0.123523	1.000 ± 0.000000	0.19561 ± 0.059672	0.01623 ± 0.002301	0.666 ± 0.148654	1.000 ± 0.000000	0.423 ± 0.247046	1.000 ± 0.000000	0.5676 ± 0.144093	0.1138 ± 0.010223	0.471 ± 0.262233	1.000 ± 0.000000	0.445 ± 0.251704	1.000 ± 0.000000	0.757 ± 0.154007	1.000 ± 0.000000	0.714 ± 0.201033	1.000 ± 0.000000	0.787 ± 0.170908	1.000 ± 0.000000	0.797 ± 0.148517	1.000 ± 0.000000	0.678 ± 0.212299	1.000 ± 0.000000	0.745 ± 0.210745	1.000 ± 0.000000
