	mean_ncv_average_precision	mean_ncv_balanced_accuracy	mean_ncv_brier_loss	mean_ncv_f1	mean_ncv_informedness	mean_ncv_log_loss	mean_ncv_markedness	mean_ncv_mcc	mean_ncv_negative_predictive_value	mean_ncv_precision	mean_ncv_precision_recall_auc	mean_ncv_roc_auc	mean_ncv_sensitivity	mean_ncv_specificity
mcc	0.848 ± 0.066098	0.832 ± 0.027868	0.15536 ± 0.017318	0.816 ± 0.029132	0.663 ± 0.055736	0.5256 ± 0.049803	0.665 ± 0.056202	0.664 ± 0.055868	0.854 ± 0.029511	0.812 ± 0.046437	0.841 ± 0.072618	0.856 ± 0.039466	0.822 ± 0.043823	0.841 ± 0.053569
precision_recall_auc	0.847 ± 0.052903	0.824 ± 0.035189	0.15252 ± 0.023455	0.811 ± 0.037188	0.647 ± 0.070378	0.5140 ± 0.067070	0.644 ± 0.069994	0.646 ± 0.070143	0.875 ± 0.043324	0.769 ± 0.041590	0.841 ± 0.056184	0.856 ± 0.036214	0.861 ± 0.053990	0.786 ± 0.048152
roc_auc	0.853 ± 0.059749	0.818 ± 0.039117	0.15130 ± 0.021278	0.804 ± 0.042762	0.635 ± 0.078235	0.5048 ± 0.059822	0.632 ± 0.077840	0.633 ± 0.077997	0.864 ± 0.050389	0.768 ± 0.037405	0.848 ± 0.064448	0.865 ± 0.042610	0.844 ± 0.063072	0.791 ± 0.038331
