	mean_best_threshold_tuning_score	mean_best_threshold	mean_test_average_precision	mean_train_average_precision	mean_test_balanced_accuracy	mean_train_balanced_accuracy	mean_test_brier_loss	mean_train_brier_loss	mean_test_f1	mean_train_f1	mean_test_informedness	mean_train_informedness	mean_test_log_loss	mean_train_log_loss	mean_test_markedness	mean_train_markedness	mean_test_mcc	mean_train_mcc	mean_test_negative_predictive_value	mean_train_negative_predictive_value	mean_test_precision	mean_train_precision	mean_test_precision_recall_auc	mean_train_precision_recall_auc	mean_test_roc_auc	mean_train_roc_auc	mean_test_sensitivity	mean_train_sensitivity	mean_test_specificity	mean_train_specificity
mcc	nan	nan	0.929 ± 0.083064	0.974 ± 0.013649	0.817 ± 0.130491	0.927 ± 0.033997	0.12593 ± 0.056355	0.07411 ± 0.023340	0.785 ± 0.153336	0.920 ± 0.037883	0.634 ± 0.260981	0.855 ± 0.067993	0.4301 ± 0.228891	0.2806 ± 0.074430	0.693 ± 0.254414	0.869 ± 0.064069	0.662 ± 0.254987	0.862 ± 0.065763	0.829 ± 0.143522	0.917 ± 0.037061	0.864 ± 0.184715	0.952 ± 0.035729	0.918 ± 0.099974	0.973 ± 0.013768	0.917 ± 0.096198	0.971 ± 0.015462	0.758 ± 0.203603	0.892 ± 0.050468	0.876 ± 0.182734	0.963 ± 0.029580
precision_recall_auc	nan	nan	0.942 ± 0.071074	0.970 ± 0.012813	0.832 ± 0.117767	0.915 ± 0.032944	0.11744 ± 0.043684	0.08188 ± 0.017561	0.799 ± 0.145127	0.906 ± 0.037287	0.663 ± 0.235534	0.830 ± 0.065887	0.3916 ± 0.106383	0.3041 ± 0.050749	0.718 ± 0.226260	0.849 ± 0.058377	0.689 ± 0.228155	0.840 ± 0.061761	0.839 ± 0.131786	0.902 ± 0.039301	0.879 ± 0.170660	0.947 ± 0.030250	0.934 ± 0.081567	0.970 ± 0.012952	0.932 ± 0.086330	0.968 ± 0.014531	0.768 ± 0.196548	0.871 ± 0.055823	0.895 ± 0.157548	0.960 ± 0.024675
roc_auc	nan	nan	0.945 ± 0.068708	0.970 ± 0.013147	0.832 ± 0.117345	0.906 ± 0.035698	0.11862 ± 0.043633	0.08306 ± 0.017694	0.799 ± 0.149635	0.896 ± 0.040412	0.663 ± 0.234690	0.812 ± 0.071396	0.3930 ± 0.104789	0.3067 ± 0.050862	0.718 ± 0.222521	0.830 ± 0.066289	0.689 ± 0.225982	0.821 ± 0.068439	0.843 ± 0.130458	0.894 ± 0.040054	0.875 ± 0.172590	0.937 ± 0.036591	0.937 ± 0.078858	0.970 ± 0.013281	0.935 ± 0.085263	0.968 ± 0.014401	0.773 ± 0.204152	0.860 ± 0.056293	0.890 ± 0.158114	0.952 ± 0.029559
