	mean_ncv_average_precision	mean_ncv_balanced_accuracy	mean_ncv_brier_loss	mean_ncv_f1	mean_ncv_informedness	mean_ncv_log_loss	mean_ncv_markedness	mean_ncv_mcc	mean_ncv_negative_predictive_value	mean_ncv_precision	mean_ncv_precision_recall_auc	mean_ncv_roc_auc	mean_ncv_sensitivity	mean_ncv_specificity
mcc	0.934 ± 0.019680	0.870 ± 0.035399	0.10159 ± 0.017161	0.857 ± 0.038186	0.740 ± 0.070797	0.3267 ± 0.046447	0.746 ± 0.072951	0.743 ± 0.071823	0.876 ± 0.027757	0.870 ± 0.050663	0.933 ± 0.020165	0.931 ± 0.022873	0.844 ± 0.035136	0.895 ± 0.048152
precision_recall_auc	0.932 ± 0.025392	0.887 ± 0.027062	0.09704 ± 0.019329	0.875 ± 0.030713	0.774 ± 0.054124	0.3267 ± 0.070335	0.785 ± 0.054331	0.779 ± 0.053583	0.887 ± 0.030590	0.898 ± 0.045762	0.930 ± 0.026213	0.932 ± 0.026842	0.856 ± 0.046849	0.918 ± 0.041770
roc_auc	0.937 ± 0.020807	0.885 ± 0.027817	0.09302 ± 0.016214	0.872 ± 0.031799	0.769 ± 0.055635	0.3093 ± 0.044470	0.778 ± 0.053652	0.774 ± 0.054233	0.886 ± 0.031749	0.892 ± 0.037838	0.935 ± 0.021665	0.940 ± 0.019322	0.856 ± 0.046849	0.914 ± 0.033539
