	mean_best_threshold_tuning_score	mean_best_threshold	mean_test_average_precision	mean_train_average_precision	mean_test_balanced_accuracy	mean_train_balanced_accuracy	mean_test_brier_loss	mean_train_brier_loss	mean_test_f1	mean_train_f1	mean_test_informedness	mean_train_informedness	mean_test_log_loss	mean_train_log_loss	mean_test_markedness	mean_train_markedness	mean_test_mcc	mean_train_mcc	mean_test_negative_predictive_value	mean_train_negative_predictive_value	mean_test_precision	mean_train_precision	mean_test_precision_recall_auc	mean_train_precision_recall_auc	mean_test_roc_auc	mean_train_roc_auc	mean_test_sensitivity	mean_train_sensitivity	mean_test_specificity	mean_train_specificity
mcc	nan	nan	0.846 ± 0.136876	0.977 ± 0.027207	0.757 ± 0.152458	0.947 ± 0.057223	0.19754 ± 0.062442	0.08218 ± 0.060638	0.714 ± 0.194110	0.941 ± 0.067390	0.515 ± 0.304915	0.893 ± 0.114445	0.6661 ± 0.284127	0.2986 ± 0.174849	0.575 ± 0.296604	0.914 ± 0.092018	0.541 ± 0.298318	0.903 ± 0.102763	0.804 ± 0.168197	0.936 ± 0.063132	0.771 ± 0.216990	0.978 ± 0.049320	0.828 ± 0.166181	0.979 ± 0.021219	0.830 ± 0.158475	0.974 ± 0.026249	0.730 ± 0.247756	0.912 ± 0.098017	0.785 ± 0.224120	0.982 ± 0.044704
precision_recall_auc	nan	nan	0.867 ± 0.131144	0.972 ± 0.032601	0.784 ± 0.147869	0.932 ± 0.060331	0.19255 ± 0.051427	0.09711 ± 0.067438	0.744 ± 0.184180	0.925 ± 0.068351	0.569 ± 0.295737	0.863 ± 0.120661	0.6442 ± 0.218387	0.3352 ± 0.189491	0.636 ± 0.278807	0.882 ± 0.112244	0.598 ± 0.284092	0.873 ± 0.115838	0.823 ± 0.164147	0.921 ± 0.061719	0.814 ± 0.207498	0.961 ± 0.065696	0.843 ± 0.163757	0.975 ± 0.024785	0.853 ± 0.140876	0.970 ± 0.028022	0.750 ± 0.243393	0.896 ± 0.087499	0.819 ± 0.222438	0.968 ± 0.056425
roc_auc	nan	nan	0.858 ± 0.127888	0.970 ± 0.036244	0.783 ± 0.145801	0.934 ± 0.063674	0.19902 ± 0.056928	0.09389 ± 0.067746	0.748 ± 0.178958	0.928 ± 0.071924	0.565 ± 0.291603	0.868 ± 0.127349	0.6784 ± 0.301890	0.3253 ± 0.192380	0.635 ± 0.277693	0.884 ± 0.119424	0.596 ± 0.282452	0.876 ± 0.122844	0.828 ± 0.161851	0.928 ± 0.062519	0.807 ± 0.215327	0.956 ± 0.071421	0.845 ± 0.153759	0.975 ± 0.025474	0.844 ± 0.148427	0.972 ± 0.027849	0.763 ± 0.232896	0.905 ± 0.088591	0.802 ± 0.240950	0.963 ± 0.062491
