	mean_best_threshold_tuning_score	mean_best_threshold	mean_test_average_precision	mean_train_average_precision	mean_test_balanced_accuracy	mean_train_balanced_accuracy	mean_test_brier_loss	mean_train_brier_loss	mean_test_f1	mean_train_f1	mean_test_informedness	mean_train_informedness	mean_test_log_loss	mean_train_log_loss	mean_test_markedness	mean_train_markedness	mean_test_mcc	mean_train_mcc	mean_test_negative_predictive_value	mean_train_negative_predictive_value	mean_test_precision	mean_train_precision	mean_test_precision_recall_auc	mean_train_precision_recall_auc	mean_test_roc_auc	mean_train_roc_auc	mean_test_sensitivity	mean_train_sensitivity	mean_test_specificity	mean_train_specificity
mcc	nan	nan	0.891 ± 0.126167	0.974 ± 0.013674	0.829 ± 0.127988	0.927 ± 0.033997	0.14779 ± 0.064462	0.07411 ± 0.023339	0.803 ± 0.147567	0.920 ± 0.037883	0.658 ± 0.255976	0.855 ± 0.067993	0.4967 ± 0.230590	0.2806 ± 0.074429	0.685 ± 0.249994	0.869 ± 0.064069	0.671 ± 0.251612	0.862 ± 0.065763	0.854 ± 0.130955	0.917 ± 0.037061	0.831 ± 0.181516	0.952 ± 0.035729	0.872 ± 0.157917	0.974 ± 0.013794	0.880 ± 0.132449	0.971 ± 0.015485	0.807 ± 0.179316	0.892 ± 0.050468	0.851 ± 0.178283	0.963 ± 0.029580
precision_recall_auc	nan	nan	0.917 ± 0.107613	0.970 ± 0.012875	0.838 ± 0.119786	0.914 ± 0.032899	0.13621 ± 0.054864	0.08203 ± 0.017527	0.813 ± 0.140347	0.905 ± 0.037193	0.676 ± 0.239572	0.828 ± 0.065798	0.4525 ± 0.183309	0.3045 ± 0.050696	0.704 ± 0.235204	0.847 ± 0.058845	0.689 ± 0.235720	0.838 ± 0.061931	0.863 ± 0.125673	0.901 ± 0.038838	0.840 ± 0.172651	0.946 ± 0.031338	0.906 ± 0.127720	0.970 ± 0.013018	0.902 ± 0.124198	0.968 ± 0.014579	0.817 ± 0.175772	0.869 ± 0.055220	0.859 ± 0.163411	0.959 ± 0.025872
roc_auc	nan	nan	0.923 ± 0.095447	0.970 ± 0.013152	0.836 ± 0.108935	0.906 ± 0.035698	0.13456 ± 0.049550	0.08306 ± 0.017694	0.814 ± 0.127772	0.896 ± 0.040412	0.672 ± 0.217870	0.812 ± 0.071396	0.4429 ± 0.140273	0.3067 ± 0.050862	0.701 ± 0.213858	0.830 ± 0.066289	0.686 ± 0.214012	0.821 ± 0.068439	0.870 ± 0.122024	0.894 ± 0.040054	0.831 ± 0.163577	0.937 ± 0.036591	0.914 ± 0.110654	0.970 ± 0.013285	0.906 ± 0.118689	0.968 ± 0.014409	0.828 ± 0.170375	0.860 ± 0.056293	0.844 ± 0.161195	0.952 ± 0.029559
