	mean_best_threshold_tuning_score	mean_best_threshold	mean_test_average_precision	mean_train_average_precision	mean_test_balanced_accuracy	mean_train_balanced_accuracy	mean_test_brier_loss	mean_train_brier_loss	mean_test_f1	mean_train_f1	mean_test_informedness	mean_train_informedness	mean_test_log_loss	mean_train_log_loss	mean_test_markedness	mean_train_markedness	mean_test_mcc	mean_train_mcc	mean_test_negative_predictive_value	mean_train_negative_predictive_value	mean_test_precision	mean_train_precision	mean_test_precision_recall_auc	mean_train_precision_recall_auc	mean_test_roc_auc	mean_train_roc_auc	mean_test_sensitivity	mean_train_sensitivity	mean_test_specificity	mean_train_specificity
mcc	nan	nan	0.934 ± 0.090233	0.968 ± 0.016956	0.853 ± 0.122325	0.909 ± 0.035572	0.11201 ± 0.084294	0.06437 ± 0.023823	0.823 ± 0.154828	0.899 ± 0.040639	0.707 ± 0.244650	0.818 ± 0.071144	0.3919 ± 0.282645	0.2292 ± 0.074745	0.765 ± 0.225879	0.844 ± 0.062075	0.733 ± 0.232467	0.831 ± 0.066285	0.846 ± 0.134172	0.890 ± 0.041843	0.919 ± 0.146927	0.954 ± 0.031688	0.925 ± 0.104524	0.968 ± 0.017095	0.920 ± 0.110396	0.963 ± 0.021912	0.775 ± 0.204990	0.852 ± 0.059967	0.932 ± 0.124031	0.966 ± 0.024647
precision_recall_auc	nan	nan	0.931 ± 0.090139	0.961 ± 0.018369	0.805 ± 0.175931	0.828 ± 0.156650	0.11417 ± 0.087747	0.07367 ± 0.027119	0.702 ± 0.339341	0.731 ± 0.337211	0.611 ± 0.351862	0.656 ± 0.313299	0.3801 ± 0.291091	0.2424 ± 0.080030	0.581 ± 0.505345	0.623 ± 0.477998	0.631 ± 0.354751	0.674 ± 0.313554	0.798 ± 0.163406	0.818 ± 0.134568	0.783 ± 0.375293	0.806 ± 0.356014	0.920 ± 0.107098	0.960 ± 0.018546	0.922 ± 0.098628	0.958 ± 0.020330	0.657 ± 0.334877	0.681 ± 0.323873	0.954 ± 0.132419	0.975 ± 0.022398
roc_auc	nan	nan	0.929 ± 0.089110	0.963 ± 0.019554	0.802 ± 0.166618	0.842 ± 0.144469	0.11736 ± 0.084830	0.07077 ± 0.030294	0.715 ± 0.307447	0.763 ± 0.304428	0.605 ± 0.333236	0.685 ± 0.288938	0.3865 ± 0.284598	0.2326 ± 0.090092	0.599 ± 0.458704	0.674 ± 0.426110	0.628 ± 0.333812	0.704 ± 0.285717	0.795 ± 0.157752	0.831 ± 0.127026	0.803 ± 0.339734	0.843 ± 0.316219	0.918 ± 0.105949	0.963 ± 0.019739	0.918 ± 0.097553	0.961 ± 0.021841	0.670 ± 0.309047	0.712 ± 0.298272	0.935 ± 0.150255	0.973 ± 0.029982
