	mean_best_threshold_tuning_score	mean_best_threshold	mean_test_average_precision	mean_train_average_precision	mean_test_balanced_accuracy	mean_train_balanced_accuracy	mean_test_brier_loss	mean_train_brier_loss	mean_test_f1	mean_train_f1	mean_test_informedness	mean_train_informedness	mean_test_log_loss	mean_train_log_loss	mean_test_markedness	mean_train_markedness	mean_test_mcc	mean_train_mcc	mean_test_negative_predictive_value	mean_train_negative_predictive_value	mean_test_precision	mean_train_precision	mean_test_precision_recall_auc	mean_train_precision_recall_auc	mean_test_roc_auc	mean_train_roc_auc	mean_test_sensitivity	mean_train_sensitivity	mean_test_specificity	mean_train_specificity
mcc	nan	nan	0.931 ± 0.079906	0.989 ± 0.013711	0.835 ± 0.114323	0.945 ± 0.046346	0.13480 ± 0.075941	0.03368 ± 0.028277	0.810 ± 0.135289	0.940 ± 0.051697	0.669 ± 0.228646	0.891 ± 0.092692	0.4436 ± 0.223185	0.1268 ± 0.090566	0.697 ± 0.226002	0.908 ± 0.080071	0.682 ± 0.225674	0.899 ± 0.086260	0.863 ± 0.119265	0.932 ± 0.056193	0.834 ± 0.170665	0.976 ± 0.030576	0.924 ± 0.089163	0.989 ± 0.013838	0.908 ± 0.110189	0.989 ± 0.015291	0.815 ± 0.169441	0.909 ± 0.076735	0.854 ± 0.160624	0.982 ± 0.023676
precision_recall_auc	nan	nan	0.937 ± 0.075994	0.983 ± 0.020902	0.800 ± 0.161777	0.894 ± 0.145106	0.13033 ± 0.076082	0.03649 ± 0.036493	0.714 ± 0.304301	0.836 ± 0.290558	0.601 ± 0.323554	0.788 ± 0.290211	0.4224 ± 0.228938	0.1252 ± 0.115592	0.570 ± 0.445648	0.765 ± 0.418994	0.612 ± 0.322985	0.798 ± 0.288356	0.820 ± 0.156787	0.886 ± 0.132583	0.750 ± 0.323205	0.879 ± 0.297300	0.929 ± 0.085243	0.983 ± 0.021101	0.918 ± 0.098754	0.983 ± 0.022553	0.705 ± 0.315963	0.803 ± 0.290127	0.896 ± 0.140277	0.985 ± 0.022419
roc_auc	nan	nan	0.926 ± 0.076634	0.981 ± 0.022139	0.815 ± 0.149555	0.911 ± 0.123853	0.13253 ± 0.077720	0.03771 ± 0.039241	0.749 ± 0.266501	0.873 ± 0.236352	0.630 ± 0.299111	0.823 ± 0.247707	0.4330 ± 0.236661	0.1309 ± 0.121256	0.627 ± 0.388654	0.816 ± 0.341943	0.645 ± 0.297396	0.833 ± 0.243293	0.832 ± 0.142326	0.903 ± 0.119072	0.794 ± 0.288569	0.914 ± 0.236518	0.917 ± 0.085886	0.981 ± 0.022345	0.905 ± 0.101059	0.980 ± 0.023386	0.735 ± 0.280554	0.841 ± 0.242886	0.895 ± 0.149915	0.981 ± 0.030697
