	mean_best_threshold_tuning_score	mean_best_threshold	mean_test_average_precision	mean_train_average_precision	mean_test_balanced_accuracy	mean_train_balanced_accuracy	mean_test_brier_loss	mean_train_brier_loss	mean_test_f1	mean_train_f1	mean_test_informedness	mean_train_informedness	mean_test_log_loss	mean_train_log_loss	mean_test_markedness	mean_train_markedness	mean_test_mcc	mean_train_mcc	mean_test_negative_predictive_value	mean_train_negative_predictive_value	mean_test_precision	mean_train_precision	mean_test_precision_recall_auc	mean_train_precision_recall_auc	mean_test_roc_auc	mean_train_roc_auc	mean_test_sensitivity	mean_train_sensitivity	mean_test_specificity	mean_train_specificity
mcc	nan	nan	0.938 ± 0.074017	0.971 ± 0.019688	0.838 ± 0.113428	0.899 ± 0.030362	0.10960 ± 0.067582	0.07501 ± 0.014858	0.788 ± 0.183545	0.887 ± 0.035488	0.676 ± 0.226856	0.798 ± 0.060723	0.3611 ± 0.180489	0.2621 ± 0.043921	0.765 ± 0.237779	0.843 ± 0.048254	0.721 ± 0.206235	0.820 ± 0.054066	0.807 ± 0.122126	0.868 ± 0.038596	0.958 ± 0.165172	0.975 ± 0.024413	0.932 ± 0.082930	0.971 ± 0.019838	0.909 ± 0.105915	0.966 ± 0.028129	0.693 ± 0.215236	0.815 ± 0.056789	0.983 ± 0.071149	0.983 ± 0.016369
precision_recall_auc	nan	nan	0.942 ± 0.065458	0.965 ± 0.018290	0.736 ± 0.118334	0.808 ± 0.083558	0.10080 ± 0.053063	0.07599 ± 0.021671	0.605 ± 0.244351	0.747 ± 0.150542	0.472 ± 0.236668	0.616 ± 0.167116	0.3297 ± 0.138769	0.2537 ± 0.057528	0.626 ± 0.334219	0.743 ± 0.187820	0.553 ± 0.224815	0.679 ± 0.146225	0.711 ± 0.110809	0.771 ± 0.084141	0.915 ± 0.274838	0.972 ± 0.141471	0.936 ± 0.072998	0.965 ± 0.018460	0.921 ± 0.092597	0.964 ± 0.020495	0.477 ± 0.239898	0.621 ± 0.173240	0.995 ± 0.035355	0.994 ± 0.012711
roc_auc	nan	nan	0.945 ± 0.064426	0.961 ± 0.021006	0.749 ± 0.132697	0.794 ± 0.094289	0.09720 ± 0.054820	0.08084 ± 0.022911	0.621 ± 0.269019	0.719 ± 0.182517	0.498 ± 0.265393	0.587 ± 0.188578	0.3194 ± 0.143627	0.2652 ± 0.059118	0.620 ± 0.370173	0.711 ± 0.250343	0.569 ± 0.252631	0.653 ± 0.174490	0.725 ± 0.120616	0.759 ± 0.090358	0.895 ± 0.303424	0.952 ± 0.197231	0.939 ± 0.071910	0.960 ± 0.021209	0.927 ± 0.085401	0.959 ± 0.021986	0.503 ± 0.267770	0.592 ± 0.194507	0.995 ± 0.035355	0.995 ± 0.012573
