	mean_best_threshold_tuning_score	mean_best_threshold	mean_test_average_precision	mean_train_average_precision	mean_test_balanced_accuracy	mean_train_balanced_accuracy	mean_test_brier_loss	mean_train_brier_loss	mean_test_f1	mean_train_f1	mean_test_informedness	mean_train_informedness	mean_test_log_loss	mean_train_log_loss	mean_test_markedness	mean_train_markedness	mean_test_mcc	mean_train_mcc	mean_test_negative_predictive_value	mean_train_negative_predictive_value	mean_test_precision	mean_train_precision	mean_test_precision_recall_auc	mean_train_precision_recall_auc	mean_test_roc_auc	mean_train_roc_auc	mean_test_sensitivity	mean_train_sensitivity	mean_test_specificity	mean_train_specificity
mcc	nan	nan	0.898 ± 0.108577	1.000 ± 0.000000	0.779 ± 0.114796	1.000 ± 0.000000	0.15681 ± 0.058928	0.01281 ± 0.002002	0.739 ± 0.139085	1.000 ± 0.000000	0.558 ± 0.229591	1.000 ± 0.000000	0.4892 ± 0.174226	0.0989 ± 0.011730	0.610 ± 0.233632	1.000 ± 0.000000	0.581 ± 0.227467	1.000 ± 0.000000	0.795 ± 0.130664	1.000 ± 0.000000	0.815 ± 0.188900	1.000 ± 0.000000	0.885 ± 0.127404	1.000 ± 0.000000	0.876 ± 0.130666	1.000 ± 0.000000	0.722 ± 0.192408	1.000 ± 0.000000	0.836 ± 0.173511	1.000 ± 0.000000
precision_recall_auc	nan	nan	0.893 ± 0.106357	1.000 ± 0.000000	0.788 ± 0.133758	1.000 ± 0.000000	0.15616 ± 0.061165	0.01246 ± 0.001907	0.755 ± 0.159609	1.000 ± 0.000000	0.577 ± 0.267516	1.000 ± 0.000000	0.4869 ± 0.177775	0.0966 ± 0.009850	0.636 ± 0.261653	1.000 ± 0.000000	0.603 ± 0.261332	1.000 ± 0.000000	0.815 ± 0.141417	1.000 ± 0.000000	0.821 ± 0.201201	1.000 ± 0.000000	0.876 ± 0.132157	1.000 ± 0.000000	0.871 ± 0.129396	1.000 ± 0.000000	0.747 ± 0.208901	1.000 ± 0.000000	0.830 ± 0.205784	1.000 ± 0.000000
roc_auc	nan	nan	0.892 ± 0.110890	1.000 ± 0.000000	0.774 ± 0.131700	1.000 ± 0.000000	0.15784 ± 0.062474	0.01247 ± 0.002039	0.735 ± 0.155513	1.000 ± 0.000000	0.548 ± 0.263399	1.000 ± 0.000000	0.4876 ± 0.171273	0.0965 ± 0.011548	0.608 ± 0.266766	1.000 ± 0.000000	0.575 ± 0.261226	1.000 ± 0.000000	0.796 ± 0.153921	1.000 ± 0.000000	0.812 ± 0.196996	1.000 ± 0.000000	0.879 ± 0.128974	1.000 ± 0.000000	0.872 ± 0.135185	1.000 ± 0.000000	0.723 ± 0.217202	1.000 ± 0.000000	0.825 ± 0.200573	1.000 ± 0.000000
