	mean_ncv_average_precision	mean_ncv_balanced_accuracy	mean_ncv_brier_loss	mean_ncv_f1	mean_ncv_informedness	mean_ncv_log_loss	mean_ncv_markedness	mean_ncv_mcc	mean_ncv_negative_predictive_value	mean_ncv_precision	mean_ncv_precision_recall_auc	mean_ncv_roc_auc	mean_ncv_sensitivity	mean_ncv_specificity
mcc	0.841 ± 0.040098	0.769 ± 0.038227	0.16132 ± 0.013707	0.748 ± 0.040283	0.537 ± 0.076454	0.4908 ± 0.040297	0.537 ± 0.077689	0.537 ± 0.077043	0.796 ± 0.032423	0.740 ± 0.047987	0.837 ± 0.041341	0.843 ± 0.027297	0.756 ± 0.038845	0.782 ± 0.046945
precision_recall_auc	0.839 ± 0.030430	0.761 ± 0.032780	0.16178 ± 0.012600	0.740 ± 0.033199	0.523 ± 0.065559	0.4942 ± 0.040779	0.523 ± 0.068411	0.523 ± 0.066890	0.791 ± 0.029646	0.732 ± 0.047394	0.834 ± 0.032932	0.838 ± 0.026021	0.750 ± 0.039284	0.773 ± 0.052486
roc_auc	0.835 ± 0.032259	0.761 ± 0.033549	0.16455 ± 0.013941	0.740 ± 0.035986	0.523 ± 0.067098	0.4968 ± 0.041324	0.522 ± 0.067105	0.522 ± 0.067095	0.791 ± 0.029754	0.731 ± 0.041016	0.831 ± 0.033902	0.836 ± 0.027112	0.750 ± 0.039284	0.773 ± 0.042855
