	mean_best_threshold_tuning_score	mean_best_threshold	mean_test_average_precision	mean_train_average_precision	mean_test_balanced_accuracy	mean_train_balanced_accuracy	mean_test_brier_loss	mean_train_brier_loss	mean_test_f1	mean_train_f1	mean_test_informedness	mean_train_informedness	mean_test_log_loss	mean_train_log_loss	mean_test_markedness	mean_train_markedness	mean_test_mcc	mean_train_mcc	mean_test_negative_predictive_value	mean_train_negative_predictive_value	mean_test_precision	mean_train_precision	mean_test_precision_recall_auc	mean_train_precision_recall_auc	mean_test_roc_auc	mean_train_roc_auc	mean_test_sensitivity	mean_train_sensitivity	mean_test_specificity	mean_train_specificity
mcc	nan	nan	0.953 ± 0.061485	0.993 ± 0.012202	0.873 ± 0.105035	0.948 ± 0.049561	0.09729 ± 0.062062	0.03019 ± 0.028214	0.844 ± 0.135757	0.943 ± 0.055568	0.745 ± 0.210071	0.897 ± 0.099122	0.3177 ± 0.161068	0.1285 ± 0.084482	0.821 ± 0.156188	0.922 ± 0.076730	0.780 ± 0.182560	0.909 ± 0.087896	0.855 ± 0.121051	0.930 ± 0.065143	0.966 ± 0.107565	0.991 ± 0.019518	0.947 ± 0.070920	0.993 ± 0.012313	0.946 ± 0.073853	0.993 ± 0.014018	0.780 ± 0.194715	0.903 ± 0.091992	0.965 ± 0.118773	0.994 ± 0.013454
precision_recall_auc	nan	nan	0.948 ± 0.067100	0.986 ± 0.014294	0.767 ± 0.142370	0.850 ± 0.139869	0.10900 ± 0.062452	0.04892 ± 0.036313	0.648 ± 0.276737	0.782 ± 0.265408	0.534 ± 0.284740	0.700 ± 0.279738	0.3430 ± 0.161671	0.1697 ± 0.102722	0.638 ± 0.371190	0.744 ± 0.374787	0.597 ± 0.267821	0.738 ± 0.266285	0.753 ± 0.138586	0.826 ± 0.137588	0.885 ± 0.308097	0.918 ± 0.273713	0.942 ± 0.074324	0.985 ± 0.014444	0.926 ± 0.107215	0.987 ± 0.013583	0.550 ± 0.296426	0.702 ± 0.280362	0.984 ± 0.088893	0.999 ± 0.005876
roc_auc	nan	nan	0.948 ± 0.062947	0.985 ± 0.014329	0.769 ± 0.144458	0.853 ± 0.140105	0.11821 ± 0.062046	0.05145 ± 0.036853	0.651 ± 0.290186	0.787 ± 0.265300	0.538 ± 0.288916	0.707 ± 0.280209	0.3673 ± 0.160230	0.1812 ± 0.099250	0.611 ± 0.396762	0.747 ± 0.375799	0.591 ± 0.277617	0.743 ± 0.266998	0.758 ± 0.131161	0.830 ± 0.138951	0.853 ± 0.332294	0.917 ± 0.273468	0.941 ± 0.070367	0.985 ± 0.014479	0.930 ± 0.095186	0.987 ± 0.013683	0.563 ± 0.301433	0.709 ± 0.281419	0.975 ± 0.098068	0.998 ± 0.010051
