	mean_best_threshold_tuning_score	mean_best_threshold	mean_test_average_precision	mean_train_average_precision	mean_test_balanced_accuracy	mean_train_balanced_accuracy	mean_test_brier_loss	mean_train_brier_loss	mean_test_f1	mean_train_f1	mean_test_informedness	mean_train_informedness	mean_test_log_loss	mean_train_log_loss	mean_test_markedness	mean_train_markedness	mean_test_mcc	mean_train_mcc	mean_test_negative_predictive_value	mean_train_negative_predictive_value	mean_test_precision	mean_train_precision	mean_test_precision_recall_auc	mean_train_precision_recall_auc	mean_test_roc_auc	mean_train_roc_auc	mean_test_sensitivity	mean_train_sensitivity	mean_test_specificity	mean_train_specificity
mcc	nan	nan	0.963 ± 0.059996	0.993 ± 0.012202	0.865 ± 0.109347	0.948 ± 0.049561	0.08957 ± 0.059902	0.03019 ± 0.028214	0.830 ± 0.151919	0.943 ± 0.055568	0.731 ± 0.218694	0.897 ± 0.099122	0.3047 ± 0.160095	0.1285 ± 0.084482	0.815 ± 0.153684	0.922 ± 0.076730	0.769 ± 0.186586	0.909 ± 0.087896	0.847 ± 0.124417	0.930 ± 0.065143	0.968 ± 0.099332	0.991 ± 0.019518	0.959 ± 0.067365	0.993 ± 0.012313	0.951 ± 0.080981	0.993 ± 0.014018	0.762 ± 0.211630	0.903 ± 0.091992	0.969 ± 0.101464	0.994 ± 0.013454
precision_recall_auc	nan	nan	0.952 ± 0.057138	0.986 ± 0.014294	0.767 ± 0.140575	0.850 ± 0.139869	0.10241 ± 0.056326	0.04892 ± 0.036313	0.648 ± 0.274035	0.782 ± 0.265408	0.535 ± 0.281151	0.700 ± 0.279738	0.3293 ± 0.142658	0.1697 ± 0.102722	0.640 ± 0.370037	0.744 ± 0.374787	0.598 ± 0.264380	0.738 ± 0.266285	0.753 ± 0.136642	0.826 ± 0.137588	0.887 ± 0.305863	0.918 ± 0.273713	0.947 ± 0.062226	0.985 ± 0.014444	0.929 ± 0.096063	0.987 ± 0.013583	0.547 ± 0.293621	0.702 ± 0.280362	0.988 ± 0.062727	0.999 ± 0.005876
roc_auc	nan	nan	0.950 ± 0.051949	0.985 ± 0.014329	0.771 ± 0.136081	0.853 ± 0.140105	0.11018 ± 0.052457	0.05145 ± 0.036853	0.659 ± 0.272251	0.787 ± 0.265300	0.542 ± 0.272163	0.707 ± 0.280209	0.3569 ± 0.152697	0.1812 ± 0.099250	0.632 ± 0.367457	0.747 ± 0.375799	0.599 ± 0.258357	0.743 ± 0.266998	0.757 ± 0.125697	0.830 ± 0.138951	0.875 ± 0.307027	0.917 ± 0.273468	0.944 ± 0.057106	0.985 ± 0.014479	0.930 ± 0.084025	0.987 ± 0.013683	0.563 ± 0.285992	0.709 ± 0.281419	0.979 ± 0.075654	0.998 ± 0.010051
