	mean_best_threshold_tuning_score	mean_best_threshold	mean_test_average_precision	mean_train_average_precision	mean_test_balanced_accuracy	mean_train_balanced_accuracy	mean_test_brier_loss	mean_train_brier_loss	mean_test_f1	mean_train_f1	mean_test_informedness	mean_train_informedness	mean_test_log_loss	mean_train_log_loss	mean_test_markedness	mean_train_markedness	mean_test_mcc	mean_train_mcc	mean_test_negative_predictive_value	mean_train_negative_predictive_value	mean_test_precision	mean_train_precision	mean_test_precision_recall_auc	mean_train_precision_recall_auc	mean_test_roc_auc	mean_train_roc_auc	mean_test_sensitivity	mean_train_sensitivity	mean_test_specificity	mean_train_specificity
mcc	nan	nan	0.956 ± 0.065384	0.993 ± 0.012202	0.855 ± 0.119229	0.948 ± 0.049561	0.10635 ± 0.071348	0.03019 ± 0.028214	0.824 ± 0.153261	0.943 ± 0.055568	0.709 ± 0.238457	0.897 ± 0.099122	0.3490 ± 0.206815	0.1285 ± 0.084482	0.753 ± 0.215206	0.922 ± 0.076730	0.729 ± 0.224938	0.909 ± 0.087896	0.865 ± 0.126026	0.930 ± 0.065143	0.888 ± 0.159302	0.991 ± 0.019518	0.950 ± 0.074290	0.993 ± 0.012313	0.945 ± 0.081653	0.993 ± 0.014018	0.805 ± 0.198927	0.903 ± 0.091992	0.904 ± 0.145980	0.994 ± 0.013454
precision_recall_auc	nan	nan	0.948 ± 0.072643	0.986 ± 0.014294	0.747 ± 0.156603	0.850 ± 0.139869	0.11804 ± 0.069463	0.04892 ± 0.036313	0.603 ± 0.317721	0.782 ± 0.265408	0.495 ± 0.313206	0.700 ± 0.279738	0.3804 ± 0.202830	0.1697 ± 0.102722	0.556 ± 0.458399	0.744 ± 0.374787	0.551 ± 0.303436	0.738 ± 0.266285	0.746 ± 0.155365	0.826 ± 0.137588	0.810 ± 0.369639	0.918 ± 0.273713	0.942 ± 0.080915	0.985 ± 0.014444	0.927 ± 0.107335	0.987 ± 0.013583	0.525 ± 0.333864	0.702 ± 0.280362	0.970 ± 0.103016	0.999 ± 0.005876
roc_auc	nan	nan	0.948 ± 0.069349	0.985 ± 0.014329	0.765 ± 0.143269	0.853 ± 0.140105	0.12097 ± 0.065708	0.05145 ± 0.036853	0.645 ± 0.289874	0.787 ± 0.265300	0.529 ± 0.286538	0.707 ± 0.280209	0.3921 ± 0.199735	0.1812 ± 0.099250	0.601 ± 0.393426	0.747 ± 0.375799	0.581 ± 0.274468	0.743 ± 0.266998	0.758 ± 0.132569	0.830 ± 0.138951	0.843 ± 0.331474	0.917 ± 0.273468	0.941 ± 0.077754	0.985 ± 0.014479	0.930 ± 0.098077	0.987 ± 0.013683	0.563 ± 0.305635	0.709 ± 0.281419	0.966 ± 0.105676	0.998 ± 0.010051
