	mean_best_threshold_tuning_score	mean_best_threshold	mean_test_average_precision	mean_train_average_precision	mean_test_balanced_accuracy	mean_train_balanced_accuracy	mean_test_brier_loss	mean_train_brier_loss	mean_test_f1	mean_train_f1	mean_test_informedness	mean_train_informedness	mean_test_log_loss	mean_train_log_loss	mean_test_markedness	mean_train_markedness	mean_test_mcc	mean_train_mcc	mean_test_negative_predictive_value	mean_train_negative_predictive_value	mean_test_precision	mean_train_precision	mean_test_precision_recall_auc	mean_train_precision_recall_auc	mean_test_roc_auc	mean_train_roc_auc	mean_test_sensitivity	mean_train_sensitivity	mean_test_specificity	mean_train_specificity
mcc	nan	nan	0.952 ± 0.073794	0.991 ± 0.013404	0.874 ± 0.104787	0.950 ± 0.034348	0.09491 ± 0.061679	0.03252 ± 0.022642	0.844 ± 0.139740	0.946 ± 0.038662	0.749 ± 0.209574	0.900 ± 0.068697	0.3489 ± 0.221898	0.1266 ± 0.071483	0.828 ± 0.148321	0.916 ± 0.061664	0.785 ± 0.178742	0.908 ± 0.065055	0.848 ± 0.116370	0.933 ± 0.039600	0.980 ± 0.080086	0.983 ± 0.027997	0.947 ± 0.081061	0.991 ± 0.013519	0.931 ± 0.102153	0.991 ± 0.016574	0.767 ± 0.195615	0.912 ± 0.053706	0.982 ± 0.080026	0.987 ± 0.021941
precision_recall_auc	nan	nan	0.930 ± 0.088923	0.981 ± 0.017659	0.778 ± 0.189801	0.825 ± 0.181020	0.10963 ± 0.080028	0.04607 ± 0.035304	0.643 ± 0.376822	0.708 ± 0.383754	0.555 ± 0.379602	0.649 ± 0.362040	0.3765 ± 0.237244	0.1577 ± 0.108880	0.501 ± 0.556428	0.565 ± 0.551818	0.576 ± 0.381072	0.656 ± 0.364884	0.783 ± 0.176388	0.828 ± 0.157235	0.718 ± 0.409931	0.737 ± 0.398873	0.923 ± 0.098515	0.980 ± 0.017819	0.902 ± 0.120324	0.980 ± 0.020461	0.608 ± 0.376556	0.683 ± 0.373154	0.947 ± 0.125523	0.966 ± 0.048727
roc_auc	nan	nan	0.930 ± 0.086239	0.982 ± 0.014575	0.785 ± 0.167560	0.844 ± 0.159976	0.11991 ± 0.077707	0.04904 ± 0.033484	0.681 ± 0.330922	0.757 ± 0.338263	0.569 ± 0.335120	0.688 ± 0.319952	0.3900 ± 0.221280	0.1656 ± 0.098853	0.542 ± 0.478622	0.628 ± 0.487436	0.588 ± 0.334672	0.694 ± 0.322393	0.807 ± 0.164384	0.846 ± 0.141061	0.734 ± 0.355511	0.782 ± 0.350092	0.922 ± 0.095953	0.982 ± 0.014715	0.908 ± 0.112827	0.983 ± 0.014731	0.668 ± 0.346872	0.735 ± 0.330403	0.901 ± 0.148630	0.953 ± 0.057450
