	mean_ncv_average_precision	mean_ncv_balanced_accuracy	mean_ncv_brier_loss	mean_ncv_f1	mean_ncv_informedness	mean_ncv_log_loss	mean_ncv_markedness	mean_ncv_mcc	mean_ncv_negative_predictive_value	mean_ncv_precision	mean_ncv_precision_recall_auc	mean_ncv_roc_auc	mean_ncv_sensitivity	mean_ncv_specificity
mcc	0.939 ± 0.008697	0.869 ± 0.025581	0.09237 ± 0.009036	0.851 ± 0.030817	0.738 ± 0.051163	0.3445 ± 0.030742	0.802 ± 0.061727	0.769 ± 0.054971	0.834 ± 0.021999	0.968 ± 0.053769	0.937 ± 0.008883	0.917 ± 0.014138	0.761 ± 0.037497	0.977 ± 0.038629
precision_recall_auc	0.921 ± 0.026731	0.744 ± 0.078180	0.11150 ± 0.023709	0.656 ± 0.142739	0.488 ± 0.156361	0.3816 ± 0.070911	0.640 ± 0.113386	0.555 ± 0.133187	0.722 ± 0.070612	0.918 ± 0.090878	0.919 ± 0.027476	0.904 ± 0.029372	0.533 ± 0.174113	0.955 ± 0.060606
roc_auc	0.906 ± 0.032965	0.749 ± 0.045762	0.12454 ± 0.025195	0.688 ± 0.085326	0.499 ± 0.091524	0.4067 ± 0.078918	0.582 ± 0.068206	0.538 ± 0.075105	0.736 ± 0.049073	0.846 ± 0.066406	0.904 ± 0.033915	0.897 ± 0.034723	0.594 ± 0.122977	0.905 ± 0.054419
