	mean_best_threshold_tuning_score	mean_best_threshold	mean_test_average_precision	mean_train_average_precision	mean_test_balanced_accuracy	mean_train_balanced_accuracy	mean_test_brier_loss	mean_train_brier_loss	mean_test_f1	mean_train_f1	mean_test_informedness	mean_train_informedness	mean_test_log_loss	mean_train_log_loss	mean_test_markedness	mean_train_markedness	mean_test_mcc	mean_train_mcc	mean_test_negative_predictive_value	mean_train_negative_predictive_value	mean_test_precision	mean_train_precision	mean_test_precision_recall_auc	mean_train_precision_recall_auc	mean_test_roc_auc	mean_train_roc_auc	mean_test_sensitivity	mean_train_sensitivity	mean_test_specificity	mean_train_specificity
mcc	nan	nan	0.931 ± 0.091298	0.990 ± 0.015555	0.845 ± 0.118175	0.954 ± 0.037288	0.12713 ± 0.074173	0.02951 ± 0.024901	0.825 ± 0.131826	0.950 ± 0.041572	0.690 ± 0.236351	0.908 ± 0.074575	0.4237 ± 0.225640	0.1162 ± 0.083026	0.718 ± 0.225609	0.923 ± 0.066156	0.703 ± 0.229768	0.915 ± 0.070230	0.876 ± 0.121269	0.940 ± 0.044141	0.841 ± 0.172722	0.983 ± 0.028337	0.922 ± 0.105126	0.990 ± 0.015684	0.907 ± 0.128411	0.989 ± 0.019152	0.840 ± 0.163958	0.921 ± 0.059655	0.850 ± 0.183225	0.987 ± 0.022165
precision_recall_auc	nan	nan	0.938 ± 0.074869	0.982 ± 0.019652	0.770 ± 0.189415	0.829 ± 0.192560	0.13209 ± 0.079637	0.04366 ± 0.038442	0.617 ± 0.400096	0.703 ± 0.402717	0.539 ± 0.378830	0.657 ± 0.385121	0.4377 ± 0.236002	0.1495 ± 0.118044	0.434 ± 0.589409	0.562 ± 0.579963	0.551 ± 0.383762	0.663 ± 0.387430	0.789 ± 0.184641	0.832 ± 0.168124	0.645 ± 0.427489	0.730 ± 0.416602	0.931 ± 0.083775	0.982 ± 0.019833	0.918 ± 0.100479	0.981 ± 0.022218	0.608 ± 0.402039	0.680 ± 0.393011	0.931 ± 0.136610	0.977 ± 0.037603
roc_auc	nan	nan	0.936 ± 0.073695	0.985 ± 0.015107	0.778 ± 0.170557	0.854 ± 0.166538	0.13342 ± 0.076841	0.04235 ± 0.037295	0.661 ± 0.354191	0.767 ± 0.344199	0.556 ± 0.341115	0.707 ± 0.333077	0.4427 ± 0.231125	0.1446 ± 0.112235	0.494 ± 0.511961	0.647 ± 0.498217	0.569 ± 0.343231	0.713 ± 0.334865	0.811 ± 0.172914	0.857 ± 0.149010	0.683 ± 0.373088	0.790 ± 0.354402	0.928 ± 0.082619	0.984 ± 0.015258	0.916 ± 0.098010	0.985 ± 0.015532	0.668 ± 0.370194	0.748 ± 0.338621	0.888 ± 0.154378	0.959 ± 0.059823
