	mean_best_threshold_tuning_score	mean_best_threshold	mean_test_average_precision	mean_train_average_precision	mean_test_balanced_accuracy	mean_train_balanced_accuracy	mean_test_brier_loss	mean_train_brier_loss	mean_test_f1	mean_train_f1	mean_test_informedness	mean_train_informedness	mean_test_log_loss	mean_train_log_loss	mean_test_markedness	mean_train_markedness	mean_test_mcc	mean_train_mcc	mean_test_negative_predictive_value	mean_train_negative_predictive_value	mean_test_precision	mean_train_precision	mean_test_precision_recall_auc	mean_train_precision_recall_auc	mean_test_roc_auc	mean_train_roc_auc	mean_test_sensitivity	mean_train_sensitivity	mean_test_specificity	mean_train_specificity
mcc	nan	nan	0.936 ± 0.082370	0.975 ± 0.018360	0.869 ± 0.111214	0.906 ± 0.028466	0.10012 ± 0.059389	0.06637 ± 0.019119	0.839 ± 0.146009	0.896 ± 0.033490	0.739 ± 0.222428	0.812 ± 0.056931	0.3327 ± 0.154261	0.2384 ± 0.052592	0.817 ± 0.166887	0.857 ± 0.046973	0.774 ± 0.194251	0.835 ± 0.051444	0.851 ± 0.127128	0.874 ± 0.035572	0.966 ± 0.105676	0.984 ± 0.023050	0.928 ± 0.091051	0.975 ± 0.018502	0.907 ± 0.130022	0.969 ± 0.025863	0.775 ± 0.204990	0.824 ± 0.051913	0.964 ± 0.117387	0.989 ± 0.016288
precision_recall_auc	nan	nan	0.946 ± 0.071496	0.959 ± 0.015936	0.751 ± 0.148858	0.760 ± 0.140000	0.11583 ± 0.064090	0.08444 ± 0.022259	0.609 ± 0.320617	0.629 ± 0.313647	0.502 ± 0.297717	0.520 ± 0.280000	0.3699 ± 0.177394	0.2758 ± 0.058472	0.542 ± 0.478687	0.563 ± 0.452284	0.555 ± 0.299014	0.569 ± 0.283770	0.735 ± 0.132562	0.741 ± 0.116858	0.807 ± 0.387563	0.821 ± 0.364942	0.939 ± 0.080533	0.958 ± 0.016086	0.926 ± 0.107841	0.955 ± 0.018554	0.515 ± 0.307544	0.534 ± 0.292377	0.987 ± 0.066094	0.986 ± 0.037903
roc_auc	nan	nan	0.950 ± 0.062168	0.957 ± 0.017045	0.760 ± 0.152585	0.767 ± 0.119748	0.11699 ± 0.059874	0.09036 ± 0.021699	0.625 ± 0.316909	0.657 ± 0.263638	0.520 ± 0.305171	0.533 ± 0.239495	0.3702 ± 0.162351	0.2907 ± 0.055806	0.578 ± 0.455889	0.620 ± 0.369416	0.575 ± 0.300682	0.591 ± 0.236674	0.743 ± 0.131899	0.746 ± 0.108613	0.835 ± 0.369811	0.874 ± 0.300021	0.944 ± 0.071119	0.957 ± 0.017210	0.939 ± 0.082516	0.955 ± 0.018133	0.525 ± 0.306880	0.554 ± 0.258822	0.995 ± 0.035355	0.979 ± 0.048769
