	mean_best_threshold_tuning_score	mean_best_threshold	mean_test_average_precision	mean_train_average_precision	mean_test_balanced_accuracy	mean_train_balanced_accuracy	mean_test_brier_loss	mean_train_brier_loss	mean_test_f1	mean_train_f1	mean_test_informedness	mean_train_informedness	mean_test_log_loss	mean_train_log_loss	mean_test_markedness	mean_train_markedness	mean_test_mcc	mean_train_mcc	mean_test_negative_predictive_value	mean_train_negative_predictive_value	mean_test_precision	mean_train_precision	mean_test_precision_recall_auc	mean_train_precision_recall_auc	mean_test_roc_auc	mean_train_roc_auc	mean_test_sensitivity	mean_train_sensitivity	mean_test_specificity	mean_train_specificity
mcc	nan	nan	0.936 ± 0.075094	0.975 ± 0.018360	0.859 ± 0.123546	0.906 ± 0.028466	0.11127 ± 0.064570	0.06637 ± 0.019119	0.830 ± 0.153877	0.896 ± 0.033490	0.717 ± 0.247091	0.812 ± 0.056931	0.3634 ± 0.163412	0.2384 ± 0.052592	0.748 ± 0.234438	0.857 ± 0.046973	0.731 ± 0.239467	0.835 ± 0.051444	0.866 ± 0.133308	0.874 ± 0.035572	0.882 ± 0.161493	0.984 ± 0.023050	0.928 ± 0.083758	0.975 ± 0.018502	0.910 ± 0.110901	0.969 ± 0.025863	0.813 ± 0.193839	0.824 ± 0.051913	0.904 ± 0.134331	0.989 ± 0.016288
precision_recall_auc	nan	nan	0.944 ± 0.072183	0.959 ± 0.015936	0.742 ± 0.156572	0.760 ± 0.140000	0.11774 ± 0.069054	0.08444 ± 0.022259	0.593 ± 0.334138	0.629 ± 0.313647	0.485 ± 0.313144	0.520 ± 0.280000	0.3835 ± 0.200026	0.2758 ± 0.058472	0.502 ± 0.501358	0.563 ± 0.452284	0.532 ± 0.315830	0.569 ± 0.283770	0.733 ± 0.143772	0.741 ± 0.116858	0.769 ± 0.399782	0.821 ± 0.364942	0.938 ± 0.080662	0.958 ± 0.016086	0.925 ± 0.103613	0.955 ± 0.018554	0.512 ± 0.323849	0.534 ± 0.292377	0.973 ± 0.084642	0.986 ± 0.037903
roc_auc	nan	nan	0.948 ± 0.068571	0.957 ± 0.017045	0.753 ± 0.161151	0.767 ± 0.119748	0.11500 ± 0.064949	0.09036 ± 0.021699	0.608 ± 0.332742	0.657 ± 0.263638	0.507 ± 0.322302	0.533 ± 0.239495	0.3661 ± 0.171021	0.2907 ± 0.055806	0.545 ± 0.481045	0.620 ± 0.369416	0.557 ± 0.317163	0.591 ± 0.236674	0.743 ± 0.141400	0.746 ± 0.108613	0.802 ± 0.386452	0.874 ± 0.300021	0.941 ± 0.077234	0.957 ± 0.017210	0.935 ± 0.090756	0.955 ± 0.018133	0.520 ± 0.325399	0.554 ± 0.258822	0.987 ± 0.052304	0.979 ± 0.048769
