	mean_best_threshold_tuning_score	mean_best_threshold	mean_test_average_precision	mean_train_average_precision	mean_test_balanced_accuracy	mean_train_balanced_accuracy	mean_test_brier_loss	mean_train_brier_loss	mean_test_f1	mean_train_f1	mean_test_informedness	mean_train_informedness	mean_test_log_loss	mean_train_log_loss	mean_test_markedness	mean_train_markedness	mean_test_mcc	mean_train_mcc	mean_test_negative_predictive_value	mean_train_negative_predictive_value	mean_test_precision	mean_train_precision	mean_test_precision_recall_auc	mean_train_precision_recall_auc	mean_test_roc_auc	mean_train_roc_auc	mean_test_sensitivity	mean_train_sensitivity	mean_test_specificity	mean_train_specificity
mcc	nan	nan	0.774 ± 0.171006	0.994 ± 0.011700	0.671 ± 0.146048	0.974 ± 0.048157	0.21984 ± 0.066607	0.11779 ± 0.044056	0.555 ± 0.258408	0.971 ± 0.055120	0.341 ± 0.292096	0.948 ± 0.096314	0.6780 ± 0.289223	0.3870 ± 0.111571	0.357 ± 0.393437	0.964 ± 0.066176	0.363 ± 0.310728	0.955 ± 0.081578	0.691 ± 0.134661	0.965 ± 0.063716	0.666 ± 0.319269	0.999 ± 0.005911	0.743 ± 0.199690	0.994 ± 0.011820	0.693 ± 0.212668	0.994 ± 0.012613	0.510 ± 0.273882	0.949 ± 0.094862	0.831 ± 0.164096	0.999 ± 0.003666
precision_recall_auc	nan	nan	0.772 ± 0.167896	0.989 ± 0.016806	0.671 ± 0.135581	0.952 ± 0.062969	0.22127 ± 0.083098	0.08368 ± 0.027621	0.558 ± 0.244192	0.945 ± 0.073801	0.341 ± 0.271161	0.904 ± 0.125938	0.7231 ± 0.482919	0.2999 ± 0.069369	0.373 ± 0.378447	0.934 ± 0.084077	0.370 ± 0.289460	0.918 ± 0.105545	0.691 ± 0.130373	0.938 ± 0.082330	0.682 ± 0.314383	0.995 ± 0.014277	0.743 ± 0.191674	0.989 ± 0.017035	0.696 ± 0.214726	0.989 ± 0.017241	0.515 ± 0.263894	0.908 ± 0.125634	0.826 ± 0.177638	0.996 ± 0.012446
roc_auc	nan	nan	0.767 ± 0.161860	0.995 ± 0.010426	0.671 ± 0.127666	0.964 ± 0.052473	0.23139 ± 0.076155	0.08120 ± 0.036041	0.563 ± 0.232149	0.959 ± 0.059875	0.343 ± 0.255332	0.928 ± 0.104946	0.7520 ± 0.375995	0.2948 ± 0.092566	0.377 ± 0.358280	0.947 ± 0.073833	0.372 ± 0.270164	0.937 ± 0.089621	0.698 ± 0.136655	0.953 ± 0.071018	0.680 ± 0.292020	0.994 ± 0.016746	0.734 ± 0.189252	0.994 ± 0.010539	0.685 ± 0.211773	0.995 ± 0.010289	0.527 ± 0.266433	0.933 ± 0.104043	0.816 ± 0.174508	0.995 ± 0.014418
