	mean_best_threshold_tuning_score	mean_best_threshold	mean_test_average_precision	mean_train_average_precision	mean_test_balanced_accuracy	mean_train_balanced_accuracy	mean_test_brier_loss	mean_train_brier_loss	mean_test_f1	mean_train_f1	mean_test_informedness	mean_train_informedness	mean_test_log_loss	mean_train_log_loss	mean_test_markedness	mean_train_markedness	mean_test_mcc	mean_train_mcc	mean_test_negative_predictive_value	mean_train_negative_predictive_value	mean_test_precision	mean_train_precision	mean_test_precision_recall_auc	mean_train_precision_recall_auc	mean_test_roc_auc	mean_train_roc_auc	mean_test_sensitivity	mean_train_sensitivity	mean_test_specificity	mean_train_specificity
mcc	nan	nan	0.834 ± 0.143310	1.000 ± 0.001989	0.708 ± 0.163334	0.981 ± 0.043849	0.20370 ± 0.091577	0.06629 ± 0.046588	0.602 ± 0.280116	0.978 ± 0.050888	0.417 ± 0.326668	0.962 ± 0.087698	0.7412 ± 0.571785	0.2477 ± 0.128955	0.446 ± 0.420350	0.973 ± 0.058488	0.445 ± 0.334206	0.967 ± 0.073494	0.752 ± 0.187026	0.974 ± 0.058560	0.694 ± 0.310379	0.999 ± 0.006018	0.805 ± 0.173021	1.000 ± 0.002003	0.814 ± 0.156786	0.999 ± 0.002843	0.597 ± 0.336869	0.962 ± 0.087866	0.820 ± 0.192725	0.999 ± 0.005546
precision_recall_auc	nan	nan	0.839 ± 0.141800	0.999 ± 0.001737	0.711 ± 0.148122	0.977 ± 0.047080	0.20538 ± 0.090284	0.05056 ± 0.038060	0.606 ± 0.256030	0.973 ± 0.053991	0.422 ± 0.296243	0.953 ± 0.094161	0.8520 ± 0.666012	0.2027 ± 0.107081	0.492 ± 0.378161	0.967 ± 0.065004	0.463 ± 0.300595	0.960 ± 0.079926	0.747 ± 0.176094	0.967 ± 0.065004	0.745 ± 0.297386	1.000 ± 0.000000	0.813 ± 0.169174	0.999 ± 0.001754	0.813 ± 0.161825	0.999 ± 0.001726	0.585 ± 0.322744	0.953 ± 0.094161	0.837 ± 0.196606	1.000 ± 0.000000
roc_auc	nan	nan	0.829 ± 0.146094	1.000 ± 0.001320	0.724 ± 0.157561	0.982 ± 0.041463	0.21001 ± 0.100457	0.03419 ± 0.029398	0.631 ± 0.256976	0.980 ± 0.046954	0.449 ± 0.315122	0.964 ± 0.082926	0.8235 ± 0.622770	0.1568 ± 0.087839	0.508 ± 0.373311	0.975 ± 0.055629	0.485 ± 0.311676	0.969 ± 0.069583	0.760 ± 0.182864	0.975 ± 0.055629	0.748 ± 0.283456	1.000 ± 0.000000	0.802 ± 0.175252	1.000 ± 0.001334	0.798 ± 0.166708	1.000 ± 0.001238	0.620 ± 0.320395	0.964 ± 0.082926	0.829 ± 0.208270	1.000 ± 0.000000
