	mean_ncv_average_precision	mean_ncv_balanced_accuracy	mean_ncv_brier_loss	mean_ncv_f1	mean_ncv_informedness	mean_ncv_log_loss	mean_ncv_markedness	mean_ncv_mcc	mean_ncv_negative_predictive_value	mean_ncv_precision	mean_ncv_precision_recall_auc	mean_ncv_roc_auc	mean_ncv_sensitivity	mean_ncv_specificity
mcc	0.796 ± 0.030660	0.729 ± 0.041052	0.18353 ± 0.018009	0.684 ± 0.054587	0.457 ± 0.082104	0.6240 ± 0.114672	0.488 ± 0.090851	0.472 ± 0.084991	0.739 ± 0.049064	0.750 ± 0.071909	0.789 ± 0.031940	0.798 ± 0.047075	0.639 ± 0.095330	0.818 ± 0.074227
precision_recall_auc	0.822 ± 0.042558	0.755 ± 0.033805	0.17978 ± 0.027290	0.722 ± 0.035669	0.511 ± 0.067611	0.6421 ± 0.148777	0.532 ± 0.079608	0.521 ± 0.072998	0.762 ± 0.025824	0.770 ± 0.065685	0.816 ± 0.045822	0.812 ± 0.030887	0.683 ± 0.045737	0.827 ± 0.067079
roc_auc	0.830 ± 0.047149	0.760 ± 0.042829	0.16944 ± 0.026480	0.725 ± 0.057478	0.521 ± 0.085659	0.5977 ± 0.157695	0.543 ± 0.082012	0.532 ± 0.082803	0.768 ± 0.044854	0.774 ± 0.058910	0.824 ± 0.050161	0.838 ± 0.043528	0.689 ± 0.087646	0.832 ± 0.060795
