	mean_best_threshold_tuning_score	mean_best_threshold	mean_test_average_precision	mean_train_average_precision	mean_test_balanced_accuracy	mean_train_balanced_accuracy	mean_test_brier_loss	mean_train_brier_loss	mean_test_f1	mean_train_f1	mean_test_informedness	mean_train_informedness	mean_test_log_loss	mean_train_log_loss	mean_test_markedness	mean_train_markedness	mean_test_mcc	mean_train_mcc	mean_test_negative_predictive_value	mean_train_negative_predictive_value	mean_test_precision	mean_train_precision	mean_test_precision_recall_auc	mean_train_precision_recall_auc	mean_test_roc_auc	mean_train_roc_auc	mean_test_sensitivity	mean_train_sensitivity	mean_test_specificity	mean_train_specificity
mcc	nan	nan	0.863 ± 0.136365	0.999 ± 0.004067	0.725 ± 0.137096	0.979 ± 0.044874	0.18353 ± 0.074301	0.06515 ± 0.042683	0.646 ± 0.240174	0.976 ± 0.052268	0.450 ± 0.274192	0.959 ± 0.089747	0.6240 ± 0.397439	0.2440 ± 0.120163	0.506 ± 0.346281	0.971 ± 0.060547	0.485 ± 0.274679	0.965 ± 0.075556	0.766 ± 0.156748	0.972 ± 0.060650	0.740 ± 0.267174	0.999 ± 0.006018	0.839 ± 0.164434	0.999 ± 0.004100	0.859 ± 0.135416	0.999 ± 0.005423	0.635 ± 0.291552	0.959 ± 0.089938	0.815 ± 0.190126	0.999 ± 0.005546
precision_recall_auc	nan	nan	0.873 ± 0.116188	0.999 ± 0.002038	0.756 ± 0.140017	0.983 ± 0.043366	0.17978 ± 0.079297	0.04237 ± 0.032097	0.688 ± 0.230579	0.980 ± 0.050042	0.513 ± 0.280034	0.965 ± 0.086732	0.6421 ± 0.436547	0.1767 ± 0.096153	0.569 ± 0.309368	0.976 ± 0.058649	0.544 ± 0.270572	0.971 ± 0.073058	0.793 ± 0.164071	0.976 ± 0.058649	0.776 ± 0.240020	1.000 ± 0.000000	0.854 ± 0.136257	0.999 ± 0.002057	0.851 ± 0.134277	0.999 ± 0.002087	0.687 ± 0.293814	0.965 ± 0.086732	0.826 ± 0.181051	1.000 ± 0.000000
roc_auc	nan	nan	0.869 ± 0.123101	0.999 ± 0.002666	0.761 ± 0.143463	0.979 ± 0.046394	0.16944 ± 0.081814	0.02614 ± 0.027223	0.692 ± 0.245333	0.976 ± 0.053449	0.522 ± 0.286927	0.959 ± 0.092788	0.5977 ± 0.409257	0.1285 ± 0.084313	0.553 ± 0.348795	0.972 ± 0.062615	0.546 ± 0.283104	0.965 ± 0.078097	0.796 ± 0.161864	0.972 ± 0.062615	0.757 ± 0.259973	1.000 ± 0.000000	0.847 ± 0.147779	0.999 ± 0.002693	0.857 ± 0.135281	0.999 ± 0.002608	0.692 ± 0.293664	0.959 ± 0.092788	0.830 ± 0.173499	1.000 ± 0.000000
