	mean_best_threshold_tuning_score	mean_best_threshold	mean_test_average_precision	mean_train_average_precision	mean_test_balanced_accuracy	mean_train_balanced_accuracy	mean_test_brier_loss	mean_train_brier_loss	mean_test_f1	mean_train_f1	mean_test_informedness	mean_train_informedness	mean_test_log_loss	mean_train_log_loss	mean_test_markedness	mean_train_markedness	mean_test_mcc	mean_train_mcc	mean_test_negative_predictive_value	mean_train_negative_predictive_value	mean_test_precision	mean_train_precision	mean_test_precision_recall_auc	mean_train_precision_recall_auc	mean_test_roc_auc	mean_train_roc_auc	mean_test_sensitivity	mean_train_sensitivity	mean_test_specificity	mean_train_specificity
mcc	nan	nan	0.864 ± 0.139373	1.000 ± 0.000339	0.738 ± 0.153106	0.986 ± 0.034206	0.18219 ± 0.078939	0.06920 ± 0.041259	0.664 ± 0.242449	0.985 ± 0.039220	0.476 ± 0.306211	0.972 ± 0.068412	0.5791 ± 0.358249	0.2613 ± 0.110668	0.506 ± 0.363244	0.980 ± 0.048157	0.496 ± 0.312163	0.976 ± 0.058518	0.781 ± 0.174118	0.980 ± 0.048157	0.726 ± 0.267732	1.000 ± 0.000000	0.841 ± 0.167177	1.000 ± 0.000342	0.848 ± 0.152388	1.000 ± 0.000305	0.673 ± 0.298731	0.972 ± 0.068412	0.803 ± 0.185277	1.000 ± 0.000000
precision_recall_auc	nan	nan	0.867 ± 0.129270	1.000 ± 0.001550	0.750 ± 0.144382	0.987 ± 0.035449	0.18062 ± 0.090998	0.04599 ± 0.035762	0.684 ± 0.225636	0.985 ± 0.040309	0.500 ± 0.288763	0.974 ± 0.070899	0.6278 ± 0.456167	0.1876 ± 0.103045	0.533 ± 0.336636	0.982 ± 0.049563	0.522 ± 0.286889	0.978 ± 0.060459	0.790 ± 0.172435	0.982 ± 0.049563	0.743 ± 0.243351	1.000 ± 0.000000	0.848 ± 0.152851	1.000 ± 0.001566	0.842 ± 0.144746	1.000 ± 0.001495	0.693 ± 0.285932	0.974 ± 0.070899	0.807 ± 0.175839	1.000 ± 0.000000
roc_auc	nan	nan	0.850 ± 0.131750	1.000 ± 0.000829	0.745 ± 0.141912	0.987 ± 0.034689	0.18776 ± 0.094660	0.03494 ± 0.033230	0.672 ± 0.237918	0.985 ± 0.038842	0.490 ± 0.283823	0.973 ± 0.069378	0.6794 ± 0.488857	0.1576 ± 0.096635	0.516 ± 0.358385	0.981 ± 0.048550	0.513 ± 0.283877	0.977 ± 0.059146	0.778 ± 0.164164	0.981 ± 0.048550	0.738 ± 0.265026	1.000 ± 0.000000	0.828 ± 0.156039	1.000 ± 0.000839	0.817 ± 0.148895	1.000 ± 0.000674	0.670 ± 0.285198	0.973 ± 0.069378	0.820 ± 0.176993	1.000 ± 0.000000
