	mean_best_threshold_tuning_score	mean_best_threshold	mean_test_average_precision	mean_train_average_precision	mean_test_balanced_accuracy	mean_train_balanced_accuracy	mean_test_brier_loss	mean_train_brier_loss	mean_test_f1	mean_train_f1	mean_test_informedness	mean_train_informedness	mean_test_log_loss	mean_train_log_loss	mean_test_markedness	mean_train_markedness	mean_test_mcc	mean_train_mcc	mean_test_negative_predictive_value	mean_train_negative_predictive_value	mean_test_precision	mean_train_precision	mean_test_precision_recall_auc	mean_train_precision_recall_auc	mean_test_roc_auc	mean_train_roc_auc	mean_test_sensitivity	mean_train_sensitivity	mean_test_specificity	mean_train_specificity
mcc	nan	nan	0.945 ± 0.080168	0.977 ± 0.015217	0.859 ± 0.133726	0.909 ± 0.029817	0.09010 ± 0.059581	0.06546 ± 0.015562	0.820 ± 0.177047	0.899 ± 0.034555	0.717 ± 0.267451	0.818 ± 0.059634	0.3082 ± 0.154483	0.2359 ± 0.044505	0.805 ± 0.217862	0.865 ± 0.046768	0.757 ± 0.241942	0.841 ± 0.052552	0.833 ± 0.135860	0.876 ± 0.038286	0.972 ± 0.123270	0.989 ± 0.025422	0.938 ± 0.090940	0.977 ± 0.015326	0.932 ± 0.095619	0.970 ± 0.022925	0.738 ± 0.222724	0.826 ± 0.057320	0.979 ± 0.094809	0.992 ± 0.020292
precision_recall_auc	nan	nan	0.947 ± 0.064937	0.961 ± 0.016576	0.755 ± 0.157404	0.780 ± 0.140232	0.10973 ± 0.055258	0.08124 ± 0.021269	0.610 ± 0.335932	0.665 ± 0.306600	0.510 ± 0.314808	0.560 ± 0.280465	0.3500 ± 0.139358	0.2680 ± 0.055802	0.533 ± 0.508713	0.597 ± 0.433745	0.561 ± 0.318607	0.604 ± 0.278867	0.738 ± 0.140718	0.761 ± 0.121848	0.795 ± 0.403081	0.837 ± 0.343471	0.941 ± 0.072529	0.961 ± 0.016727	0.929 ± 0.088148	0.957 ± 0.019808	0.515 ± 0.316626	0.577 ± 0.293847	0.995 ± 0.035355	0.983 ± 0.033962
roc_auc	nan	nan	0.940 ± 0.084330	0.964 ± 0.020089	0.686 ± 0.165548	0.762 ± 0.149152	0.11886 ± 0.060777	0.08347 ± 0.025390	0.472 ± 0.367170	0.626 ± 0.328808	0.373 ± 0.331096	0.523 ± 0.298304	0.3736 ± 0.150646	0.2728 ± 0.067327	0.322 ± 0.582907	0.548 ± 0.478180	0.418 ± 0.348996	0.570 ± 0.301208	0.682 ± 0.129324	0.746 ± 0.127284	0.640 ± 0.476916	0.803 ± 0.382011	0.932 ± 0.098697	0.963 ± 0.020281	0.927 ± 0.094747	0.962 ± 0.021561	0.390 ± 0.321843	0.537 ± 0.309909	0.983 ± 0.091255	0.987 ± 0.032572
