	mean_best_threshold_tuning_score	mean_best_threshold	mean_test_average_precision	mean_train_average_precision	mean_test_balanced_accuracy	mean_train_balanced_accuracy	mean_test_brier_loss	mean_train_brier_loss	mean_test_f1	mean_train_f1	mean_test_informedness	mean_train_informedness	mean_test_log_loss	mean_train_log_loss	mean_test_markedness	mean_train_markedness	mean_test_mcc	mean_train_mcc	mean_test_negative_predictive_value	mean_train_negative_predictive_value	mean_test_precision	mean_train_precision	mean_test_precision_recall_auc	mean_train_precision_recall_auc	mean_test_roc_auc	mean_train_roc_auc	mean_test_sensitivity	mean_train_sensitivity	mean_test_specificity	mean_train_specificity
mcc	nan	nan	0.857 ± 0.121187	0.991 ± 0.010993	0.705 ± 0.115913	0.904 ± 0.076620	0.18157 ± 0.067471	0.08899 ± 0.033243	0.605 ± 0.198087	0.887 ± 0.093558	0.409 ± 0.231826	0.809 ± 0.153240	0.5521 ± 0.185840	0.3036 ± 0.092575	0.539 ± 0.318085	0.875 ± 0.097371	0.473 ± 0.243988	0.840 ± 0.126459	0.717 ± 0.139951	0.875 ± 0.097890	0.822 ± 0.272394	1.000 ± 0.003074	0.837 ± 0.141539	0.991 ± 0.011089	0.811 ± 0.167594	0.990 ± 0.014270	0.533 ± 0.242810	0.809 ± 0.153712	0.876 ± 0.206091	1.000 ± 0.002773
precision_recall_auc	nan	nan	0.867 ± 0.123768	0.988 ± 0.012582	0.734 ± 0.116361	0.900 ± 0.068625	0.17694 ± 0.070432	0.07495 ± 0.029749	0.637 ± 0.203992	0.883 ± 0.082619	0.468 ± 0.232721	0.800 ± 0.137250	0.5758 ± 0.351576	0.2641 ± 0.079322	0.595 ± 0.300930	0.868 ± 0.088189	0.531 ± 0.233311	0.833 ± 0.113585	0.732 ± 0.133335	0.868 ± 0.088189	0.863 ± 0.257904	1.000 ± 0.000000	0.848 ± 0.146345	0.988 ± 0.012685	0.834 ± 0.150751	0.986 ± 0.016818	0.555 ± 0.245486	0.800 ± 0.137250	0.913 ± 0.175781	1.000 ± 0.000000
roc_auc	nan	nan	0.856 ± 0.125286	0.990 ± 0.012426	0.732 ± 0.125725	0.905 ± 0.069773	0.18109 ± 0.076592	0.06975 ± 0.035006	0.636 ± 0.211049	0.889 ± 0.083851	0.465 ± 0.251450	0.810 ± 0.139546	0.5905 ± 0.314470	0.2513 ± 0.092249	0.586 ± 0.314986	0.875 ± 0.089525	0.525 ± 0.250606	0.841 ± 0.115419	0.735 ± 0.143674	0.875 ± 0.089525	0.851 ± 0.260351	1.000 ± 0.000000	0.835 ± 0.148095	0.989 ± 0.012528	0.820 ± 0.159075	0.988 ± 0.016632	0.562 ± 0.257985	0.810 ± 0.139546	0.903 ± 0.177686	1.000 ± 0.000000
