	mean_best_threshold_tuning_score	mean_best_threshold	mean_test_average_precision	mean_train_average_precision	mean_test_balanced_accuracy	mean_train_balanced_accuracy	mean_test_brier_loss	mean_train_brier_loss	mean_test_f1	mean_train_f1	mean_test_informedness	mean_train_informedness	mean_test_log_loss	mean_train_log_loss	mean_test_markedness	mean_train_markedness	mean_test_mcc	mean_train_mcc	mean_test_negative_predictive_value	mean_train_negative_predictive_value	mean_test_precision	mean_train_precision	mean_test_precision_recall_auc	mean_train_precision_recall_auc	mean_test_roc_auc	mean_train_roc_auc	mean_test_sensitivity	mean_train_sensitivity	mean_test_specificity	mean_train_specificity
mcc	nan	nan	0.951 ± 0.065860	0.995 ± 0.013752	0.861 ± 0.099081	0.952 ± 0.047334	0.09889 ± 0.060023	0.02609 ± 0.027225	0.826 ± 0.133971	0.947 ± 0.052968	0.722 ± 0.198162	0.904 ± 0.094668	0.3235 ± 0.156782	0.1171 ± 0.082370	0.814 ± 0.133767	0.929 ± 0.070777	0.764 ± 0.165753	0.916 ± 0.082826	0.832 ± 0.114694	0.933 ± 0.064219	0.982 ± 0.074066	0.996 ± 0.011538	0.945 ± 0.074946	0.995 ± 0.013860	0.938 ± 0.088138	0.994 ± 0.019440	0.740 ± 0.193166	0.907 ± 0.090509	0.982 ± 0.080026	0.997 ± 0.007747
precision_recall_auc	nan	nan	0.943 ± 0.071031	0.986 ± 0.014998	0.792 ± 0.145055	0.873 ± 0.117433	0.11680 ± 0.068315	0.03953 ± 0.035551	0.698 ± 0.270192	0.830 ± 0.186048	0.585 ± 0.290110	0.745 ± 0.234866	0.3639 ± 0.184619	0.1425 ± 0.102413	0.673 ± 0.355120	0.825 ± 0.223070	0.638 ± 0.271231	0.786 ± 0.203787	0.779 ± 0.142489	0.847 ± 0.130151	0.894 ± 0.286007	0.977 ± 0.141493	0.937 ± 0.078017	0.985 ± 0.015149	0.922 ± 0.118414	0.986 ± 0.015088	0.615 ± 0.296374	0.747 ± 0.235265	0.970 ± 0.121638	0.998 ± 0.007762
roc_auc	nan	nan	0.944 ± 0.070326	0.982 ± 0.017975	0.768 ± 0.152747	0.846 ± 0.141090	0.12101 ± 0.071510	0.04834 ± 0.038979	0.645 ± 0.308863	0.775 ± 0.265313	0.536 ± 0.305493	0.691 ± 0.282180	0.3754 ± 0.196191	0.1672 ± 0.111265	0.590 ± 0.437682	0.739 ± 0.372981	0.586 ± 0.297161	0.730 ± 0.267982	0.761 ± 0.145382	0.823 ± 0.139553	0.829 ± 0.354863	0.916 ± 0.273341	0.937 ± 0.078960	0.982 ± 0.018153	0.928 ± 0.108106	0.983 ± 0.018187	0.570 ± 0.320484	0.694 ± 0.282848	0.966 ± 0.123899	0.997 ± 0.010927
