	mean_best_threshold_tuning_score	mean_best_threshold	mean_test_average_precision	mean_train_average_precision	mean_test_balanced_accuracy	mean_train_balanced_accuracy	mean_test_brier_loss	mean_train_brier_loss	mean_test_f1	mean_train_f1	mean_test_informedness	mean_train_informedness	mean_test_log_loss	mean_train_log_loss	mean_test_markedness	mean_train_markedness	mean_test_mcc	mean_train_mcc	mean_test_negative_predictive_value	mean_train_negative_predictive_value	mean_test_precision	mean_train_precision	mean_test_precision_recall_auc	mean_train_precision_recall_auc	mean_test_roc_auc	mean_train_roc_auc	mean_test_sensitivity	mean_train_sensitivity	mean_test_specificity	mean_train_specificity
mcc	nan	nan	0.957 ± 0.056028	0.995 ± 0.013752	0.858 ± 0.098888	0.952 ± 0.047334	0.09583 ± 0.059621	0.02609 ± 0.027225	0.824 ± 0.133913	0.947 ± 0.052968	0.717 ± 0.197777	0.904 ± 0.094668	0.3168 ± 0.156853	0.1171 ± 0.082370	0.817 ± 0.133167	0.929 ± 0.070777	0.763 ± 0.165776	0.916 ± 0.082826	0.825 ± 0.109320	0.933 ± 0.064219	0.992 ± 0.056569	0.996 ± 0.011538	0.952 ± 0.063133	0.995 ± 0.013860	0.946 ± 0.076113	0.994 ± 0.019440	0.727 ± 0.185989	0.907 ± 0.090509	0.990 ± 0.070711	0.997 ± 0.007747
precision_recall_auc	nan	nan	0.950 ± 0.062558	0.986 ± 0.014998	0.801 ± 0.135926	0.873 ± 0.117433	0.11252 ± 0.063504	0.03953 ± 0.035551	0.715 ± 0.251326	0.830 ± 0.186048	0.602 ± 0.271851	0.745 ± 0.234866	0.3695 ± 0.241573	0.1425 ± 0.102413	0.698 ± 0.317359	0.825 ± 0.223070	0.655 ± 0.249151	0.786 ± 0.203787	0.782 ± 0.131606	0.847 ± 0.130151	0.915 ± 0.254056	0.977 ± 0.141493	0.944 ± 0.069456	0.985 ± 0.015149	0.930 ± 0.095756	0.986 ± 0.015088	0.627 ± 0.276765	0.747 ± 0.235265	0.975 ± 0.106066	0.998 ± 0.007762
roc_auc	nan	nan	0.950 ± 0.062551	0.982 ± 0.017975	0.787 ± 0.148232	0.846 ± 0.141090	0.11361 ± 0.065523	0.04834 ± 0.038979	0.682 ± 0.288526	0.775 ± 0.265313	0.573 ± 0.296464	0.691 ± 0.282180	0.3720 ± 0.245490	0.1672 ± 0.111265	0.649 ± 0.388932	0.739 ± 0.372981	0.625 ± 0.281260	0.730 ± 0.267982	0.773 ± 0.141243	0.823 ± 0.139553	0.875 ± 0.311154	0.916 ± 0.273341	0.944 ± 0.071269	0.982 ± 0.018153	0.935 ± 0.085810	0.983 ± 0.018187	0.598 ± 0.303368	0.694 ± 0.282848	0.975 ± 0.106066	0.997 ± 0.010927
