	mean_best_threshold_tuning_score	mean_best_threshold	mean_test_average_precision	mean_train_average_precision	mean_test_balanced_accuracy	mean_train_balanced_accuracy	mean_test_brier_loss	mean_train_brier_loss	mean_test_f1	mean_train_f1	mean_test_informedness	mean_train_informedness	mean_test_log_loss	mean_train_log_loss	mean_test_markedness	mean_train_markedness	mean_test_mcc	mean_train_mcc	mean_test_negative_predictive_value	mean_train_negative_predictive_value	mean_test_precision	mean_train_precision	mean_test_precision_recall_auc	mean_train_precision_recall_auc	mean_test_roc_auc	mean_train_roc_auc	mean_test_sensitivity	mean_train_sensitivity	mean_test_specificity	mean_train_specificity
mcc	nan	nan	0.830 ± 0.134354	0.991 ± 0.015828	0.723 ± 0.134861	0.960 ± 0.061487	0.19728 ± 0.062562	0.10989 ± 0.038866	0.646 ± 0.227467	0.954 ± 0.071795	0.446 ± 0.269722	0.920 ± 0.122974	0.5986 ± 0.179547	0.3657 ± 0.099496	0.493 ± 0.347047	0.945 ± 0.083579	0.478 ± 0.274684	0.932 ± 0.103804	0.766 ± 0.158665	0.946 ± 0.081014	0.727 ± 0.281503	0.999 ± 0.006074	0.802 ± 0.166100	0.991 ± 0.016025	0.789 ± 0.153286	0.991 ± 0.016422	0.645 ± 0.283628	0.921 ± 0.121541	0.801 ± 0.216062	0.999 ± 0.003881
precision_recall_auc	nan	nan	0.824 ± 0.140721	0.986 ± 0.016898	0.722 ± 0.137206	0.932 ± 0.072642	0.19444 ± 0.067701	0.09040 ± 0.033568	0.635 ± 0.232658	0.921 ± 0.086112	0.444 ± 0.274412	0.864 ± 0.145284	0.6078 ± 0.214304	0.3168 ± 0.088057	0.496 ± 0.345686	0.910 ± 0.095273	0.478 ± 0.275266	0.886 ± 0.121092	0.757 ± 0.153818	0.912 ± 0.092427	0.739 ± 0.284231	0.998 ± 0.007900	0.791 ± 0.178776	0.986 ± 0.017129	0.791 ± 0.151426	0.986 ± 0.018057	0.623 ± 0.287317	0.865 ± 0.143812	0.821 ± 0.201801	0.999 ± 0.004531
roc_auc	nan	nan	0.819 ± 0.152350	0.991 ± 0.015136	0.728 ± 0.112197	0.959 ± 0.061636	0.19627 ± 0.073333	0.08007 ± 0.035641	0.652 ± 0.198146	0.953 ± 0.071726	0.457 ± 0.224394	0.918 ± 0.123271	0.6456 ± 0.335281	0.2931 ± 0.095469	0.512 ± 0.282261	0.943 ± 0.084465	0.488 ± 0.227254	0.930 ± 0.104325	0.763 ± 0.137522	0.946 ± 0.081550	0.749 ± 0.251435	0.997 ± 0.011692	0.784 ± 0.193055	0.991 ± 0.015306	0.788 ± 0.170124	0.991 ± 0.016712	0.640 ± 0.260516	0.920 ± 0.121902	0.817 ± 0.186976	0.998 ± 0.008969
