	mean_best_threshold_tuning_score	mean_best_threshold	mean_test_average_precision	mean_train_average_precision	mean_test_balanced_accuracy	mean_train_balanced_accuracy	mean_test_brier_loss	mean_train_brier_loss	mean_test_f1	mean_train_f1	mean_test_informedness	mean_train_informedness	mean_test_log_loss	mean_train_log_loss	mean_test_markedness	mean_train_markedness	mean_test_mcc	mean_train_mcc	mean_test_negative_predictive_value	mean_train_negative_predictive_value	mean_test_precision	mean_train_precision	mean_test_precision_recall_auc	mean_train_precision_recall_auc	mean_test_roc_auc	mean_train_roc_auc	mean_test_sensitivity	mean_train_sensitivity	mean_test_specificity	mean_train_specificity
mcc	nan	nan	0.840 ± 0.146779	0.995 ± 0.023298	0.781 ± 0.123993	0.989 ± 0.042272	0.17625 ± 0.060318	0.06879 ± 0.045322	0.768 ± 0.127300	0.988 ± 0.044289	0.562 ± 0.247986	0.977 ± 0.084543	0.5813 ± 0.259330	0.2754 ± 0.121092	0.599 ± 0.229529	0.977 ± 0.082373	0.578 ± 0.237200	0.977 ± 0.083447	0.867 ± 0.138628	0.996 ± 0.018722	0.733 ± 0.168786	0.980 ± 0.065087	0.800 ± 0.196533	0.995 ± 0.023543	0.847 ± 0.124936	0.995 ± 0.026101	0.845 ± 0.164966	0.997 ± 0.018005	0.717 ± 0.225110	0.981 ± 0.068203
precision_recall_auc	nan	nan	0.833 ± 0.155319	0.994 ± 0.019340	0.764 ± 0.144165	0.979 ± 0.043365	0.17888 ± 0.082881	0.06309 ± 0.030103	0.757 ± 0.141615	0.976 ± 0.047557	0.528 ± 0.288330	0.957 ± 0.086729	0.5987 ± 0.332180	0.2574 ± 0.080599	0.571 ± 0.282499	0.955 ± 0.089380	0.547 ± 0.283115	0.956 ± 0.088038	0.860 ± 0.167418	0.994 ± 0.022000	0.711 ± 0.183381	0.961 ± 0.070143	0.788 ± 0.207490	0.994 ± 0.019588	0.831 ± 0.150321	0.994 ± 0.020548	0.855 ± 0.172360	0.993 ± 0.023585	0.673 ± 0.236947	0.964 ± 0.065889
roc_auc	nan	nan	0.816 ± 0.159375	0.996 ± 0.016153	0.788 ± 0.126999	0.982 ± 0.038974	0.17562 ± 0.073426	0.05656 ± 0.027433	0.780 ± 0.129947	0.980 ± 0.042180	0.575 ± 0.253998	0.965 ± 0.077948	0.5960 ± 0.311445	0.2416 ± 0.076429	0.610 ± 0.238881	0.963 ± 0.077427	0.591 ± 0.245367	0.964 ± 0.077646	0.883 ± 0.142121	0.996 ± 0.012247	0.727 ± 0.162287	0.967 ± 0.066562	0.768 ± 0.211442	0.996 ± 0.016395	0.822 ± 0.141383	0.996 ± 0.014693	0.873 ± 0.156347	0.995 ± 0.012727	0.702 ± 0.216880	0.970 ± 0.067216
