	mean_best_threshold_tuning_score	mean_best_threshold	mean_test_average_precision	mean_train_average_precision	mean_test_balanced_accuracy	mean_train_balanced_accuracy	mean_test_brier_loss	mean_train_brier_loss	mean_test_f1	mean_train_f1	mean_test_informedness	mean_train_informedness	mean_test_log_loss	mean_train_log_loss	mean_test_markedness	mean_train_markedness	mean_test_mcc	mean_train_mcc	mean_test_negative_predictive_value	mean_train_negative_predictive_value	mean_test_precision	mean_train_precision	mean_test_precision_recall_auc	mean_train_precision_recall_auc	mean_test_roc_auc	mean_train_roc_auc	mean_test_sensitivity	mean_train_sensitivity	mean_test_specificity	mean_train_specificity
mcc	nan	nan	0.948 ± 0.067956	0.991 ± 0.015633	0.875 ± 0.100882	0.948 ± 0.053268	0.09841 ± 0.062585	0.03271 ± 0.031942	0.847 ± 0.131748	0.942 ± 0.059749	0.750 ± 0.201763	0.896 ± 0.106535	0.3255 ± 0.159994	0.1339 ± 0.097785	0.832 ± 0.143207	0.921 ± 0.083118	0.788 ± 0.172363	0.908 ± 0.094852	0.848 ± 0.117317	0.929 ± 0.071633	0.984 ± 0.079179	0.991 ± 0.018594	0.942 ± 0.076936	0.991 ± 0.015754	0.935 ± 0.085614	0.989 ± 0.022672	0.768 ± 0.189947	0.902 ± 0.099240	0.982 ± 0.089648	0.994 ± 0.013142
precision_recall_auc	nan	nan	0.944 ± 0.072651	0.990 ± 0.013696	0.774 ± 0.168189	0.841 ± 0.177725	0.11082 ± 0.063663	0.03532 ± 0.037665	0.637 ± 0.349816	0.741 ± 0.346257	0.549 ± 0.336378	0.682 ± 0.355451	0.3519 ± 0.169623	0.1318 ± 0.108451	0.549 ± 0.519067	0.689 ± 0.479981	0.589 ± 0.335965	0.713 ± 0.341912	0.762 ± 0.155799	0.830 ± 0.166254	0.787 ± 0.402899	0.859 ± 0.350152	0.937 ± 0.081675	0.990 ± 0.013836	0.925 ± 0.106286	0.990 ± 0.013697	0.562 ± 0.343307	0.683 ± 0.355732	0.987 ± 0.066094	0.999 ± 0.005238
roc_auc	nan	nan	0.944 ± 0.070532	0.984 ± 0.017445	0.773 ± 0.157614	0.840 ± 0.158430	0.11484 ± 0.063069	0.04715 ± 0.043485	0.646 ± 0.322581	0.756 ± 0.299782	0.546 ± 0.315227	0.680 ± 0.316860	0.3607 ± 0.165192	0.1644 ± 0.123818	0.581 ± 0.467620	0.718 ± 0.412670	0.593 ± 0.310126	0.717 ± 0.300015	0.761 ± 0.145644	0.823 ± 0.154059	0.820 ± 0.370317	0.895 ± 0.302114	0.937 ± 0.079841	0.984 ± 0.017623	0.928 ± 0.099428	0.985 ± 0.017134	0.563 ± 0.322775	0.684 ± 0.318459	0.983 ± 0.071149	0.996 ± 0.019039
