	mean_best_threshold_tuning_score	mean_best_threshold	mean_test_average_precision	mean_train_average_precision	mean_test_balanced_accuracy	mean_train_balanced_accuracy	mean_test_brier_loss	mean_train_brier_loss	mean_test_f1	mean_train_f1	mean_test_informedness	mean_train_informedness	mean_test_log_loss	mean_train_log_loss	mean_test_markedness	mean_train_markedness	mean_test_mcc	mean_train_mcc	mean_test_negative_predictive_value	mean_train_negative_predictive_value	mean_test_precision	mean_train_precision	mean_test_precision_recall_auc	mean_train_precision_recall_auc	mean_test_roc_auc	mean_train_roc_auc	mean_test_sensitivity	mean_train_sensitivity	mean_test_specificity	mean_train_specificity
mcc	nan	nan	0.861 ± 0.139462	0.978 ± 0.022581	0.749 ± 0.146868	0.949 ± 0.041907	0.17899 ± 0.068602	0.06895 ± 0.038096	0.692 ± 0.193525	0.945 ± 0.047159	0.498 ± 0.293737	0.899 ± 0.083815	0.5521 ± 0.189859	0.2730 ± 0.111629	0.564 ± 0.286576	0.916 ± 0.073727	0.526 ± 0.286082	0.908 ± 0.078631	0.765 ± 0.155521	0.933 ± 0.050367	0.799 ± 0.210414	0.983 ± 0.032061	0.840 ± 0.162425	0.978 ± 0.023131	0.830 ± 0.168273	0.970 ± 0.031469	0.672 ± 0.248242	0.911 ± 0.068521	0.826 ± 0.198011	0.987 ± 0.023881
precision_recall_auc	nan	nan	0.867 ± 0.122432	0.976 ± 0.022284	0.752 ± 0.138026	0.944 ± 0.045142	0.17669 ± 0.062633	0.06986 ± 0.033915	0.700 ± 0.194472	0.938 ± 0.050812	0.504 ± 0.276053	0.888 ± 0.090285	0.5449 ± 0.171280	0.2753 ± 0.098389	0.571 ± 0.285579	0.907 ± 0.079302	0.533 ± 0.274852	0.897 ± 0.084483	0.772 ± 0.134188	0.928 ± 0.056632	0.799 ± 0.232401	0.980 ± 0.041858	0.847 ± 0.143407	0.975 ± 0.022829	0.840 ± 0.154158	0.966 ± 0.031232	0.682 ± 0.235516	0.904 ± 0.076903	0.822 ± 0.210238	0.984 ± 0.034376
roc_auc	nan	nan	0.869 ± 0.119644	0.975 ± 0.021304	0.750 ± 0.137581	0.941 ± 0.043316	0.17608 ± 0.064934	0.06936 ± 0.033688	0.697 ± 0.183189	0.935 ± 0.048815	0.499 ± 0.275161	0.881 ± 0.086633	0.5408 ± 0.176019	0.2728 ± 0.101605	0.583 ± 0.265625	0.901 ± 0.077564	0.535 ± 0.265664	0.891 ± 0.081793	0.767 ± 0.139806	0.924 ± 0.054279	0.816 ± 0.211719	0.977 ± 0.042859	0.850 ± 0.137193	0.975 ± 0.021814	0.842 ± 0.154678	0.965 ± 0.030475	0.673 ± 0.235004	0.900 ± 0.072997	0.826 ± 0.217650	0.982 ± 0.035155
