	mean_best_threshold_tuning_score	mean_best_threshold	mean_test_average_precision	mean_train_average_precision	mean_test_balanced_accuracy	mean_train_balanced_accuracy	mean_test_brier_loss	mean_train_brier_loss	mean_test_f1	mean_train_f1	mean_test_informedness	mean_train_informedness	mean_test_log_loss	mean_train_log_loss	mean_test_markedness	mean_train_markedness	mean_test_mcc	mean_train_mcc	mean_test_negative_predictive_value	mean_train_negative_predictive_value	mean_test_precision	mean_train_precision	mean_test_precision_recall_auc	mean_train_precision_recall_auc	mean_test_roc_auc	mean_train_roc_auc	mean_test_sensitivity	mean_train_sensitivity	mean_test_specificity	mean_train_specificity
mcc	nan	nan	0.817 ± 0.147196	1.000 ± 0.000000	0.736 ± 0.133596	1.000 ± 0.000000	0.18672 ± 0.063824	0.01665 ± 0.002356	0.674 ± 0.176108	1.000 ± 0.000000	0.473 ± 0.267193	1.000 ± 0.000000	0.5635 ± 0.178269	0.1157 ± 0.011002	0.534 ± 0.286625	1.000 ± 0.000000	0.500 ± 0.272028	1.000 ± 0.000000	0.744 ± 0.148552	1.000 ± 0.000000	0.790 ± 0.200028	1.000 ± 0.000000	0.787 ± 0.185758	1.000 ± 0.000000	0.804 ± 0.157016	1.000 ± 0.000000	0.627 ± 0.224139	1.000 ± 0.000000	0.846 ± 0.147717	1.000 ± 0.000000
precision_recall_auc	nan	nan	0.839 ± 0.133865	1.000 ± 0.000000	0.741 ± 0.127549	1.000 ± 0.000000	0.18263 ± 0.060277	0.01604 ± 0.002395	0.677 ± 0.175360	1.000 ± 0.000000	0.481 ± 0.255099	1.000 ± 0.000000	0.5541 ± 0.174023	0.1125 ± 0.011201	0.547 ± 0.274015	1.000 ± 0.000000	0.510 ± 0.258424	1.000 ± 0.000000	0.758 ± 0.153014	1.000 ± 0.000000	0.790 ± 0.196739	1.000 ± 0.000000	0.816 ± 0.164008	1.000 ± 0.000000	0.824 ± 0.146669	1.000 ± 0.000000	0.643 ± 0.240488	1.000 ± 0.000000	0.838 ± 0.146928	1.000 ± 0.000000
roc_auc	nan	nan	0.835 ± 0.137905	1.000 ± 0.000000	0.725 ± 0.126678	1.000 ± 0.000000	0.18426 ± 0.064342	0.01632 ± 0.002295	0.659 ± 0.171051	1.000 ± 0.000000	0.450 ± 0.253356	1.000 ± 0.000000	0.5587 ± 0.178798	0.1139 ± 0.010770	0.516 ± 0.273940	1.000 ± 0.000000	0.479 ± 0.257625	1.000 ± 0.000000	0.748 ± 0.156820	1.000 ± 0.000000	0.768 ± 0.202014	1.000 ± 0.000000	0.810 ± 0.167204	1.000 ± 0.000000	0.814 ± 0.150953	1.000 ± 0.000000	0.633 ± 0.241053	1.000 ± 0.000000	0.817 ± 0.161817	1.000 ± 0.000000
