	mean_ncv_average_precision	mean_ncv_balanced_accuracy	mean_ncv_brier_loss	mean_ncv_f1	mean_ncv_informedness	mean_ncv_log_loss	mean_ncv_markedness	mean_ncv_mcc	mean_ncv_negative_predictive_value	mean_ncv_precision	mean_ncv_precision_recall_auc	mean_ncv_roc_auc	mean_ncv_sensitivity	mean_ncv_specificity
mcc	0.934 ± 0.019298	0.841 ± 0.047024	0.10387 ± 0.013146	0.822 ± 0.053905	0.682 ± 0.094049	0.3380 ± 0.050989	0.705 ± 0.104977	0.693 ± 0.099272	0.832 ± 0.034636	0.873 ± 0.074647	0.934 ± 0.019576	0.928 ± 0.025701	0.778 ± 0.045361	0.905 ± 0.058486
precision_recall_auc	0.934 ± 0.011478	0.845 ± 0.029860	0.10566 ± 0.010479	0.827 ± 0.032759	0.690 ± 0.059720	0.3397 ± 0.034151	0.708 ± 0.069697	0.699 ± 0.064124	0.842 ± 0.024417	0.865 ± 0.059473	0.933 ± 0.011824	0.931 ± 0.016548	0.794 ± 0.037497	0.895 ± 0.052705
roc_auc	0.932 ± 0.017461	0.828 ± 0.042072	0.10604 ± 0.011641	0.807 ± 0.047053	0.655 ± 0.084143	0.3347 ± 0.032171	0.669 ± 0.090799	0.662 ± 0.087263	0.828 ± 0.034502	0.841 ± 0.062831	0.931 ± 0.018358	0.931 ± 0.018085	0.778 ± 0.045361	0.877 ± 0.052705
