	mean_ncv_average_precision	mean_ncv_balanced_accuracy	mean_ncv_brier_loss	mean_ncv_f1	mean_ncv_informedness	mean_ncv_log_loss	mean_ncv_markedness	mean_ncv_mcc	mean_ncv_negative_predictive_value	mean_ncv_precision	mean_ncv_precision_recall_auc	mean_ncv_roc_auc	mean_ncv_sensitivity	mean_ncv_specificity
mcc	0.904 ± 0.017070	0.804 ± 0.030027	0.12600 ± 0.012705	0.783 ± 0.032128	0.609 ± 0.060054	0.4661 ± 0.266109	0.615 ± 0.066769	0.612 ± 0.063305	0.818 ± 0.023398	0.797 ± 0.051128	0.902 ± 0.016680	0.902 ± 0.020713	0.772 ± 0.031536	0.836 ± 0.048862
precision_recall_auc	0.899 ± 0.016397	0.807 ± 0.025314	0.12844 ± 0.011051	0.786 ± 0.026925	0.613 ± 0.050628	0.3989 ± 0.035725	0.621 ± 0.057608	0.617 ± 0.053966	0.819 ± 0.020096	0.802 ± 0.048543	0.897 ± 0.016065	0.893 ± 0.019107	0.772 ± 0.031536	0.841 ± 0.049097
roc_auc	0.901 ± 0.016938	0.818 ± 0.028232	0.12750 ± 0.010033	0.798 ± 0.030352	0.637 ± 0.056464	0.3975 ± 0.036739	0.647 ± 0.067700	0.642 ± 0.061872	0.825 ± 0.019250	0.822 ± 0.056001	0.900 ± 0.017193	0.895 ± 0.021484	0.778 ± 0.026189	0.859 ± 0.050023
