	mean_best_threshold_tuning_score	mean_best_threshold	mean_test_average_precision	mean_train_average_precision	mean_test_balanced_accuracy	mean_train_balanced_accuracy	mean_test_brier_loss	mean_train_brier_loss	mean_test_f1	mean_train_f1	mean_test_informedness	mean_train_informedness	mean_test_log_loss	mean_train_log_loss	mean_test_markedness	mean_train_markedness	mean_test_mcc	mean_train_mcc	mean_test_negative_predictive_value	mean_train_negative_predictive_value	mean_test_precision	mean_train_precision	mean_test_precision_recall_auc	mean_train_precision_recall_auc	mean_test_roc_auc	mean_train_roc_auc	mean_test_sensitivity	mean_train_sensitivity	mean_test_specificity	mean_train_specificity
mcc	nan	nan	0.828 ± 0.126720	0.983 ± 0.035993	0.735 ± 0.141810	0.947 ± 0.073273	0.18459 ± 0.065838	0.06996 ± 0.065548	0.719 ± 0.146148	0.944 ± 0.074467	0.471 ± 0.283620	0.895 ± 0.146545	0.5755 ± 0.227342	0.2567 ± 0.187853	0.517 ± 0.298112	0.893 ± 0.143112	0.491 ± 0.286250	0.894 ± 0.144793	0.820 ± 0.198629	0.979 ± 0.042637	0.696 ± 0.183074	0.914 ± 0.104620	0.793 ± 0.161879	0.983 ± 0.036332	0.826 ± 0.123800	0.978 ± 0.045526	0.805 ± 0.207300	0.980 ± 0.040743	0.666 ± 0.227327	0.915 ± 0.109701
precision_recall_auc	nan	nan	0.880 ± 0.121126	0.984 ± 0.033744	0.769 ± 0.144439	0.946 ± 0.080462	0.15913 ± 0.074127	0.05171 ± 0.056817	0.749 ± 0.161051	0.943 ± 0.082810	0.537 ± 0.288877	0.893 ± 0.160923	0.5217 ± 0.325091	0.2032 ± 0.167667	0.572 ± 0.294558	0.893 ± 0.156656	0.554 ± 0.290110	0.893 ± 0.158743	0.829 ± 0.169686	0.978 ± 0.041583	0.743 ± 0.185442	0.915 ± 0.118700	0.860 ± 0.147100	0.984 ± 0.034034	0.868 ± 0.130453	0.980 ± 0.042197	0.790 ± 0.210442	0.979 ± 0.040115	0.747 ± 0.202386	0.913 ± 0.124992
roc_auc	nan	nan	0.865 ± 0.139984	0.992 ± 0.027418	0.771 ± 0.168873	0.977 ± 0.055312	0.15731 ± 0.083691	0.02521 ± 0.041245	0.751 ± 0.182084	0.975 ± 0.058213	0.541 ± 0.337747	0.954 ± 0.110624	0.5092 ± 0.324487	0.1213 ± 0.125909	0.574 ± 0.347618	0.953 ± 0.109453	0.556 ± 0.340253	0.954 ± 0.110012	0.826 ± 0.200371	0.992 ± 0.027596	0.748 ± 0.201558	0.961 ± 0.084993	0.839 ± 0.174523	0.992 ± 0.027663	0.866 ± 0.138377	0.991 ± 0.032640	0.793 ± 0.223505	0.993 ± 0.026995	0.748 ± 0.231446	0.962 ± 0.086769
