	mean_best_threshold_tuning_score	mean_best_threshold	mean_test_average_precision	mean_train_average_precision	mean_test_balanced_accuracy	mean_train_balanced_accuracy	mean_test_brier_loss	mean_train_brier_loss	mean_test_f1	mean_train_f1	mean_test_informedness	mean_train_informedness	mean_test_log_loss	mean_train_log_loss	mean_test_markedness	mean_train_markedness	mean_test_mcc	mean_train_mcc	mean_test_negative_predictive_value	mean_train_negative_predictive_value	mean_test_precision	mean_train_precision	mean_test_precision_recall_auc	mean_train_precision_recall_auc	mean_test_roc_auc	mean_train_roc_auc	mean_test_sensitivity	mean_train_sensitivity	mean_test_specificity	mean_train_specificity
mcc	nan	nan	0.783 ± 0.145683	0.976 ± 0.044850	0.647 ± 0.125413	0.927 ± 0.084644	0.22685 ± 0.065635	0.07724 ± 0.060731	0.659 ± 0.151520	0.924 ± 0.084797	0.293 ± 0.250826	0.855 ± 0.169288	0.7350 ± 0.314113	0.2805 ± 0.175044	0.373 ± 0.347935	0.855 ± 0.162997	0.332 ± 0.271412	0.855 ± 0.166110	0.814 ± 0.274147	0.970 ± 0.048150	0.558 ± 0.150085	0.885 ± 0.119103	0.745 ± 0.177006	0.975 ± 0.045367	0.766 ± 0.144032	0.970 ± 0.052866	0.853 ± 0.224341	0.972 ± 0.044485	0.440 ± 0.241382	0.883 ± 0.128983
precision_recall_auc	nan	nan	0.836 ± 0.127981	0.984 ± 0.031970	0.712 ± 0.143145	0.945 ± 0.081632	0.19942 ± 0.077021	0.04921 ± 0.053424	0.719 ± 0.130321	0.942 ± 0.083501	0.423 ± 0.286289	0.890 ± 0.163263	0.6779 ± 0.353153	0.1985 ± 0.156295	0.460 ± 0.354044	0.891 ± 0.158008	0.444 ± 0.300181	0.890 ± 0.160596	0.819 ± 0.262734	0.979 ± 0.040455	0.641 ± 0.160686	0.912 ± 0.121010	0.810 ± 0.153277	0.984 ± 0.032245	0.815 ± 0.142103	0.980 ± 0.039911	0.863 ± 0.171495	0.980 ± 0.038075	0.560 ± 0.261667	0.910 ± 0.128890
roc_auc	nan	nan	0.826 ± 0.126466	0.991 ± 0.025292	0.702 ± 0.128166	0.969 ± 0.063394	0.20063 ± 0.078234	0.03190 ± 0.042881	0.699 ± 0.153836	0.967 ± 0.066086	0.404 ± 0.256332	0.937 ± 0.126787	0.7004 ± 0.387911	0.1467 ± 0.130640	0.449 ± 0.320753	0.937 ± 0.124118	0.428 ± 0.267007	0.937 ± 0.125404	0.825 ± 0.225924	0.988 ± 0.031326	0.625 ± 0.174872	0.949 ± 0.096125	0.797 ± 0.151419	0.991 ± 0.025511	0.810 ± 0.140422	0.989 ± 0.032075	0.837 ± 0.203401	0.988 ± 0.031329	0.567 ± 0.247355	0.949 ± 0.099650
