	mean_best_threshold_tuning_score	mean_best_threshold	mean_test_average_precision	mean_train_average_precision	mean_test_balanced_accuracy	mean_train_balanced_accuracy	mean_test_brier_loss	mean_train_brier_loss	mean_test_f1	mean_train_f1	mean_test_informedness	mean_train_informedness	mean_test_log_loss	mean_train_log_loss	mean_test_markedness	mean_train_markedness	mean_test_mcc	mean_train_mcc	mean_test_negative_predictive_value	mean_train_negative_predictive_value	mean_test_precision	mean_train_precision	mean_test_precision_recall_auc	mean_train_precision_recall_auc	mean_test_roc_auc	mean_train_roc_auc	mean_test_sensitivity	mean_train_sensitivity	mean_test_specificity	mean_train_specificity
mcc	nan	nan	0.837 ± 0.131244	0.995 ± 0.013501	0.704 ± 0.143986	0.979 ± 0.041712	0.21240 ± 0.089556	0.01699 ± 0.030677	0.679 ± 0.154463	0.978 ± 0.044380	0.408 ± 0.287971	0.959 ± 0.083424	0.7237 ± 0.360504	0.0865 ± 0.105193	0.439 ± 0.320988	0.960 ± 0.083395	0.426 ± 0.290126	0.959 ± 0.083335	0.757 ± 0.205159	0.986 ± 0.027727	0.683 ± 0.200517	0.974 ± 0.064320	0.814 ± 0.152966	0.995 ± 0.013603	0.797 ± 0.165458	0.993 ± 0.019081	0.737 ± 0.222310	0.984 ± 0.032271	0.671 ± 0.250732	0.975 ± 0.062946
precision_recall_auc	nan	nan	0.854 ± 0.128027	0.992 ± 0.018502	0.718 ± 0.167320	0.974 ± 0.048058	0.20189 ± 0.098605	0.02170 ± 0.037096	0.682 ± 0.199188	0.972 ± 0.051025	0.436 ± 0.334640	0.948 ± 0.096117	0.6896 ± 0.417310	0.0953 ± 0.121857	0.455 ± 0.384563	0.949 ± 0.097313	0.449 ± 0.345200	0.949 ± 0.096660	0.766 ± 0.244454	0.982 ± 0.034102	0.689 ± 0.215515	0.967 ± 0.068919	0.834 ± 0.148944	0.992 ± 0.018654	0.823 ± 0.154781	0.990 ± 0.023790	0.737 ± 0.271658	0.979 ± 0.038128	0.699 ± 0.241063	0.969 ± 0.065405
roc_auc	nan	nan	0.828 ± 0.144343	0.999 ± 0.006254	0.706 ± 0.142358	0.992 ± 0.024139	0.20066 ± 0.077599	0.00783 ± 0.017503	0.668 ± 0.176946	0.992 ± 0.025675	0.412 ± 0.284717	0.985 ± 0.048279	0.6776 ± 0.341595	0.0520 ± 0.067715	0.442 ± 0.328510	0.984 ± 0.049657	0.426 ± 0.299291	0.984 ± 0.048955	0.765 ± 0.211177	0.996 ± 0.015227	0.677 ± 0.198320	0.988 ± 0.035806	0.799 ± 0.176592	0.999 ± 0.006299	0.803 ± 0.150850	0.998 ± 0.009018	0.718 ± 0.253597	0.996 ± 0.016070	0.694 ± 0.213006	0.989 ± 0.033382
