	mean_best_threshold_tuning_score	mean_best_threshold	mean_test_average_precision	mean_train_average_precision	mean_test_balanced_accuracy	mean_train_balanced_accuracy	mean_test_brier_loss	mean_train_brier_loss	mean_test_f1	mean_train_f1	mean_test_informedness	mean_train_informedness	mean_test_log_loss	mean_train_log_loss	mean_test_markedness	mean_train_markedness	mean_test_mcc	mean_train_mcc	mean_test_negative_predictive_value	mean_train_negative_predictive_value	mean_test_precision	mean_train_precision	mean_test_precision_recall_auc	mean_train_precision_recall_auc	mean_test_roc_auc	mean_train_roc_auc	mean_test_sensitivity	mean_train_sensitivity	mean_test_specificity	mean_train_specificity
mcc	nan	nan	0.938 ± 0.084535	0.973 ± 0.015359	0.867 ± 0.107986	0.932 ± 0.038705	0.13162 ± 0.051794	0.07858 ± 0.034288	0.839 ± 0.141219	0.926 ± 0.042921	0.734 ± 0.215971	0.864 ± 0.077411	0.4815 ± 0.238046	0.2926 ± 0.113704	0.765 ± 0.192274	0.881 ± 0.071301	0.748 ± 0.202225	0.872 ± 0.074169	0.891 ± 0.118152	0.917 ± 0.043306	0.874 ± 0.160645	0.963 ± 0.034459	0.928 ± 0.101918	0.973 ± 0.015538	0.921 ± 0.100419	0.966 ± 0.020797	0.845 ± 0.190484	0.892 ± 0.058013	0.889 ± 0.147181	0.972 ± 0.028595
precision_recall_auc	nan	nan	0.946 ± 0.069775	0.972 ± 0.016761	0.865 ± 0.103624	0.924 ± 0.039395	0.13009 ± 0.047085	0.08439 ± 0.033202	0.842 ± 0.126498	0.917 ± 0.044454	0.731 ± 0.207248	0.849 ± 0.078790	0.4545 ± 0.177047	0.3097 ± 0.106332	0.758 ± 0.194645	0.869 ± 0.071584	0.743 ± 0.199033	0.859 ± 0.075021	0.890 ± 0.114958	0.908 ± 0.042970	0.868 ± 0.162513	0.960 ± 0.034704	0.940 ± 0.078440	0.972 ± 0.016986	0.927 ± 0.100142	0.967 ± 0.020098	0.852 ± 0.170276	0.878 ± 0.059641	0.879 ± 0.156195	0.970 ± 0.028186
roc_auc	nan	nan	0.945 ± 0.070675	0.967 ± 0.022556	0.853 ± 0.103536	0.906 ± 0.051905	0.13487 ± 0.044379	0.09008 ± 0.035205	0.830 ± 0.127127	0.897 ± 0.058111	0.706 ± 0.207071	0.813 ± 0.103811	0.4723 ± 0.179876	0.3232 ± 0.111429	0.736 ± 0.198326	0.826 ± 0.105182	0.720 ± 0.200683	0.819 ± 0.104298	0.881 ± 0.114932	0.899 ± 0.047192	0.854 ± 0.159783	0.926 ± 0.065852	0.939 ± 0.078729	0.969 ± 0.018620	0.925 ± 0.100492	0.966 ± 0.020249	0.838 ± 0.171205	0.871 ± 0.061153	0.868 ± 0.151442	0.942 ± 0.054104
