	mean_best_threshold_tuning_score	mean_best_threshold	mean_test_average_precision	mean_train_average_precision	mean_test_balanced_accuracy	mean_train_balanced_accuracy	mean_test_brier_loss	mean_train_brier_loss	mean_test_f1	mean_train_f1	mean_test_informedness	mean_train_informedness	mean_test_log_loss	mean_train_log_loss	mean_test_markedness	mean_train_markedness	mean_test_mcc	mean_train_mcc	mean_test_negative_predictive_value	mean_train_negative_predictive_value	mean_test_precision	mean_train_precision	mean_test_precision_recall_auc	mean_train_precision_recall_auc	mean_test_roc_auc	mean_train_roc_auc	mean_test_sensitivity	mean_train_sensitivity	mean_test_specificity	mean_train_specificity
mcc	nan	nan	0.907 ± 0.101002	0.982 ± 0.019291	0.813 ± 0.130116	0.951 ± 0.031837	0.13516 ± 0.067789	0.04126 ± 0.026580	0.784 ± 0.161450	0.947 ± 0.035373	0.627 ± 0.260233	0.902 ± 0.063675	0.4484 ± 0.216414	0.1710 ± 0.086749	0.671 ± 0.243752	0.913 ± 0.063268	0.647 ± 0.250222	0.907 ± 0.063201	0.856 ± 0.140890	0.942 ± 0.032723	0.815 ± 0.185690	0.971 ± 0.042728	0.892 ± 0.122518	0.981 ± 0.019440	0.888 ± 0.114206	0.976 ± 0.026264	0.797 ± 0.217672	0.926 ± 0.042901	0.830 ± 0.195354	0.976 ± 0.036072
precision_recall_auc	nan	nan	0.895 ± 0.112968	0.976 ± 0.041794	0.783 ± 0.158606	0.925 ± 0.130052	0.14852 ± 0.080367	0.04361 ± 0.044518	0.713 ± 0.268231	0.883 ± 0.264970	0.566 ± 0.317211	0.851 ± 0.260104	0.4832 ± 0.227975	0.1720 ± 0.132230	0.570 ± 0.404435	0.825 ± 0.382364	0.585 ± 0.314953	0.856 ± 0.261090	0.824 ± 0.168560	0.919 ± 0.113855	0.746 ± 0.292188	0.906 ± 0.271001	0.878 ± 0.136363	0.976 ± 0.042308	0.880 ± 0.126470	0.971 ± 0.046835	0.725 ± 0.304096	0.862 ± 0.260357	0.841 ± 0.192378	0.989 ± 0.020175
roc_auc	nan	nan	0.911 ± 0.100474	0.986 ± 0.030257	0.784 ± 0.145630	0.954 ± 0.098837	0.14109 ± 0.075274	0.02920 ± 0.037525	0.734 ± 0.220199	0.932 ± 0.195327	0.568 ± 0.291261	0.908 ± 0.197674	0.4688 ± 0.234859	0.1266 ± 0.113975	0.579 ± 0.346977	0.897 ± 0.281185	0.582 ± 0.290131	0.911 ± 0.197387	0.817 ± 0.155141	0.950 ± 0.087973	0.762 ± 0.243412	0.947 ± 0.197287	0.899 ± 0.118153	0.985 ± 0.030589	0.891 ± 0.121422	0.983 ± 0.034523	0.743 ± 0.255240	0.918 ± 0.195475	0.825 ± 0.173867	0.990 ± 0.022854
