	mean_best_threshold_tuning_score	mean_best_threshold	mean_test_average_precision	mean_train_average_precision	mean_test_balanced_accuracy	mean_train_balanced_accuracy	mean_test_brier_loss	mean_train_brier_loss	mean_test_f1	mean_train_f1	mean_test_informedness	mean_train_informedness	mean_test_log_loss	mean_train_log_loss	mean_test_markedness	mean_train_markedness	mean_test_mcc	mean_train_mcc	mean_test_negative_predictive_value	mean_train_negative_predictive_value	mean_test_precision	mean_train_precision	mean_test_precision_recall_auc	mean_train_precision_recall_auc	mean_test_roc_auc	mean_train_roc_auc	mean_test_sensitivity	mean_train_sensitivity	mean_test_specificity	mean_train_specificity
mcc	nan	nan	0.936 ± 0.075917	1.000 ± 0.000000	0.830 ± 0.124948	1.000 ± 0.000000	0.12220 ± 0.057336	0.01195 ± 0.003133	0.795 ± 0.164379	1.000 ± 0.000000	0.660 ± 0.249895	1.000 ± 0.000000	0.3788 ± 0.142069	0.0818 ± 0.016367	0.704 ± 0.232509	1.000 ± 0.000000	0.680 ± 0.239261	1.000 ± 0.000000	0.854 ± 0.136645	1.000 ± 0.000000	0.850 ± 0.170932	1.000 ± 0.000000	0.928 ± 0.089446	1.000 ± 0.000000	0.936 ± 0.071408	1.000 ± 0.000000	0.788 ± 0.217052	1.000 ± 0.000000	0.872 ± 0.152248	1.000 ± 0.000000
precision_recall_auc	nan	nan	0.947 ± 0.062383	1.000 ± 0.000000	0.828 ± 0.115346	1.000 ± 0.000000	0.12192 ± 0.056230	0.01163 ± 0.003107	0.793 ± 0.149775	1.000 ± 0.000000	0.656 ± 0.230692	1.000 ± 0.000000	0.3756 ± 0.138713	0.0801 ± 0.015803	0.702 ± 0.214758	1.000 ± 0.000000	0.677 ± 0.220231	1.000 ± 0.000000	0.849 ± 0.131117	1.000 ± 0.000000	0.852 ± 0.165985	1.000 ± 0.000000	0.939 ± 0.071906	1.000 ± 0.000000	0.943 ± 0.063197	1.000 ± 0.000000	0.783 ± 0.204124	1.000 ± 0.000000	0.873 ± 0.151594	1.000 ± 0.000000
roc_auc	nan	nan	0.941 ± 0.067055	1.000 ± 0.000000	0.819 ± 0.107331	1.000 ± 0.000000	0.12380 ± 0.056016	0.01197 ± 0.003278	0.781 ± 0.141964	1.000 ± 0.000000	0.638 ± 0.214662	1.000 ± 0.000000	0.3796 ± 0.139444	0.0821 ± 0.015770	0.689 ± 0.200773	1.000 ± 0.000000	0.661 ± 0.204785	1.000 ± 0.000000	0.840 ± 0.129420	1.000 ± 0.000000	0.849 ± 0.169197	1.000 ± 0.000000	0.932 ± 0.077205	1.000 ± 0.000000	0.938 ± 0.068378	1.000 ± 0.000000	0.768 ± 0.202933	1.000 ± 0.000000	0.870 ± 0.155511	1.000 ± 0.000000
