	mean_best_threshold_tuning_score	mean_best_threshold	mean_test_average_precision	mean_train_average_precision	mean_test_balanced_accuracy	mean_train_balanced_accuracy	mean_test_brier_loss	mean_train_brier_loss	mean_test_f1	mean_train_f1	mean_test_informedness	mean_train_informedness	mean_test_log_loss	mean_train_log_loss	mean_test_markedness	mean_train_markedness	mean_test_mcc	mean_train_mcc	mean_test_negative_predictive_value	mean_train_negative_predictive_value	mean_test_precision	mean_train_precision	mean_test_precision_recall_auc	mean_train_precision_recall_auc	mean_test_roc_auc	mean_train_roc_auc	mean_test_sensitivity	mean_train_sensitivity	mean_test_specificity	mean_train_specificity
mcc	nan	nan	0.940 ± 0.070192	1.000 ± 0.000000	0.825 ± 0.138075	1.000 ± 0.000000	0.12414 ± 0.060213	0.01199 ± 0.002877	0.793 ± 0.173856	1.000 ± 0.000000	0.650 ± 0.276149	1.000 ± 0.000000	0.3850 ± 0.150918	0.0816 ± 0.015012	0.689 ± 0.262233	1.000 ± 0.000000	0.667 ± 0.267281	1.000 ± 0.000000	0.853 ± 0.143424	1.000 ± 0.000000	0.835 ± 0.186769	1.000 ± 0.000000	0.932 ± 0.080883	1.000 ± 0.000000	0.935 ± 0.076058	1.000 ± 0.000000	0.795 ± 0.218354	1.000 ± 0.000000	0.855 ± 0.169408	1.000 ± 0.000000
precision_recall_auc	nan	nan	0.940 ± 0.068466	1.000 ± 0.000000	0.826 ± 0.118809	1.000 ± 0.000000	0.12412 ± 0.060660	0.01143 ± 0.002455	0.788 ± 0.157894	1.000 ± 0.000000	0.652 ± 0.237619	1.000 ± 0.000000	0.3860 ± 0.156638	0.0790 ± 0.013292	0.705 ± 0.217505	1.000 ± 0.000000	0.676 ± 0.225205	1.000 ± 0.000000	0.850 ± 0.136249	1.000 ± 0.000000	0.855 ± 0.173762	1.000 ± 0.000000	0.931 ± 0.079088	1.000 ± 0.000000	0.935 ± 0.075593	1.000 ± 0.000000	0.778 ± 0.218614	1.000 ± 0.000000	0.874 ± 0.161384	1.000 ± 0.000000
roc_auc	nan	nan	0.939 ± 0.064356	1.000 ± 0.000000	0.822 ± 0.121615	1.000 ± 0.000000	0.12494 ± 0.058835	0.01188 ± 0.002850	0.782 ± 0.162536	1.000 ± 0.000000	0.643 ± 0.243230	1.000 ± 0.000000	0.3859 ± 0.149254	0.0816 ± 0.015090	0.694 ± 0.224200	1.000 ± 0.000000	0.666 ± 0.231371	1.000 ± 0.000000	0.842 ± 0.136386	1.000 ± 0.000000	0.852 ± 0.177736	1.000 ± 0.000000	0.933 ± 0.071178	1.000 ± 0.000000	0.938 ± 0.064797	1.000 ± 0.000000	0.768 ± 0.219700	1.000 ± 0.000000	0.875 ± 0.157872	1.000 ± 0.000000
