	mean_ncv_average_precision	mean_ncv_balanced_accuracy	mean_ncv_brier_loss	mean_ncv_f1	mean_ncv_informedness	mean_ncv_log_loss	mean_ncv_markedness	mean_ncv_mcc	mean_ncv_negative_predictive_value	mean_ncv_precision	mean_ncv_precision_recall_auc	mean_ncv_roc_auc	mean_ncv_sensitivity	mean_ncv_specificity
mcc	0.742 ± 0.061160	0.714 ± 0.047539	0.21446 ± 0.029918	0.663 ± 0.062730	0.428 ± 0.095078	0.7351 ± 0.183949	0.458 ± 0.098512	0.443 ± 0.095955	0.720 ± 0.044225	0.738 ± 0.064827	0.731 ± 0.067772	0.740 ± 0.065952	0.606 ± 0.080508	0.823 ± 0.050023
precision_recall_auc	0.756 ± 0.075586	0.699 ± 0.053024	0.20675 ± 0.030819	0.636 ± 0.068221	0.397 ± 0.106049	0.7991 ± 0.214424	0.442 ± 0.119102	0.419 ± 0.110633	0.701 ± 0.045816	0.741 ± 0.084449	0.747 ± 0.082698	0.742 ± 0.055236	0.561 ± 0.080508	0.836 ± 0.057496
roc_auc	0.780 ± 0.057837	0.711 ± 0.047021	0.19949 ± 0.034579	0.649 ± 0.070986	0.422 ± 0.094041	0.7026 ± 0.178166	0.469 ± 0.090556	0.445 ± 0.091475	0.711 ± 0.042786	0.759 ± 0.059358	0.773 ± 0.061374	0.774 ± 0.057967	0.572 ± 0.090911	0.850 ± 0.048152
