	mean_best_threshold_tuning_score	mean_best_threshold	mean_test_average_precision	mean_train_average_precision	mean_test_balanced_accuracy	mean_train_balanced_accuracy	mean_test_brier_loss	mean_train_brier_loss	mean_test_f1	mean_train_f1	mean_test_informedness	mean_train_informedness	mean_test_log_loss	mean_train_log_loss	mean_test_markedness	mean_train_markedness	mean_test_mcc	mean_train_mcc	mean_test_negative_predictive_value	mean_train_negative_predictive_value	mean_test_precision	mean_train_precision	mean_test_precision_recall_auc	mean_train_precision_recall_auc	mean_test_roc_auc	mean_train_roc_auc	mean_test_sensitivity	mean_train_sensitivity	mean_test_specificity	mean_train_specificity
mcc	nan	nan	0.830 ± 0.143130	1.000 ± 0.000078	0.727 ± 0.148244	0.990 ± 0.032742	0.18744 ± 0.068828	0.07981 ± 0.050325	0.655 ± 0.251831	0.989 ± 0.038063	0.455 ± 0.296488	0.980 ± 0.065484	0.6067 ± 0.290077	0.2906 ± 0.133784	0.465 ± 0.377547	0.987 ± 0.043228	0.467 ± 0.311747	0.983 ± 0.054686	0.779 ± 0.171076	0.987 ± 0.043228	0.686 ± 0.268510	1.000 ± 0.000000	0.804 ± 0.170187	1.000 ± 0.000079	0.789 ± 0.175612	1.000 ± 0.000062	0.680 ± 0.299924	0.980 ± 0.065484	0.775 ± 0.174452	1.000 ± 0.000000
precision_recall_auc	nan	nan	0.833 ± 0.140571	1.000 ± 0.001694	0.700 ± 0.153599	0.975 ± 0.049347	0.19970 ± 0.084606	0.05210 ± 0.038265	0.595 ± 0.289987	0.972 ± 0.057131	0.400 ± 0.307198	0.950 ± 0.098694	0.7924 ± 0.575035	0.2101 ± 0.109350	0.400 ± 0.422106	0.966 ± 0.066690	0.419 ± 0.321770	0.958 ± 0.083121	0.756 ± 0.170536	0.966 ± 0.066690	0.644 ± 0.325194	1.000 ± 0.000000	0.808 ± 0.168187	1.000 ± 0.001711	0.792 ± 0.167318	1.000 ± 0.001628	0.612 ± 0.333167	0.950 ± 0.098694	0.788 ± 0.209119	1.000 ± 0.000000
roc_auc	nan	nan	0.839 ± 0.139735	0.999 ± 0.002343	0.720 ± 0.130364	0.973 ± 0.049499	0.19953 ± 0.086421	0.03489 ± 0.033266	0.627 ± 0.260162	0.970 ± 0.056898	0.439 ± 0.260728	0.947 ± 0.098998	0.7074 ± 0.470922	0.1590 ± 0.095237	0.450 ± 0.368182	0.964 ± 0.066244	0.463 ± 0.259379	0.955 ± 0.083043	0.771 ± 0.164181	0.964 ± 0.066244	0.679 ± 0.287401	1.000 ± 0.000000	0.814 ± 0.166891	0.999 ± 0.002364	0.803 ± 0.165014	0.999 ± 0.002464	0.648 ± 0.314200	0.947 ± 0.098998	0.791 ± 0.195273	1.000 ± 0.000000
