	mean_ncv_average_precision	mean_ncv_balanced_accuracy	mean_ncv_brier_loss	mean_ncv_f1	mean_ncv_informedness	mean_ncv_log_loss	mean_ncv_markedness	mean_ncv_mcc	mean_ncv_negative_predictive_value	mean_ncv_precision	mean_ncv_precision_recall_auc	mean_ncv_roc_auc	mean_ncv_sensitivity	mean_ncv_specificity
mcc	0.807 ± 0.056512	0.851 ± 0.022601	0.15445 ± 0.022787	0.840 ± 0.021781	0.702 ± 0.045201	0.5322 ± 0.124884	0.697 ± 0.043816	0.699 ± 0.044493	0.896 ± 0.012374	0.801 ± 0.040290	0.795 ± 0.062405	0.841 ± 0.035919	0.883 ± 0.017568	0.818 ± 0.047913
precision_recall_auc	0.847 ± 0.059830	0.825 ± 0.040000	0.15446 ± 0.024555	0.812 ± 0.041929	0.650 ± 0.079999	0.5355 ± 0.083843	0.646 ± 0.079457	0.648 ± 0.079719	0.868 ± 0.043524	0.778 ± 0.045713	0.840 ± 0.063522	0.858 ± 0.042813	0.850 ± 0.052705	0.800 ± 0.048862
roc_auc	0.828 ± 0.063054	0.836 ± 0.028891	0.15954 ± 0.020953	0.822 ± 0.030288	0.672 ± 0.057781	0.5525 ± 0.072942	0.670 ± 0.056639	0.671 ± 0.057165	0.868 ± 0.031762	0.802 ± 0.040707	0.820 ± 0.067386	0.845 ± 0.040084	0.844 ± 0.043823	0.827 ± 0.046945
