	mean_best_threshold_tuning_score	mean_best_threshold	mean_test_average_precision	mean_train_average_precision	mean_test_balanced_accuracy	mean_train_balanced_accuracy	mean_test_brier_loss	mean_train_brier_loss	mean_test_f1	mean_train_f1	mean_test_informedness	mean_train_informedness	mean_test_log_loss	mean_train_log_loss	mean_test_markedness	mean_train_markedness	mean_test_mcc	mean_train_mcc	mean_test_negative_predictive_value	mean_train_negative_predictive_value	mean_test_precision	mean_train_precision	mean_test_precision_recall_auc	mean_train_precision_recall_auc	mean_test_roc_auc	mean_train_roc_auc	mean_test_sensitivity	mean_train_sensitivity	mean_test_specificity	mean_train_specificity
mcc	nan	nan	0.931 ± 0.072681	0.976 ± 0.013117	0.825 ± 0.116538	0.933 ± 0.033400	0.12888 ± 0.045169	0.07327 ± 0.023239	0.791 ± 0.144329	0.927 ± 0.036995	0.651 ± 0.233076	0.866 ± 0.066801	0.4250 ± 0.117402	0.2807 ± 0.072127	0.711 ± 0.219815	0.882 ± 0.062032	0.679 ± 0.223472	0.874 ± 0.064146	0.838 ± 0.137532	0.920 ± 0.037722	0.872 ± 0.172339	0.962 ± 0.032575	0.921 ± 0.083604	0.976 ± 0.013250	0.917 ± 0.089569	0.973 ± 0.015443	0.765 ± 0.205983	0.896 ± 0.050874	0.886 ± 0.165690	0.970 ± 0.026739
precision_recall_auc	nan	nan	0.942 ± 0.064028	0.972 ± 0.012218	0.840 ± 0.121456	0.919 ± 0.029019	0.12063 ± 0.041737	0.08358 ± 0.013675	0.810 ± 0.149127	0.911 ± 0.032845	0.681 ± 0.242912	0.838 ± 0.058037	0.4030 ± 0.101926	0.3118 ± 0.034770	0.732 ± 0.229501	0.860 ± 0.049605	0.705 ± 0.233838	0.849 ± 0.053537	0.847 ± 0.135406	0.902 ± 0.035518	0.886 ± 0.168695	0.958 ± 0.023354	0.935 ± 0.071823	0.971 ± 0.012353	0.926 ± 0.087602	0.969 ± 0.014351	0.782 ± 0.200545	0.870 ± 0.050910	0.899 ± 0.157626	0.968 ± 0.019575
roc_auc	nan	nan	0.942 ± 0.067305	0.972 ± 0.012999	0.837 ± 0.116949	0.914 ± 0.034638	0.12299 ± 0.043059	0.08337 ± 0.017803	0.807 ± 0.144592	0.905 ± 0.039125	0.675 ± 0.233898	0.828 ± 0.069277	0.4076 ± 0.105099	0.3098 ± 0.050494	0.726 ± 0.222009	0.849 ± 0.062182	0.699 ± 0.225406	0.838 ± 0.065376	0.850 ± 0.131434	0.899 ± 0.039925	0.877 ± 0.168426	0.950 ± 0.031499	0.934 ± 0.076060	0.972 ± 0.013155	0.926 ± 0.090404	0.970 ± 0.014818	0.785 ± 0.197124	0.865 ± 0.056614	0.890 ± 0.158114	0.962 ± 0.025787
