	mean_best_threshold_tuning_score	mean_best_threshold	mean_test_average_precision	mean_train_average_precision	mean_test_balanced_accuracy	mean_train_balanced_accuracy	mean_test_brier_loss	mean_train_brier_loss	mean_test_f1	mean_train_f1	mean_test_informedness	mean_train_informedness	mean_test_log_loss	mean_train_log_loss	mean_test_markedness	mean_train_markedness	mean_test_mcc	mean_train_mcc	mean_test_negative_predictive_value	mean_train_negative_predictive_value	mean_test_precision	mean_train_precision	mean_test_precision_recall_auc	mean_train_precision_recall_auc	mean_test_roc_auc	mean_train_roc_auc	mean_test_sensitivity	mean_train_sensitivity	mean_test_specificity	mean_train_specificity
mcc	nan	nan	0.845 ± 0.149593	0.964 ± 0.030909	0.758 ± 0.173364	0.927 ± 0.063491	0.20712 ± 0.060029	0.11720 ± 0.053970	0.732 ± 0.182204	0.922 ± 0.065056	0.517 ± 0.346729	0.854 ± 0.126982	0.6781 ± 0.278459	0.3959 ± 0.152073	0.557 ± 0.346122	0.868 ± 0.120588	0.535 ± 0.345076	0.861 ± 0.123662	0.798 ± 0.183585	0.928 ± 0.051156	0.759 ± 0.226965	0.940 ± 0.089114	0.822 ± 0.181718	0.964 ± 0.031315	0.828 ± 0.177340	0.955 ± 0.034160	0.750 ± 0.215604	0.910 ± 0.065806	0.767 ± 0.254071	0.944 ± 0.098717
precision_recall_auc	nan	nan	0.864 ± 0.149293	0.967 ± 0.027677	0.769 ± 0.175146	0.924 ± 0.060725	0.20723 ± 0.075980	0.11597 ± 0.059720	0.745 ± 0.178082	0.918 ± 0.063103	0.537 ± 0.350292	0.847 ± 0.121449	0.6903 ± 0.336504	0.3898 ± 0.167938	0.595 ± 0.360407	0.865 ± 0.114676	0.563 ± 0.352382	0.856 ± 0.117886	0.802 ± 0.198514	0.919 ± 0.053333	0.792 ± 0.230713	0.946 ± 0.078352	0.842 ± 0.179642	0.967 ± 0.028282	0.851 ± 0.171844	0.959 ± 0.031872	0.753 ± 0.212932	0.896 ± 0.070729	0.784 ± 0.271135	0.951 ± 0.085822
roc_auc	nan	nan	0.862 ± 0.147455	0.964 ± 0.027276	0.769 ± 0.174836	0.927 ± 0.059473	0.20735 ± 0.075045	0.12162 ± 0.053838	0.745 ± 0.178547	0.922 ± 0.061255	0.538 ± 0.349672	0.854 ± 0.118946	0.6779 ± 0.334770	0.4070 ± 0.152122	0.598 ± 0.360653	0.871 ± 0.112352	0.565 ± 0.352302	0.862 ± 0.115471	0.807 ± 0.200310	0.921 ± 0.051435	0.790 ± 0.232179	0.950 ± 0.077642	0.845 ± 0.174351	0.965 ± 0.027037	0.848 ± 0.172003	0.956 ± 0.030815	0.758 ± 0.215769	0.899 ± 0.067481	0.780 ± 0.272367	0.955 ± 0.085837
