	mean_best_threshold_tuning_score	mean_best_threshold	mean_test_average_precision	mean_train_average_precision	mean_test_balanced_accuracy	mean_train_balanced_accuracy	mean_test_brier_loss	mean_train_brier_loss	mean_test_f1	mean_train_f1	mean_test_informedness	mean_train_informedness	mean_test_log_loss	mean_train_log_loss	mean_test_markedness	mean_train_markedness	mean_test_mcc	mean_train_mcc	mean_test_negative_predictive_value	mean_train_negative_predictive_value	mean_test_precision	mean_train_precision	mean_test_precision_recall_auc	mean_train_precision_recall_auc	mean_test_roc_auc	mean_train_roc_auc	mean_test_sensitivity	mean_train_sensitivity	mean_test_specificity	mean_train_specificity
mcc	nan	nan	0.895 ± 0.110625	0.976 ± 0.013123	0.820 ± 0.133548	0.933 ± 0.033400	0.15264 ± 0.061444	0.07321 ± 0.023192	0.796 ± 0.151059	0.927 ± 0.036995	0.641 ± 0.267096	0.866 ± 0.066801	0.5033 ± 0.193733	0.2805 ± 0.072004	0.668 ± 0.263670	0.882 ± 0.062032	0.654 ± 0.264057	0.874 ± 0.064146	0.847 ± 0.134632	0.920 ± 0.037722	0.821 ± 0.185739	0.962 ± 0.032575	0.879 ± 0.132347	0.976 ± 0.013256	0.868 ± 0.134698	0.973 ± 0.015466	0.800 ± 0.178174	0.896 ± 0.050874	0.841 ± 0.183695	0.970 ± 0.026739
precision_recall_auc	nan	nan	0.920 ± 0.088428	0.972 ± 0.012188	0.845 ± 0.115478	0.919 ± 0.028989	0.14137 ± 0.052585	0.08349 ± 0.013654	0.823 ± 0.131687	0.911 ± 0.032806	0.689 ± 0.230955	0.839 ± 0.057978	0.4555 ± 0.127860	0.3116 ± 0.034722	0.716 ± 0.223771	0.860 ± 0.049577	0.702 ± 0.225634	0.849 ± 0.053486	0.874 ± 0.124407	0.902 ± 0.035513	0.843 ± 0.169505	0.958 ± 0.023407	0.912 ± 0.097176	0.972 ± 0.012323	0.892 ± 0.124900	0.969 ± 0.014343	0.835 ± 0.170442	0.870 ± 0.050910	0.854 ± 0.170486	0.968 ± 0.019652
roc_auc	nan	nan	0.915 ± 0.096026	0.972 ± 0.012993	0.841 ± 0.116246	0.914 ± 0.034638	0.14189 ± 0.052979	0.08337 ± 0.017804	0.819 ± 0.133412	0.905 ± 0.039125	0.682 ± 0.232491	0.828 ± 0.069277	0.4631 ± 0.146298	0.3098 ± 0.050494	0.711 ± 0.226473	0.849 ± 0.062182	0.696 ± 0.227799	0.838 ± 0.065376	0.870 ± 0.123474	0.899 ± 0.039925	0.841 ± 0.170839	0.950 ± 0.031499	0.905 ± 0.110949	0.972 ± 0.013149	0.891 ± 0.125588	0.970 ± 0.014808	0.828 ± 0.170375	0.865 ± 0.056614	0.854 ± 0.170486	0.962 ± 0.025787
