	mean_best_threshold_tuning_score	mean_best_threshold	mean_test_average_precision	mean_train_average_precision	mean_test_balanced_accuracy	mean_train_balanced_accuracy	mean_test_brier_loss	mean_train_brier_loss	mean_test_f1	mean_train_f1	mean_test_informedness	mean_train_informedness	mean_test_log_loss	mean_train_log_loss	mean_test_markedness	mean_train_markedness	mean_test_mcc	mean_train_mcc	mean_test_negative_predictive_value	mean_train_negative_predictive_value	mean_test_precision	mean_train_precision	mean_test_precision_recall_auc	mean_train_precision_recall_auc	mean_test_roc_auc	mean_train_roc_auc	mean_test_sensitivity	mean_train_sensitivity	mean_test_specificity	mean_train_specificity
mcc	nan	nan	0.915 ± 0.071902	0.999 ± 0.001515	0.816 ± 0.102864	0.948 ± 0.041245	0.13816 ± 0.059575	0.04846 ± 0.026204	0.764 ± 0.149892	0.943 ± 0.045877	0.633 ± 0.205728	0.895 ± 0.082491	0.4268 ± 0.146458	0.2004 ± 0.076946	0.737 ± 0.159605	0.924 ± 0.058273	0.679 ± 0.179792	0.910 ± 0.070511	0.793 ± 0.121093	0.924 ± 0.058273	0.943 ± 0.115960	1.000 ± 0.000000	0.904 ± 0.082123	0.999 ± 0.001543	0.893 ± 0.095262	1.000 ± 0.001245	0.677 ± 0.205949	0.895 ± 0.082491	0.956 ± 0.089580	1.000 ± 0.000000
precision_recall_auc	nan	nan	0.914 ± 0.072578	0.999 ± 0.002112	0.827 ± 0.105084	0.930 ± 0.037069	0.13407 ± 0.060375	0.03983 ± 0.014884	0.773 ± 0.159478	0.924 ± 0.041558	0.654 ± 0.210167	0.861 ± 0.074138	0.4153 ± 0.147857	0.1703 ± 0.045514	0.761 ± 0.140291	0.900 ± 0.052119	0.702 ± 0.175292	0.880 ± 0.063213	0.804 ± 0.127108	0.900 ± 0.052119	0.957 ± 0.101351	1.000 ± 0.000000	0.903 ± 0.082902	0.999 ± 0.002151	0.896 ± 0.094051	0.999 ± 0.001722	0.688 ± 0.221320	0.861 ± 0.074138	0.966 ± 0.079179	1.000 ± 0.000000
roc_auc	nan	nan	0.910 ± 0.081415	0.999 ± 0.002186	0.812 ± 0.089027	0.943 ± 0.041906	0.14093 ± 0.052729	0.04095 ± 0.021619	0.755 ± 0.142539	0.938 ± 0.046535	0.625 ± 0.178054	0.886 ± 0.083812	0.4324 ± 0.130625	0.1769 ± 0.067522	0.738 ± 0.118461	0.918 ± 0.059771	0.675 ± 0.146623	0.902 ± 0.071905	0.789 ± 0.113199	0.918 ± 0.059771	0.949 ± 0.112981	1.000 ± 0.000000	0.898 ± 0.092144	0.999 ± 0.002227	0.889 ± 0.105845	0.999 ± 0.001774	0.667 ± 0.202031	0.886 ± 0.083812	0.958 ± 0.094415	1.000 ± 0.000000
