	mean_ncv_average_precision	mean_ncv_balanced_accuracy	mean_ncv_brier_loss	mean_ncv_f1	mean_ncv_informedness	mean_ncv_log_loss	mean_ncv_markedness	mean_ncv_mcc	mean_ncv_negative_predictive_value	mean_ncv_precision	mean_ncv_precision_recall_auc	mean_ncv_roc_auc	mean_ncv_sensitivity	mean_ncv_specificity
mcc	0.871 ± 0.032840	0.828 ± 0.031563	0.13917 ± 0.006744	0.806 ± 0.036098	0.657 ± 0.063126	0.4416 ± 0.018617	0.678 ± 0.067415	0.667 ± 0.064998	0.821 ± 0.026704	0.857 ± 0.046242	0.866 ± 0.042468	0.872 ± 0.013029	0.761 ± 0.037497	0.895 ± 0.037421
precision_recall_auc	0.883 ± 0.022404	0.823 ± 0.027739	0.13544 ± 0.011132	0.800 ± 0.031056	0.646 ± 0.055479	0.4294 ± 0.028432	0.668 ± 0.063109	0.657 ± 0.058912	0.817 ± 0.020998	0.852 ± 0.047209	0.881 ± 0.023994	0.878 ± 0.016203	0.756 ± 0.028689	0.891 ± 0.038331
roc_auc	0.873 ± 0.029848	0.828 ± 0.023327	0.13757 ± 0.008756	0.806 ± 0.026307	0.657 ± 0.046655	0.4367 ± 0.023528	0.679 ± 0.053752	0.668 ± 0.049897	0.821 ± 0.017466	0.858 ± 0.043044	0.870 ± 0.029969	0.872 ± 0.013492	0.761 ± 0.026836	0.895 ± 0.037421
