	mean_best_threshold_tuning_score	mean_best_threshold	mean_test_average_precision	mean_train_average_precision	mean_test_balanced_accuracy	mean_train_balanced_accuracy	mean_test_brier_loss	mean_train_brier_loss	mean_test_f1	mean_train_f1	mean_test_informedness	mean_train_informedness	mean_test_log_loss	mean_train_log_loss	mean_test_markedness	mean_train_markedness	mean_test_mcc	mean_train_mcc	mean_test_negative_predictive_value	mean_train_negative_predictive_value	mean_test_precision	mean_train_precision	mean_test_precision_recall_auc	mean_train_precision_recall_auc	mean_test_roc_auc	mean_train_roc_auc	mean_test_sensitivity	mean_train_sensitivity	mean_test_specificity	mean_train_specificity
mcc	nan	nan	0.907 ± 0.097135	1.000 ± 0.000000	0.850 ± 0.110700	1.000 ± 0.000000	0.12644 ± 0.055466	0.01297 ± 0.002675	0.819 ± 0.147685	1.000 ± 0.000000	0.699 ± 0.221401	1.000 ± 0.000000	0.4116 ± 0.141704	0.0965 ± 0.014227	0.746 ± 0.199447	1.000 ± 0.000000	0.720 ± 0.207911	1.000 ± 0.000000	0.871 ± 0.129283	1.000 ± 0.000000	0.875 ± 0.151831	1.000 ± 0.000000	0.890 ± 0.119335	1.000 ± 0.000000	0.898 ± 0.105127	1.000 ± 0.000000	0.810 ± 0.206910	1.000 ± 0.000000	0.889 ± 0.133359	1.000 ± 0.000000
precision_recall_auc	nan	nan	0.912 ± 0.097956	1.000 ± 0.000000	0.855 ± 0.119724	1.000 ± 0.000000	0.12291 ± 0.055404	0.01238 ± 0.002478	0.823 ± 0.156501	1.000 ± 0.000000	0.710 ± 0.239449	1.000 ± 0.000000	0.4009 ± 0.140010	0.0934 ± 0.013172	0.755 ± 0.219037	1.000 ± 0.000000	0.730 ± 0.227186	1.000 ± 0.000000	0.867 ± 0.129588	1.000 ± 0.000000	0.888 ± 0.164235	1.000 ± 0.000000	0.898 ± 0.119534	1.000 ± 0.000000	0.904 ± 0.106033	1.000 ± 0.000000	0.805 ± 0.205239	1.000 ± 0.000000	0.905 ± 0.135996	1.000 ± 0.000000
roc_auc	nan	nan	0.921 ± 0.088821	1.000 ± 0.000000	0.851 ± 0.111237	1.000 ± 0.000000	0.12458 ± 0.052062	0.01268 ± 0.002793	0.817 ± 0.148786	1.000 ± 0.000000	0.701 ± 0.222473	1.000 ± 0.000000	0.4028 ± 0.127605	0.0949 ± 0.014194	0.744 ± 0.199943	1.000 ± 0.000000	0.720 ± 0.208798	1.000 ± 0.000000	0.872 ± 0.128809	1.000 ± 0.000000	0.872 ± 0.154326	1.000 ± 0.000000	0.910 ± 0.103908	1.000 ± 0.000000	0.913 ± 0.098548	1.000 ± 0.000000	0.810 ± 0.206910	1.000 ± 0.000000	0.891 ± 0.131588	1.000 ± 0.000000
