	mean_ncv_average_precision	mean_ncv_balanced_accuracy	mean_ncv_brier_loss	mean_ncv_f1	mean_ncv_informedness	mean_ncv_log_loss	mean_ncv_markedness	mean_ncv_mcc	mean_ncv_negative_predictive_value	mean_ncv_precision	mean_ncv_precision_recall_auc	mean_ncv_roc_auc	mean_ncv_sensitivity	mean_ncv_specificity
mcc	0.748 ± 0.076310	0.697 ± 0.045524	0.21322 ± 0.039249	0.643 ± 0.067880	0.394 ± 0.091048	0.7825 ± 0.338304	0.418 ± 0.081521	0.406 ± 0.086005	0.710 ± 0.049550	0.707 ± 0.040422	0.738 ± 0.081117	0.753 ± 0.078432	0.594 ± 0.098166	0.800 ± 0.031782
precision_recall_auc	0.757 ± 0.045167	0.690 ± 0.039429	0.21697 ± 0.026796	0.629 ± 0.060651	0.380 ± 0.078857	0.9093 ± 0.221641	0.415 ± 0.077830	0.397 ± 0.076552	0.699 ± 0.040645	0.716 ± 0.054353	0.750 ± 0.046673	0.736 ± 0.056115	0.567 ± 0.089963	0.814 ± 0.050023
roc_auc	0.730 ± 0.063522	0.682 ± 0.047822	0.21764 ± 0.034938	0.620 ± 0.060170	0.365 ± 0.095643	0.8761 ± 0.216067	0.397 ± 0.103833	0.380 ± 0.098984	0.691 ± 0.041182	0.706 ± 0.069269	0.715 ± 0.072063	0.754 ± 0.055495	0.556 ± 0.069290	0.809 ± 0.051604
