	mean_best_threshold_tuning_score	mean_best_threshold	mean_test_average_precision	mean_train_average_precision	mean_test_balanced_accuracy	mean_train_balanced_accuracy	mean_test_brier_loss	mean_train_brier_loss	mean_test_f1	mean_train_f1	mean_test_informedness	mean_train_informedness	mean_test_log_loss	mean_train_log_loss	mean_test_markedness	mean_train_markedness	mean_test_mcc	mean_train_mcc	mean_test_negative_predictive_value	mean_train_negative_predictive_value	mean_test_precision	mean_train_precision	mean_test_precision_recall_auc	mean_train_precision_recall_auc	mean_test_roc_auc	mean_train_roc_auc	mean_test_sensitivity	mean_train_sensitivity	mean_test_specificity	mean_train_specificity
mcc	nan	nan	0.790 ± 0.168385	1.000 ± 0.001414	0.695 ± 0.172011	0.996 ± 0.020414	0.23457 ± 0.091720	0.06758 ± 0.059792	0.606 ± 0.277592	0.996 ± 0.023761	0.389 ± 0.344023	0.992 ± 0.040828	0.9576 ± 0.722553	0.2538 ± 0.160274	0.413 ± 0.436424	0.994 ± 0.026470	0.408 ± 0.365932	0.993 ± 0.033854	0.757 ± 0.192018	0.995 ± 0.025936	0.655 ± 0.311100	0.999 ± 0.006018	0.748 ± 0.207621	1.000 ± 0.001428	0.778 ± 0.173682	1.000 ± 0.001309	0.625 ± 0.333014	0.993 ± 0.040591	0.764 ± 0.211419	0.999 ± 0.005546
precision_recall_auc	nan	nan	0.843 ± 0.141561	1.000 ± 0.001747	0.715 ± 0.179010	0.992 ± 0.033737	0.20815 ± 0.103781	0.04105 ± 0.033865	0.626 ± 0.285951	0.990 ± 0.039359	0.430 ± 0.358019	0.983 ± 0.067475	0.9061 ± 0.787622	0.1808 ± 0.096276	0.449 ± 0.434347	0.989 ± 0.044277	0.450 ± 0.367347	0.986 ± 0.056235	0.761 ± 0.191275	0.989 ± 0.044277	0.688 ± 0.309678	1.000 ± 0.000000	0.816 ± 0.171892	1.000 ± 0.001764	0.817 ± 0.164240	1.000 ± 0.001649	0.632 ± 0.332520	0.983 ± 0.067475	0.798 ± 0.210432	1.000 ± 0.000000
roc_auc	nan	nan	0.833 ± 0.150662	1.000 ± 0.001805	0.706 ± 0.182857	0.990 ± 0.031496	0.21893 ± 0.109302	0.02952 ± 0.034845	0.611 ± 0.301808	0.989 ± 0.035864	0.411 ± 0.365714	0.981 ± 0.062992	0.9250 ± 0.721420	0.1399 ± 0.102625	0.409 ± 0.463021	0.987 ± 0.042652	0.428 ± 0.378967	0.984 ± 0.053062	0.757 ± 0.193854	0.987 ± 0.042652	0.652 ± 0.323803	1.000 ± 0.000000	0.804 ± 0.184741	1.000 ± 0.001822	0.813 ± 0.163077	1.000 ± 0.001805	0.623 ± 0.342245	0.981 ± 0.062992	0.788 ± 0.208630	1.000 ± 0.000000
