	mean_best_threshold_tuning_score	mean_best_threshold	mean_test_average_precision	mean_train_average_precision	mean_test_balanced_accuracy	mean_train_balanced_accuracy	mean_test_brier_loss	mean_train_brier_loss	mean_test_f1	mean_train_f1	mean_test_informedness	mean_train_informedness	mean_test_log_loss	mean_train_log_loss	mean_test_markedness	mean_train_markedness	mean_test_mcc	mean_train_mcc	mean_test_negative_predictive_value	mean_train_negative_predictive_value	mean_test_precision	mean_train_precision	mean_test_precision_recall_auc	mean_train_precision_recall_auc	mean_test_roc_auc	mean_train_roc_auc	mean_test_sensitivity	mean_train_sensitivity	mean_test_specificity	mean_train_specificity
mcc	nan	nan	0.834 ± 0.156359	1.000 ± 0.002477	0.722 ± 0.143134	0.990 ± 0.032711	0.19226 ± 0.087439	0.06006 ± 0.046997	0.652 ± 0.224937	0.989 ± 0.037943	0.444 ± 0.286267	0.980 ± 0.065421	0.8004 ± 0.822635	0.2343 ± 0.126428	0.502 ± 0.338125	0.986 ± 0.045042	0.476 ± 0.285350	0.983 ± 0.055488	0.768 ± 0.171248	0.987 ± 0.044900	0.734 ± 0.255650	0.999 ± 0.006018	0.806 ± 0.189140	0.999 ± 0.002500	0.812 ± 0.165910	0.999 ± 0.002617	0.657 ± 0.290944	0.981 ± 0.065421	0.787 ± 0.206479	0.999 ± 0.005546
precision_recall_auc	nan	nan	0.862 ± 0.131581	0.999 ± 0.002622	0.728 ± 0.150472	0.985 ± 0.043938	0.17754 ± 0.097663	0.04258 ± 0.028200	0.643 ± 0.249614	0.982 ± 0.052091	0.457 ± 0.300943	0.970 ± 0.087877	0.7436 ± 0.648398	0.1856 ± 0.081978	0.526 ± 0.365108	0.979 ± 0.058133	0.497 ± 0.297925	0.974 ± 0.073519	0.771 ± 0.182989	0.979 ± 0.058133	0.755 ± 0.274363	1.000 ± 0.000000	0.845 ± 0.149465	0.999 ± 0.002648	0.818 ± 0.173846	0.999 ± 0.002665	0.632 ± 0.317699	0.970 ± 0.087877	0.825 ± 0.196721	1.000 ± 0.000000
roc_auc	nan	nan	0.852 ± 0.150065	1.000 ± 0.001958	0.730 ± 0.159556	0.989 ± 0.032059	0.18543 ± 0.097092	0.02569 ± 0.028594	0.645 ± 0.268017	0.988 ± 0.036653	0.461 ± 0.319112	0.979 ± 0.064119	0.7023 ± 0.555135	0.1315 ± 0.086544	0.504 ± 0.403172	0.986 ± 0.043382	0.492 ± 0.326902	0.982 ± 0.054005	0.774 ± 0.185848	0.986 ± 0.043382	0.731 ± 0.294495	1.000 ± 0.000000	0.831 ± 0.177087	1.000 ± 0.001977	0.815 ± 0.177808	1.000 ± 0.001987	0.640 ± 0.324037	0.979 ± 0.064119	0.821 ± 0.186561	1.000 ± 0.000000
