	mean_best_threshold_tuning_score	mean_best_threshold	mean_test_average_precision	mean_train_average_precision	mean_test_balanced_accuracy	mean_train_balanced_accuracy	mean_test_brier_loss	mean_train_brier_loss	mean_test_f1	mean_train_f1	mean_test_informedness	mean_train_informedness	mean_test_log_loss	mean_train_log_loss	mean_test_markedness	mean_train_markedness	mean_test_mcc	mean_train_mcc	mean_test_negative_predictive_value	mean_train_negative_predictive_value	mean_test_precision	mean_train_precision	mean_test_precision_recall_auc	mean_train_precision_recall_auc	mean_test_roc_auc	mean_train_roc_auc	mean_test_sensitivity	mean_train_sensitivity	mean_test_specificity	mean_train_specificity
mcc	nan	nan	0.814 ± 0.167011	1.000 ± 0.001414	0.718 ± 0.146094	0.996 ± 0.020414	0.20624 ± 0.085711	0.06758 ± 0.059792	0.642 ± 0.228330	0.996 ± 0.023761	0.436 ± 0.292189	0.992 ± 0.040828	0.9621 ± 0.960972	0.2538 ± 0.160274	0.493 ± 0.348275	0.994 ± 0.026470	0.469 ± 0.289694	0.993 ± 0.033854	0.771 ± 0.181986	0.995 ± 0.025936	0.723 ± 0.253004	0.999 ± 0.006018	0.782 ± 0.203170	1.000 ± 0.001428	0.793 ± 0.173384	1.000 ± 0.001309	0.652 ± 0.305231	0.993 ± 0.040591	0.784 ± 0.197804	0.999 ± 0.005546
precision_recall_auc	nan	nan	0.854 ± 0.142921	1.000 ± 0.001747	0.729 ± 0.161038	0.992 ± 0.033737	0.19120 ± 0.092588	0.04105 ± 0.033865	0.660 ± 0.239140	0.990 ± 0.039359	0.458 ± 0.322075	0.983 ± 0.067475	0.8754 ± 0.778631	0.1808 ± 0.096276	0.514 ± 0.364915	0.989 ± 0.044277	0.489 ± 0.319253	0.986 ± 0.056235	0.767 ± 0.179418	0.989 ± 0.044277	0.747 ± 0.265461	1.000 ± 0.000000	0.835 ± 0.165093	1.000 ± 0.001764	0.813 ± 0.181483	1.000 ± 0.001649	0.657 ± 0.295296	0.983 ± 0.067475	0.801 ± 0.222116	1.000 ± 0.000000
roc_auc	nan	nan	0.830 ± 0.162839	1.000 ± 0.001805	0.708 ± 0.168030	0.990 ± 0.031496	0.19892 ± 0.100361	0.02952 ± 0.034845	0.631 ± 0.260881	0.989 ± 0.035864	0.416 ± 0.336060	0.981 ± 0.062992	0.8545 ± 0.713821	0.1399 ± 0.102625	0.461 ± 0.402269	0.987 ± 0.042652	0.443 ± 0.346248	0.984 ± 0.053062	0.765 ± 0.191136	0.987 ± 0.042652	0.696 ± 0.278573	1.000 ± 0.000000	0.805 ± 0.191735	1.000 ± 0.001822	0.796 ± 0.187695	1.000 ± 0.001805	0.640 ± 0.318745	0.981 ± 0.062992	0.776 ± 0.206338	1.000 ± 0.000000
