	mean_best_threshold_tuning_score	mean_best_threshold	mean_test_average_precision	mean_train_average_precision	mean_test_balanced_accuracy	mean_train_balanced_accuracy	mean_test_brier_loss	mean_train_brier_loss	mean_test_f1	mean_train_f1	mean_test_informedness	mean_train_informedness	mean_test_log_loss	mean_train_log_loss	mean_test_markedness	mean_train_markedness	mean_test_mcc	mean_train_mcc	mean_test_negative_predictive_value	mean_train_negative_predictive_value	mean_test_precision	mean_train_precision	mean_test_precision_recall_auc	mean_train_precision_recall_auc	mean_test_roc_auc	mean_train_roc_auc	mean_test_sensitivity	mean_train_sensitivity	mean_test_specificity	mean_train_specificity
mcc	nan	nan	0.866 ± 0.137234	1.000 ± 0.000000	0.762 ± 0.127778	0.999 ± 0.003823	0.18521 ± 0.058152	0.08018 ± 0.053354	0.711 ± 0.187844	0.999 ± 0.003868	0.524 ± 0.255555	0.997 ± 0.007647	0.5891 ± 0.283026	0.2877 ± 0.140025	0.566 ± 0.277790	0.998 ± 0.006086	0.543 ± 0.261279	0.997 ± 0.006864	0.797 ± 0.148839	0.998 ± 0.006086	0.770 ± 0.206710	1.000 ± 0.000000	0.845 ± 0.164847	1.000 ± 0.000000	0.841 ± 0.152956	1.000 ± 0.000000	0.708 ± 0.245279	0.997 ± 0.007647	0.816 ± 0.151671	1.000 ± 0.000000
precision_recall_auc	nan	nan	0.872 ± 0.136992	1.000 ± 0.001353	0.746 ± 0.149406	0.994 ± 0.026319	0.18426 ± 0.079874	0.05133 ± 0.036205	0.669 ± 0.255042	0.993 ± 0.030380	0.491 ± 0.298812	0.988 ± 0.052637	0.5735 ± 0.268803	0.2093 ± 0.100684	0.505 ± 0.373208	0.991 ± 0.035619	0.506 ± 0.311004	0.989 ± 0.044350	0.783 ± 0.163893	0.991 ± 0.035619	0.722 ± 0.279926	1.000 ± 0.000000	0.853 ± 0.164638	1.000 ± 0.001366	0.843 ± 0.156284	1.000 ± 0.001353	0.673 ± 0.297781	0.988 ± 0.052637	0.818 ± 0.166525	1.000 ± 0.000000
roc_auc	nan	nan	0.869 ± 0.140063	1.000 ± 0.001353	0.753 ± 0.151416	0.994 ± 0.026323	0.18495 ± 0.079482	0.04154 ± 0.042928	0.682 ± 0.255571	0.993 ± 0.030395	0.506 ± 0.302833	0.988 ± 0.052646	0.5873 ± 0.287961	0.1756 ± 0.122801	0.516 ± 0.373670	0.992 ± 0.035597	0.519 ± 0.312900	0.990 ± 0.044345	0.799 ± 0.169451	0.992 ± 0.035597	0.717 ± 0.275892	1.000 ± 0.000000	0.849 ± 0.168092	1.000 ± 0.001366	0.846 ± 0.156975	1.000 ± 0.001353	0.702 ± 0.302151	0.988 ± 0.052646	0.804 ± 0.175499	1.000 ± 0.000000
