	mean_best_threshold_tuning_score	mean_best_threshold	mean_test_average_precision	mean_train_average_precision	mean_test_balanced_accuracy	mean_train_balanced_accuracy	mean_test_brier_loss	mean_train_brier_loss	mean_test_f1	mean_train_f1	mean_test_informedness	mean_train_informedness	mean_test_log_loss	mean_train_log_loss	mean_test_markedness	mean_train_markedness	mean_test_mcc	mean_train_mcc	mean_test_negative_predictive_value	mean_train_negative_predictive_value	mean_test_precision	mean_train_precision	mean_test_precision_recall_auc	mean_train_precision_recall_auc	mean_test_roc_auc	mean_train_roc_auc	mean_test_sensitivity	mean_train_sensitivity	mean_test_specificity	mean_train_specificity
mcc	nan	nan	0.948 ± 0.091361	0.995 ± 0.007977	0.850 ± 0.118289	0.954 ± 0.048286	0.10169 ± 0.073989	0.03196 ± 0.027361	0.815 ± 0.153571	0.950 ± 0.053907	0.700 ± 0.236578	0.909 ± 0.096573	0.3625 ± 0.348765	0.1374 ± 0.081781	0.778 ± 0.200371	0.931 ± 0.073549	0.735 ± 0.216528	0.920 ± 0.085098	0.833 ± 0.125062	0.937 ± 0.065459	0.944 ± 0.139509	0.994 ± 0.016116	0.940 ± 0.110139	0.995 ± 0.008055	0.943 ± 0.088111	0.996 ± 0.007745	0.752 ± 0.200968	0.913 ± 0.091605	0.948 ± 0.133997	0.995 ± 0.011140
precision_recall_auc	nan	nan	0.943 ± 0.066414	0.987 ± 0.012858	0.757 ± 0.144825	0.857 ± 0.141087	0.11267 ± 0.065778	0.04566 ± 0.035314	0.633 ± 0.286711	0.791 ± 0.266600	0.514 ± 0.289649	0.714 ± 0.282174	0.3554 ± 0.169227	0.1622 ± 0.100635	0.596 ± 0.406867	0.753 ± 0.377846	0.572 ± 0.280774	0.749 ± 0.269299	0.741 ± 0.132582	0.834 ± 0.140718	0.855 ± 0.330262	0.919 ± 0.273785	0.936 ± 0.073990	0.987 ± 0.012992	0.922 ± 0.097953	0.988 ± 0.012437	0.532 ± 0.290090	0.715 ± 0.282585	0.982 ± 0.062073	0.999 ± 0.003775
roc_auc	nan	nan	0.948 ± 0.062531	0.988 ± 0.012597	0.773 ± 0.155919	0.869 ± 0.142267	0.11526 ± 0.061636	0.04442 ± 0.037827	0.653 ± 0.309363	0.807 ± 0.268071	0.546 ± 0.311838	0.737 ± 0.284533	0.3596 ± 0.158076	0.1612 ± 0.103875	0.590 ± 0.439990	0.765 ± 0.381671	0.591 ± 0.306464	0.768 ± 0.272479	0.760 ± 0.134639	0.848 ± 0.143414	0.830 ± 0.353938	0.917 ± 0.273783	0.942 ± 0.070391	0.987 ± 0.012731	0.935 ± 0.084157	0.989 ± 0.011907	0.567 ± 0.306764	0.740 ± 0.285438	0.979 ± 0.075654	0.997 ± 0.016811
