	mean_ncv_average_precision	mean_ncv_balanced_accuracy	mean_ncv_brier_loss	mean_ncv_f1	mean_ncv_informedness	mean_ncv_log_loss	mean_ncv_markedness	mean_ncv_mcc	mean_ncv_negative_predictive_value	mean_ncv_precision	mean_ncv_precision_recall_auc	mean_ncv_roc_auc	mean_ncv_sensitivity	mean_ncv_specificity
mcc	0.928 ± 0.012165	0.865 ± 0.019386	0.10128 ± 0.012457	0.846 ± 0.023031	0.729 ± 0.038772	0.3269 ± 0.029235	0.787 ± 0.055145	0.757 ± 0.045655	0.832 ± 0.014581	0.955 ± 0.052239	0.926 ± 0.012413	0.915 ± 0.018663	0.761 ± 0.026836	0.968 ± 0.037421
precision_recall_auc	0.919 ± 0.019436	0.781 ± 0.067341	0.11288 ± 0.015405	0.712 ± 0.114280	0.562 ± 0.134681	0.3579 ± 0.048626	0.733 ± 0.064583	0.640 ± 0.105099	0.742 ± 0.060231	0.992 ± 0.026352	0.917 ± 0.019877	0.904 ± 0.029588	0.567 ± 0.135578	0.995 ± 0.014374
roc_auc	0.919 ± 0.021963	0.784 ± 0.042209	0.11313 ± 0.016348	0.725 ± 0.061845	0.569 ± 0.084417	0.3573 ± 0.052469	0.725 ± 0.062732	0.642 ± 0.072642	0.743 ± 0.039945	0.982 ± 0.038849	0.918 ± 0.022426	0.906 ± 0.034710	0.578 ± 0.079436	0.991 ± 0.019165
