	mean_best_threshold_tuning_score	mean_best_threshold	mean_test_average_precision	mean_train_average_precision	mean_test_balanced_accuracy	mean_train_balanced_accuracy	mean_test_brier_loss	mean_train_brier_loss	mean_test_f1	mean_train_f1	mean_test_informedness	mean_train_informedness	mean_test_log_loss	mean_train_log_loss	mean_test_markedness	mean_train_markedness	mean_test_mcc	mean_train_mcc	mean_test_negative_predictive_value	mean_train_negative_predictive_value	mean_test_precision	mean_train_precision	mean_test_precision_recall_auc	mean_train_precision_recall_auc	mean_test_roc_auc	mean_train_roc_auc	mean_test_sensitivity	mean_train_sensitivity	mean_test_specificity	mean_train_specificity
mcc	nan	nan	0.948 ± 0.072961	0.994 ± 0.009537	0.852 ± 0.113327	0.962 ± 0.051876	0.09959 ± 0.063437	0.02624 ± 0.031371	0.815 ± 0.152206	0.958 ± 0.058350	0.703 ± 0.226654	0.924 ± 0.103752	0.3309 ± 0.180975	0.1128 ± 0.096064	0.793 ± 0.177606	0.941 ± 0.081211	0.744 ± 0.201014	0.933 ± 0.092557	0.825 ± 0.115748	0.951 ± 0.066696	0.968 ± 0.114595	0.990 ± 0.019148	0.942 ± 0.082476	0.994 ± 0.009640	0.938 ± 0.079934	0.995 ± 0.008973	0.733 ± 0.196338	0.931 ± 0.094368	0.970 ± 0.114731	0.993 ± 0.012981
precision_recall_auc	nan	nan	0.950 ± 0.062316	0.980 ± 0.015786	0.747 ± 0.143065	0.824 ± 0.149271	0.10009 ± 0.056244	0.05387 ± 0.034899	0.605 ± 0.304259	0.735 ± 0.298316	0.493 ± 0.286131	0.648 ± 0.298542	0.3197 ± 0.140864	0.1818 ± 0.101637	0.566 ± 0.453561	0.678 ± 0.434673	0.556 ± 0.285069	0.688 ± 0.293308	0.726 ± 0.122731	0.801 ± 0.141401	0.840 ± 0.370328	0.877 ± 0.327305	0.944 ± 0.069834	0.980 ± 0.015943	0.932 ± 0.083652	0.981 ± 0.016080	0.493 ± 0.286131	0.650 ± 0.299797	1.000 ± 0.000000	0.998 ± 0.008885
roc_auc	nan	nan	0.950 ± 0.061531	0.981 ± 0.016389	0.760 ± 0.143244	0.838 ± 0.138827	0.10428 ± 0.056650	0.05317 ± 0.037911	0.636 ± 0.286182	0.765 ± 0.262289	0.520 ± 0.286487	0.676 ± 0.277654	0.3306 ± 0.140603	0.1814 ± 0.106993	0.612 ± 0.419630	0.732 ± 0.368392	0.584 ± 0.277147	0.718 ± 0.264467	0.738 ± 0.133038	0.813 ± 0.137004	0.873 ± 0.329158	0.919 ± 0.273835	0.945 ± 0.069215	0.981 ± 0.016553	0.935 ± 0.079732	0.982 ± 0.016748	0.525 ± 0.283848	0.676 ± 0.278097	0.995 ± 0.035355	0.999 ± 0.005238
