	mean_best_threshold_tuning_score	mean_best_threshold	mean_test_average_precision	mean_train_average_precision	mean_test_balanced_accuracy	mean_train_balanced_accuracy	mean_test_brier_loss	mean_train_brier_loss	mean_test_f1	mean_train_f1	mean_test_informedness	mean_train_informedness	mean_test_log_loss	mean_train_log_loss	mean_test_markedness	mean_train_markedness	mean_test_mcc	mean_train_mcc	mean_test_negative_predictive_value	mean_train_negative_predictive_value	mean_test_precision	mean_train_precision	mean_test_precision_recall_auc	mean_train_precision_recall_auc	mean_test_roc_auc	mean_train_roc_auc	mean_test_sensitivity	mean_train_sensitivity	mean_test_specificity	mean_train_specificity
mcc	nan	nan	0.953 ± 0.060819	0.994 ± 0.009537	0.854 ± 0.111170	0.962 ± 0.051876	0.10933 ± 0.067198	0.02624 ± 0.031371	0.825 ± 0.140647	0.958 ± 0.058350	0.708 ± 0.222341	0.924 ± 0.103752	0.3512 ± 0.173871	0.1128 ± 0.096064	0.741 ± 0.211897	0.941 ± 0.081211	0.723 ± 0.215533	0.933 ± 0.092557	0.861 ± 0.119172	0.951 ± 0.066696	0.880 ± 0.161880	0.990 ± 0.019148	0.946 ± 0.069690	0.994 ± 0.009640	0.945 ± 0.069647	0.995 ± 0.008973	0.807 ± 0.179316	0.931 ± 0.094368	0.901 ± 0.139419	0.993 ± 0.012981
precision_recall_auc	nan	nan	0.949 ± 0.063208	0.980 ± 0.015786	0.740 ± 0.160149	0.824 ± 0.149271	0.11330 ± 0.065423	0.05387 ± 0.034899	0.577 ± 0.337064	0.735 ± 0.298316	0.479 ± 0.320299	0.648 ± 0.298542	0.3589 ± 0.167199	0.1818 ± 0.101637	0.523 ± 0.497613	0.678 ± 0.434673	0.536 ± 0.317019	0.688 ± 0.293308	0.728 ± 0.142403	0.801 ± 0.141401	0.795 ± 0.403081	0.877 ± 0.327305	0.942 ± 0.072061	0.980 ± 0.015943	0.937 ± 0.080630	0.981 ± 0.016080	0.483 ± 0.325590	0.650 ± 0.299797	0.996 ± 0.028284	0.998 ± 0.008885
roc_auc	nan	nan	0.948 ± 0.062229	0.981 ± 0.016389	0.759 ± 0.154144	0.838 ± 0.138827	0.11379 ± 0.063951	0.05317 ± 0.037911	0.621 ± 0.317634	0.765 ± 0.262289	0.519 ± 0.308288	0.676 ± 0.277654	0.3605 ± 0.164009	0.1814 ± 0.106993	0.571 ± 0.466661	0.732 ± 0.368392	0.573 ± 0.301506	0.718 ± 0.264467	0.743 ± 0.142772	0.813 ± 0.137004	0.828 ± 0.369780	0.919 ± 0.273835	0.941 ± 0.071082	0.981 ± 0.016553	0.937 ± 0.076573	0.982 ± 0.016748	0.527 ± 0.313816	0.676 ± 0.278097	0.992 ± 0.039590	0.999 ± 0.005238
