	mean_best_threshold_tuning_score	mean_best_threshold	mean_test_average_precision	mean_train_average_precision	mean_test_balanced_accuracy	mean_train_balanced_accuracy	mean_test_brier_loss	mean_train_brier_loss	mean_test_f1	mean_train_f1	mean_test_informedness	mean_train_informedness	mean_test_log_loss	mean_train_log_loss	mean_test_markedness	mean_train_markedness	mean_test_mcc	mean_train_mcc	mean_test_negative_predictive_value	mean_train_negative_predictive_value	mean_test_precision	mean_train_precision	mean_test_precision_recall_auc	mean_train_precision_recall_auc	mean_test_roc_auc	mean_train_roc_auc	mean_test_sensitivity	mean_train_sensitivity	mean_test_specificity	mean_train_specificity
mcc	nan	nan	0.841 ± 0.143792	0.986 ± 0.027878	0.729 ± 0.159925	0.953 ± 0.069982	0.19217 ± 0.093632	0.04326 ± 0.048722	0.707 ± 0.190150	0.949 ± 0.074533	0.457 ± 0.319849	0.906 ± 0.139965	0.6395 ± 0.331181	0.1797 ± 0.145276	0.474 ± 0.354375	0.905 ± 0.139892	0.469 ± 0.322712	0.905 ± 0.139909	0.791 ± 0.206748	0.976 ± 0.038253	0.683 ± 0.212646	0.929 ± 0.105106	0.813 ± 0.176956	0.986 ± 0.028143	0.818 ± 0.151938	0.983 ± 0.033387	0.778 ± 0.233048	0.975 ± 0.041200	0.679 ± 0.241190	0.931 ± 0.104615
precision_recall_auc	nan	nan	0.886 ± 0.110805	0.987 ± 0.026101	0.743 ± 0.148745	0.962 ± 0.065911	0.17029 ± 0.075582	0.03613 ± 0.045055	0.720 ± 0.181991	0.960 ± 0.069905	0.486 ± 0.297489	0.925 ± 0.131822	0.5508 ± 0.259578	0.1557 ± 0.134987	0.526 ± 0.311328	0.924 ± 0.131966	0.504 ± 0.300127	0.925 ± 0.131875	0.824 ± 0.171252	0.978 ± 0.039668	0.702 ± 0.214373	0.946 ± 0.096574	0.868 ± 0.134377	0.987 ± 0.026330	0.864 ± 0.124525	0.984 ± 0.031428	0.788 ± 0.229123	0.976 ± 0.042799	0.698 ± 0.224281	0.948 ± 0.095446
roc_auc	nan	nan	0.868 ± 0.123737	0.993 ± 0.018015	0.751 ± 0.146114	0.976 ± 0.049087	0.17113 ± 0.094763	0.02419 ± 0.033725	0.721 ± 0.180817	0.974 ± 0.052834	0.502 ± 0.292228	0.952 ± 0.098174	0.5747 ± 0.331121	0.1178 ± 0.105008	0.523 ± 0.346002	0.951 ± 0.097439	0.518 ± 0.298826	0.952 ± 0.097778	0.793 ± 0.199057	0.989 ± 0.022280	0.729 ± 0.215317	0.962 ± 0.079922	0.845 ± 0.153135	0.993 ± 0.018194	0.850 ± 0.134379	0.992 ± 0.019908	0.763 ± 0.231675	0.988 ± 0.024980	0.739 ± 0.227293	0.963 ± 0.080449
