	mean_best_threshold_tuning_score	mean_best_threshold	mean_test_average_precision	mean_train_average_precision	mean_test_balanced_accuracy	mean_train_balanced_accuracy	mean_test_brier_loss	mean_train_brier_loss	mean_test_f1	mean_train_f1	mean_test_informedness	mean_train_informedness	mean_test_log_loss	mean_train_log_loss	mean_test_markedness	mean_train_markedness	mean_test_mcc	mean_train_mcc	mean_test_negative_predictive_value	mean_train_negative_predictive_value	mean_test_precision	mean_train_precision	mean_test_precision_recall_auc	mean_train_precision_recall_auc	mean_test_roc_auc	mean_train_roc_auc	mean_test_sensitivity	mean_train_sensitivity	mean_test_specificity	mean_train_specificity
mcc	nan	nan	0.783 ± 0.161598	0.987 ± 0.025203	0.678 ± 0.115291	0.958 ± 0.068115	0.22509 ± 0.067450	0.04165 ± 0.052818	0.687 ± 0.104340	0.956 ± 0.070049	0.355 ± 0.230582	0.917 ± 0.136231	0.7488 ± 0.301869	0.1657 ± 0.164942	0.406 ± 0.289250	0.918 ± 0.133277	0.382 ± 0.239367	0.918 ± 0.134708	0.801 ± 0.238237	0.979 ± 0.038433	0.605 ± 0.126289	0.940 ± 0.103015	0.743 ± 0.198968	0.987 ± 0.025396	0.767 ± 0.148738	0.982 ± 0.035184	0.838 ± 0.175295	0.978 ± 0.039088	0.517 ± 0.229598	0.939 ± 0.107753
precision_recall_auc	nan	nan	0.847 ± 0.146958	0.997 ± 0.010272	0.742 ± 0.135891	0.981 ± 0.039004	0.18411 ± 0.090500	0.01714 ± 0.027181	0.739 ± 0.125307	0.979 ± 0.042930	0.484 ± 0.271783	0.963 ± 0.078009	0.6189 ± 0.393630	0.0934 ± 0.092544	0.520 ± 0.285007	0.961 ± 0.080344	0.500 ± 0.272460	0.962 ± 0.079152	0.837 ± 0.200707	0.992 ± 0.026109	0.683 ± 0.154563	0.969 ± 0.061079	0.819 ± 0.181876	0.997 ± 0.010354	0.838 ± 0.142223	0.996 ± 0.013358	0.845 ± 0.174972	0.990 ± 0.029944	0.639 ± 0.232837	0.972 ± 0.056031
roc_auc	nan	nan	0.855 ± 0.142281	0.999 ± 0.006374	0.742 ± 0.130790	0.983 ± 0.039999	0.18556 ± 0.085923	0.01456 ± 0.021982	0.736 ± 0.124321	0.981 ± 0.044114	0.483 ± 0.261580	0.966 ± 0.079999	0.6306 ± 0.352113	0.0872 ± 0.076162	0.525 ± 0.262134	0.964 ± 0.081736	0.502 ± 0.259348	0.965 ± 0.080837	0.841 ± 0.173344	0.996 ± 0.016742	0.683 ± 0.160405	0.968 ± 0.068980	0.829 ± 0.175253	0.999 ± 0.006426	0.840 ± 0.139344	0.998 ± 0.007569	0.838 ± 0.175295	0.996 ± 0.018228	0.645 ± 0.216005	0.970 ± 0.066423
