	mean_ncv_average_precision	mean_ncv_balanced_accuracy	mean_ncv_brier_loss	mean_ncv_f1	mean_ncv_informedness	mean_ncv_log_loss	mean_ncv_markedness	mean_ncv_mcc	mean_ncv_negative_predictive_value	mean_ncv_precision	mean_ncv_precision_recall_auc	mean_ncv_roc_auc	mean_ncv_sensitivity	mean_ncv_specificity
mcc	0.672 ± 0.091719	0.676 ± 0.030331	0.22509 ± 0.026221	0.688 ± 0.026712	0.352 ± 0.060662	0.7488 ± 0.136363	0.380 ± 0.060396	0.365 ± 0.059927	0.793 ± 0.040627	0.587 ± 0.027502	0.656 ± 0.097750	0.740 ± 0.052365	0.833 ± 0.045361	0.518 ± 0.057496
precision_recall_auc	0.775 ± 0.098491	0.740 ± 0.032229	0.18411 ± 0.021440	0.737 ± 0.027351	0.480 ± 0.064459	0.6189 ± 0.113066	0.489 ± 0.058930	0.484 ± 0.061530	0.830 ± 0.027863	0.659 ± 0.041687	0.762 ± 0.109003	0.818 ± 0.050528	0.839 ± 0.031536	0.641 ± 0.065870
roc_auc	0.762 ± 0.079905	0.739 ± 0.046909	0.18556 ± 0.023381	0.736 ± 0.043844	0.479 ± 0.093818	0.6306 ± 0.111654	0.485 ± 0.090690	0.482 ± 0.092183	0.825 ± 0.045379	0.660 ± 0.050876	0.748 ± 0.087673	0.812 ± 0.046369	0.833 ± 0.045361	0.645 ± 0.067079
