	mean_best_threshold_tuning_score	mean_best_threshold	mean_test_average_precision	mean_train_average_precision	mean_test_balanced_accuracy	mean_train_balanced_accuracy	mean_test_brier_loss	mean_train_brier_loss	mean_test_f1	mean_train_f1	mean_test_informedness	mean_train_informedness	mean_test_log_loss	mean_train_log_loss	mean_test_markedness	mean_train_markedness	mean_test_mcc	mean_train_mcc	mean_test_negative_predictive_value	mean_train_negative_predictive_value	mean_test_precision	mean_train_precision	mean_test_precision_recall_auc	mean_train_precision_recall_auc	mean_test_roc_auc	mean_train_roc_auc	mean_test_sensitivity	mean_train_sensitivity	mean_test_specificity	mean_train_specificity
mcc	nan	nan	0.889 ± 0.122251	1.000 ± 0.000000	0.848 ± 0.122471	1.000 ± 0.000000	0.15122 ± 0.057283	0.02052 ± 0.003148	0.814 ± 0.166783	1.000 ± 0.000000	0.697 ± 0.244942	1.000 ± 0.000000	0.4783 ± 0.139445	0.1349 ± 0.012623	0.749 ± 0.218142	1.000 ± 0.000000	0.720 ± 0.230010	1.000 ± 0.000000	0.872 ± 0.142985	1.000 ± 0.000000	0.878 ± 0.169420	1.000 ± 0.000000	0.869 ± 0.154064	1.000 ± 0.000000	0.885 ± 0.123883	1.000 ± 0.000000	0.810 ± 0.226529	1.000 ± 0.000000	0.887 ± 0.154130	1.000 ± 0.000000
precision_recall_auc	nan	nan	0.892 ± 0.126702	1.000 ± 0.000000	0.846 ± 0.143947	1.000 ± 0.000000	0.14569 ± 0.056315	0.01998 ± 0.003273	0.813 ± 0.181874	1.000 ± 0.000000	0.692 ± 0.287893	1.000 ± 0.000000	0.4669 ± 0.140262	0.1319 ± 0.013218	0.728 ± 0.270717	1.000 ± 0.000000	0.708 ± 0.277548	1.000 ± 0.000000	0.875 ± 0.158020	1.000 ± 0.000000	0.853 ± 0.176427	1.000 ± 0.000000	0.870 ± 0.159910	1.000 ± 0.000000	0.885 ± 0.133964	1.000 ± 0.000000	0.820 ± 0.234714	1.000 ± 0.000000	0.872 ± 0.149202	1.000 ± 0.000000
roc_auc	nan	nan	0.897 ± 0.121821	1.000 ± 0.000000	0.854 ± 0.139324	1.000 ± 0.000000	0.14478 ± 0.055412	0.01988 ± 0.003141	0.823 ± 0.181577	1.000 ± 0.000000	0.708 ± 0.278648	1.000 ± 0.000000	0.4639 ± 0.134329	0.1322 ± 0.012333	0.752 ± 0.255307	1.000 ± 0.000000	0.728 ± 0.265509	1.000 ± 0.000000	0.889 ± 0.150470	1.000 ± 0.000000	0.864 ± 0.179306	1.000 ± 0.000000	0.877 ± 0.151534	1.000 ± 0.000000	0.890 ± 0.128813	1.000 ± 0.000000	0.835 ± 0.232366	1.000 ± 0.000000	0.873 ± 0.164196	1.000 ± 0.000000
