	mean_best_threshold_tuning_score	mean_best_threshold	mean_test_average_precision	mean_train_average_precision	mean_test_balanced_accuracy	mean_train_balanced_accuracy	mean_test_brier_loss	mean_train_brier_loss	mean_test_f1	mean_train_f1	mean_test_informedness	mean_train_informedness	mean_test_log_loss	mean_train_log_loss	mean_test_markedness	mean_train_markedness	mean_test_mcc	mean_train_mcc	mean_test_negative_predictive_value	mean_train_negative_predictive_value	mean_test_precision	mean_train_precision	mean_test_precision_recall_auc	mean_train_precision_recall_auc	mean_test_roc_auc	mean_train_roc_auc	mean_test_sensitivity	mean_train_sensitivity	mean_test_specificity	mean_train_specificity
mcc	nan	nan	0.885 ± 0.124899	1.000 ± 0.000000	0.856 ± 0.115855	1.000 ± 0.000000	0.14771 ± 0.057454	0.02054 ± 0.003102	0.822 ± 0.157633	1.000 ± 0.000000	0.711 ± 0.231711	1.000 ± 0.000000	0.4684 ± 0.138070	0.1349 ± 0.012511	0.764 ± 0.202407	1.000 ± 0.000000	0.735 ± 0.215120	1.000 ± 0.000000	0.890 ± 0.140500	1.000 ± 0.000000	0.874 ± 0.163926	1.000 ± 0.000000	0.863 ± 0.155767	1.000 ± 0.000000	0.883 ± 0.124635	1.000 ± 0.000000	0.828 ± 0.226760	1.000 ± 0.000000	0.883 ± 0.148327	1.000 ± 0.000000
precision_recall_auc	nan	nan	0.894 ± 0.126349	1.000 ± 0.000000	0.861 ± 0.120684	1.000 ± 0.000000	0.14580 ± 0.056562	0.02064 ± 0.002950	0.829 ± 0.162002	1.000 ± 0.000000	0.722 ± 0.241369	1.000 ± 0.000000	0.4654 ± 0.138439	0.1345 ± 0.011779	0.764 ± 0.213014	1.000 ± 0.000000	0.741 ± 0.225853	1.000 ± 0.000000	0.889 ± 0.138516	1.000 ± 0.000000	0.875 ± 0.158767	1.000 ± 0.000000	0.876 ± 0.156318	1.000 ± 0.000000	0.889 ± 0.131498	1.000 ± 0.000000	0.835 ± 0.216582	1.000 ± 0.000000	0.887 ± 0.143146	1.000 ± 0.000000
roc_auc	nan	nan	0.887 ± 0.128860	1.000 ± 0.000000	0.852 ± 0.123351	1.000 ± 0.000000	0.14572 ± 0.053366	0.01995 ± 0.002916	0.818 ± 0.165577	1.000 ± 0.000000	0.705 ± 0.246703	1.000 ± 0.000000	0.4701 ± 0.137516	0.1326 ± 0.011658	0.758 ± 0.218714	1.000 ± 0.000000	0.729 ± 0.230646	1.000 ± 0.000000	0.873 ± 0.144031	1.000 ± 0.000000	0.886 ± 0.156927	1.000 ± 0.000000	0.864 ± 0.162464	1.000 ± 0.000000	0.887 ± 0.124590	1.000 ± 0.000000	0.807 ± 0.228025	1.000 ± 0.000000	0.898 ± 0.132849	1.000 ± 0.000000
