	mean_best_threshold_tuning_score	mean_best_threshold	mean_test_average_precision	mean_train_average_precision	mean_test_balanced_accuracy	mean_train_balanced_accuracy	mean_test_brier_loss	mean_train_brier_loss	mean_test_f1	mean_train_f1	mean_test_informedness	mean_train_informedness	mean_test_log_loss	mean_train_log_loss	mean_test_markedness	mean_train_markedness	mean_test_mcc	mean_train_mcc	mean_test_negative_predictive_value	mean_train_negative_predictive_value	mean_test_precision	mean_train_precision	mean_test_precision_recall_auc	mean_train_precision_recall_auc	mean_test_roc_auc	mean_train_roc_auc	mean_test_sensitivity	mean_train_sensitivity	mean_test_specificity	mean_train_specificity
mcc	nan	nan	0.937 ± 0.073296	0.962 ± 0.022027	0.833 ± 0.110931	0.892 ± 0.033425	0.11110 ± 0.058161	0.07643 ± 0.017061	0.798 ± 0.145486	0.878 ± 0.041041	0.666 ± 0.221861	0.785 ± 0.066850	0.3587 ± 0.143786	0.2682 ± 0.046093	0.723 ± 0.203350	0.838 ± 0.049608	0.692 ± 0.209933	0.811 ± 0.057892	0.836 ± 0.121163	0.858 ± 0.038737	0.887 ± 0.161203	0.980 ± 0.023101	0.930 ± 0.081681	0.962 ± 0.022264	0.914 ± 0.107720	0.949 ± 0.034543	0.762 ± 0.194168	0.798 ± 0.062594	0.904 ± 0.145980	0.987 ± 0.015310
precision_recall_auc	nan	nan	0.948 ± 0.064291	0.957 ± 0.017115	0.768 ± 0.141938	0.830 ± 0.077287	0.11381 ± 0.058445	0.08218 ± 0.019892	0.652 ± 0.279738	0.785 ± 0.116618	0.536 ± 0.283877	0.660 ± 0.154573	0.3659 ± 0.147637	0.2817 ± 0.055630	0.613 ± 0.377170	0.782 ± 0.075684	0.588 ± 0.267691	0.716 ± 0.119382	0.763 ± 0.147763	0.792 ± 0.079119	0.851 ± 0.308955	0.990 ± 0.018666	0.942 ± 0.073166	0.956 ± 0.017334	0.935 ± 0.083503	0.948 ± 0.024693	0.578 ± 0.309254	0.666 ± 0.158039	0.958 ± 0.102698	0.994 ± 0.011752
roc_auc	nan	nan	0.949 ± 0.062827	0.960 ± 0.019909	0.766 ± 0.133588	0.821 ± 0.079371	0.10982 ± 0.052103	0.07937 ± 0.023925	0.656 ± 0.262964	0.770 ± 0.120620	0.533 ± 0.267176	0.641 ± 0.158741	0.3539 ± 0.129767	0.2730 ± 0.065195	0.625 ± 0.337979	0.777 ± 0.077390	0.586 ± 0.249293	0.703 ± 0.122835	0.755 ± 0.135091	0.782 ± 0.079061	0.870 ± 0.280791	0.995 ± 0.014783	0.942 ± 0.071783	0.960 ± 0.020183	0.939 ± 0.077086	0.956 ± 0.024906	0.572 ± 0.287203	0.644 ± 0.160762	0.961 ± 0.084690	0.997 ± 0.009301
