	mean_best_threshold_tuning_score	mean_best_threshold	mean_test_average_precision	mean_train_average_precision	mean_test_balanced_accuracy	mean_train_balanced_accuracy	mean_test_brier_loss	mean_train_brier_loss	mean_test_f1	mean_train_f1	mean_test_informedness	mean_train_informedness	mean_test_log_loss	mean_train_log_loss	mean_test_markedness	mean_train_markedness	mean_test_mcc	mean_train_mcc	mean_test_negative_predictive_value	mean_train_negative_predictive_value	mean_test_precision	mean_train_precision	mean_test_precision_recall_auc	mean_train_precision_recall_auc	mean_test_roc_auc	mean_train_roc_auc	mean_test_sensitivity	mean_train_sensitivity	mean_test_specificity	mean_train_specificity
mcc	nan	nan	0.955 ± 0.053426	1.000 ± 0.000000	0.861 ± 0.106408	1.000 ± 0.000000	0.10503 ± 0.053186	0.01032 ± 0.002150	0.837 ± 0.130536	1.000 ± 0.000000	0.722 ± 0.212815	1.000 ± 0.000000	0.3369 ± 0.158491	0.0738 ± 0.011769	0.774 ± 0.194415	1.000 ± 0.000000	0.746 ± 0.201178	1.000 ± 0.000000	0.863 ± 0.124350	1.000 ± 0.000000	0.912 ± 0.143422	1.000 ± 0.000000	0.949 ± 0.060079	1.000 ± 0.000000	0.948 ± 0.068311	1.000 ± 0.000000	0.803 ± 0.183472	1.000 ± 0.000000	0.919 ± 0.133970	1.000 ± 0.000000
precision_recall_auc	nan	nan	0.954 ± 0.062553	1.000 ± 0.000000	0.843 ± 0.129176	1.000 ± 0.000000	0.10656 ± 0.049569	0.01176 ± 0.002725	0.816 ± 0.153572	1.000 ± 0.000000	0.686 ± 0.258353	1.000 ± 0.000000	0.3388 ± 0.129547	0.0838 ± 0.015357	0.734 ± 0.244153	1.000 ± 0.000000	0.708 ± 0.248672	1.000 ± 0.000000	0.851 ± 0.141244	1.000 ± 0.000000	0.883 ± 0.160814	1.000 ± 0.000000	0.948 ± 0.070297	1.000 ± 0.000000	0.946 ± 0.076991	1.000 ± 0.000000	0.792 ± 0.204990	1.000 ± 0.000000	0.894 ± 0.151738	1.000 ± 0.000000
roc_auc	nan	nan	0.951 ± 0.060616	1.000 ± 0.000000	0.846 ± 0.115485	1.000 ± 0.000000	0.10561 ± 0.048832	0.01143 ± 0.002641	0.818 ± 0.141372	1.000 ± 0.000000	0.692 ± 0.230971	1.000 ± 0.000000	0.3351 ± 0.124388	0.0818 ± 0.014927	0.744 ± 0.209073	1.000 ± 0.000000	0.715 ± 0.216740	1.000 ± 0.000000	0.858 ± 0.133660	1.000 ± 0.000000	0.885 ± 0.148142	1.000 ± 0.000000	0.946 ± 0.068949	1.000 ± 0.000000	0.943 ± 0.076279	1.000 ± 0.000000	0.797 ± 0.200736	1.000 ± 0.000000	0.895 ± 0.142231	1.000 ± 0.000000
