	mean_best_threshold_tuning_score	mean_best_threshold	mean_test_average_precision	mean_train_average_precision	mean_test_balanced_accuracy	mean_train_balanced_accuracy	mean_test_brier_loss	mean_train_brier_loss	mean_test_f1	mean_train_f1	mean_test_informedness	mean_train_informedness	mean_test_log_loss	mean_train_log_loss	mean_test_markedness	mean_train_markedness	mean_test_mcc	mean_train_mcc	mean_test_negative_predictive_value	mean_train_negative_predictive_value	mean_test_precision	mean_train_precision	mean_test_precision_recall_auc	mean_train_precision_recall_auc	mean_test_roc_auc	mean_train_roc_auc	mean_test_sensitivity	mean_train_sensitivity	mean_test_specificity	mean_train_specificity
mcc	nan	nan	0.929 ± 0.075351	1.000 ± 0.000000	0.819 ± 0.125916	1.000 ± 0.000000	0.12564 ± 0.060666	0.01035 ± 0.002354	0.790 ± 0.150227	1.000 ± 0.000000	0.637 ± 0.251831	1.000 ± 0.000000	0.3953 ± 0.166115	0.0744 ± 0.012579	0.672 ± 0.250221	1.000 ± 0.000000	0.653 ± 0.248952	1.000 ± 0.000000	0.834 ± 0.126142	1.000 ± 0.000000	0.838 ± 0.184306	1.000 ± 0.000000	0.922 ± 0.082303	1.000 ± 0.000000	0.913 ± 0.100611	1.000 ± 0.000000	0.778 ± 0.181804	1.000 ± 0.000000	0.859 ± 0.168332	1.000 ± 0.000000
precision_recall_auc	nan	nan	0.926 ± 0.078810	1.000 ± 0.000000	0.817 ± 0.127658	1.000 ± 0.000000	0.12812 ± 0.058589	0.01093 ± 0.002535	0.785 ± 0.154357	1.000 ± 0.000000	0.634 ± 0.255316	1.000 ± 0.000000	0.4011 ± 0.154038	0.0791 ± 0.014205	0.663 ± 0.251538	1.000 ± 0.000000	0.648 ± 0.251743	1.000 ± 0.000000	0.835 ± 0.130091	1.000 ± 0.000000	0.828 ± 0.183270	1.000 ± 0.000000	0.917 ± 0.087039	1.000 ± 0.000000	0.908 ± 0.104046	1.000 ± 0.000000	0.778 ± 0.188690	1.000 ± 0.000000	0.856 ± 0.161826	1.000 ± 0.000000
roc_auc	nan	nan	0.929 ± 0.076015	1.000 ± 0.000000	0.813 ± 0.119488	1.000 ± 0.000000	0.12690 ± 0.055475	0.01115 ± 0.002372	0.783 ± 0.144539	1.000 ± 0.000000	0.626 ± 0.238977	1.000 ± 0.000000	0.3939 ± 0.135162	0.0809 ± 0.013725	0.662 ± 0.237985	1.000 ± 0.000000	0.643 ± 0.236220	1.000 ± 0.000000	0.832 ± 0.128273	1.000 ± 0.000000	0.831 ± 0.174683	1.000 ± 0.000000	0.921 ± 0.083909	1.000 ± 0.000000	0.913 ± 0.099544	1.000 ± 0.000000	0.773 ± 0.185989	1.000 ± 0.000000	0.853 ± 0.158246	1.000 ± 0.000000
