	mean_best_threshold_tuning_score	mean_best_threshold	mean_test_average_precision	mean_train_average_precision	mean_test_balanced_accuracy	mean_train_balanced_accuracy	mean_test_brier_loss	mean_train_brier_loss	mean_test_f1	mean_train_f1	mean_test_informedness	mean_train_informedness	mean_test_log_loss	mean_train_log_loss	mean_test_markedness	mean_train_markedness	mean_test_mcc	mean_train_mcc	mean_test_negative_predictive_value	mean_train_negative_predictive_value	mean_test_precision	mean_train_precision	mean_test_precision_recall_auc	mean_train_precision_recall_auc	mean_test_roc_auc	mean_train_roc_auc	mean_test_sensitivity	mean_train_sensitivity	mean_test_specificity	mean_train_specificity
mcc	nan	nan	0.803 ± 0.146974	1.000 ± 0.000000	0.691 ± 0.154386	0.999 ± 0.003215	0.22047 ± 0.090594	0.03700 ± 0.047080	0.587 ± 0.278084	0.999 ± 0.003484	0.381 ± 0.308772	0.999 ± 0.006429	0.9619 ± 0.695752	0.1568 ± 0.140281	0.407 ± 0.426583	0.999 ± 0.006496	0.411 ± 0.323864	0.999 ± 0.006446	0.744 ± 0.179219	1.000 ± 0.002571	0.664 ± 0.324154	0.999 ± 0.006018	0.772 ± 0.175133	1.000 ± 0.000000	0.761 ± 0.174611	1.000 ± 0.000000	0.590 ± 0.328123	1.000 ± 0.003367	0.791 ± 0.213018	0.999 ± 0.005546
precision_recall_auc	nan	nan	0.813 ± 0.148796	1.000 ± 0.000000	0.699 ± 0.163432	0.998 ± 0.012571	0.21993 ± 0.100819	0.02722 ± 0.030129	0.605 ± 0.266260	0.998 ± 0.013797	0.398 ± 0.326863	0.996 ± 0.025142	0.9077 ± 0.612923	0.1282 ± 0.102026	0.455 ± 0.398232	0.997 ± 0.019176	0.430 ± 0.340454	0.997 ± 0.022196	0.751 ± 0.182688	0.997 ± 0.019176	0.704 ± 0.300138	1.000 ± 0.000000	0.783 ± 0.176522	1.000 ± 0.000000	0.769 ± 0.179701	1.000 ± 0.000000	0.598 ± 0.326759	0.996 ± 0.025142	0.800 ± 0.203038	1.000 ± 0.000000
roc_auc	nan	nan	0.812 ± 0.143856	1.000 ± 0.000000	0.708 ± 0.155639	1.000 ± 0.000000	0.21437 ± 0.098935	0.01552 ± 0.023807	0.627 ± 0.246777	1.000 ± 0.000000	0.417 ± 0.311277	1.000 ± 0.000000	0.8981 ± 0.675283	0.0900 ± 0.085457	0.474 ± 0.387901	1.000 ± 0.000000	0.450 ± 0.324885	1.000 ± 0.000000	0.758 ± 0.185063	1.000 ± 0.000000	0.717 ± 0.283143	1.000 ± 0.000000	0.782 ± 0.171472	1.000 ± 0.000000	0.769 ± 0.173575	1.000 ± 0.000000	0.622 ± 0.308244	1.000 ± 0.000000	0.795 ± 0.201081	1.000 ± 0.000000
