	mean_ncv_average_precision	mean_ncv_balanced_accuracy	mean_ncv_brier_loss	mean_ncv_f1	mean_ncv_informedness	mean_ncv_log_loss	mean_ncv_markedness	mean_ncv_mcc	mean_ncv_negative_predictive_value	mean_ncv_precision	mean_ncv_precision_recall_auc	mean_ncv_roc_auc	mean_ncv_sensitivity	mean_ncv_specificity
mcc	0.771 ± 0.064207	0.704 ± 0.040289	0.21007 ± 0.027293	0.660 ± 0.048472	0.409 ± 0.080578	0.8973 ± 0.496855	0.429 ± 0.086320	0.418 ± 0.082990	0.719 ± 0.033902	0.710 ± 0.063832	0.763 ± 0.072038	0.746 ± 0.054993	0.622 ± 0.068293	0.786 ± 0.074381
precision_recall_auc	0.806 ± 0.034870	0.724 ± 0.041165	0.19307 ± 0.026072	0.676 ± 0.054185	0.448 ± 0.082330	0.7927 ± 0.144159	0.478 ± 0.083587	0.463 ± 0.082282	0.727 ± 0.037412	0.751 ± 0.053160	0.801 ± 0.035659	0.772 ± 0.042369	0.617 ± 0.066512	0.832 ± 0.037421
roc_auc	0.799 ± 0.045991	0.715 ± 0.044139	0.19894 ± 0.033453	0.665 ± 0.066110	0.430 ± 0.088277	0.7485 ± 0.166120	0.459 ± 0.081191	0.444 ± 0.083779	0.727 ± 0.055772	0.732 ± 0.048505	0.793 ± 0.047367	0.774 ± 0.050955	0.617 ± 0.109400	0.814 ± 0.050023
