	mean_best_threshold_tuning_score	mean_best_threshold	mean_test_average_precision	mean_train_average_precision	mean_test_balanced_accuracy	mean_train_balanced_accuracy	mean_test_brier_loss	mean_train_brier_loss	mean_test_f1	mean_train_f1	mean_test_informedness	mean_train_informedness	mean_test_log_loss	mean_train_log_loss	mean_test_markedness	mean_train_markedness	mean_test_mcc	mean_train_mcc	mean_test_negative_predictive_value	mean_train_negative_predictive_value	mean_test_precision	mean_train_precision	mean_test_precision_recall_auc	mean_train_precision_recall_auc	mean_test_roc_auc	mean_train_roc_auc	mean_test_sensitivity	mean_train_sensitivity	mean_test_specificity	mean_train_specificity
mcc	nan	nan	0.818 ± 0.153905	1.000 ± 0.000267	0.703 ± 0.128173	0.999 ± 0.004185	0.21007 ± 0.077238	0.02937 ± 0.036043	0.618 ± 0.227899	0.999 ± 0.004582	0.406 ± 0.256346	0.998 ± 0.008371	0.8973 ± 0.769100	0.1332 ± 0.118040	0.488 ± 0.338310	0.998 ± 0.008735	0.449 ± 0.271214	0.998 ± 0.008539	0.766 ± 0.170758	1.000 ± 0.002571	0.722 ± 0.274305	0.998 ± 0.008423	0.792 ± 0.182468	1.000 ± 0.000134	0.775 ± 0.177497	1.000 ± 0.000123	0.618 ± 0.306344	1.000 ± 0.003367	0.788 ± 0.206417	0.998 ± 0.007763
precision_recall_auc	nan	nan	0.850 ± 0.134325	0.999 ± 0.004555	0.726 ± 0.154793	0.996 ± 0.017595	0.19307 ± 0.086615	0.02904 ± 0.027463	0.639 ± 0.249357	0.996 ± 0.019312	0.453 ± 0.309585	0.993 ± 0.035191	0.7927 ± 0.631506	0.1341 ± 0.096051	0.514 ± 0.376573	0.995 ± 0.026840	0.490 ± 0.310202	0.994 ± 0.031068	0.765 ± 0.185573	0.995 ± 0.026840	0.749 ± 0.279139	1.000 ± 0.000000	0.828 ± 0.158221	0.999 ± 0.004588	0.808 ± 0.169233	0.999 ± 0.006594	0.622 ± 0.313713	0.993 ± 0.035191	0.831 ± 0.193488	1.000 ± 0.000000
roc_auc	nan	nan	0.843 ± 0.137197	1.000 ± 0.000000	0.716 ± 0.149843	1.000 ± 0.000000	0.19894 ± 0.091994	0.01072 ± 0.013516	0.631 ± 0.242123	1.000 ± 0.000000	0.432 ± 0.299686	1.000 ± 0.000000	0.7485 ± 0.532514	0.0755 ± 0.059443	0.498 ± 0.367158	1.000 ± 0.000000	0.468 ± 0.310167	1.000 ± 0.000000	0.760 ± 0.178243	1.000 ± 0.000000	0.738 ± 0.281139	1.000 ± 0.000000	0.821 ± 0.159340	1.000 ± 0.000000	0.797 ± 0.174222	1.000 ± 0.000000	0.618 ± 0.304487	1.000 ± 0.000000	0.814 ± 0.193791	1.000 ± 0.000000
