	mean_ncv_average_precision	mean_ncv_balanced_accuracy	mean_ncv_brier_loss	mean_ncv_f1	mean_ncv_informedness	mean_ncv_log_loss	mean_ncv_markedness	mean_ncv_mcc	mean_ncv_negative_predictive_value	mean_ncv_precision	mean_ncv_precision_recall_auc	mean_ncv_roc_auc	mean_ncv_sensitivity	mean_ncv_specificity
mcc	0.810 ± 0.038927	0.709 ± 0.043355	0.19022 ± 0.027064	0.666 ± 0.051920	0.419 ± 0.086711	0.6583 ± 0.218008	0.438 ± 0.088005	0.428 ± 0.087226	0.723 ± 0.035929	0.715 ± 0.060817	0.805 ± 0.039961	0.787 ± 0.051536	0.628 ± 0.069537	0.791 ± 0.074843
precision_recall_auc	0.797 ± 0.036701	0.682 ± 0.031491	0.19875 ± 0.021496	0.619 ± 0.048044	0.365 ± 0.062982	0.6863 ± 0.211957	0.397 ± 0.058060	0.380 ± 0.059685	0.692 ± 0.034659	0.705 ± 0.035269	0.792 ± 0.037853	0.759 ± 0.042407	0.556 ± 0.074074	0.809 ± 0.035855
roc_auc	0.806 ± 0.046738	0.712 ± 0.065963	0.19512 ± 0.033993	0.662 ± 0.088551	0.425 ± 0.131926	0.6422 ± 0.170598	0.448 ± 0.130210	0.436 ± 0.130854	0.722 ± 0.059227	0.727 ± 0.076067	0.802 ± 0.047561	0.783 ± 0.066247	0.611 ± 0.104757	0.814 ± 0.050023
