	mean_best_threshold_tuning_score	mean_best_threshold	mean_test_average_precision	mean_train_average_precision	mean_test_balanced_accuracy	mean_train_balanced_accuracy	mean_test_brier_loss	mean_train_brier_loss	mean_test_f1	mean_train_f1	mean_test_informedness	mean_train_informedness	mean_test_log_loss	mean_train_log_loss	mean_test_markedness	mean_train_markedness	mean_test_mcc	mean_train_mcc	mean_test_negative_predictive_value	mean_train_negative_predictive_value	mean_test_precision	mean_train_precision	mean_test_precision_recall_auc	mean_train_precision_recall_auc	mean_test_roc_auc	mean_train_roc_auc	mean_test_sensitivity	mean_train_sensitivity	mean_test_specificity	mean_train_specificity
mcc	nan	nan	0.838 ± 0.148196	0.999 ± 0.003436	0.710 ± 0.124183	0.989 ± 0.037214	0.18986 ± 0.064869	0.06833 ± 0.061812	0.621 ± 0.217163	0.987 ± 0.043582	0.420 ± 0.248366	0.978 ± 0.074428	0.5778 ± 0.189093	0.2420 ± 0.178777	0.493 ± 0.340646	0.985 ± 0.049188	0.463 ± 0.258584	0.981 ± 0.062214	0.744 ± 0.144170	0.985 ± 0.049188	0.749 ± 0.291612	1.000 ± 0.000000	0.809 ± 0.182922	0.999 ± 0.003484	0.800 ± 0.164817	0.999 ± 0.003303	0.592 ± 0.272122	0.978 ± 0.074428	0.828 ± 0.215511	1.000 ± 0.000000
precision_recall_auc	nan	nan	0.825 ± 0.159311	0.997 ± 0.009323	0.698 ± 0.130084	0.986 ± 0.042846	0.20324 ± 0.075882	0.03593 ± 0.046751	0.556 ± 0.275480	0.984 ± 0.050479	0.395 ± 0.260168	0.972 ± 0.085693	0.6613 ± 0.328494	0.1389 ± 0.152748	0.436 ± 0.421273	0.982 ± 0.054134	0.441 ± 0.266620	0.977 ± 0.070502	0.720 ± 0.148246	0.982 ± 0.054134	0.717 ± 0.352494	1.000 ± 0.000000	0.792 ± 0.196976	0.997 ± 0.009470	0.784 ± 0.193380	0.997 ± 0.008122	0.518 ± 0.312391	0.972 ± 0.085693	0.877 ± 0.187685	1.000 ± 0.000000
roc_auc	nan	nan	0.823 ± 0.157195	1.000 ± 0.000994	0.700 ± 0.137080	0.997 ± 0.020203	0.20213 ± 0.074082	0.03112 ± 0.044922	0.565 ± 0.281312	0.997 ± 0.023570	0.399 ± 0.274159	0.994 ± 0.040406	0.6710 ± 0.380898	0.1288 ± 0.146339	0.424 ± 0.421592	0.996 ± 0.025713	0.437 ± 0.281833	0.995 ± 0.033309	0.734 ± 0.164746	0.996 ± 0.025713	0.690 ± 0.346525	1.000 ± 0.000000	0.789 ± 0.193841	1.000 ± 0.001006	0.785 ± 0.191248	1.000 ± 0.000748	0.545 ± 0.327850	0.994 ± 0.040406	0.854 ± 0.192152	1.000 ± 0.000000
