	mean_best_threshold_tuning_score	mean_best_threshold	mean_test_average_precision	mean_train_average_precision	mean_test_balanced_accuracy	mean_train_balanced_accuracy	mean_test_brier_loss	mean_train_brier_loss	mean_test_f1	mean_train_f1	mean_test_informedness	mean_train_informedness	mean_test_log_loss	mean_train_log_loss	mean_test_markedness	mean_train_markedness	mean_test_mcc	mean_train_mcc	mean_test_negative_predictive_value	mean_train_negative_predictive_value	mean_test_precision	mean_train_precision	mean_test_precision_recall_auc	mean_train_precision_recall_auc	mean_test_roc_auc	mean_train_roc_auc	mean_test_sensitivity	mean_train_sensitivity	mean_test_specificity	mean_train_specificity
mcc	nan	nan	0.932 ± 0.093493	0.985 ± 0.017657	0.850 ± 0.113701	0.949 ± 0.040505	0.12731 ± 0.075716	0.03500 ± 0.027686	0.827 ± 0.134267	0.944 ± 0.045631	0.700 ± 0.227403	0.898 ± 0.081010	0.4264 ± 0.239293	0.1366 ± 0.093842	0.722 ± 0.221166	0.913 ± 0.068021	0.710 ± 0.223019	0.905 ± 0.074435	0.885 ± 0.123389	0.938 ± 0.050856	0.837 ± 0.166847	0.975 ± 0.028860	0.922 ± 0.108712	0.985 ± 0.017800	0.917 ± 0.116493	0.982 ± 0.022131	0.845 ± 0.172525	0.917 ± 0.070777	0.855 ± 0.160118	0.981 ± 0.023828
precision_recall_auc	nan	nan	0.946 ± 0.069497	0.981 ± 0.020484	0.758 ± 0.179931	0.846 ± 0.172941	0.12380 ± 0.073499	0.04667 ± 0.039060	0.615 ± 0.375894	0.749 ± 0.359949	0.517 ± 0.359863	0.691 ± 0.345883	0.4032 ± 0.212232	0.1537 ± 0.118875	0.441 ± 0.542961	0.619 ± 0.518290	0.531 ± 0.362392	0.696 ± 0.347294	0.783 ± 0.177250	0.850 ± 0.154094	0.658 ± 0.398854	0.769 ± 0.368604	0.939 ± 0.079511	0.980 ± 0.020684	0.935 ± 0.081401	0.981 ± 0.021094	0.607 ± 0.387971	0.732 ± 0.354292	0.910 ± 0.132480	0.960 ± 0.052288
roc_auc	nan	nan	0.947 ± 0.067489	0.978 ± 0.022166	0.776 ± 0.166573	0.843 ± 0.169617	0.12384 ± 0.074252	0.05020 ± 0.043823	0.659 ± 0.348483	0.751 ± 0.346620	0.552 ± 0.333146	0.686 ± 0.339235	0.3954 ± 0.213447	0.1624 ± 0.132251	0.486 ± 0.511941	0.627 ± 0.491732	0.565 ± 0.336534	0.691 ± 0.336329	0.804 ± 0.173378	0.852 ± 0.152597	0.682 ± 0.372836	0.775 ± 0.348285	0.940 ± 0.077010	0.978 ± 0.022384	0.940 ± 0.075317	0.978 ± 0.022704	0.663 ± 0.363811	0.738 ± 0.347541	0.889 ± 0.153626	0.948 ± 0.059756
