	mean_best_threshold_tuning_score	mean_best_threshold	mean_test_average_precision	mean_train_average_precision	mean_test_balanced_accuracy	mean_train_balanced_accuracy	mean_test_brier_loss	mean_train_brier_loss	mean_test_f1	mean_train_f1	mean_test_informedness	mean_train_informedness	mean_test_log_loss	mean_train_log_loss	mean_test_markedness	mean_train_markedness	mean_test_mcc	mean_train_mcc	mean_test_negative_predictive_value	mean_train_negative_predictive_value	mean_test_precision	mean_train_precision	mean_test_precision_recall_auc	mean_train_precision_recall_auc	mean_test_roc_auc	mean_train_roc_auc	mean_test_sensitivity	mean_train_sensitivity	mean_test_specificity	mean_train_specificity
mcc	nan	nan	0.933 ± 0.083712	0.972 ± 0.018259	0.823 ± 0.144328	0.945 ± 0.036348	0.15376 ± 0.083857	0.07977 ± 0.046139	0.799 ± 0.157822	0.941 ± 0.040340	0.645 ± 0.288656	0.890 ± 0.072696	0.5826 ± 0.565817	0.2924 ± 0.141316	0.675 ± 0.287137	0.900 ± 0.070089	0.659 ± 0.286231	0.895 ± 0.071082	0.845 ± 0.158920	0.940 ± 0.038087	0.831 ± 0.186274	0.960 ± 0.043581	0.924 ± 0.095034	0.972 ± 0.018485	0.913 ± 0.113257	0.963 ± 0.025253	0.803 ± 0.195441	0.924 ± 0.051602	0.842 ± 0.195709	0.967 ± 0.037001
precision_recall_auc	nan	nan	0.933 ± 0.083063	0.977 ± 0.016294	0.827 ± 0.140464	0.953 ± 0.035180	0.14579 ± 0.076158	0.06604 ± 0.046428	0.803 ± 0.157526	0.950 ± 0.039376	0.654 ± 0.280928	0.907 ± 0.070359	0.5173 ± 0.371291	0.2480 ± 0.141183	0.686 ± 0.274628	0.920 ± 0.063165	0.669 ± 0.276203	0.913 ± 0.066445	0.843 ± 0.148050	0.941 ± 0.041247	0.843 ± 0.183256	0.978 ± 0.033412	0.922 ± 0.100018	0.976 ± 0.016472	0.921 ± 0.097350	0.970 ± 0.022396	0.798 ± 0.193495	0.924 ± 0.056655	0.856 ± 0.189155	0.983 ± 0.026439
roc_auc	nan	nan	0.933 ± 0.088084	0.972 ± 0.018820	0.833 ± 0.136298	0.948 ± 0.035883	0.15194 ± 0.074757	0.07532 ± 0.048451	0.808 ± 0.155504	0.944 ± 0.040099	0.667 ± 0.272596	0.896 ± 0.071766	0.5425 ± 0.376505	0.2773 ± 0.148023	0.708 ± 0.262687	0.907 ± 0.066734	0.686 ± 0.265728	0.902 ± 0.068908	0.849 ± 0.152900	0.941 ± 0.041386	0.859 ± 0.180141	0.966 ± 0.040038	0.924 ± 0.105165	0.972 ± 0.019160	0.919 ± 0.104088	0.963 ± 0.025729	0.802 ± 0.204741	0.924 ± 0.056191	0.865 ± 0.187967	0.973 ± 0.033189
