	mean_ncv_average_precision	mean_ncv_balanced_accuracy	mean_ncv_brier_loss	mean_ncv_f1	mean_ncv_informedness	mean_ncv_log_loss	mean_ncv_markedness	mean_ncv_mcc	mean_ncv_negative_predictive_value	mean_ncv_precision	mean_ncv_precision_recall_auc	mean_ncv_roc_auc	mean_ncv_sensitivity	mean_ncv_specificity
mcc	0.860 ± 0.061524	0.820 ± 0.044723	0.15376 ± 0.024389	0.803 ± 0.047634	0.641 ± 0.089446	0.5826 ± 0.204478	0.645 ± 0.095761	0.643 ± 0.092517	0.837 ± 0.032223	0.808 ± 0.068889	0.854 ± 0.065615	0.859 ± 0.043642	0.800 ± 0.038845	0.841 ± 0.065169
precision_recall_auc	0.873 ± 0.055318	0.824 ± 0.052705	0.14579 ± 0.024894	0.807 ± 0.056431	0.649 ± 0.105411	0.5173 ± 0.129885	0.657 ± 0.114586	0.653 ± 0.109827	0.835 ± 0.037820	0.822 ± 0.083463	0.868 ± 0.058831	0.867 ± 0.037229	0.794 ± 0.045737	0.855 ± 0.076661
roc_auc	0.865 ± 0.054076	0.829 ± 0.047855	0.15194 ± 0.020301	0.811 ± 0.050350	0.658 ± 0.095710	0.5425 ± 0.118796	0.668 ± 0.106042	0.663 ± 0.100695	0.836 ± 0.032716	0.832 ± 0.079885	0.860 ± 0.057374	0.862 ± 0.035015	0.794 ± 0.037497	0.864 ± 0.074227
