	mean_best_threshold_tuning_score	mean_best_threshold	mean_test_average_precision	mean_train_average_precision	mean_test_balanced_accuracy	mean_train_balanced_accuracy	mean_test_brier_loss	mean_train_brier_loss	mean_test_f1	mean_train_f1	mean_test_informedness	mean_train_informedness	mean_test_log_loss	mean_train_log_loss	mean_test_markedness	mean_train_markedness	mean_test_mcc	mean_train_mcc	mean_test_negative_predictive_value	mean_train_negative_predictive_value	mean_test_precision	mean_train_precision	mean_test_precision_recall_auc	mean_train_precision_recall_auc	mean_test_roc_auc	mean_train_roc_auc	mean_test_sensitivity	mean_train_sensitivity	mean_test_specificity	mean_train_specificity
mcc	nan	nan	0.954 ± 0.061649	0.973 ± 0.014813	0.877 ± 0.114559	0.928 ± 0.037492	0.11149 ± 0.052059	0.06969 ± 0.028554	0.849 ± 0.147379	0.921 ± 0.042278	0.755 ± 0.229117	0.856 ± 0.074985	0.3908 ± 0.171248	0.2635 ± 0.094758	0.819 ± 0.181622	0.874 ± 0.069832	0.784 ± 0.204588	0.865 ± 0.072223	0.869 ± 0.126852	0.913 ± 0.039616	0.950 ± 0.129231	0.960 ± 0.036332	0.949 ± 0.069943	0.973 ± 0.014911	0.947 ± 0.069427	0.969 ± 0.016811	0.802 ± 0.202654	0.886 ± 0.054632	0.953 ± 0.131090	0.970 ± 0.028834
precision_recall_auc	nan	nan	0.958 ± 0.065708	0.968 ± 0.014054	0.892 ± 0.105322	0.914 ± 0.036209	0.10636 ± 0.045558	0.08103 ± 0.023082	0.868 ± 0.136336	0.905 ± 0.041464	0.784 ± 0.210643	0.827 ± 0.072419	0.3781 ± 0.154814	0.2984 ± 0.074050	0.853 ± 0.149427	0.849 ± 0.066035	0.816 ± 0.180354	0.838 ± 0.068927	0.873 ± 0.122969	0.896 ± 0.039517	0.980 ± 0.083299	0.953 ± 0.033845	0.954 ± 0.073672	0.967 ± 0.014078	0.945 ± 0.083563	0.964 ± 0.015395	0.807 ± 0.198092	0.862 ± 0.056168	0.977 ± 0.095410	0.965 ± 0.025550
roc_auc	nan	nan	0.951 ± 0.063368	0.966 ± 0.014557	0.859 ± 0.106286	0.899 ± 0.038686	0.11182 ± 0.043775	0.08395 ± 0.023792	0.830 ± 0.134986	0.888 ± 0.043746	0.717 ± 0.212572	0.797 ± 0.077373	0.3879 ± 0.150669	0.3041 ± 0.077969	0.771 ± 0.185867	0.819 ± 0.074820	0.742 ± 0.196571	0.808 ± 0.075682	0.863 ± 0.121023	0.884 ± 0.041242	0.908 ± 0.146859	0.935 ± 0.043450	0.945 ± 0.071362	0.966 ± 0.014479	0.939 ± 0.079256	0.965 ± 0.015300	0.800 ± 0.190476	0.846 ± 0.056759	0.917 ± 0.138361	0.951 ± 0.034984
