	mean_best_threshold_tuning_score	mean_best_threshold	mean_test_average_precision	mean_train_average_precision	mean_test_balanced_accuracy	mean_train_balanced_accuracy	mean_test_brier_loss	mean_train_brier_loss	mean_test_f1	mean_train_f1	mean_test_informedness	mean_train_informedness	mean_test_log_loss	mean_train_log_loss	mean_test_markedness	mean_train_markedness	mean_test_mcc	mean_train_mcc	mean_test_negative_predictive_value	mean_train_negative_predictive_value	mean_test_precision	mean_train_precision	mean_test_precision_recall_auc	mean_train_precision_recall_auc	mean_test_roc_auc	mean_train_roc_auc	mean_test_sensitivity	mean_train_sensitivity	mean_test_specificity	mean_train_specificity
mcc	nan	nan	0.963 ± 0.050554	0.999 ± 0.002917	0.878 ± 0.114793	0.994 ± 0.019961	0.09274 ± 0.065960	0.00963 ± 0.018083	0.855 ± 0.139425	0.993 ± 0.022009	0.757 ± 0.229586	0.988 ± 0.039922	0.2975 ± 0.183619	0.0587 ± 0.073159	0.798 ± 0.197864	0.990 ± 0.034940	0.775 ± 0.211719	0.989 ± 0.037370	0.882 ± 0.124734	0.993 ± 0.023604	0.916 ± 0.142794	0.997 ± 0.014693	0.958 ± 0.058551	0.999 ± 0.003028	0.962 ± 0.051640	0.999 ± 0.002317	0.837 ± 0.188952	0.990 ± 0.032122	0.920 ± 0.142141	0.998 ± 0.010997
precision_recall_auc	nan	nan	0.973 ± 0.047870	1.000 ± 0.001395	0.893 ± 0.101696	0.998 ± 0.014030	0.08440 ± 0.070057	0.00355 ± 0.013311	0.870 ± 0.130983	0.998 ± 0.015713	0.786 ± 0.203392	0.996 ± 0.028060	0.2681 ± 0.213272	0.0251 ± 0.052098	0.833 ± 0.152307	0.996 ± 0.025765	0.807 ± 0.176696	0.996 ± 0.026918	0.901 ± 0.123516	0.998 ± 0.014886	0.932 ± 0.118207	0.998 ± 0.010879	0.969 ± 0.055789	1.000 ± 0.001447	0.973 ± 0.046719	1.000 ± 0.001122	0.853 ± 0.196742	0.997 ± 0.020203	0.933 ± 0.122728	0.999 ± 0.007857
roc_auc	nan	nan	0.967 ± 0.051544	1.000 ± 0.002172	0.891 ± 0.103669	0.997 ± 0.019081	0.08580 ± 0.071288	0.00476 ± 0.016054	0.867 ± 0.132043	0.997 ± 0.021757	0.781 ± 0.207338	0.995 ± 0.038161	0.2763 ± 0.223786	0.0318 ± 0.059432	0.827 ± 0.159388	0.995 ± 0.032998	0.802 ± 0.181924	0.995 ± 0.035611	0.896 ± 0.124479	0.997 ± 0.021213	0.931 ± 0.119553	0.998 ± 0.011785	0.962 ± 0.059601	1.000 ± 0.002256	0.965 ± 0.053494	1.000 ± 0.001684	0.848 ± 0.196114	0.996 ± 0.030305	0.933 ± 0.122728	0.999 ± 0.007857
