	mean_best_threshold_tuning_score	mean_best_threshold	mean_test_average_precision	mean_train_average_precision	mean_test_balanced_accuracy	mean_train_balanced_accuracy	mean_test_brier_loss	mean_train_brier_loss	mean_test_f1	mean_train_f1	mean_test_informedness	mean_train_informedness	mean_test_log_loss	mean_train_log_loss	mean_test_markedness	mean_train_markedness	mean_test_mcc	mean_train_mcc	mean_test_negative_predictive_value	mean_train_negative_predictive_value	mean_test_precision	mean_train_precision	mean_test_precision_recall_auc	mean_train_precision_recall_auc	mean_test_roc_auc	mean_train_roc_auc	mean_test_sensitivity	mean_train_sensitivity	mean_test_specificity	mean_train_specificity
mcc	nan	nan	0.947 ± 0.080407	0.969 ± 0.015358	0.857 ± 0.112520	0.924 ± 0.028122	0.10651 ± 0.070466	0.05939 ± 0.019641	0.827 ± 0.141350	0.916 ± 0.032008	0.714 ± 0.225039	0.847 ± 0.056244	0.3656 ± 0.223626	0.2201 ± 0.062066	0.777 ± 0.195498	0.865 ± 0.051221	0.743 ± 0.208108	0.856 ± 0.053509	0.855 ± 0.127794	0.909 ± 0.031319	0.922 ± 0.152218	0.955 ± 0.028105	0.940 ± 0.089743	0.969 ± 0.015479	0.931 ± 0.104050	0.962 ± 0.020702	0.787 ± 0.196454	0.881 ± 0.044287	0.927 ± 0.151930	0.966 ± 0.022316
precision_recall_auc	nan	nan	0.942 ± 0.069608	0.960 ± 0.015481	0.818 ± 0.152750	0.847 ± 0.124069	0.12005 ± 0.081232	0.07979 ± 0.023004	0.743 ± 0.282913	0.784 ± 0.269060	0.636 ± 0.305499	0.695 ± 0.248139	0.3971 ± 0.253820	0.2610 ± 0.063453	0.648 ± 0.412662	0.680 ± 0.388141	0.662 ± 0.303489	0.710 ± 0.249928	0.813 ± 0.143427	0.836 ± 0.109740	0.836 ± 0.314214	0.844 ± 0.286828	0.934 ± 0.079868	0.960 ± 0.015620	0.932 ± 0.085405	0.957 ± 0.017290	0.693 ± 0.290359	0.737 ± 0.260472	0.943 ± 0.136655	0.958 ± 0.035576
roc_auc	nan	nan	0.936 ± 0.076843	0.961 ± 0.018621	0.788 ± 0.161644	0.830 ± 0.134388	0.13291 ± 0.081981	0.08200 ± 0.032139	0.704 ± 0.299968	0.756 ± 0.289261	0.575 ± 0.323288	0.659 ± 0.268776	0.4334 ± 0.255993	0.2632 ± 0.092039	0.562 ± 0.436734	0.624 ± 0.415716	0.592 ± 0.324876	0.669 ± 0.269798	0.804 ± 0.149054	0.832 ± 0.122465	0.759 ± 0.328524	0.792 ± 0.302120	0.926 ± 0.092119	0.961 ± 0.018797	0.926 ± 0.087216	0.960 ± 0.019806	0.683 ± 0.309524	0.729 ± 0.286082	0.892 ± 0.162682	0.930 ± 0.061404
