	mean_ncv_average_precision	mean_ncv_balanced_accuracy	mean_ncv_brier_loss	mean_ncv_f1	mean_ncv_informedness	mean_ncv_log_loss	mean_ncv_markedness	mean_ncv_mcc	mean_ncv_negative_predictive_value	mean_ncv_precision	mean_ncv_precision_recall_auc	mean_ncv_roc_auc	mean_ncv_sensitivity	mean_ncv_specificity
mcc	0.933 ± 0.014865	0.884 ± 0.041416	0.09915 ± 0.016921	0.869 ± 0.049569	0.767 ± 0.082833	0.3436 ± 0.033404	0.817 ± 0.085797	0.791 ± 0.083006	0.853 ± 0.036727	0.963 ± 0.064686	0.932 ± 0.015259	0.912 ± 0.013905	0.794 ± 0.058853	0.973 ± 0.048862
precision_recall_auc	0.930 ± 0.017069	0.855 ± 0.051522	0.11031 ± 0.016402	0.830 ± 0.069159	0.709 ± 0.103044	0.3547 ± 0.037501	0.767 ± 0.081996	0.737 ± 0.090764	0.828 ± 0.054611	0.940 ± 0.052760	0.928 ± 0.017505	0.916 ± 0.018482	0.750 ± 0.098862	0.959 ± 0.033539
roc_auc	0.913 ± 0.025971	0.818 ± 0.063395	0.12116 ± 0.018327	0.783 ± 0.086692	0.636 ± 0.126789	0.3818 ± 0.048918	0.705 ± 0.105053	0.669 ± 0.112975	0.798 ± 0.066828	0.907 ± 0.075668	0.911 ± 0.026892	0.907 ± 0.021343	0.700 ± 0.126144	0.936 ± 0.057496
