	mean_best_threshold_tuning_score	mean_best_threshold	mean_test_average_precision	mean_train_average_precision	mean_test_balanced_accuracy	mean_train_balanced_accuracy	mean_test_brier_loss	mean_train_brier_loss	mean_test_f1	mean_train_f1	mean_test_informedness	mean_train_informedness	mean_test_log_loss	mean_train_log_loss	mean_test_markedness	mean_train_markedness	mean_test_mcc	mean_train_mcc	mean_test_negative_predictive_value	mean_train_negative_predictive_value	mean_test_precision	mean_train_precision	mean_test_precision_recall_auc	mean_train_precision_recall_auc	mean_test_roc_auc	mean_train_roc_auc	mean_test_sensitivity	mean_train_sensitivity	mean_test_specificity	mean_train_specificity
mcc	nan	nan	0.938 ± 0.078149	0.969 ± 0.015358	0.864 ± 0.111247	0.924 ± 0.028122	0.11310 ± 0.073104	0.05939 ± 0.019641	0.843 ± 0.131795	0.916 ± 0.032008	0.728 ± 0.222495	0.847 ± 0.056244	0.3959 ± 0.224714	0.2201 ± 0.062066	0.756 ± 0.219481	0.865 ± 0.051221	0.742 ± 0.219526	0.856 ± 0.053509	0.877 ± 0.115960	0.909 ± 0.031319	0.879 ± 0.163284	0.955 ± 0.028105	0.930 ± 0.088296	0.969 ± 0.015479	0.921 ± 0.102197	0.962 ± 0.020702	0.833 ± 0.164096	0.881 ± 0.044287	0.895 ± 0.146820	0.966 ± 0.022316
precision_recall_auc	nan	nan	0.938 ± 0.074728	0.960 ± 0.015481	0.828 ± 0.147578	0.847 ± 0.124069	0.11898 ± 0.073786	0.07979 ± 0.023004	0.756 ± 0.281714	0.784 ± 0.269060	0.656 ± 0.295157	0.695 ± 0.248139	0.4015 ± 0.219346	0.2610 ± 0.063453	0.649 ± 0.406539	0.680 ± 0.388141	0.672 ± 0.294510	0.710 ± 0.249928	0.835 ± 0.140601	0.836 ± 0.109740	0.814 ± 0.308123	0.844 ± 0.286828	0.930 ± 0.085290	0.960 ± 0.015620	0.926 ± 0.092459	0.957 ± 0.017290	0.730 ± 0.292847	0.737 ± 0.260472	0.926 ± 0.126265	0.958 ± 0.035576
roc_auc	nan	nan	0.942 ± 0.066794	0.961 ± 0.018621	0.813 ± 0.152643	0.830 ± 0.134388	0.12291 ± 0.068627	0.08200 ± 0.032139	0.728 ± 0.301574	0.756 ± 0.289261	0.626 ± 0.305285	0.659 ± 0.268776	0.4063 ± 0.200908	0.2632 ± 0.092039	0.619 ± 0.424137	0.624 ± 0.415716	0.645 ± 0.302753	0.669 ± 0.269798	0.831 ± 0.148753	0.832 ± 0.122465	0.787 ± 0.324449	0.792 ± 0.302120	0.935 ± 0.075311	0.961 ± 0.018797	0.930 ± 0.086058	0.960 ± 0.019806	0.710 ± 0.319988	0.729 ± 0.286082	0.916 ± 0.129929	0.930 ± 0.061404
