	mean_ncv_average_precision	mean_ncv_balanced_accuracy	mean_ncv_brier_loss	mean_ncv_f1	mean_ncv_informedness	mean_ncv_log_loss	mean_ncv_markedness	mean_ncv_mcc	mean_ncv_negative_predictive_value	mean_ncv_precision	mean_ncv_precision_recall_auc	mean_ncv_roc_auc	mean_ncv_sensitivity	mean_ncv_specificity
mcc	0.915 ± 0.013384	0.862 ± 0.011736	0.11310 ± 0.009486	0.848 ± 0.012295	0.724 ± 0.023473	0.3959 ± 0.028288	0.730 ± 0.028375	0.727 ± 0.025916	0.867 ± 0.003062	0.863 ± 0.025314	0.912 ± 0.013949	0.902 ± 0.010914	0.833 ± 0.000000	0.891 ± 0.023473
precision_recall_auc	0.902 ± 0.027114	0.828 ± 0.061274	0.11898 ± 0.012774	0.800 ± 0.077819	0.656 ± 0.122548	0.4015 ± 0.044812	0.696 ± 0.112618	0.675 ± 0.117379	0.811 ± 0.059992	0.884 ± 0.060044	0.899 ± 0.028521	0.898 ± 0.022549	0.733 ± 0.097288	0.923 ± 0.037421
roc_auc	0.897 ± 0.024221	0.815 ± 0.044187	0.12291 ± 0.010333	0.782 ± 0.064708	0.630 ± 0.088373	0.4063 ± 0.039238	0.681 ± 0.048015	0.654 ± 0.067615	0.804 ± 0.061429	0.877 ± 0.038020	0.894 ± 0.025386	0.896 ± 0.017809	0.717 ± 0.118432	0.914 ± 0.039800
