	mean_best_threshold_tuning_score	mean_best_threshold	mean_test_average_precision	mean_train_average_precision	mean_test_balanced_accuracy	mean_train_balanced_accuracy	mean_test_brier_loss	mean_train_brier_loss	mean_test_f1	mean_train_f1	mean_test_informedness	mean_train_informedness	mean_test_log_loss	mean_train_log_loss	mean_test_markedness	mean_train_markedness	mean_test_mcc	mean_train_mcc	mean_test_negative_predictive_value	mean_train_negative_predictive_value	mean_test_precision	mean_train_precision	mean_test_precision_recall_auc	mean_train_precision_recall_auc	mean_test_roc_auc	mean_train_roc_auc	mean_test_sensitivity	mean_train_sensitivity	mean_test_specificity	mean_train_specificity
mcc	nan	nan	0.944 ± 0.071083	0.988 ± 0.016280	0.854 ± 0.108826	0.952 ± 0.045715	0.10611 ± 0.064378	0.03172 ± 0.029201	0.822 ± 0.138051	0.947 ± 0.051080	0.709 ± 0.217651	0.905 ± 0.091430	0.3537 ± 0.198713	0.1208 ± 0.096759	0.771 ± 0.186035	0.920 ± 0.076652	0.737 ± 0.198989	0.912 ± 0.084055	0.847 ± 0.127625	0.940 ± 0.057412	0.923 ± 0.134434	0.980 ± 0.022830	0.937 ± 0.080738	0.987 ± 0.016427	0.931 ± 0.089390	0.987 ± 0.018357	0.775 ± 0.198670	0.919 ± 0.078289	0.934 ± 0.121403	0.986 ± 0.016413
precision_recall_auc	nan	nan	0.925 ± 0.087519	0.987 ± 0.018498	0.735 ± 0.187441	0.846 ± 0.201616	0.12647 ± 0.083530	0.03276 ± 0.036268	0.562 ± 0.384536	0.723 ± 0.413376	0.470 ± 0.374882	0.693 ± 0.403231	0.4222 ± 0.292604	0.1122 ± 0.114479	0.410 ± 0.577163	0.594 ± 0.596704	0.496 ± 0.381144	0.697 ± 0.404434	0.745 ± 0.185429	0.851 ± 0.178467	0.664 ± 0.434953	0.743 ± 0.422704	0.914 ± 0.104055	0.987 ± 0.018669	0.911 ± 0.100865	0.986 ± 0.020723	0.528 ± 0.393618	0.706 ± 0.407100	0.942 ± 0.125503	0.987 ± 0.022005
roc_auc	nan	nan	0.923 ± 0.093342	0.988 ± 0.017407	0.770 ± 0.174019	0.884 ± 0.167828	0.13503 ± 0.083696	0.03425 ± 0.040972	0.654 ± 0.339867	0.809 ± 0.336479	0.539 ± 0.348039	0.767 ± 0.335657	0.4481 ± 0.290026	0.1173 ± 0.125986	0.518 ± 0.502609	0.713 ± 0.486304	0.562 ± 0.352519	0.771 ± 0.335870	0.789 ± 0.175311	0.887 ± 0.150406	0.728 ± 0.375077	0.826 ± 0.341588	0.912 ± 0.109474	0.988 ± 0.017567	0.905 ± 0.112954	0.988 ± 0.017905	0.638 ± 0.362112	0.794 ± 0.334339	0.901 ± 0.164903	0.974 ± 0.047610
