	mean_ncv_average_precision	mean_ncv_balanced_accuracy	mean_ncv_brier_loss	mean_ncv_f1	mean_ncv_informedness	mean_ncv_log_loss	mean_ncv_markedness	mean_ncv_mcc	mean_ncv_negative_predictive_value	mean_ncv_precision	mean_ncv_precision_recall_auc	mean_ncv_roc_auc	mean_ncv_sensitivity	mean_ncv_specificity
mcc	0.914 ± 0.030541	0.852 ± 0.037114	0.11301 ± 0.021805	0.834 ± 0.041825	0.704 ± 0.074229	0.3860 ± 0.066692	0.724 ± 0.080221	0.714 ± 0.076807	0.844 ± 0.032895	0.880 ± 0.057873	0.912 ± 0.031995	0.900 ± 0.031319	0.794 ± 0.045737	0.909 ± 0.047913
precision_recall_auc	0.914 ± 0.026357	0.747 ± 0.043998	0.12356 ± 0.024368	0.689 ± 0.062994	0.493 ± 0.087996	0.4026 ± 0.074440	0.575 ± 0.104806	0.532 ± 0.092490	0.731 ± 0.038020	0.845 ± 0.089228	0.912 ± 0.027098	0.901 ± 0.027919	0.589 ± 0.083641	0.905 ± 0.065870
roc_auc	0.905 ± 0.027502	0.754 ± 0.069984	0.12722 ± 0.021976	0.689 ± 0.107794	0.507 ± 0.139968	0.4197 ± 0.081229	0.603 ± 0.126254	0.551 ± 0.127502	0.738 ± 0.068344	0.866 ± 0.097078	0.903 ± 0.028195	0.892 ± 0.035068	0.589 ± 0.143921	0.918 ± 0.063564
