	mean_best_threshold_tuning_score	mean_best_threshold	mean_test_average_precision	mean_train_average_precision	mean_test_balanced_accuracy	mean_train_balanced_accuracy	mean_test_brier_loss	mean_train_brier_loss	mean_test_f1	mean_train_f1	mean_test_informedness	mean_train_informedness	mean_test_log_loss	mean_train_log_loss	mean_test_markedness	mean_train_markedness	mean_test_mcc	mean_train_mcc	mean_test_negative_predictive_value	mean_train_negative_predictive_value	mean_test_precision	mean_train_precision	mean_test_precision_recall_auc	mean_train_precision_recall_auc	mean_test_roc_auc	mean_train_roc_auc	mean_test_sensitivity	mean_train_sensitivity	mean_test_specificity	mean_train_specificity
mcc	nan	nan	0.931 ± 0.098016	0.989 ± 0.015314	0.859 ± 0.135499	0.958 ± 0.038890	0.11059 ± 0.090561	0.02873 ± 0.026574	0.820 ± 0.190059	0.954 ± 0.043092	0.718 ± 0.270998	0.916 ± 0.077780	0.3932 ± 0.297860	0.1134 ± 0.090273	0.782 ± 0.274083	0.930 ± 0.065272	0.748 ± 0.265968	0.923 ± 0.071479	0.839 ± 0.137638	0.946 ± 0.050107	0.943 ± 0.180328	0.984 ± 0.021352	0.922 ± 0.113259	0.989 ± 0.015441	0.914 ± 0.115424	0.987 ± 0.019072	0.752 ± 0.224928	0.928 ± 0.067700	0.966 ± 0.105676	0.988 ± 0.016275
precision_recall_auc	nan	nan	0.930 ± 0.087303	0.989 ± 0.016884	0.738 ± 0.190053	0.852 ± 0.195226	0.11436 ± 0.083039	0.02843 ± 0.034992	0.567 ± 0.387016	0.738 ± 0.399832	0.476 ± 0.380106	0.705 ± 0.390452	0.3930 ± 0.256807	0.0983 ± 0.112087	0.415 ± 0.580100	0.616 ± 0.577951	0.501 ± 0.388707	0.710 ± 0.391710	0.743 ± 0.175125	0.857 ± 0.173535	0.672 ± 0.440063	0.760 ± 0.409274	0.921 ± 0.102430	0.989 ± 0.017046	0.912 ± 0.100137	0.989 ± 0.017934	0.520 ± 0.380789	0.720 ± 0.394011	0.956 ± 0.106253	0.984 ± 0.031870
roc_auc	nan	nan	0.916 ± 0.100562	0.992 ± 0.013210	0.759 ± 0.181147	0.902 ± 0.160818	0.12968 ± 0.087650	0.02386 ± 0.035486	0.639 ± 0.342454	0.838 ± 0.319158	0.518 ± 0.362294	0.804 ± 0.321635	0.4265 ± 0.261744	0.0857 ± 0.110234	0.493 ± 0.511734	0.758 ± 0.462829	0.539 ± 0.368424	0.808 ± 0.321631	0.781 ± 0.175825	0.904 ± 0.145202	0.712 ± 0.377541	0.854 ± 0.323058	0.905 ± 0.116915	0.992 ± 0.013342	0.897 ± 0.108292	0.992 ± 0.012561	0.615 ± 0.358683	0.825 ± 0.318111	0.903 ± 0.152332	0.979 ± 0.045875
