	mean_best_threshold_tuning_score	mean_best_threshold	mean_test_average_precision	mean_train_average_precision	mean_test_balanced_accuracy	mean_train_balanced_accuracy	mean_test_brier_loss	mean_train_brier_loss	mean_test_f1	mean_train_f1	mean_test_informedness	mean_train_informedness	mean_test_log_loss	mean_train_log_loss	mean_test_markedness	mean_train_markedness	mean_test_mcc	mean_train_mcc	mean_test_negative_predictive_value	mean_train_negative_predictive_value	mean_test_precision	mean_train_precision	mean_test_precision_recall_auc	mean_train_precision_recall_auc	mean_test_roc_auc	mean_train_roc_auc	mean_test_sensitivity	mean_train_sensitivity	mean_test_specificity	mean_train_specificity
mcc	nan	nan	0.928 ± 0.084027	0.994 ± 0.009799	0.832 ± 0.121732	0.967 ± 0.036610	0.12783 ± 0.073174	0.02110 ± 0.022993	0.807 ± 0.147921	0.964 ± 0.040324	0.663 ± 0.243463	0.933 ± 0.073220	0.4103 ± 0.210292	0.0892 ± 0.077644	0.683 ± 0.244601	0.947 ± 0.059776	0.672 ± 0.242762	0.940 ± 0.066474	0.865 ± 0.130707	0.955 ± 0.047128	0.817 ± 0.170299	0.992 ± 0.016283	0.918 ± 0.094069	0.994 ± 0.009888	0.910 ± 0.112819	0.994 ± 0.011260	0.823 ± 0.183380	0.939 ± 0.064652	0.840 ± 0.151523	0.994 ± 0.011718
precision_recall_auc	nan	nan	0.934 ± 0.073353	0.993 ± 0.014500	0.777 ± 0.167151	0.889 ± 0.188569	0.13898 ± 0.064155	0.01903 ± 0.032239	0.657 ± 0.352392	0.798 ± 0.380018	0.553 ± 0.334301	0.779 ± 0.377139	0.4464 ± 0.192175	0.0704 ± 0.102775	0.499 ± 0.507721	0.703 ± 0.551005	0.569 ± 0.334991	0.782 ± 0.377449	0.810 ± 0.176739	0.893 ± 0.170238	0.689 ± 0.370350	0.811 ± 0.384387	0.925 ± 0.083424	0.993 ± 0.014634	0.916 ± 0.095850	0.992 ± 0.016347	0.663 ± 0.376823	0.786 ± 0.377628	0.890 ± 0.139606	0.993 ± 0.020409
roc_auc	nan	nan	0.929 ± 0.076089	0.991 ± 0.016465	0.797 ± 0.148227	0.917 ± 0.152827	0.13802 ± 0.069333	0.02220 ± 0.038842	0.718 ± 0.293822	0.864 ± 0.298399	0.595 ± 0.296454	0.835 ± 0.305655	0.4470 ± 0.219455	0.0791 ± 0.119038	0.576 ± 0.421503	0.794 ± 0.434331	0.610 ± 0.295397	0.837 ± 0.305245	0.835 ± 0.157598	0.921 ± 0.139363	0.741 ± 0.309930	0.873 ± 0.299446	0.920 ± 0.085821	0.991 ± 0.016628	0.908 ± 0.100782	0.991 ± 0.017040	0.732 ± 0.321777	0.856 ± 0.298956	0.863 ± 0.152131	0.979 ± 0.046703
