	mean_best_threshold_tuning_score	mean_best_threshold	mean_test_average_precision	mean_train_average_precision	mean_test_balanced_accuracy	mean_train_balanced_accuracy	mean_test_brier_loss	mean_train_brier_loss	mean_test_f1	mean_train_f1	mean_test_informedness	mean_train_informedness	mean_test_log_loss	mean_train_log_loss	mean_test_markedness	mean_train_markedness	mean_test_mcc	mean_train_mcc	mean_test_negative_predictive_value	mean_train_negative_predictive_value	mean_test_precision	mean_train_precision	mean_test_precision_recall_auc	mean_train_precision_recall_auc	mean_test_roc_auc	mean_train_roc_auc	mean_test_sensitivity	mean_train_sensitivity	mean_test_specificity	mean_train_specificity
mcc	nan	nan	0.929 ± 0.094024	0.958 ± 0.017016	0.821 ± 0.132226	0.894 ± 0.030085	0.12679 ± 0.071487	0.07708 ± 0.016683	0.791 ± 0.158167	0.882 ± 0.034990	0.642 ± 0.264452	0.788 ± 0.060170	0.4126 ± 0.198041	0.2689 ± 0.047598	0.685 ± 0.260058	0.819 ± 0.055047	0.662 ± 0.259925	0.803 ± 0.057081	0.833 ± 0.128836	0.872 ± 0.036884	0.852 ± 0.188900	0.948 ± 0.031676	0.919 ± 0.110712	0.957 ± 0.017248	0.914 ± 0.115128	0.952 ± 0.020266	0.770 ± 0.192372	0.826 ± 0.052406	0.872 ± 0.172957	0.962 ± 0.024726
precision_recall_auc	nan	nan	0.924 ± 0.094153	0.953 ± 0.018047	0.799 ± 0.130376	0.866 ± 0.073273	0.13136 ± 0.070994	0.08218 ± 0.017194	0.748 ± 0.192547	0.836 ± 0.141035	0.599 ± 0.260752	0.732 ± 0.146545	0.4302 ± 0.230401	0.2793 ± 0.047723	0.651 ± 0.289533	0.769 ± 0.185449	0.627 ± 0.254796	0.754 ± 0.136504	0.807 ± 0.133322	0.845 ± 0.069038	0.844 ± 0.224840	0.924 ± 0.138569	0.913 ± 0.111173	0.952 ± 0.018271	0.906 ± 0.115388	0.948 ± 0.019729	0.712 ± 0.232804	0.772 ± 0.153281	0.887 ± 0.165002	0.960 ± 0.028850
roc_auc	nan	nan	0.925 ± 0.092980	0.952 ± 0.017976	0.811 ± 0.132718	0.878 ± 0.036416	0.12901 ± 0.070446	0.08246 ± 0.017223	0.772 ± 0.168828	0.861 ± 0.046576	0.622 ± 0.265436	0.755 ± 0.072833	0.4248 ± 0.230848	0.2795 ± 0.047858	0.684 ± 0.255971	0.793 ± 0.058390	0.650 ± 0.257610	0.774 ± 0.064432	0.816 ± 0.130720	0.856 ± 0.042596	0.868 ± 0.190739	0.937 ± 0.037731	0.914 ± 0.109476	0.951 ± 0.018202	0.906 ± 0.115388	0.947 ± 0.020154	0.732 ± 0.212486	0.801 ± 0.070944	0.890 ± 0.165985	0.954 ± 0.028946
