	mean_best_threshold_tuning_score	mean_best_threshold	mean_test_average_precision	mean_train_average_precision	mean_test_balanced_accuracy	mean_train_balanced_accuracy	mean_test_brier_loss	mean_train_brier_loss	mean_test_f1	mean_train_f1	mean_test_informedness	mean_train_informedness	mean_test_log_loss	mean_train_log_loss	mean_test_markedness	mean_train_markedness	mean_test_mcc	mean_train_mcc	mean_test_negative_predictive_value	mean_train_negative_predictive_value	mean_test_precision	mean_train_precision	mean_test_precision_recall_auc	mean_train_precision_recall_auc	mean_test_roc_auc	mean_train_roc_auc	mean_test_sensitivity	mean_train_sensitivity	mean_test_specificity	mean_train_specificity
mcc	nan	nan	0.945 ± 0.063178	0.974 ± 0.012573	0.831 ± 0.117400	0.929 ± 0.031478	0.11935 ± 0.044712	0.07191 ± 0.020918	0.802 ± 0.137282	0.923 ± 0.035421	0.663 ± 0.234800	0.858 ± 0.062955	0.4068 ± 0.126000	0.2762 ± 0.063965	0.718 ± 0.222856	0.874 ± 0.058468	0.688 ± 0.226055	0.866 ± 0.060466	0.839 ± 0.130265	0.917 ± 0.034678	0.879 ± 0.172879	0.958 ± 0.032162	0.939 ± 0.069811	0.974 ± 0.012697	0.926 ± 0.092445	0.970 ± 0.014831	0.777 ± 0.186293	0.891 ± 0.047809	0.886 ± 0.175267	0.967 ± 0.026022
precision_recall_auc	nan	nan	0.952 ± 0.061300	0.969 ± 0.011984	0.846 ± 0.107278	0.913 ± 0.028491	0.11106 ± 0.040556	0.08231 ± 0.014104	0.821 ± 0.122471	0.905 ± 0.032329	0.692 ± 0.214556	0.827 ± 0.056982	0.3787 ± 0.099483	0.3064 ± 0.036237	0.745 ± 0.204984	0.845 ± 0.052305	0.717 ± 0.207274	0.836 ± 0.054279	0.855 ± 0.126851	0.900 ± 0.033053	0.890 ± 0.161978	0.945 ± 0.031202	0.946 ± 0.068918	0.969 ± 0.012077	0.939 ± 0.083739	0.965 ± 0.014171	0.798 ± 0.175844	0.869 ± 0.047182	0.894 ± 0.166182	0.958 ± 0.026265
roc_auc	nan	nan	0.949 ± 0.060629	0.968 ± 0.012518	0.842 ± 0.106451	0.902 ± 0.033459	0.11262 ± 0.040724	0.08490 ± 0.013573	0.815 ± 0.130018	0.891 ± 0.037573	0.685 ± 0.212901	0.803 ± 0.066919	0.3812 ± 0.100082	0.3123 ± 0.034619	0.737 ± 0.200559	0.821 ± 0.064767	0.709 ± 0.203882	0.812 ± 0.065426	0.853 ± 0.127266	0.891 ± 0.036710	0.885 ± 0.155542	0.930 ± 0.039990	0.943 ± 0.068419	0.968 ± 0.012638	0.938 ± 0.082043	0.965 ± 0.014405	0.792 ± 0.186909	0.857 ± 0.050721	0.893 ± 0.148465	0.946 ± 0.033171
