	mean_best_threshold_tuning_score	mean_best_threshold	mean_test_average_precision	mean_train_average_precision	mean_test_balanced_accuracy	mean_train_balanced_accuracy	mean_test_brier_loss	mean_train_brier_loss	mean_test_f1	mean_train_f1	mean_test_informedness	mean_train_informedness	mean_test_log_loss	mean_train_log_loss	mean_test_markedness	mean_train_markedness	mean_test_mcc	mean_train_mcc	mean_test_negative_predictive_value	mean_train_negative_predictive_value	mean_test_precision	mean_train_precision	mean_test_precision_recall_auc	mean_train_precision_recall_auc	mean_test_roc_auc	mean_train_roc_auc	mean_test_sensitivity	mean_train_sensitivity	mean_test_specificity	mean_train_specificity
mcc	nan	nan	0.917 ± 0.115347	0.974 ± 0.016146	0.856 ± 0.127340	0.951 ± 0.029027	0.14921 ± 0.075429	0.07590 ± 0.043638	0.836 ± 0.145727	0.947 ± 0.031898	0.712 ± 0.254680	0.902 ± 0.058055	0.5735 ± 0.570094	0.2852 ± 0.135262	0.735 ± 0.244292	0.908 ± 0.056589	0.723 ± 0.248312	0.905 ± 0.056964	0.892 ± 0.133470	0.949 ± 0.031365	0.843 ± 0.174480	0.959 ± 0.038438	0.904 ± 0.135515	0.973 ± 0.016130	0.904 ± 0.137779	0.962 ± 0.024121	0.858 ± 0.178373	0.936 ± 0.042078	0.854 ± 0.175208	0.966 ± 0.032987
precision_recall_auc	nan	nan	0.947 ± 0.072876	0.980 ± 0.015350	0.857 ± 0.117313	0.962 ± 0.024762	0.12831 ± 0.055853	0.06353 ± 0.047919	0.837 ± 0.134268	0.959 ± 0.027100	0.714 ± 0.234626	0.924 ± 0.049524	0.4534 ± 0.209654	0.2415 ± 0.145884	0.740 ± 0.225372	0.932 ± 0.050516	0.726 ± 0.228487	0.928 ± 0.049797	0.894 ± 0.132170	0.955 ± 0.023771	0.846 ± 0.169159	0.977 ± 0.037268	0.940 ± 0.082545	0.980 ± 0.015116	0.935 ± 0.092377	0.975 ± 0.021515	0.860 ± 0.176929	0.943 ± 0.030611	0.854 ± 0.170486	0.981 ± 0.032090
roc_auc	nan	nan	0.942 ± 0.087922	0.978 ± 0.017142	0.864 ± 0.109148	0.959 ± 0.022461	0.12686 ± 0.048372	0.06957 ± 0.046246	0.848 ± 0.124439	0.956 ± 0.024846	0.729 ± 0.218297	0.918 ± 0.044923	0.4370 ± 0.166657	0.2617 ± 0.141278	0.751 ± 0.208803	0.925 ± 0.046790	0.739 ± 0.212365	0.921 ± 0.045569	0.899 ± 0.120654	0.955 ± 0.023779	0.852 ± 0.161808	0.970 ± 0.038590	0.939 ± 0.086836	0.979 ± 0.015797	0.931 ± 0.101645	0.973 ± 0.022252	0.872 ± 0.160789	0.943 ± 0.030611	0.857 ± 0.167213	0.975 ± 0.032831
