	mean_best_threshold_tuning_score	mean_best_threshold	mean_test_average_precision	mean_train_average_precision	mean_test_balanced_accuracy	mean_train_balanced_accuracy	mean_test_brier_loss	mean_train_brier_loss	mean_test_f1	mean_train_f1	mean_test_informedness	mean_train_informedness	mean_test_log_loss	mean_train_log_loss	mean_test_markedness	mean_train_markedness	mean_test_mcc	mean_train_mcc	mean_test_negative_predictive_value	mean_train_negative_predictive_value	mean_test_precision	mean_train_precision	mean_test_precision_recall_auc	mean_train_precision_recall_auc	mean_test_roc_auc	mean_train_roc_auc	mean_test_sensitivity	mean_train_sensitivity	mean_test_specificity	mean_train_specificity
mcc	nan	nan	0.943 ± 0.085977	0.984 ± 0.016636	0.852 ± 0.104776	0.941 ± 0.045958	0.11140 ± 0.074883	0.04145 ± 0.029745	0.825 ± 0.126374	0.935 ± 0.051535	0.705 ± 0.209552	0.882 ± 0.091916	0.3755 ± 0.248788	0.1536 ± 0.095676	0.770 ± 0.183878	0.903 ± 0.077173	0.735 ± 0.193727	0.892 ± 0.084499	0.849 ± 0.127044	0.922 ± 0.058268	0.921 ± 0.135340	0.981 ± 0.025624	0.936 ± 0.100147	0.984 ± 0.016787	0.929 ± 0.105775	0.983 ± 0.018927	0.782 ± 0.188900	0.895 ± 0.079438	0.923 ± 0.139317	0.986 ± 0.019001
precision_recall_auc	nan	nan	0.948 ± 0.072440	0.985 ± 0.019623	0.775 ± 0.189087	0.870 ± 0.182326	0.11712 ± 0.067823	0.03209 ± 0.037473	0.627 ± 0.385139	0.775 ± 0.371319	0.550 ± 0.378174	0.739 ± 0.364653	0.3686 ± 0.194675	0.1096 ± 0.119138	0.490 ± 0.567207	0.671 ± 0.538449	0.573 ± 0.378617	0.746 ± 0.365510	0.772 ± 0.177113	0.870 ± 0.163996	0.719 ± 0.423778	0.801 ± 0.380770	0.942 ± 0.081459	0.985 ± 0.019812	0.938 ± 0.085148	0.985 ± 0.020367	0.580 ± 0.381309	0.754 ± 0.366627	0.970 ± 0.085714	0.986 ± 0.030610
roc_auc	nan	nan	0.942 ± 0.075333	0.990 ± 0.016829	0.761 ± 0.170434	0.897 ± 0.170667	0.12445 ± 0.066943	0.02479 ± 0.038087	0.629 ± 0.339114	0.824 ± 0.341039	0.521 ± 0.340868	0.795 ± 0.341335	0.3883 ± 0.190982	0.0861 ± 0.119077	0.513 ± 0.502812	0.737 ± 0.494553	0.554 ± 0.340074	0.798 ± 0.341234	0.762 ± 0.167012	0.902 ± 0.154783	0.752 ± 0.384437	0.836 ± 0.343964	0.935 ± 0.084556	0.990 ± 0.016995	0.931 ± 0.091070	0.990 ± 0.017086	0.578 ± 0.347248	0.814 ± 0.340258	0.943 ± 0.124134	0.981 ± 0.041445
