	mean_best_threshold_tuning_score	mean_best_threshold	mean_test_average_precision	mean_train_average_precision	mean_test_balanced_accuracy	mean_train_balanced_accuracy	mean_test_brier_loss	mean_train_brier_loss	mean_test_f1	mean_train_f1	mean_test_informedness	mean_train_informedness	mean_test_log_loss	mean_train_log_loss	mean_test_markedness	mean_train_markedness	mean_test_mcc	mean_train_mcc	mean_test_negative_predictive_value	mean_train_negative_predictive_value	mean_test_precision	mean_train_precision	mean_test_precision_recall_auc	mean_train_precision_recall_auc	mean_test_roc_auc	mean_train_roc_auc	mean_test_sensitivity	mean_train_sensitivity	mean_test_specificity	mean_train_specificity
mcc	nan	nan	0.807 ± 0.131314	1.000 ± 0.000000	0.696 ± 0.126463	1.000 ± 0.000000	0.20565 ± 0.076095	0.01791 ± 0.001835	0.649 ± 0.148241	1.000 ± 0.000000	0.392 ± 0.252925	1.000 ± 0.000000	0.6078 ± 0.200735	0.1133 ± 0.008534	0.453 ± 0.277721	1.000 ± 0.000000	0.419 ± 0.260630	1.000 ± 0.000000	0.737 ± 0.151737	1.000 ± 0.000000	0.716 ± 0.219095	1.000 ± 0.000000	0.778 ± 0.156781	1.000 ± 0.000000	0.783 ± 0.150098	1.000 ± 0.000000	0.657 ± 0.210037	1.000 ± 0.000000	0.735 ± 0.231290	1.000 ± 0.000000
precision_recall_auc	nan	nan	0.800 ± 0.135652	1.000 ± 0.000000	0.687 ± 0.126673	1.000 ± 0.000000	0.20769 ± 0.078196	0.01766 ± 0.001930	0.642 ± 0.145769	1.000 ± 0.000000	0.374 ± 0.253347	1.000 ± 0.000000	0.6119 ± 0.214611	0.1122 ± 0.009692	0.435 ± 0.281458	1.000 ± 0.000000	0.401 ± 0.262547	1.000 ± 0.000000	0.730 ± 0.153194	1.000 ± 0.000000	0.705 ± 0.218839	1.000 ± 0.000000	0.777 ± 0.150261	1.000 ± 0.000000	0.770 ± 0.155154	1.000 ± 0.000000	0.657 ± 0.210037	1.000 ± 0.000000	0.717 ± 0.241511	1.000 ± 0.000000
roc_auc	nan	nan	0.801 ± 0.132679	1.000 ± 0.000000	0.703 ± 0.120338	1.000 ± 0.000000	0.20450 ± 0.073389	0.01757 ± 0.001989	0.654 ± 0.147079	1.000 ± 0.000000	0.407 ± 0.240676	1.000 ± 0.000000	0.5982 ± 0.190820	0.1121 ± 0.009498	0.470 ± 0.266544	1.000 ± 0.000000	0.435 ± 0.248681	1.000 ± 0.000000	0.742 ± 0.146288	1.000 ± 0.000000	0.728 ± 0.214591	1.000 ± 0.000000	0.771 ± 0.158990	1.000 ± 0.000000	0.775 ± 0.150872	1.000 ± 0.000000	0.657 ± 0.210037	1.000 ± 0.000000	0.750 ± 0.222921	1.000 ± 0.000000
