	mean_ncv_average_precision	mean_ncv_balanced_accuracy	mean_ncv_brier_loss	mean_ncv_f1	mean_ncv_informedness	mean_ncv_log_loss	mean_ncv_markedness	mean_ncv_mcc	mean_ncv_negative_predictive_value	mean_ncv_precision	mean_ncv_precision_recall_auc	mean_ncv_roc_auc	mean_ncv_sensitivity	mean_ncv_specificity
mcc	0.737 ± 0.035236	0.689 ± 0.030328	0.20565 ± 0.014194	0.656 ± 0.030796	0.377 ± 0.060655	0.6078 ± 0.037473	0.379 ± 0.063229	0.378 ± 0.061927	0.717 ± 0.023594	0.662 ± 0.040794	0.725 ± 0.041410	0.757 ± 0.026799	0.650 ± 0.026836	0.727 ± 0.042855
precision_recall_auc	0.748 ± 0.034274	0.680 ± 0.027827	0.20769 ± 0.012351	0.648 ± 0.027707	0.359 ± 0.055655	0.6119 ± 0.035830	0.360 ± 0.057786	0.359 ± 0.056704	0.712 ± 0.021557	0.648 ± 0.037951	0.743 ± 0.035670	0.752 ± 0.018081	0.650 ± 0.026836	0.709 ± 0.043913
roc_auc	0.756 ± 0.036542	0.695 ± 0.028226	0.20450 ± 0.012381	0.661 ± 0.029496	0.391 ± 0.056451	0.5982 ± 0.031411	0.394 ± 0.058503	0.393 ± 0.057463	0.721 ± 0.022480	0.673 ± 0.037025	0.749 ± 0.039690	0.758 ± 0.022745	0.650 ± 0.026836	0.741 ± 0.037421
