	mean_best_threshold_tuning_score	mean_best_threshold	mean_test_average_precision	mean_train_average_precision	mean_test_balanced_accuracy	mean_train_balanced_accuracy	mean_test_brier_loss	mean_train_brier_loss	mean_test_f1	mean_train_f1	mean_test_informedness	mean_train_informedness	mean_test_log_loss	mean_train_log_loss	mean_test_markedness	mean_train_markedness	mean_test_mcc	mean_train_mcc	mean_test_negative_predictive_value	mean_train_negative_predictive_value	mean_test_precision	mean_train_precision	mean_test_precision_recall_auc	mean_train_precision_recall_auc	mean_test_roc_auc	mean_train_roc_auc	mean_test_sensitivity	mean_train_sensitivity	mean_test_specificity	mean_train_specificity
mcc	nan	nan	0.958 ± 0.059183	0.958 ± 0.016275	0.884 ± 0.107148	0.907 ± 0.033274	0.10815 ± 0.048808	0.08571 ± 0.024439	0.858 ± 0.138375	0.898 ± 0.037219	0.768 ± 0.214297	0.815 ± 0.066547	0.3728 ± 0.135472	0.3078 ± 0.070834	0.825 ± 0.171400	0.827 ± 0.067512	0.794 ± 0.191714	0.821 ± 0.066865	0.870 ± 0.119838	0.900 ± 0.032590	0.955 ± 0.115580	0.927 ± 0.042105	0.953 ± 0.067769	0.958 ± 0.016116	0.944 ± 0.077248	0.954 ± 0.018723	0.807 ± 0.191545	0.871 ± 0.041601	0.961 ± 0.106565	0.943 ± 0.034516
precision_recall_auc	nan	nan	0.959 ± 0.057235	0.961 ± 0.018571	0.875 ± 0.106359	0.906 ± 0.042577	0.10821 ± 0.049486	0.08084 ± 0.028114	0.849 ± 0.134584	0.897 ± 0.047680	0.749 ± 0.212718	0.813 ± 0.085154	0.3760 ± 0.172196	0.2903 ± 0.089790	0.809 ± 0.177913	0.830 ± 0.082871	0.777 ± 0.193322	0.821 ± 0.083745	0.864 ± 0.115465	0.895 ± 0.043607	0.945 ± 0.122022	0.936 ± 0.047748	0.954 ± 0.066065	0.961 ± 0.018102	0.950 ± 0.068166	0.959 ± 0.019683	0.798 ± 0.184497	0.862 ± 0.058397	0.951 ± 0.114058	0.950 ± 0.039920
roc_auc	nan	nan	0.952 ± 0.056303	0.959 ± 0.020044	0.845 ± 0.107643	0.889 ± 0.048518	0.11837 ± 0.046621	0.08461 ± 0.029426	0.815 ± 0.139225	0.877 ± 0.054306	0.690 ± 0.215286	0.778 ± 0.097036	0.3988 ± 0.163991	0.2984 ± 0.092599	0.745 ± 0.190685	0.787 ± 0.097242	0.714 ± 0.199610	0.782 ± 0.096964	0.861 ± 0.121367	0.887 ± 0.045007	0.884 ± 0.150941	0.900 ± 0.058876	0.946 ± 0.065133	0.961 ± 0.019215	0.944 ± 0.066161	0.961 ± 0.019507	0.797 ± 0.197174	0.856 ± 0.059107	0.893 ± 0.142861	0.921 ± 0.048933
