	mean_best_threshold_tuning_score	mean_best_threshold	mean_test_average_precision	mean_train_average_precision	mean_test_balanced_accuracy	mean_train_balanced_accuracy	mean_test_brier_loss	mean_train_brier_loss	mean_test_f1	mean_train_f1	mean_test_informedness	mean_train_informedness	mean_test_log_loss	mean_train_log_loss	mean_test_markedness	mean_train_markedness	mean_test_mcc	mean_train_mcc	mean_test_negative_predictive_value	mean_train_negative_predictive_value	mean_test_precision	mean_train_precision	mean_test_precision_recall_auc	mean_train_precision_recall_auc	mean_test_roc_auc	mean_train_roc_auc	mean_test_sensitivity	mean_train_sensitivity	mean_test_specificity	mean_train_specificity
mcc	nan	nan	0.936 ± 0.083306	0.967 ± 0.017292	0.865 ± 0.115040	0.896 ± 0.025314	0.10345 ± 0.064236	0.07375 ± 0.015748	0.834 ± 0.152055	0.883 ± 0.030411	0.731 ± 0.230080	0.791 ± 0.050629	0.3419 ± 0.164460	0.2579 ± 0.043977	0.804 ± 0.179625	0.835 ± 0.047170	0.764 ± 0.204181	0.812 ± 0.048123	0.850 ± 0.126190	0.865 ± 0.028588	0.954 ± 0.120575	0.969 ± 0.035425	0.929 ± 0.092626	0.967 ± 0.017423	0.908 ± 0.123812	0.959 ± 0.025121	0.775 ± 0.204990	0.813 ± 0.043899	0.956 ± 0.124392	0.978 ± 0.027531
precision_recall_auc	nan	nan	0.937 ± 0.081453	0.962 ± 0.019792	0.740 ± 0.123106	0.813 ± 0.093999	0.10768 ± 0.062212	0.08041 ± 0.020210	0.613 ± 0.260919	0.750 ± 0.184972	0.480 ± 0.246211	0.626 ± 0.187999	0.3447 ± 0.162932	0.2673 ± 0.052669	0.595 ± 0.374858	0.722 ± 0.250240	0.550 ± 0.242356	0.679 ± 0.173209	0.720 ± 0.113607	0.782 ± 0.091737	0.874 ± 0.308849	0.939 ± 0.197408	0.929 ± 0.090462	0.962 ± 0.019983	0.913 ± 0.121387	0.960 ± 0.021635	0.498 ± 0.253932	0.641 ± 0.201696	0.982 ± 0.062073	0.985 ± 0.029670
roc_auc	nan	nan	0.949 ± 0.066458	0.958 ± 0.021102	0.751 ± 0.129771	0.784 ± 0.099507	0.10924 ± 0.063518	0.08382 ± 0.025154	0.635 ± 0.257145	0.701 ± 0.197501	0.503 ± 0.259543	0.568 ± 0.199013	0.3448 ± 0.166494	0.2727 ± 0.066705	0.625 ± 0.351553	0.701 ± 0.248791	0.571 ± 0.249458	0.636 ± 0.180825	0.731 ± 0.125233	0.753 ± 0.092568	0.894 ± 0.282313	0.948 ± 0.198440	0.942 ± 0.075394	0.958 ± 0.021312	0.937 ± 0.088560	0.957 ± 0.021924	0.522 ± 0.261802	0.577 ± 0.208317	0.981 ± 0.065380	0.991 ± 0.025492
