	mean_best_threshold_tuning_score	mean_best_threshold	mean_test_average_precision	mean_train_average_precision	mean_test_balanced_accuracy	mean_train_balanced_accuracy	mean_test_brier_loss	mean_train_brier_loss	mean_test_f1	mean_train_f1	mean_test_informedness	mean_train_informedness	mean_test_log_loss	mean_train_log_loss	mean_test_markedness	mean_train_markedness	mean_test_mcc	mean_train_mcc	mean_test_negative_predictive_value	mean_train_negative_predictive_value	mean_test_precision	mean_train_precision	mean_test_precision_recall_auc	mean_train_precision_recall_auc	mean_test_roc_auc	mean_train_roc_auc	mean_test_sensitivity	mean_train_sensitivity	mean_test_specificity	mean_train_specificity
mcc	nan	nan	0.953 ± 0.058619	0.967 ± 0.017292	0.860 ± 0.102372	0.896 ± 0.025314	0.09477 ± 0.056122	0.07375 ± 0.015748	0.826 ± 0.139423	0.883 ± 0.030411	0.719 ± 0.204744	0.791 ± 0.050629	0.3202 ± 0.146097	0.2579 ± 0.043977	0.810 ± 0.146598	0.835 ± 0.047170	0.760 ± 0.174853	0.812 ± 0.048123	0.831 ± 0.113869	0.865 ± 0.028588	0.978 ± 0.074934	0.969 ± 0.035425	0.948 ± 0.064173	0.967 ± 0.017423	0.931 ± 0.095094	0.959 ± 0.025121	0.738 ± 0.193437	0.813 ± 0.043899	0.981 ± 0.065380	0.978 ± 0.027531
precision_recall_auc	nan	nan	0.950 ± 0.056913	0.962 ± 0.019792	0.743 ± 0.119162	0.813 ± 0.093999	0.09780 ± 0.053019	0.08041 ± 0.020210	0.618 ± 0.256649	0.750 ± 0.184972	0.485 ± 0.238325	0.626 ± 0.187999	0.3203 ± 0.135126	0.2673 ± 0.052669	0.600 ± 0.369197	0.722 ± 0.250240	0.555 ± 0.232992	0.679 ± 0.173209	0.723 ± 0.110988	0.782 ± 0.091737	0.878 ± 0.305609	0.939 ± 0.197408	0.944 ± 0.063688	0.962 ± 0.019983	0.934 ± 0.081838	0.960 ± 0.021635	0.503 ± 0.251391	0.641 ± 0.201696	0.982 ± 0.062073	0.985 ± 0.029670
roc_auc	nan	nan	0.945 ± 0.069614	0.958 ± 0.021102	0.735 ± 0.130599	0.784 ± 0.099507	0.10488 ± 0.060515	0.08382 ± 0.025154	0.598 ± 0.276806	0.701 ± 0.197501	0.469 ± 0.261197	0.568 ± 0.199013	0.3370 ± 0.155863	0.2727 ± 0.066705	0.577 ± 0.392204	0.701 ± 0.248791	0.537 ± 0.257136	0.636 ± 0.180825	0.720 ± 0.118839	0.753 ± 0.092568	0.858 ± 0.329247	0.948 ± 0.198440	0.939 ± 0.078269	0.958 ± 0.021312	0.927 ± 0.097224	0.957 ± 0.021924	0.488 ± 0.270953	0.577 ± 0.208317	0.981 ± 0.065380	0.991 ± 0.025492
