	mean_best_threshold_tuning_score	mean_best_threshold	mean_test_average_precision	mean_train_average_precision	mean_test_balanced_accuracy	mean_train_balanced_accuracy	mean_test_brier_loss	mean_train_brier_loss	mean_test_f1	mean_train_f1	mean_test_informedness	mean_train_informedness	mean_test_log_loss	mean_train_log_loss	mean_test_markedness	mean_train_markedness	mean_test_mcc	mean_train_mcc	mean_test_negative_predictive_value	mean_train_negative_predictive_value	mean_test_precision	mean_train_precision	mean_test_precision_recall_auc	mean_train_precision_recall_auc	mean_test_roc_auc	mean_train_roc_auc	mean_test_sensitivity	mean_train_sensitivity	mean_test_specificity	mean_train_specificity
mcc	nan	nan	0.963 ± 0.054118	0.973 ± 0.017268	0.886 ± 0.103212	0.941 ± 0.031357	0.10021 ± 0.045696	0.06245 ± 0.030905	0.869 ± 0.117239	0.936 ± 0.034738	0.772 ± 0.206423	0.882 ± 0.062713	0.4146 ± 0.266225	0.2378 ± 0.106373	0.800 ± 0.195354	0.894 ± 0.059114	0.785 ± 0.199421	0.888 ± 0.060729	0.891 ± 0.122067	0.930 ± 0.033146	0.909 ± 0.139736	0.964 ± 0.031663	0.959 ± 0.059806	0.973 ± 0.017017	0.950 ± 0.077061	0.968 ± 0.020758	0.857 ± 0.161519	0.910 ± 0.044603	0.915 ± 0.134487	0.972 ± 0.026244
precision_recall_auc	nan	nan	0.950 ± 0.079410	0.969 ± 0.022383	0.875 ± 0.107479	0.923 ± 0.047173	0.10373 ± 0.046451	0.06696 ± 0.035155	0.854 ± 0.130726	0.916 ± 0.052884	0.750 ± 0.214959	0.846 ± 0.094346	0.3938 ± 0.179434	0.2474 ± 0.115312	0.776 ± 0.208417	0.864 ± 0.088837	0.762 ± 0.210451	0.855 ± 0.091346	0.897 ± 0.120579	0.910 ± 0.049792	0.878 ± 0.161738	0.955 ± 0.045270	0.943 ± 0.096666	0.970 ± 0.021530	0.946 ± 0.080985	0.966 ± 0.024652	0.858 ± 0.171073	0.881 ± 0.067222	0.892 ± 0.148241	0.965 ± 0.036631
roc_auc	nan	nan	0.950 ± 0.065483	0.968 ± 0.022860	0.850 ± 0.110778	0.918 ± 0.051795	0.11494 ± 0.052281	0.06812 ± 0.036936	0.828 ± 0.128532	0.910 ± 0.058325	0.700 ± 0.221556	0.836 ± 0.103589	0.4568 ± 0.319323	0.2490 ± 0.121807	0.728 ± 0.215857	0.852 ± 0.099343	0.713 ± 0.217087	0.844 ± 0.101213	0.876 ± 0.123128	0.907 ± 0.052593	0.852 ± 0.166777	0.946 ± 0.053598	0.945 ± 0.074217	0.969 ± 0.021869	0.941 ± 0.079961	0.966 ± 0.024084	0.837 ± 0.169165	0.878 ± 0.071062	0.863 ± 0.164382	0.958 ± 0.042598
