	mean_best_threshold_tuning_score	mean_best_threshold	mean_test_average_precision	mean_train_average_precision	mean_test_balanced_accuracy	mean_train_balanced_accuracy	mean_test_brier_loss	mean_train_brier_loss	mean_test_f1	mean_train_f1	mean_test_informedness	mean_train_informedness	mean_test_log_loss	mean_train_log_loss	mean_test_markedness	mean_train_markedness	mean_test_mcc	mean_train_mcc	mean_test_negative_predictive_value	mean_train_negative_predictive_value	mean_test_precision	mean_train_precision	mean_test_precision_recall_auc	mean_train_precision_recall_auc	mean_test_roc_auc	mean_train_roc_auc	mean_test_sensitivity	mean_train_sensitivity	mean_test_specificity	mean_train_specificity
mcc	nan	nan	0.962 ± 0.051585	0.973 ± 0.017165	0.900 ± 0.104755	0.941 ± 0.030942	0.10193 ± 0.049985	0.06280 ± 0.030271	0.881 ± 0.128693	0.936 ± 0.034324	0.800 ± 0.209510	0.881 ± 0.061884	0.3989 ± 0.274674	0.2394 ± 0.103343	0.841 ± 0.177163	0.894 ± 0.058503	0.819 ± 0.192291	0.888 ± 0.060007	0.893 ± 0.119128	0.930 ± 0.032458	0.949 ± 0.122513	0.964 ± 0.031663	0.957 ± 0.058428	0.973 ± 0.016913	0.950 ± 0.068166	0.968 ± 0.020665	0.848 ± 0.177129	0.910 ± 0.043743	0.952 ± 0.119506	0.972 ± 0.026244
precision_recall_auc	nan	nan	0.957 ± 0.063164	0.969 ± 0.022383	0.879 ± 0.094434	0.923 ± 0.047173	0.10763 ± 0.047546	0.06697 ± 0.035136	0.852 ± 0.125932	0.916 ± 0.052884	0.758 ± 0.188869	0.846 ± 0.094346	0.3969 ± 0.189642	0.2474 ± 0.115253	0.809 ± 0.162605	0.864 ± 0.088837	0.781 ± 0.173571	0.855 ± 0.091346	0.877 ± 0.111684	0.910 ± 0.049792	0.931 ± 0.138163	0.955 ± 0.045270	0.952 ± 0.072368	0.970 ± 0.021530	0.948 ± 0.072984	0.966 ± 0.024652	0.817 ± 0.181328	0.881 ± 0.067222	0.941 ± 0.118962	0.965 ± 0.036631
roc_auc	nan	nan	0.955 ± 0.056161	0.968 ± 0.022860	0.858 ± 0.107576	0.918 ± 0.051795	0.11733 ± 0.056578	0.06813 ± 0.036924	0.833 ± 0.123737	0.910 ± 0.058325	0.715 ± 0.215153	0.836 ± 0.103589	0.4397 ± 0.263980	0.2491 ± 0.121664	0.768 ± 0.198431	0.852 ± 0.099343	0.740 ± 0.203991	0.844 ± 0.101213	0.864 ± 0.125986	0.907 ± 0.052593	0.904 ± 0.155020	0.946 ± 0.053598	0.950 ± 0.063575	0.969 ± 0.021869	0.944 ± 0.072086	0.966 ± 0.024084	0.808 ± 0.178373	0.878 ± 0.071062	0.907 ± 0.158117	0.958 ± 0.042598
