	mean_best_threshold_tuning_score	mean_best_threshold	mean_test_average_precision	mean_train_average_precision	mean_test_balanced_accuracy	mean_train_balanced_accuracy	mean_test_brier_loss	mean_train_brier_loss	mean_test_f1	mean_train_f1	mean_test_informedness	mean_train_informedness	mean_test_log_loss	mean_train_log_loss	mean_test_markedness	mean_train_markedness	mean_test_mcc	mean_train_mcc	mean_test_negative_predictive_value	mean_train_negative_predictive_value	mean_test_precision	mean_train_precision	mean_test_precision_recall_auc	mean_train_precision_recall_auc	mean_test_roc_auc	mean_train_roc_auc	mean_test_sensitivity	mean_train_sensitivity	mean_test_specificity	mean_train_specificity
mcc	nan	nan	0.947 ± 0.075394	0.964 ± 0.017955	0.870 ± 0.098100	0.898 ± 0.022712	0.11040 ± 0.058567	0.07713 ± 0.014624	0.841 ± 0.128626	0.886 ± 0.027154	0.741 ± 0.196200	0.795 ± 0.045425	0.3637 ± 0.152823	0.2690 ± 0.041030	0.817 ± 0.143202	0.843 ± 0.044554	0.776 ± 0.168585	0.818 ± 0.043831	0.855 ± 0.120836	0.865 ± 0.025794	0.962 ± 0.108119	0.978 ± 0.033553	0.941 ± 0.084878	0.963 ± 0.018161	0.928 ± 0.105204	0.957 ± 0.026288	0.780 ± 0.194715	0.811 ± 0.039183	0.961 ± 0.113968	0.984 ± 0.024365
precision_recall_auc	nan	nan	0.944 ± 0.074535	0.959 ± 0.019168	0.805 ± 0.152549	0.831 ± 0.084729	0.11687 ± 0.051124	0.08755 ± 0.024401	0.706 ± 0.292082	0.784 ± 0.154089	0.610 ± 0.305098	0.662 ± 0.169458	0.3739 ± 0.128156	0.2914 ± 0.067911	0.669 ± 0.400274	0.745 ± 0.190170	0.655 ± 0.286892	0.705 ± 0.150833	0.791 ± 0.156187	0.803 ± 0.087440	0.878 ± 0.305754	0.942 ± 0.150237	0.937 ± 0.083968	0.959 ± 0.019440	0.931 ± 0.102600	0.957 ± 0.021876	0.632 ± 0.317699	0.691 ± 0.182569	0.978 ± 0.078350	0.971 ± 0.051044
roc_auc	nan	nan	0.946 ± 0.071982	0.959 ± 0.019323	0.804 ± 0.144535	0.838 ± 0.072466	0.11762 ± 0.054482	0.09189 ± 0.027320	0.716 ± 0.278820	0.800 ± 0.109921	0.607 ± 0.289071	0.676 ± 0.144931	0.3726 ± 0.136293	0.2998 ± 0.074026	0.645 ± 0.400599	0.770 ± 0.078807	0.645 ± 0.281212	0.720 ± 0.111688	0.783 ± 0.144974	0.813 ± 0.081153	0.862 ± 0.308750	0.957 ± 0.064201	0.939 ± 0.081129	0.958 ± 0.019594	0.933 ± 0.100603	0.957 ± 0.021477	0.643 ± 0.292596	0.711 ± 0.163205	0.964 ± 0.105965	0.966 ± 0.053901
