	mean_best_threshold_tuning_score	mean_best_threshold	mean_test_average_precision	mean_train_average_precision	mean_test_balanced_accuracy	mean_train_balanced_accuracy	mean_test_brier_loss	mean_train_brier_loss	mean_test_f1	mean_train_f1	mean_test_informedness	mean_train_informedness	mean_test_log_loss	mean_train_log_loss	mean_test_markedness	mean_train_markedness	mean_test_mcc	mean_train_mcc	mean_test_negative_predictive_value	mean_train_negative_predictive_value	mean_test_precision	mean_train_precision	mean_test_precision_recall_auc	mean_train_precision_recall_auc	mean_test_roc_auc	mean_train_roc_auc	mean_test_sensitivity	mean_train_sensitivity	mean_test_specificity	mean_train_specificity
mcc	nan	nan	0.944 ± 0.071628	0.964 ± 0.017955	0.859 ± 0.105802	0.898 ± 0.022712	0.11300 ± 0.059516	0.07713 ± 0.014624	0.835 ± 0.127025	0.886 ± 0.027154	0.718 ± 0.211604	0.795 ± 0.045425	0.3686 ± 0.154030	0.2690 ± 0.041030	0.749 ± 0.207101	0.843 ± 0.044554	0.733 ± 0.207528	0.818 ± 0.043831	0.871 ± 0.117457	0.865 ± 0.025794	0.878 ± 0.158874	0.978 ± 0.033553	0.937 ± 0.081043	0.963 ± 0.018161	0.929 ± 0.090060	0.957 ± 0.026288	0.823 ± 0.168897	0.811 ± 0.039183	0.895 ± 0.141151	0.984 ± 0.024365
precision_recall_auc	nan	nan	0.948 ± 0.066445	0.959 ± 0.019168	0.799 ± 0.159085	0.831 ± 0.084729	0.11700 ± 0.054692	0.08755 ± 0.024401	0.697 ± 0.301288	0.784 ± 0.154089	0.598 ± 0.318169	0.662 ± 0.169458	0.3771 ± 0.133525	0.2914 ± 0.067911	0.649 ± 0.397372	0.745 ± 0.190170	0.638 ± 0.298383	0.705 ± 0.150833	0.804 ± 0.164353	0.803 ± 0.087440	0.845 ± 0.309213	0.942 ± 0.150237	0.941 ± 0.076459	0.959 ± 0.019440	0.937 ± 0.077746	0.957 ± 0.021876	0.650 ± 0.337978	0.691 ± 0.182569	0.948 ± 0.117352	0.971 ± 0.051044
roc_auc	nan	nan	0.951 ± 0.062787	0.959 ± 0.019323	0.799 ± 0.137543	0.838 ± 0.072466	0.11821 ± 0.059615	0.09189 ± 0.027320	0.716 ± 0.259210	0.800 ± 0.109921	0.598 ± 0.275085	0.676 ± 0.144931	0.3783 ± 0.148591	0.2998 ± 0.074026	0.643 ± 0.361843	0.770 ± 0.078807	0.634 ± 0.264324	0.720 ± 0.111688	0.793 ± 0.147634	0.813 ± 0.081153	0.850 ± 0.287307	0.957 ± 0.064201	0.945 ± 0.071615	0.958 ± 0.019594	0.939 ± 0.078974	0.957 ± 0.021477	0.663 ± 0.290613	0.711 ± 0.163205	0.935 ± 0.132961	0.966 ± 0.053901
