	mean_best_threshold_tuning_score	mean_best_threshold	mean_test_average_precision	mean_train_average_precision	mean_test_balanced_accuracy	mean_train_balanced_accuracy	mean_test_brier_loss	mean_train_brier_loss	mean_test_f1	mean_train_f1	mean_test_informedness	mean_train_informedness	mean_test_log_loss	mean_train_log_loss	mean_test_markedness	mean_train_markedness	mean_test_mcc	mean_train_mcc	mean_test_negative_predictive_value	mean_train_negative_predictive_value	mean_test_precision	mean_train_precision	mean_test_precision_recall_auc	mean_train_precision_recall_auc	mean_test_roc_auc	mean_train_roc_auc	mean_test_sensitivity	mean_train_sensitivity	mean_test_specificity	mean_train_specificity
mcc	nan	nan	0.689 ± 0.147822	0.996 ± 0.014135	0.641 ± 0.122366	0.988 ± 0.035374	0.24324 ± 0.058321	0.02916 ± 0.028772	0.567 ± 0.211847	0.987 ± 0.037955	0.281 ± 0.244732	0.977 ± 0.070748	0.7942 ± 0.241932	0.1423 ± 0.093585	0.317 ± 0.317119	0.978 ± 0.068568	0.301 ± 0.265716	0.977 ± 0.069508	0.721 ± 0.180948	0.991 ± 0.029309	0.596 ± 0.223982	0.987 ± 0.046211	0.618 ± 0.186186	0.996 ± 0.014300	0.692 ± 0.140560	0.996 ± 0.016731	0.608 ± 0.299872	0.988 ± 0.037679	0.673 ± 0.202588	0.988 ± 0.043637
precision_recall_auc	nan	nan	0.835 ± 0.130616	0.994 ± 0.017716	0.687 ± 0.119905	0.983 ± 0.038320	0.19880 ± 0.072722	0.01709 ± 0.032629	0.615 ± 0.206008	0.981 ± 0.042370	0.375 ± 0.239809	0.966 ± 0.076641	0.6559 ± 0.308074	0.0768 ± 0.108202	0.429 ± 0.313863	0.970 ± 0.068964	0.402 ± 0.259593	0.968 ± 0.072584	0.736 ± 0.141761	0.981 ± 0.042389	0.692 ± 0.268522	0.989 ± 0.035246	0.807 ± 0.161283	0.994 ± 0.017899	0.807 ± 0.142063	0.993 ± 0.020598	0.622 ± 0.258753	0.974 ± 0.057696	0.753 ± 0.223928	0.991 ± 0.029406
roc_auc	nan	nan	0.769 ± 0.167477	0.996 ± 0.013238	0.677 ± 0.125583	0.990 ± 0.030153	0.22243 ± 0.079722	0.01677 ± 0.027139	0.610 ± 0.204579	0.989 ± 0.033128	0.353 ± 0.251165	0.980 ± 0.060305	0.7275 ± 0.303512	0.0890 ± 0.091841	0.389 ± 0.324856	0.980 ± 0.059832	0.373 ± 0.273289	0.980 ± 0.060032	0.728 ± 0.151878	0.990 ± 0.029053	0.661 ± 0.260604	0.991 ± 0.034630	0.724 ± 0.206167	0.996 ± 0.013351	0.749 ± 0.162859	0.996 ± 0.016639	0.628 ± 0.255445	0.988 ± 0.035349	0.725 ± 0.228404	0.992 ± 0.029142
