	mean_best_threshold_tuning_score	mean_best_threshold	mean_test_average_precision	mean_train_average_precision	mean_test_balanced_accuracy	mean_train_balanced_accuracy	mean_test_brier_loss	mean_train_brier_loss	mean_test_f1	mean_train_f1	mean_test_informedness	mean_train_informedness	mean_test_log_loss	mean_train_log_loss	mean_test_markedness	mean_train_markedness	mean_test_mcc	mean_train_mcc	mean_test_negative_predictive_value	mean_train_negative_predictive_value	mean_test_precision	mean_train_precision	mean_test_precision_recall_auc	mean_train_precision_recall_auc	mean_test_roc_auc	mean_train_roc_auc	mean_test_sensitivity	mean_train_sensitivity	mean_test_specificity	mean_train_specificity
mcc	nan	nan	0.779 ± 0.148589	0.978 ± 0.043573	0.682 ± 0.121347	0.940 ± 0.078418	0.22032 ± 0.071615	0.07073 ± 0.059390	0.686 ± 0.117357	0.936 ± 0.079664	0.363 ± 0.242694	0.880 ± 0.156836	0.7367 ± 0.336484	0.2633 ± 0.171582	0.411 ± 0.276935	0.878 ± 0.152677	0.389 ± 0.242589	0.879 ± 0.154718	0.806 ± 0.217770	0.975 ± 0.045289	0.605 ± 0.133347	0.903 ± 0.111106	0.733 ± 0.190907	0.978 ± 0.044072	0.770 ± 0.139083	0.974 ± 0.050216	0.833 ± 0.181328	0.976 ± 0.043388	0.530 ± 0.220158	0.904 ± 0.117203
precision_recall_auc	nan	nan	0.825 ± 0.152824	0.983 ± 0.031690	0.714 ± 0.141205	0.938 ± 0.081643	0.19797 ± 0.080193	0.05496 ± 0.057753	0.709 ± 0.159746	0.935 ± 0.083667	0.428 ± 0.282410	0.875 ± 0.163286	0.6846 ± 0.389405	0.2118 ± 0.169099	0.453 ± 0.350212	0.876 ± 0.158212	0.448 ± 0.287985	0.876 ± 0.160703	0.810 ± 0.244865	0.976 ± 0.041417	0.642 ± 0.180668	0.900 ± 0.120977	0.791 ± 0.190835	0.983 ± 0.031961	0.811 ± 0.146290	0.979 ± 0.039568	0.835 ± 0.218536	0.977 ± 0.039594	0.593 ± 0.240113	0.898 ± 0.128474
roc_auc	nan	nan	0.816 ± 0.141313	0.987 ± 0.030644	0.728 ± 0.124745	0.960 ± 0.071967	0.19975 ± 0.083837	0.03682 ± 0.049475	0.729 ± 0.110786	0.957 ± 0.074099	0.457 ± 0.249489	0.919 ± 0.143935	0.7497 ± 0.454006	0.1585 ± 0.148569	0.509 ± 0.249829	0.919 ± 0.139816	0.479 ± 0.246169	0.919 ± 0.141832	0.851 ± 0.177869	0.985 ± 0.035902	0.658 ± 0.147579	0.935 ± 0.107441	0.780 ± 0.179362	0.987 ± 0.030925	0.804 ± 0.131314	0.984 ± 0.037902	0.857 ± 0.161519	0.985 ± 0.034557	0.600 ± 0.218062	0.934 ± 0.113367
