	mean_best_threshold_tuning_score	mean_best_threshold	mean_test_average_precision	mean_train_average_precision	mean_test_balanced_accuracy	mean_train_balanced_accuracy	mean_test_brier_loss	mean_train_brier_loss	mean_test_f1	mean_train_f1	mean_test_informedness	mean_train_informedness	mean_test_log_loss	mean_train_log_loss	mean_test_markedness	mean_train_markedness	mean_test_mcc	mean_train_mcc	mean_test_negative_predictive_value	mean_train_negative_predictive_value	mean_test_precision	mean_train_precision	mean_test_precision_recall_auc	mean_train_precision_recall_auc	mean_test_roc_auc	mean_train_roc_auc	mean_test_sensitivity	mean_train_sensitivity	mean_test_specificity	mean_train_specificity
mcc	nan	nan	0.854 ± 0.120220	0.982 ± 0.033466	0.747 ± 0.134986	0.942 ± 0.080009	0.18104 ± 0.069970	0.06847 ± 0.058257	0.733 ± 0.138557	0.939 ± 0.081620	0.495 ± 0.269972	0.883 ± 0.160017	0.5709 ± 0.239485	0.2581 ± 0.170271	0.537 ± 0.273287	0.882 ± 0.156515	0.513 ± 0.268676	0.883 ± 0.158239	0.848 ± 0.176934	0.973 ± 0.045802	0.689 ± 0.170999	0.909 ± 0.113732	0.829 ± 0.146635	0.981 ± 0.033773	0.844 ± 0.125037	0.976 ± 0.043408	0.832 ± 0.195970	0.974 ± 0.044204	0.663 ± 0.203492	0.909 ± 0.119017
precision_recall_auc	nan	nan	0.880 ± 0.125745	0.984 ± 0.032459	0.768 ± 0.152787	0.941 ± 0.080960	0.16117 ± 0.075380	0.05192 ± 0.056407	0.753 ± 0.161026	0.937 ± 0.083476	0.536 ± 0.305574	0.882 ± 0.161921	0.5074 ± 0.258467	0.2034 ± 0.165203	0.566 ± 0.312375	0.881 ± 0.157555	0.550 ± 0.307392	0.881 ± 0.159688	0.839 ± 0.184411	0.977 ± 0.042021	0.727 ± 0.176573	0.904 ± 0.119516	0.859 ± 0.153999	0.983 ± 0.032744	0.868 ± 0.133355	0.979 ± 0.040754	0.813 ± 0.211329	0.978 ± 0.040626	0.723 ± 0.195148	0.904 ± 0.125763
roc_auc	nan	nan	0.875 ± 0.143171	0.992 ± 0.025510	0.784 ± 0.156518	0.970 ± 0.062100	0.15159 ± 0.088954	0.02814 ± 0.042137	0.771 ± 0.161180	0.968 ± 0.064684	0.568 ± 0.313036	0.940 ± 0.124200	0.4825 ± 0.291415	0.1318 ± 0.128102	0.590 ± 0.335567	0.939 ± 0.120773	0.579 ± 0.320324	0.940 ± 0.122435	0.831 ± 0.197576	0.990 ± 0.028800	0.759 ± 0.195640	0.949 ± 0.095641	0.851 ± 0.177713	0.992 ± 0.025735	0.871 ± 0.146704	0.990 ± 0.031734	0.820 ± 0.192960	0.991 ± 0.028473	0.748 ± 0.229454	0.949 ± 0.100173
