	mean_best_threshold_tuning_score	mean_best_threshold	mean_test_average_precision	mean_train_average_precision	mean_test_balanced_accuracy	mean_train_balanced_accuracy	mean_test_brier_loss	mean_train_brier_loss	mean_test_f1	mean_train_f1	mean_test_informedness	mean_train_informedness	mean_test_log_loss	mean_train_log_loss	mean_test_markedness	mean_train_markedness	mean_test_mcc	mean_train_mcc	mean_test_negative_predictive_value	mean_train_negative_predictive_value	mean_test_precision	mean_train_precision	mean_test_precision_recall_auc	mean_train_precision_recall_auc	mean_test_roc_auc	mean_train_roc_auc	mean_test_sensitivity	mean_train_sensitivity	mean_test_specificity	mean_train_specificity
mcc	nan	nan	0.842 ± 0.137436	0.969 ± 0.055258	0.727 ± 0.165252	0.924 ± 0.088938	0.19421 ± 0.073317	0.08291 ± 0.063930	0.712 ± 0.177616	0.920 ± 0.090692	0.454 ± 0.330503	0.847 ± 0.177877	0.6140 ± 0.263876	0.2949 ± 0.181813	0.510 ± 0.337873	0.847 ± 0.172843	0.477 ± 0.329741	0.847 ± 0.175327	0.812 ± 0.205659	0.967 ± 0.049835	0.698 ± 0.206837	0.880 ± 0.127010	0.819 ± 0.159274	0.969 ± 0.056032	0.813 ± 0.159394	0.965 ± 0.058606	0.787 ± 0.230940	0.969 ± 0.047368	0.667 ± 0.261200	0.878 ± 0.134653
precision_recall_auc	nan	nan	0.863 ± 0.129269	0.985 ± 0.033858	0.759 ± 0.158606	0.952 ± 0.074993	0.17845 ± 0.086501	0.04492 ± 0.055440	0.738 ± 0.163823	0.949 ± 0.076296	0.517 ± 0.317211	0.904 ± 0.149986	0.5713 ± 0.284082	0.1792 ± 0.164470	0.548 ± 0.329787	0.903 ± 0.146191	0.531 ± 0.320462	0.904 ± 0.148060	0.808 ± 0.201411	0.981 ± 0.040965	0.740 ± 0.189249	0.922 ± 0.109416	0.841 ± 0.153637	0.985 ± 0.034164	0.850 ± 0.150556	0.981 ± 0.042986	0.783 ± 0.212292	0.983 ± 0.038121	0.734 ± 0.222564	0.921 ± 0.115434
roc_auc	nan	nan	0.866 ± 0.128945	0.991 ± 0.028456	0.752 ± 0.162347	0.967 ± 0.062385	0.16825 ± 0.088369	0.02863 ± 0.046065	0.730 ± 0.174615	0.965 ± 0.064834	0.504 ± 0.324693	0.934 ± 0.124770	0.5488 ± 0.310622	0.1281 ± 0.138389	0.546 ± 0.337333	0.933 ± 0.122396	0.523 ± 0.327574	0.933 ± 0.123552	0.807 ± 0.202585	0.989 ± 0.031557	0.739 ± 0.199541	0.944 ± 0.095076	0.841 ± 0.157861	0.990 ± 0.028714	0.855 ± 0.140192	0.988 ± 0.035231	0.770 ± 0.224972	0.989 ± 0.030852	0.734 ± 0.235268	0.945 ± 0.098341
