	mean_best_threshold_tuning_score	mean_best_threshold	mean_test_average_precision	mean_train_average_precision	mean_test_balanced_accuracy	mean_train_balanced_accuracy	mean_test_brier_loss	mean_train_brier_loss	mean_test_f1	mean_train_f1	mean_test_informedness	mean_train_informedness	mean_test_log_loss	mean_train_log_loss	mean_test_markedness	mean_train_markedness	mean_test_mcc	mean_train_mcc	mean_test_negative_predictive_value	mean_train_negative_predictive_value	mean_test_precision	mean_train_precision	mean_test_precision_recall_auc	mean_train_precision_recall_auc	mean_test_roc_auc	mean_train_roc_auc	mean_test_sensitivity	mean_train_sensitivity	mean_test_specificity	mean_train_specificity
mcc	nan	nan	0.800 ± 0.157202	0.969 ± 0.055258	0.658 ± 0.163685	0.924 ± 0.088938	0.22937 ± 0.075916	0.08291 ± 0.063930	0.673 ± 0.161927	0.920 ± 0.090692	0.316 ± 0.327370	0.847 ± 0.177877	0.7965 ± 0.454771	0.2949 ± 0.181813	0.361 ± 0.442045	0.847 ± 0.172843	0.350 ± 0.344480	0.847 ± 0.175327	0.769 ± 0.334752	0.967 ± 0.049835	0.592 ± 0.179932	0.880 ± 0.127010	0.766 ± 0.193236	0.969 ± 0.056032	0.781 ± 0.148911	0.965 ± 0.058606	0.853 ± 0.226854	0.969 ± 0.047368	0.463 ± 0.297577	0.878 ± 0.134653
precision_recall_auc	nan	nan	0.834 ± 0.134967	0.985 ± 0.033858	0.682 ± 0.159761	0.952 ± 0.074993	0.21156 ± 0.079844	0.04492 ± 0.055440	0.690 ± 0.161268	0.949 ± 0.076296	0.364 ± 0.319522	0.904 ± 0.149986	0.6944 ± 0.317230	0.1792 ± 0.164470	0.418 ± 0.375622	0.903 ± 0.146191	0.391 ± 0.329183	0.904 ± 0.148060	0.795 ± 0.267054	0.981 ± 0.040965	0.623 ± 0.197750	0.922 ± 0.109416	0.807 ± 0.162230	0.985 ± 0.034164	0.810 ± 0.151233	0.981 ± 0.042986	0.832 ± 0.202374	0.983 ± 0.038121	0.532 ± 0.297911	0.921 ± 0.115434
roc_auc	nan	nan	0.821 ± 0.150530	0.991 ± 0.028456	0.696 ± 0.148043	0.967 ± 0.062385	0.20605 ± 0.080156	0.02863 ± 0.046065	0.699 ± 0.143923	0.965 ± 0.064834	0.391 ± 0.296086	0.934 ± 0.124770	0.7003 ± 0.308373	0.1281 ± 0.138389	0.436 ± 0.357626	0.933 ± 0.122396	0.415 ± 0.308139	0.933 ± 0.123552	0.798 ± 0.255551	0.989 ± 0.031557	0.638 ± 0.194737	0.944 ± 0.095076	0.788 ± 0.186153	0.990 ± 0.028714	0.806 ± 0.151750	0.988 ± 0.035231	0.830 ± 0.183627	0.989 ± 0.030852	0.561 ± 0.284155	0.945 ± 0.098341
