	mean_best_threshold_tuning_score	mean_best_threshold	mean_test_average_precision	mean_train_average_precision	mean_test_balanced_accuracy	mean_train_balanced_accuracy	mean_test_brier_loss	mean_train_brier_loss	mean_test_f1	mean_train_f1	mean_test_informedness	mean_train_informedness	mean_test_log_loss	mean_train_log_loss	mean_test_markedness	mean_train_markedness	mean_test_mcc	mean_train_mcc	mean_test_negative_predictive_value	mean_train_negative_predictive_value	mean_test_precision	mean_train_precision	mean_test_precision_recall_auc	mean_train_precision_recall_auc	mean_test_roc_auc	mean_train_roc_auc	mean_test_sensitivity	mean_train_sensitivity	mean_test_specificity	mean_train_specificity
mcc	nan	nan	0.916 ± 0.092826	1.000 ± 0.000000	0.818 ± 0.127997	1.000 ± 0.000000	0.13304 ± 0.048670	0.01867 ± 0.003154	0.782 ± 0.166618	1.000 ± 0.000000	0.636 ± 0.255994	1.000 ± 0.000000	0.4199 ± 0.116765	0.1187 ± 0.013453	0.671 ± 0.254827	1.000 ± 0.000000	0.652 ± 0.253092	1.000 ± 0.000000	0.850 ± 0.144167	1.000 ± 0.000000	0.821 ± 0.176859	1.000 ± 0.000000	0.906 ± 0.107339	1.000 ± 0.000000	0.909 ± 0.106345	1.000 ± 0.000000	0.782 ± 0.221371	1.000 ± 0.000000	0.854 ± 0.134711	1.000 ± 0.000000
precision_recall_auc	nan	nan	0.912 ± 0.088083	1.000 ± 0.000000	0.821 ± 0.127967	1.000 ± 0.000000	0.13449 ± 0.049655	0.01847 ± 0.003358	0.784 ± 0.166730	1.000 ± 0.000000	0.642 ± 0.255933	1.000 ± 0.000000	0.4256 ± 0.119632	0.1197 ± 0.013698	0.675 ± 0.250666	1.000 ± 0.000000	0.657 ± 0.250844	1.000 ± 0.000000	0.858 ± 0.145237	1.000 ± 0.000000	0.817 ± 0.172335	1.000 ± 0.000000	0.904 ± 0.100403	1.000 ± 0.000000	0.906 ± 0.103028	1.000 ± 0.000000	0.792 ± 0.225406	1.000 ± 0.000000	0.850 ± 0.133248	1.000 ± 0.000000
roc_auc	nan	nan	0.911 ± 0.095358	1.000 ± 0.000000	0.826 ± 0.130010	1.000 ± 0.000000	0.13420 ± 0.052562	0.01850 ± 0.003422	0.792 ± 0.167440	1.000 ± 0.000000	0.652 ± 0.260020	1.000 ± 0.000000	0.4250 ± 0.127905	0.1188 ± 0.014069	0.679 ± 0.256121	1.000 ± 0.000000	0.664 ± 0.255969	1.000 ± 0.000000	0.863 ± 0.141013	1.000 ± 0.000000	0.816 ± 0.172581	1.000 ± 0.000000	0.903 ± 0.105676	1.000 ± 0.000000	0.900 ± 0.110914	1.000 ± 0.000000	0.802 ± 0.217496	1.000 ± 0.000000	0.850 ± 0.133248	1.000 ± 0.000000
