	mean_best_threshold_tuning_score	mean_best_threshold	mean_test_average_precision	mean_train_average_precision	mean_test_balanced_accuracy	mean_train_balanced_accuracy	mean_test_brier_loss	mean_train_brier_loss	mean_test_f1	mean_train_f1	mean_test_informedness	mean_train_informedness	mean_test_log_loss	mean_train_log_loss	mean_test_markedness	mean_train_markedness	mean_test_mcc	mean_train_mcc	mean_test_negative_predictive_value	mean_train_negative_predictive_value	mean_test_precision	mean_train_precision	mean_test_precision_recall_auc	mean_train_precision_recall_auc	mean_test_roc_auc	mean_train_roc_auc	mean_test_sensitivity	mean_train_sensitivity	mean_test_specificity	mean_train_specificity
mcc	nan	nan	0.910 ± 0.097101	1.000 ± 0.000000	0.816 ± 0.124770	1.000 ± 0.000000	0.13418 ± 0.054811	0.01824 ± 0.002939	0.781 ± 0.163466	1.000 ± 0.000000	0.632 ± 0.249540	1.000 ± 0.000000	0.4243 ± 0.135959	0.1171 ± 0.013287	0.666 ± 0.248477	1.000 ± 0.000000	0.647 ± 0.246714	1.000 ± 0.000000	0.856 ± 0.142259	1.000 ± 0.000000	0.810 ± 0.172746	1.000 ± 0.000000	0.898 ± 0.112973	1.000 ± 0.000000	0.900 ± 0.113751	1.000 ± 0.000000	0.792 ± 0.219674	1.000 ± 0.000000	0.840 ± 0.137024	1.000 ± 0.000000
precision_recall_auc	nan	nan	0.914 ± 0.095309	1.000 ± 0.000000	0.828 ± 0.124060	1.000 ± 0.000000	0.13605 ± 0.049739	0.01817 ± 0.002877	0.795 ± 0.161353	1.000 ± 0.000000	0.656 ± 0.248120	1.000 ± 0.000000	0.4269 ± 0.115781	0.1185 ± 0.012150	0.691 ± 0.245849	1.000 ± 0.000000	0.672 ± 0.244624	1.000 ± 0.000000	0.860 ± 0.139042	1.000 ± 0.000000	0.830 ± 0.173097	1.000 ± 0.000000	0.903 ± 0.106525	1.000 ± 0.000000	0.904 ± 0.108952	1.000 ± 0.000000	0.798 ± 0.215005	1.000 ± 0.000000	0.858 ± 0.136037	1.000 ± 0.000000
roc_auc	nan	nan	0.915 ± 0.090953	1.000 ± 0.000000	0.816 ± 0.125062	1.000 ± 0.000000	0.13380 ± 0.047921	0.01830 ± 0.002933	0.780 ± 0.162733	1.000 ± 0.000000	0.633 ± 0.250124	1.000 ± 0.000000	0.4218 ± 0.111408	0.1187 ± 0.012501	0.665 ± 0.248027	1.000 ± 0.000000	0.647 ± 0.246714	1.000 ± 0.000000	0.852 ± 0.140932	1.000 ± 0.000000	0.813 ± 0.175038	1.000 ± 0.000000	0.905 ± 0.101714	1.000 ± 0.000000	0.902 ± 0.109828	1.000 ± 0.000000	0.787 ± 0.217672	1.000 ± 0.000000	0.846 ± 0.137707	1.000 ± 0.000000
