	mean_best_threshold_tuning_score	mean_best_threshold	mean_test_average_precision	mean_train_average_precision	mean_test_balanced_accuracy	mean_train_balanced_accuracy	mean_test_brier_loss	mean_train_brier_loss	mean_test_f1	mean_train_f1	mean_test_informedness	mean_train_informedness	mean_test_log_loss	mean_train_log_loss	mean_test_markedness	mean_train_markedness	mean_test_mcc	mean_train_mcc	mean_test_negative_predictive_value	mean_train_negative_predictive_value	mean_test_precision	mean_train_precision	mean_test_precision_recall_auc	mean_train_precision_recall_auc	mean_test_roc_auc	mean_train_roc_auc	mean_test_sensitivity	mean_train_sensitivity	mean_test_specificity	mean_train_specificity
mcc	nan	nan	0.904 ± 0.104172	1.000 ± 0.000000	0.833 ± 0.117403	1.000 ± 0.000000	0.13292 ± 0.060050	0.01001 ± 0.001967	0.808 ± 0.137113	1.000 ± 0.000000	0.665 ± 0.234807	1.000 ± 0.000000	0.4296 ± 0.168654	0.0783 ± 0.011632	0.696 ± 0.234129	1.000 ± 0.000000	0.680 ± 0.232671	1.000 ± 0.000000	0.851 ± 0.128413	1.000 ± 0.000000	0.845 ± 0.169581	1.000 ± 0.000000	0.887 ± 0.129241	1.000 ± 0.000000	0.902 ± 0.098155	1.000 ± 0.000000	0.803 ± 0.176383	1.000 ± 0.000000	0.862 ± 0.157000	1.000 ± 0.000000
precision_recall_auc	nan	nan	0.901 ± 0.103664	1.000 ± 0.000000	0.829 ± 0.127266	1.000 ± 0.000000	0.12970 ± 0.060536	0.00941 ± 0.001746	0.802 ± 0.150093	1.000 ± 0.000000	0.658 ± 0.254533	1.000 ± 0.000000	0.4236 ± 0.169764	0.0742 ± 0.010513	0.686 ± 0.249506	1.000 ± 0.000000	0.670 ± 0.250130	1.000 ± 0.000000	0.857 ± 0.132365	1.000 ± 0.000000	0.829 ± 0.180295	1.000 ± 0.000000	0.885 ± 0.123217	1.000 ± 0.000000	0.905 ± 0.087674	1.000 ± 0.000000	0.812 ± 0.186575	1.000 ± 0.000000	0.846 ± 0.170186	1.000 ± 0.000000
roc_auc	nan	nan	0.901 ± 0.102959	1.000 ± 0.000000	0.837 ± 0.121594	1.000 ± 0.000000	0.13285 ± 0.058902	0.00980 ± 0.002157	0.813 ± 0.142569	1.000 ± 0.000000	0.674 ± 0.243189	1.000 ± 0.000000	0.4251 ± 0.157118	0.0766 ± 0.012897	0.699 ± 0.243297	1.000 ± 0.000000	0.686 ± 0.241888	1.000 ± 0.000000	0.866 ± 0.129273	1.000 ± 0.000000	0.833 ± 0.177312	1.000 ± 0.000000	0.882 ± 0.128967	1.000 ± 0.000000	0.903 ± 0.093246	1.000 ± 0.000000	0.823 ± 0.176287	1.000 ± 0.000000	0.851 ± 0.163348	1.000 ± 0.000000
