	mean_best_threshold_tuning_score	mean_best_threshold	mean_test_average_precision	mean_train_average_precision	mean_test_balanced_accuracy	mean_train_balanced_accuracy	mean_test_brier_loss	mean_train_brier_loss	mean_test_f1	mean_train_f1	mean_test_informedness	mean_train_informedness	mean_test_log_loss	mean_train_log_loss	mean_test_markedness	mean_train_markedness	mean_test_mcc	mean_train_mcc	mean_test_negative_predictive_value	mean_train_negative_predictive_value	mean_test_precision	mean_train_precision	mean_test_precision_recall_auc	mean_train_precision_recall_auc	mean_test_roc_auc	mean_train_roc_auc	mean_test_sensitivity	mean_train_sensitivity	mean_test_specificity	mean_train_specificity
mcc	nan	nan	0.927 ± 0.080627	0.963 ± 0.021397	0.853 ± 0.104241	0.902 ± 0.027412	0.10741 ± 0.059779	0.07589 ± 0.018590	0.814 ± 0.148861	0.891 ± 0.032675	0.706 ± 0.208483	0.804 ± 0.054825	0.3516 ± 0.155030	0.2673 ± 0.053609	0.796 ± 0.141381	0.852 ± 0.053308	0.746 ± 0.175181	0.828 ± 0.052972	0.835 ± 0.123551	0.870 ± 0.030108	0.961 ± 0.099466	0.982 ± 0.042382	0.919 ± 0.088512	0.963 ± 0.021625	0.886 ± 0.134631	0.948 ± 0.034020	0.742 ± 0.211791	0.818 ± 0.047121	0.964 ± 0.097959	0.986 ± 0.033207
precision_recall_auc	nan	nan	0.940 ± 0.074434	0.957 ± 0.017835	0.804 ± 0.122211	0.831 ± 0.079475	0.11965 ± 0.055638	0.08921 ± 0.027377	0.727 ± 0.219000	0.786 ± 0.128557	0.608 ± 0.244422	0.662 ± 0.158949	0.3820 ± 0.144864	0.2956 ± 0.075829	0.717 ± 0.258819	0.776 ± 0.079323	0.663 ± 0.217832	0.714 ± 0.124210	0.785 ± 0.120865	0.798 ± 0.085970	0.932 ± 0.214983	0.978 ± 0.045442	0.933 ± 0.083167	0.957 ± 0.018091	0.916 ± 0.117811	0.952 ± 0.022845	0.633 ± 0.255329	0.679 ± 0.170989	0.975 ± 0.089357	0.983 ± 0.036093
roc_auc	nan	nan	0.943 ± 0.072204	0.956 ± 0.017074	0.796 ± 0.127434	0.819 ± 0.072003	0.11829 ± 0.054725	0.09909 ± 0.028293	0.718 ± 0.224684	0.772 ± 0.119183	0.592 ± 0.254868	0.638 ± 0.144006	0.3767 ± 0.140477	0.3175 ± 0.078433	0.699 ± 0.268448	0.746 ± 0.075625	0.645 ± 0.229728	0.687 ± 0.110871	0.783 ± 0.130765	0.794 ± 0.082379	0.916 ± 0.220260	0.952 ± 0.071409	0.936 ± 0.080879	0.955 ± 0.017338	0.922 ± 0.112236	0.956 ± 0.017686	0.637 ± 0.267134	0.676 ± 0.169199	0.955 ± 0.119202	0.962 ± 0.059521
