	mean_best_threshold_tuning_score	mean_best_threshold	mean_test_average_precision	mean_train_average_precision	mean_test_balanced_accuracy	mean_train_balanced_accuracy	mean_test_brier_loss	mean_train_brier_loss	mean_test_f1	mean_train_f1	mean_test_informedness	mean_train_informedness	mean_test_log_loss	mean_train_log_loss	mean_test_markedness	mean_train_markedness	mean_test_mcc	mean_train_mcc	mean_test_negative_predictive_value	mean_train_negative_predictive_value	mean_test_precision	mean_train_precision	mean_test_precision_recall_auc	mean_train_precision_recall_auc	mean_test_roc_auc	mean_train_roc_auc	mean_test_sensitivity	mean_train_sensitivity	mean_test_specificity	mean_train_specificity
mcc	nan	nan	0.947 ± 0.064936	0.970 ± 0.020402	0.857 ± 0.101756	0.906 ± 0.031810	0.10482 ± 0.059967	0.06825 ± 0.016744	0.827 ± 0.129974	0.895 ± 0.037425	0.714 ± 0.203513	0.811 ± 0.063620	0.3396 ± 0.150435	0.2441 ± 0.044421	0.790 ± 0.166161	0.850 ± 0.053070	0.749 ± 0.182389	0.830 ± 0.057951	0.840 ± 0.117332	0.877 ± 0.037506	0.949 ± 0.120607	0.973 ± 0.027551	0.940 ± 0.073682	0.970 ± 0.020544	0.931 ± 0.092537	0.961 ± 0.031937	0.763 ± 0.186992	0.830 ± 0.055738	0.951 ± 0.121003	0.982 ± 0.019258
precision_recall_auc	nan	nan	0.945 ± 0.070001	0.962 ± 0.018684	0.747 ± 0.145584	0.782 ± 0.133557	0.11294 ± 0.063691	0.08054 ± 0.024731	0.606 ± 0.306152	0.674 ± 0.292649	0.495 ± 0.291167	0.564 ± 0.267113	0.3630 ± 0.177447	0.2639 ± 0.065748	0.555 ± 0.452481	0.604 ± 0.436021	0.552 ± 0.288372	0.612 ± 0.270968	0.733 ± 0.140022	0.759 ± 0.114468	0.822 ± 0.369799	0.845 ± 0.346838	0.939 ± 0.077126	0.961 ± 0.018846	0.921 ± 0.115859	0.957 ± 0.023778	0.512 ± 0.306769	0.576 ± 0.275938	0.983 ± 0.071149	0.989 ± 0.033417
roc_auc	nan	nan	0.948 ± 0.065771	0.958 ± 0.018087	0.750 ± 0.150975	0.782 ± 0.118456	0.11664 ± 0.061871	0.08731 ± 0.025467	0.610 ± 0.312491	0.685 ± 0.253571	0.500 ± 0.301949	0.563 ± 0.236912	0.3717 ± 0.170406	0.2810 ± 0.067555	0.558 ± 0.451083	0.639 ± 0.376503	0.555 ± 0.296711	0.619 ± 0.235996	0.736 ± 0.130594	0.755 ± 0.107467	0.822 ± 0.369627	0.883 ± 0.300709	0.942 ± 0.073294	0.958 ± 0.018255	0.930 ± 0.101666	0.955 ± 0.020652	0.513 ± 0.305542	0.576 ± 0.247275	0.987 ± 0.052304	0.987 ± 0.037122
