	mean_best_threshold_tuning_score	mean_best_threshold	mean_test_average_precision	mean_train_average_precision	mean_test_balanced_accuracy	mean_train_balanced_accuracy	mean_test_brier_loss	mean_train_brier_loss	mean_test_f1	mean_train_f1	mean_test_informedness	mean_train_informedness	mean_test_log_loss	mean_train_log_loss	mean_test_markedness	mean_train_markedness	mean_test_mcc	mean_train_mcc	mean_test_negative_predictive_value	mean_train_negative_predictive_value	mean_test_precision	mean_train_precision	mean_test_precision_recall_auc	mean_train_precision_recall_auc	mean_test_roc_auc	mean_train_roc_auc	mean_test_sensitivity	mean_train_sensitivity	mean_test_specificity	mean_train_specificity
mcc	nan	nan	0.953 ± 0.066568	0.970 ± 0.020402	0.862 ± 0.110236	0.906 ± 0.031810	0.09876 ± 0.057794	0.06825 ± 0.016744	0.828 ± 0.150790	0.895 ± 0.037425	0.725 ± 0.220473	0.811 ± 0.063620	0.3284 ± 0.150756	0.2441 ± 0.044421	0.811 ± 0.161627	0.850 ± 0.053070	0.763 ± 0.190830	0.830 ± 0.057951	0.838 ± 0.122788	0.877 ± 0.037506	0.972 ± 0.096398	0.973 ± 0.027551	0.948 ± 0.073870	0.970 ± 0.020544	0.931 ± 0.101331	0.961 ± 0.031937	0.752 ± 0.205846	0.830 ± 0.055738	0.973 ± 0.098566	0.982 ± 0.019258
precision_recall_auc	nan	nan	0.946 ± 0.071555	0.962 ± 0.018684	0.740 ± 0.154689	0.782 ± 0.133557	0.10665 ± 0.056946	0.08054 ± 0.024731	0.585 ± 0.321455	0.674 ± 0.292649	0.481 ± 0.309377	0.564 ± 0.267113	0.3452 ± 0.147554	0.2639 ± 0.065748	0.539 ± 0.479381	0.604 ± 0.436021	0.541 ± 0.305232	0.612 ± 0.270968	0.724 ± 0.144441	0.759 ± 0.114468	0.815 ± 0.387331	0.845 ± 0.346838	0.940 ± 0.078966	0.961 ± 0.018846	0.920 ± 0.107312	0.957 ± 0.023778	0.485 ± 0.314831	0.576 ± 0.275938	0.996 ± 0.028284	0.989 ± 0.033417
roc_auc	nan	nan	0.948 ± 0.067662	0.958 ± 0.018087	0.751 ± 0.154545	0.782 ± 0.118456	0.11203 ± 0.059934	0.08731 ± 0.025467	0.608 ± 0.315198	0.685 ± 0.253571	0.503 ± 0.309091	0.563 ± 0.236912	0.3580 ± 0.155114	0.2810 ± 0.067555	0.570 ± 0.454548	0.639 ± 0.376503	0.561 ± 0.301555	0.619 ± 0.235996	0.737 ± 0.135694	0.755 ± 0.107467	0.833 ± 0.370389	0.883 ± 0.300709	0.942 ± 0.075283	0.958 ± 0.018255	0.928 ± 0.096359	0.955 ± 0.020652	0.507 ± 0.309908	0.576 ± 0.247275	0.996 ± 0.028284	0.987 ± 0.037122
