	mean_best_threshold_tuning_score	mean_best_threshold	mean_test_average_precision	mean_train_average_precision	mean_test_balanced_accuracy	mean_train_balanced_accuracy	mean_test_brier_loss	mean_train_brier_loss	mean_test_f1	mean_train_f1	mean_test_informedness	mean_train_informedness	mean_test_log_loss	mean_train_log_loss	mean_test_markedness	mean_train_markedness	mean_test_mcc	mean_train_mcc	mean_test_negative_predictive_value	mean_train_negative_predictive_value	mean_test_precision	mean_train_precision	mean_test_precision_recall_auc	mean_train_precision_recall_auc	mean_test_roc_auc	mean_train_roc_auc	mean_test_sensitivity	mean_train_sensitivity	mean_test_specificity	mean_train_specificity
mcc	nan	nan	0.904 ± 0.104217	1.000 ± 0.000000	0.816 ± 0.116672	1.000 ± 0.000000	0.14795 ± 0.058992	0.01050 ± 0.002237	0.757 ± 0.188600	1.000 ± 0.000000	0.632 ± 0.233343	1.000 ± 0.000000	0.4796 ± 0.171218	0.0827 ± 0.012270	0.715 ± 0.251069	1.000 ± 0.000000	0.674 ± 0.216927	1.000 ± 0.000000	0.801 ± 0.133020	1.000 ± 0.000000	0.914 ± 0.190784	1.000 ± 0.000000	0.894 ± 0.114660	1.000 ± 0.000000	0.867 ± 0.153423	1.000 ± 0.000000	0.683 ± 0.233891	1.000 ± 0.000000	0.949 ± 0.108557	1.000 ± 0.000000
precision_recall_auc	nan	nan	0.903 ± 0.101405	1.000 ± 0.000000	0.804 ± 0.108644	1.000 ± 0.000000	0.14503 ± 0.055299	0.01017 ± 0.001946	0.745 ± 0.174973	1.000 ± 0.000000	0.608 ± 0.217287	1.000 ± 0.000000	0.4713 ± 0.160961	0.0806 ± 0.010532	0.688 ± 0.248877	1.000 ± 0.000000	0.649 ± 0.206973	1.000 ± 0.000000	0.786 ± 0.121537	1.000 ± 0.000000	0.902 ± 0.196299	1.000 ± 0.000000	0.894 ± 0.109640	1.000 ± 0.000000	0.865 ± 0.146347	1.000 ± 0.000000	0.668 ± 0.214610	1.000 ± 0.000000	0.940 ± 0.113389	1.000 ± 0.000000
roc_auc	nan	nan	0.904 ± 0.107372	1.000 ± 0.000000	0.818 ± 0.108780	1.000 ± 0.000000	0.14406 ± 0.056581	0.00998 ± 0.001809	0.761 ± 0.177565	1.000 ± 0.000000	0.636 ± 0.217559	1.000 ± 0.000000	0.4677 ± 0.157077	0.0801 ± 0.009611	0.718 ± 0.242060	1.000 ± 0.000000	0.678 ± 0.202984	1.000 ± 0.000000	0.796 ± 0.123655	1.000 ± 0.000000	0.922 ± 0.185667	1.000 ± 0.000000	0.893 ± 0.121338	1.000 ± 0.000000	0.868 ± 0.149282	1.000 ± 0.000000	0.678 ± 0.218224	1.000 ± 0.000000	0.958 ± 0.094415	1.000 ± 0.000000
