	mean_best_threshold_tuning_score	mean_best_threshold	mean_test_average_precision	mean_train_average_precision	mean_test_balanced_accuracy	mean_train_balanced_accuracy	mean_test_brier_loss	mean_train_brier_loss	mean_test_f1	mean_train_f1	mean_test_informedness	mean_train_informedness	mean_test_log_loss	mean_train_log_loss	mean_test_markedness	mean_train_markedness	mean_test_mcc	mean_train_mcc	mean_test_negative_predictive_value	mean_train_negative_predictive_value	mean_test_precision	mean_train_precision	mean_test_precision_recall_auc	mean_train_precision_recall_auc	mean_test_roc_auc	mean_train_roc_auc	mean_test_sensitivity	mean_train_sensitivity	mean_test_specificity	mean_train_specificity
mcc	nan	nan	0.877 ± 0.114182	1.000 ± 0.000000	0.771 ± 0.135988	1.000 ± 0.000000	0.16123 ± 0.058840	0.01063 ± 0.002429	0.735 ± 0.162642	1.000 ± 0.000000	0.542 ± 0.271976	1.000 ± 0.000000	0.5706 ± 0.601105	0.0822 ± 0.012425	0.577 ± 0.270132	1.000 ± 0.000000	0.558 ± 0.268654	1.000 ± 0.000000	0.800 ± 0.136327	1.000 ± 0.000000	0.778 ± 0.195892	1.000 ± 0.000000	0.863 ± 0.133302	1.000 ± 0.000000	0.873 ± 0.122728	1.000 ± 0.000000	0.735 ± 0.197554	1.000 ± 0.000000	0.807 ± 0.192197	1.000 ± 0.000000
precision_recall_auc	nan	nan	0.893 ± 0.105195	1.000 ± 0.000000	0.797 ± 0.126703	1.000 ± 0.000000	0.15326 ± 0.055289	0.00982 ± 0.001699	0.759 ± 0.160782	1.000 ± 0.000000	0.594 ± 0.253407	1.000 ± 0.000000	0.4748 ± 0.142669	0.0795 ± 0.009261	0.635 ± 0.243550	1.000 ± 0.000000	0.612 ± 0.245306	1.000 ± 0.000000	0.825 ± 0.131697	1.000 ± 0.000000	0.810 ± 0.186628	1.000 ± 0.000000	0.876 ± 0.128864	1.000 ± 0.000000	0.885 ± 0.117917	1.000 ± 0.000000	0.760 ± 0.205949	1.000 ± 0.000000	0.834 ± 0.170665	1.000 ± 0.000000
roc_auc	nan	nan	0.877 ± 0.124498	1.000 ± 0.000000	0.789 ± 0.120708	1.000 ± 0.000000	0.15505 ± 0.055602	0.01001 ± 0.001923	0.748 ± 0.154788	1.000 ± 0.000000	0.578 ± 0.241416	1.000 ± 0.000000	0.4779 ± 0.142271	0.0799 ± 0.010128	0.624 ± 0.230932	1.000 ± 0.000000	0.598 ± 0.232398	1.000 ± 0.000000	0.816 ± 0.132818	1.000 ± 0.000000	0.808 ± 0.180615	1.000 ± 0.000000	0.855 ± 0.155296	1.000 ± 0.000000	0.876 ± 0.123352	1.000 ± 0.000000	0.745 ± 0.209206	1.000 ± 0.000000	0.833 ± 0.166172	1.000 ± 0.000000
