	mean_best_threshold_tuning_score	mean_best_threshold	mean_test_average_precision	mean_train_average_precision	mean_test_balanced_accuracy	mean_train_balanced_accuracy	mean_test_brier_loss	mean_train_brier_loss	mean_test_f1	mean_train_f1	mean_test_informedness	mean_train_informedness	mean_test_log_loss	mean_train_log_loss	mean_test_markedness	mean_train_markedness	mean_test_mcc	mean_train_mcc	mean_test_negative_predictive_value	mean_train_negative_predictive_value	mean_test_precision	mean_train_precision	mean_test_precision_recall_auc	mean_train_precision_recall_auc	mean_test_roc_auc	mean_train_roc_auc	mean_test_sensitivity	mean_train_sensitivity	mean_test_specificity	mean_train_specificity
mcc	nan	nan	0.962 ± 0.052804	0.993 ± 0.013808	0.859 ± 0.109056	0.957 ± 0.051469	0.09654 ± 0.059749	0.02812 ± 0.030405	0.824 ± 0.148764	0.952 ± 0.057822	0.717 ± 0.218113	0.914 ± 0.102937	0.3205 ± 0.156527	0.1216 ± 0.092495	0.804 ± 0.163916	0.934 ± 0.080453	0.756 ± 0.190002	0.924 ± 0.091734	0.837 ± 0.116925	0.942 ± 0.067938	0.967 ± 0.105274	0.992 ± 0.020117	0.958 ± 0.057843	0.993 ± 0.013927	0.946 ± 0.081293	0.993 ± 0.016774	0.748 ± 0.200262	0.920 ± 0.095071	0.969 ± 0.101464	0.994 ± 0.013994
precision_recall_auc	nan	nan	0.942 ± 0.071966	0.988 ± 0.015336	0.773 ± 0.167551	0.842 ± 0.169838	0.10732 ± 0.059456	0.03982 ± 0.038246	0.638 ± 0.340047	0.747 ± 0.334681	0.546 ± 0.335102	0.683 ± 0.339677	0.3467 ± 0.155242	0.1446 ± 0.110641	0.566 ± 0.498133	0.707 ± 0.448686	0.590 ± 0.330425	0.715 ± 0.326632	0.761 ± 0.153478	0.827 ± 0.158556	0.805 ± 0.388909	0.880 ± 0.328110	0.936 ± 0.079457	0.987 ± 0.015484	0.916 ± 0.105743	0.987 ± 0.016841	0.558 ± 0.337243	0.683 ± 0.340012	0.988 ± 0.062727	1.000 ± 0.002773
roc_auc	nan	nan	0.949 ± 0.067168	0.984 ± 0.016911	0.789 ± 0.155208	0.859 ± 0.142822	0.11231 ± 0.060332	0.04954 ± 0.041982	0.678 ± 0.302831	0.796 ± 0.257279	0.577 ± 0.310416	0.718 ± 0.285643	0.3541 ± 0.155093	0.1730 ± 0.115963	0.635 ± 0.411818	0.776 ± 0.341329	0.623 ± 0.298093	0.757 ± 0.263081	0.776 ± 0.137289	0.839 ± 0.147272	0.858 ± 0.332588	0.937 ± 0.239861	0.943 ± 0.074934	0.984 ± 0.017082	0.934 ± 0.089011	0.985 ± 0.016906	0.593 ± 0.311186	0.721 ± 0.286729	0.984 ± 0.068094	0.997 ± 0.016811
