	mean_best_threshold_tuning_score	mean_best_threshold	mean_test_average_precision	mean_train_average_precision	mean_test_balanced_accuracy	mean_train_balanced_accuracy	mean_test_brier_loss	mean_train_brier_loss	mean_test_f1	mean_train_f1	mean_test_informedness	mean_train_informedness	mean_test_log_loss	mean_train_log_loss	mean_test_markedness	mean_train_markedness	mean_test_mcc	mean_train_mcc	mean_test_negative_predictive_value	mean_train_negative_predictive_value	mean_test_precision	mean_train_precision	mean_test_precision_recall_auc	mean_train_precision_recall_auc	mean_test_roc_auc	mean_train_roc_auc	mean_test_sensitivity	mean_train_sensitivity	mean_test_specificity	mean_train_specificity
mcc	nan	nan	0.887 ± 0.110479	1.000 ± 0.000282	0.846 ± 0.108865	0.993 ± 0.005253	0.13776 ± 0.077689	0.01527 ± 0.003869	0.814 ± 0.140871	0.993 ± 0.005713	0.692 ± 0.217730	0.987 ± 0.010506	0.6144 ± 0.945710	0.0862 ± 0.014700	0.756 ± 0.187937	0.987 ± 0.010249	0.721 ± 0.199641	0.987 ± 0.010228	0.846 ± 0.131710	0.994 ± 0.008942	0.910 ± 0.130410	0.994 ± 0.010406	0.872 ± 0.129133	1.000 ± 0.000161	0.852 ± 0.143864	1.000 ± 0.000130	0.775 ± 0.204990	0.992 ± 0.011046	0.917 ± 0.123557	0.995 ± 0.008508
precision_recall_auc	nan	nan	0.889 ± 0.107283	1.000 ± 0.000261	0.845 ± 0.105530	0.993 ± 0.005353	0.13461 ± 0.077747	0.01484 ± 0.003916	0.815 ± 0.134415	0.993 ± 0.005726	0.690 ± 0.211060	0.987 ± 0.010707	0.6078 ± 1.200845	0.0819 ± 0.014406	0.747 ± 0.191137	0.987 ± 0.010044	0.716 ± 0.197743	0.987 ± 0.010232	0.848 ± 0.126774	0.993 ± 0.009237	0.899 ± 0.141575	0.995 ± 0.009620	0.874 ± 0.127006	1.000 ± 0.000130	0.853 ± 0.140358	1.000 ± 0.000108	0.780 ± 0.194715	0.991 ± 0.011440	0.910 ± 0.126168	0.996 ± 0.007835
roc_auc	nan	nan	0.889 ± 0.111020	1.000 ± 0.000261	0.850 ± 0.105951	0.993 ± 0.005257	0.13587 ± 0.078891	0.01479 ± 0.004118	0.819 ± 0.134877	0.993 ± 0.005708	0.701 ± 0.211902	0.987 ± 0.010513	0.4615 ± 0.293657	0.0817 ± 0.014779	0.759 ± 0.185254	0.987 ± 0.010242	0.727 ± 0.195453	0.987 ± 0.010228	0.850 ± 0.125574	0.994 ± 0.008550	0.909 ± 0.140587	0.993 ± 0.010654	0.877 ± 0.129681	1.000 ± 0.000130	0.860 ± 0.141535	1.000 ± 0.000108	0.780 ± 0.194715	0.993 ± 0.010833	0.921 ± 0.128210	0.994 ± 0.008956
