	mean_best_threshold_tuning_score	mean_best_threshold	mean_test_average_precision	mean_train_average_precision	mean_test_balanced_accuracy	mean_train_balanced_accuracy	mean_test_brier_loss	mean_train_brier_loss	mean_test_f1	mean_train_f1	mean_test_informedness	mean_train_informedness	mean_test_log_loss	mean_train_log_loss	mean_test_markedness	mean_train_markedness	mean_test_mcc	mean_train_mcc	mean_test_negative_predictive_value	mean_train_negative_predictive_value	mean_test_precision	mean_train_precision	mean_test_precision_recall_auc	mean_train_precision_recall_auc	mean_test_roc_auc	mean_train_roc_auc	mean_test_sensitivity	mean_train_sensitivity	mean_test_specificity	mean_train_specificity
mcc	nan	nan	0.911 ± 0.094086	1.000 ± 0.000261	0.830 ± 0.104977	0.993 ± 0.005255	0.12335 ± 0.065118	0.01525 ± 0.003523	0.784 ± 0.147629	0.993 ± 0.005711	0.660 ± 0.209953	0.987 ± 0.010510	0.3891 ± 0.182681	0.0858 ± 0.013672	0.728 ± 0.178960	0.987 ± 0.010245	0.691 ± 0.191072	0.987 ± 0.010228	0.818 ± 0.118175	0.994 ± 0.008758	0.910 ± 0.143688	0.993 ± 0.010539	0.902 ± 0.104421	1.000 ± 0.000130	0.886 ± 0.120095	1.000 ± 0.000108	0.723 ± 0.201637	0.993 ± 0.010948	0.937 ± 0.097839	0.994 ± 0.008745
precision_recall_auc	nan	nan	0.913 ± 0.090090	1.000 ± 0.000261	0.827 ± 0.107879	0.993 ± 0.005319	0.12318 ± 0.065186	0.01486 ± 0.003977	0.783 ± 0.148568	0.993 ± 0.005714	0.654 ± 0.215757	0.987 ± 0.010637	0.3906 ± 0.183503	0.0825 ± 0.014193	0.722 ± 0.189842	0.987 ± 0.010118	0.685 ± 0.199149	0.987 ± 0.010231	0.817 ± 0.120632	0.994 ± 0.008663	0.905 ± 0.144837	0.993 ± 0.010399	0.903 ± 0.101127	1.000 ± 0.000130	0.885 ± 0.118644	1.000 ± 0.000108	0.723 ± 0.201637	0.992 ± 0.011085	0.931 ± 0.102465	0.994 ± 0.008846
roc_auc	nan	nan	0.912 ± 0.090629	1.000 ± 0.000261	0.827 ± 0.107879	0.994 ± 0.005193	0.12180 ± 0.066128	0.01474 ± 0.003940	0.783 ± 0.148568	0.993 ± 0.005702	0.654 ± 0.215757	0.987 ± 0.010385	0.3856 ± 0.187695	0.0818 ± 0.014189	0.722 ± 0.189842	0.987 ± 0.010363	0.685 ± 0.199149	0.987 ± 0.010225	0.817 ± 0.120632	0.995 ± 0.008421	0.905 ± 0.144837	0.992 ± 0.010881	0.902 ± 0.101165	1.000 ± 0.000130	0.893 ± 0.109386	1.000 ± 0.000108	0.723 ± 0.201637	0.993 ± 0.010550	0.931 ± 0.102465	0.994 ± 0.009051
