	mean_best_threshold_tuning_score	mean_best_threshold	mean_test_average_precision	mean_train_average_precision	mean_test_balanced_accuracy	mean_train_balanced_accuracy	mean_test_brier_loss	mean_train_brier_loss	mean_test_f1	mean_train_f1	mean_test_informedness	mean_train_informedness	mean_test_log_loss	mean_train_log_loss	mean_test_markedness	mean_train_markedness	mean_test_mcc	mean_train_mcc	mean_test_negative_predictive_value	mean_train_negative_predictive_value	mean_test_precision	mean_train_precision	mean_test_precision_recall_auc	mean_train_precision_recall_auc	mean_test_roc_auc	mean_train_roc_auc	mean_test_sensitivity	mean_train_sensitivity	mean_test_specificity	mean_train_specificity
mcc	nan	nan	0.788 ± 0.139814	0.993 ± 0.014984	0.680 ± 0.127510	0.969 ± 0.055063	0.21678 ± 0.060320	0.11436 ± 0.047483	0.588 ± 0.228207	0.965 ± 0.064088	0.360 ± 0.255020	0.939 ± 0.110126	0.6470 ± 0.213488	0.3756 ± 0.119530	0.402 ± 0.347044	0.957 ± 0.076459	0.386 ± 0.275716	0.948 ± 0.093722	0.711 ± 0.128572	0.960 ± 0.071758	0.691 ± 0.287538	0.998 ± 0.008260	0.756 ± 0.171559	0.993 ± 0.015165	0.715 ± 0.161559	0.993 ± 0.014884	0.562 ± 0.262882	0.940 ± 0.107481	0.798 ± 0.185153	0.998 ± 0.005227
precision_recall_auc	nan	nan	0.805 ± 0.142835	0.985 ± 0.019523	0.684 ± 0.122130	0.940 ± 0.071142	0.21452 ± 0.074668	0.08675 ± 0.030212	0.582 ± 0.228551	0.930 ± 0.084198	0.368 ± 0.244259	0.880 ± 0.142283	0.7054 ± 0.324133	0.3068 ± 0.078645	0.430 ± 0.349217	0.918 ± 0.095779	0.406 ± 0.262467	0.898 ± 0.119749	0.709 ± 0.131140	0.921 ± 0.091228	0.720 ± 0.298357	0.997 ± 0.009827	0.776 ± 0.172986	0.985 ± 0.019760	0.734 ± 0.165137	0.985 ± 0.020692	0.543 ± 0.267918	0.882 ± 0.139831	0.825 ± 0.195941	0.998 ± 0.005680
roc_auc	nan	nan	0.780 ± 0.142522	0.992 ± 0.013993	0.690 ± 0.121385	0.962 ± 0.056716	0.22516 ± 0.067519	0.08518 ± 0.034888	0.599 ± 0.212955	0.956 ± 0.065777	0.380 ± 0.242771	0.924 ± 0.113432	0.7109 ± 0.278527	0.3028 ± 0.090302	0.432 ± 0.319684	0.946 ± 0.078043	0.410 ± 0.258076	0.934 ± 0.096136	0.715 ± 0.129221	0.950 ± 0.075578	0.717 ± 0.271908	0.995 ± 0.012589	0.748 ± 0.171216	0.992 ± 0.014160	0.708 ± 0.175241	0.992 ± 0.015506	0.567 ± 0.253099	0.927 ± 0.112551	0.813 ± 0.185937	0.997 ± 0.009871
