	mean_best_threshold_tuning_score	mean_best_threshold	mean_test_average_precision	mean_train_average_precision	mean_test_balanced_accuracy	mean_train_balanced_accuracy	mean_test_brier_loss	mean_train_brier_loss	mean_test_f1	mean_train_f1	mean_test_informedness	mean_train_informedness	mean_test_log_loss	mean_train_log_loss	mean_test_markedness	mean_train_markedness	mean_test_mcc	mean_train_mcc	mean_test_negative_predictive_value	mean_train_negative_predictive_value	mean_test_precision	mean_train_precision	mean_test_precision_recall_auc	mean_train_precision_recall_auc	mean_test_roc_auc	mean_train_roc_auc	mean_test_sensitivity	mean_train_sensitivity	mean_test_specificity	mean_train_specificity
mcc	nan	nan	0.928 ± 0.091786	0.968 ± 0.018155	0.839 ± 0.120534	0.901 ± 0.044267	0.12879 ± 0.076646	0.06915 ± 0.026275	0.815 ± 0.143979	0.890 ± 0.050260	0.678 ± 0.241067	0.802 ± 0.088535	0.4259 ± 0.224139	0.2413 ± 0.073926	0.705 ± 0.240022	0.826 ± 0.087575	0.691 ± 0.239133	0.814 ± 0.087500	0.870 ± 0.123474	0.886 ± 0.045214	0.835 ± 0.181473	0.940 ± 0.057246	0.919 ± 0.102424	0.968 ± 0.018404	0.904 ± 0.125060	0.965 ± 0.021026	0.827 ± 0.177249	0.848 ± 0.062995	0.851 ± 0.170979	0.954 ± 0.046789
precision_recall_auc	nan	nan	0.945 ± 0.080892	0.959 ± 0.017635	0.832 ± 0.134540	0.851 ± 0.082815	0.12800 ± 0.073076	0.08763 ± 0.026163	0.793 ± 0.205825	0.818 ± 0.174453	0.663 ± 0.269079	0.702 ± 0.165630	0.4123 ± 0.213827	0.2804 ± 0.073826	0.673 ± 0.331535	0.695 ± 0.248937	0.677 ± 0.266539	0.707 ± 0.167694	0.853 ± 0.146004	0.857 ± 0.071289	0.820 ± 0.233083	0.838 ± 0.184453	0.937 ± 0.091632	0.958 ± 0.017887	0.935 ± 0.101615	0.957 ± 0.018904	0.798 ± 0.230897	0.801 ± 0.172922	0.865 ± 0.174452	0.901 ± 0.059691
roc_auc	nan	nan	0.952 ± 0.073015	0.957 ± 0.014794	0.849 ± 0.103568	0.856 ± 0.036474	0.12181 ± 0.066995	0.09458 ± 0.022002	0.828 ± 0.119209	0.840 ± 0.041304	0.698 ± 0.207136	0.711 ± 0.072948	0.3888 ± 0.190217	0.2991 ± 0.063366	0.731 ± 0.201247	0.721 ± 0.077335	0.713 ± 0.201807	0.716 ± 0.074049	0.870 ± 0.117109	0.863 ± 0.036245	0.861 ± 0.154515	0.858 ± 0.061479	0.946 ± 0.081630	0.956 ± 0.015007	0.942 ± 0.094216	0.955 ± 0.015919	0.828 ± 0.162717	0.827 ± 0.054210	0.870 ± 0.151186	0.884 ± 0.053248
