	mean_best_threshold_tuning_score	mean_best_threshold	mean_test_average_precision	mean_train_average_precision	mean_test_balanced_accuracy	mean_train_balanced_accuracy	mean_test_brier_loss	mean_train_brier_loss	mean_test_f1	mean_train_f1	mean_test_informedness	mean_train_informedness	mean_test_log_loss	mean_train_log_loss	mean_test_markedness	mean_train_markedness	mean_test_mcc	mean_train_mcc	mean_test_negative_predictive_value	mean_train_negative_predictive_value	mean_test_precision	mean_train_precision	mean_test_precision_recall_auc	mean_train_precision_recall_auc	mean_test_roc_auc	mean_train_roc_auc	mean_test_sensitivity	mean_train_sensitivity	mean_test_specificity	mean_train_specificity
mcc	nan	nan	0.905 ± 0.113800	1.000 ± 0.000000	0.840 ± 0.129555	1.000 ± 0.000000	0.12995 ± 0.055699	0.01791 ± 0.003138	0.809 ± 0.163679	1.000 ± 0.000000	0.679 ± 0.259110	1.000 ± 0.000000	0.4151 ± 0.131773	0.1187 ± 0.012849	0.726 ± 0.244636	1.000 ± 0.000000	0.701 ± 0.249320	1.000 ± 0.000000	0.869 ± 0.142213	1.000 ± 0.000000	0.858 ± 0.172129	1.000 ± 0.000000	0.889 ± 0.139243	1.000 ± 0.000000	0.906 ± 0.115906	1.000 ± 0.000000	0.808 ± 0.218380	1.000 ± 0.000000	0.871 ± 0.149860	1.000 ± 0.000000
precision_recall_auc	nan	nan	0.916 ± 0.104016	1.000 ± 0.000000	0.852 ± 0.129776	1.000 ± 0.000000	0.12784 ± 0.052103	0.01725 ± 0.002654	0.820 ± 0.166062	1.000 ± 0.000000	0.704 ± 0.259552	1.000 ± 0.000000	0.4106 ± 0.121444	0.1161 ± 0.011671	0.750 ± 0.238385	1.000 ± 0.000000	0.725 ± 0.246726	1.000 ± 0.000000	0.875 ± 0.139580	1.000 ± 0.000000	0.875 ± 0.170042	1.000 ± 0.000000	0.903 ± 0.121575	1.000 ± 0.000000	0.909 ± 0.115897	1.000 ± 0.000000	0.813 ± 0.219874	1.000 ± 0.000000	0.891 ± 0.143459	1.000 ± 0.000000
roc_auc	nan	nan	0.908 ± 0.109222	1.000 ± 0.000000	0.836 ± 0.130417	1.000 ± 0.000000	0.13103 ± 0.055092	0.01824 ± 0.003243	0.804 ± 0.164676	1.000 ± 0.000000	0.672 ± 0.260834	1.000 ± 0.000000	0.4188 ± 0.131811	0.1198 ± 0.013443	0.715 ± 0.247132	1.000 ± 0.000000	0.691 ± 0.251488	1.000 ± 0.000000	0.868 ± 0.142461	1.000 ± 0.000000	0.847 ± 0.176438	1.000 ± 0.000000	0.895 ± 0.130174	1.000 ± 0.000000	0.906 ± 0.110532	1.000 ± 0.000000	0.808 ± 0.218380	1.000 ± 0.000000	0.864 ± 0.152877	1.000 ± 0.000000
