	mean_ncv_average_precision	mean_ncv_balanced_accuracy	mean_ncv_brier_loss	mean_ncv_f1	mean_ncv_informedness	mean_ncv_log_loss	mean_ncv_markedness	mean_ncv_mcc	mean_ncv_negative_predictive_value	mean_ncv_precision	mean_ncv_precision_recall_auc	mean_ncv_roc_auc	mean_ncv_sensitivity	mean_ncv_specificity
mcc	0.871 ± 0.021235	0.831 ± 0.024784	0.13782 ± 0.005229	0.808 ± 0.029446	0.661 ± 0.049568	0.4376 ± 0.013514	0.685 ± 0.051491	0.673 ± 0.050187	0.822 ± 0.024449	0.863 ± 0.035789	0.868 ± 0.021703	0.871 ± 0.010300	0.761 ± 0.037497	0.900 ± 0.028748
precision_recall_auc	0.872 ± 0.021809	0.832 ± 0.028546	0.13785 ± 0.006576	0.811 ± 0.031570	0.663 ± 0.057093	0.4367 ± 0.016009	0.682 ± 0.064817	0.673 ± 0.060654	0.827 ± 0.022333	0.855 ± 0.050396	0.869 ± 0.023444	0.871 ± 0.013790	0.772 ± 0.031536	0.891 ± 0.043913
roc_auc	0.865 ± 0.027826	0.831 ± 0.024496	0.13888 ± 0.008184	0.809 ± 0.028763	0.662 ± 0.048993	0.4418 ± 0.019727	0.683 ± 0.052422	0.672 ± 0.050369	0.825 ± 0.023196	0.858 ± 0.037776	0.859 ± 0.032295	0.866 ± 0.013329	0.767 ± 0.035136	0.895 ± 0.030679
