	mean_best_threshold_tuning_score	mean_best_threshold	mean_test_average_precision	mean_train_average_precision	mean_test_balanced_accuracy	mean_train_balanced_accuracy	mean_test_brier_loss	mean_train_brier_loss	mean_test_f1	mean_train_f1	mean_test_informedness	mean_train_informedness	mean_test_log_loss	mean_train_log_loss	mean_test_markedness	mean_train_markedness	mean_test_mcc	mean_train_mcc	mean_test_negative_predictive_value	mean_train_negative_predictive_value	mean_test_precision	mean_train_precision	mean_test_precision_recall_auc	mean_train_precision_recall_auc	mean_test_roc_auc	mean_train_roc_auc	mean_test_sensitivity	mean_train_sensitivity	mean_test_specificity	mean_train_specificity
mcc	nan	nan	0.917 ± 0.107014	1.000 ± 0.000000	0.837 ± 0.138702	1.000 ± 0.000000	0.12665 ± 0.054536	0.01817 ± 0.002868	0.805 ± 0.175673	1.000 ± 0.000000	0.674 ± 0.277403	1.000 ± 0.000000	0.4083 ± 0.129046	0.1198 ± 0.012449	0.705 ± 0.268339	1.000 ± 0.000000	0.688 ± 0.271471	1.000 ± 0.000000	0.871 ± 0.144372	1.000 ± 0.000000	0.834 ± 0.185696	1.000 ± 0.000000	0.902 ± 0.130849	1.000 ± 0.000000	0.915 ± 0.109730	1.000 ± 0.000000	0.813 ± 0.219874	1.000 ± 0.000000	0.861 ± 0.151284	1.000 ± 0.000000
precision_recall_auc	nan	nan	0.909 ± 0.102993	1.000 ± 0.000000	0.849 ± 0.135885	1.000 ± 0.000000	0.13033 ± 0.055803	0.01790 ± 0.003168	0.819 ± 0.170475	1.000 ± 0.000000	0.697 ± 0.271770	1.000 ± 0.000000	0.4163 ± 0.130382	0.1189 ± 0.013374	0.738 ± 0.254112	1.000 ± 0.000000	0.715 ± 0.260718	1.000 ± 0.000000	0.872 ± 0.143316	1.000 ± 0.000000	0.866 ± 0.167852	1.000 ± 0.000000	0.898 ± 0.119971	1.000 ± 0.000000	0.906 ± 0.114662	1.000 ± 0.000000	0.813 ± 0.219874	1.000 ± 0.000000	0.884 ± 0.139767	1.000 ± 0.000000
roc_auc	nan	nan	0.909 ± 0.103906	1.000 ± 0.000000	0.851 ± 0.120289	1.000 ± 0.000000	0.12831 ± 0.051894	0.01807 ± 0.003337	0.819 ± 0.158592	1.000 ± 0.000000	0.701 ± 0.240578	1.000 ± 0.000000	0.4123 ± 0.122278	0.1193 ± 0.013770	0.752 ± 0.219673	1.000 ± 0.000000	0.724 ± 0.227379	1.000 ± 0.000000	0.873 ± 0.134893	1.000 ± 0.000000	0.880 ± 0.160544	1.000 ± 0.000000	0.897 ± 0.120974	1.000 ± 0.000000	0.909 ± 0.106002	1.000 ± 0.000000	0.808 ± 0.218380	1.000 ± 0.000000	0.893 ± 0.133634	1.000 ± 0.000000
