	mean_best_threshold_tuning_score	mean_best_threshold	mean_test_average_precision	mean_train_average_precision	mean_test_balanced_accuracy	mean_train_balanced_accuracy	mean_test_brier_loss	mean_train_brier_loss	mean_test_f1	mean_train_f1	mean_test_informedness	mean_train_informedness	mean_test_log_loss	mean_train_log_loss	mean_test_markedness	mean_train_markedness	mean_test_mcc	mean_train_mcc	mean_test_negative_predictive_value	mean_train_negative_predictive_value	mean_test_precision	mean_train_precision	mean_test_precision_recall_auc	mean_train_precision_recall_auc	mean_test_roc_auc	mean_train_roc_auc	mean_test_sensitivity	mean_train_sensitivity	mean_test_specificity	mean_train_specificity
mcc	nan	nan	0.913 ± 0.093576	1.000 ± 0.000000	0.844 ± 0.112024	1.000 ± 0.000000	0.12803 ± 0.054365	0.01324 ± 0.002531	0.816 ± 0.139872	1.000 ± 0.000000	0.689 ± 0.224049	1.000 ± 0.000000	0.4127 ± 0.134320	0.0973 ± 0.012799	0.739 ± 0.203755	1.000 ± 0.000000	0.711 ± 0.211005	1.000 ± 0.000000	0.867 ± 0.128778	1.000 ± 0.000000	0.872 ± 0.160436	1.000 ± 0.000000	0.900 ± 0.110119	1.000 ± 0.000000	0.905 ± 0.104965	1.000 ± 0.000000	0.812 ± 0.194751	1.000 ± 0.000000	0.877 ± 0.159786	1.000 ± 0.000000
precision_recall_auc	nan	nan	0.917 ± 0.087692	1.000 ± 0.000000	0.841 ± 0.104062	1.000 ± 0.000000	0.12624 ± 0.053144	0.01269 ± 0.002810	0.807 ± 0.141491	1.000 ± 0.000000	0.682 ± 0.208123	1.000 ± 0.000000	0.4068 ± 0.133475	0.0949 ± 0.013912	0.738 ± 0.186917	1.000 ± 0.000000	0.708 ± 0.194518	1.000 ± 0.000000	0.854 ± 0.126353	1.000 ± 0.000000	0.884 ± 0.152231	1.000 ± 0.000000	0.906 ± 0.100504	1.000 ± 0.000000	0.908 ± 0.094989	1.000 ± 0.000000	0.783 ± 0.204124	1.000 ± 0.000000	0.899 ± 0.131897	1.000 ± 0.000000
roc_auc	nan	nan	0.915 ± 0.092971	1.000 ± 0.000000	0.842 ± 0.112995	1.000 ± 0.000000	0.12636 ± 0.055709	0.01226 ± 0.002462	0.808 ± 0.146842	1.000 ± 0.000000	0.683 ± 0.225990	1.000 ± 0.000000	0.4072 ± 0.138717	0.0931 ± 0.013256	0.729 ± 0.210924	1.000 ± 0.000000	0.704 ± 0.215490	1.000 ± 0.000000	0.858 ± 0.128373	1.000 ± 0.000000	0.871 ± 0.168965	1.000 ± 0.000000	0.903 ± 0.107425	1.000 ± 0.000000	0.906 ± 0.106761	1.000 ± 0.000000	0.795 ± 0.201476	1.000 ± 0.000000	0.888 ± 0.142342	1.000 ± 0.000000
