	mean_best_threshold_tuning_score	mean_best_threshold	mean_test_average_precision	mean_train_average_precision	mean_test_balanced_accuracy	mean_train_balanced_accuracy	mean_test_brier_loss	mean_train_brier_loss	mean_test_f1	mean_train_f1	mean_test_informedness	mean_train_informedness	mean_test_log_loss	mean_train_log_loss	mean_test_markedness	mean_train_markedness	mean_test_mcc	mean_train_mcc	mean_test_negative_predictive_value	mean_train_negative_predictive_value	mean_test_precision	mean_train_precision	mean_test_precision_recall_auc	mean_train_precision_recall_auc	mean_test_roc_auc	mean_train_roc_auc	mean_test_sensitivity	mean_train_sensitivity	mean_test_specificity	mean_train_specificity
mcc	nan	nan	0.872 ± 0.105339	0.998 ± 0.001135	0.776 ± 0.122305	0.987 ± 0.007260	0.15612 ± 0.069095	0.02077 ± 0.003978	0.740 ± 0.152045	0.985 ± 0.008306	0.553 ± 0.244610	0.973 ± 0.014520	0.5697 ± 0.616049	0.1033 ± 0.014530	0.600 ± 0.253915	0.971 ± 0.015554	0.575 ± 0.247132	0.972 ± 0.014906	0.810 ± 0.149333	0.995 ± 0.009172	0.789 ± 0.182784	0.976 ± 0.015809	0.851 ± 0.137162	0.999 ± 0.000890	0.852 ± 0.118494	0.999 ± 0.000687	0.737 ± 0.214524	0.993 ± 0.011686	0.816 ± 0.171857	0.980 ± 0.013473
precision_recall_auc	nan	nan	0.869 ± 0.103328	0.999 ± 0.000972	0.778 ± 0.115911	0.987 ± 0.007075	0.15467 ± 0.066356	0.02049 ± 0.003685	0.747 ± 0.142652	0.985 ± 0.008260	0.557 ± 0.231822	0.974 ± 0.014149	0.5577 ± 0.661988	0.1013 ± 0.012387	0.609 ± 0.236933	0.970 ± 0.015667	0.581 ± 0.230974	0.972 ± 0.014844	0.818 ± 0.141690	0.997 ± 0.006527	0.791 ± 0.175746	0.973 ± 0.015440	0.846 ± 0.136938	0.999 ± 0.000720	0.848 ± 0.115208	0.999 ± 0.000576	0.752 ± 0.205846	0.997 ± 0.008269	0.805 ± 0.180207	0.977 ± 0.013292
roc_auc	nan	nan	0.869 ± 0.108034	0.999 ± 0.000944	0.777 ± 0.119182	0.987 ± 0.007105	0.15791 ± 0.067704	0.02055 ± 0.003742	0.743 ± 0.148471	0.985 ± 0.008273	0.554 ± 0.238364	0.974 ± 0.014209	0.6454 ± 0.830520	0.1011 ± 0.013232	0.601 ± 0.248894	0.970 ± 0.015690	0.576 ± 0.241535	0.972 ± 0.014876	0.816 ± 0.144983	0.997 ± 0.007362	0.785 ± 0.184724	0.974 ± 0.015200	0.846 ± 0.142527	0.999 ± 0.000682	0.845 ± 0.127833	0.999 ± 0.000545	0.747 ± 0.208901	0.996 ± 0.008973	0.807 ± 0.179855	0.978 ± 0.012794
