	mean_best_threshold_tuning_score	mean_best_threshold	mean_test_average_precision	mean_train_average_precision	mean_test_balanced_accuracy	mean_train_balanced_accuracy	mean_test_brier_loss	mean_train_brier_loss	mean_test_f1	mean_train_f1	mean_test_informedness	mean_train_informedness	mean_test_log_loss	mean_train_log_loss	mean_test_markedness	mean_train_markedness	mean_test_mcc	mean_train_mcc	mean_test_negative_predictive_value	mean_train_negative_predictive_value	mean_test_precision	mean_train_precision	mean_test_precision_recall_auc	mean_train_precision_recall_auc	mean_test_roc_auc	mean_train_roc_auc	mean_test_sensitivity	mean_train_sensitivity	mean_test_specificity	mean_train_specificity
mcc	nan	nan	0.844 ± 0.136275	0.998 ± 0.001166	0.745 ± 0.130688	0.987 ± 0.007057	0.16762 ± 0.064646	0.02073 ± 0.004096	0.704 ± 0.162790	0.985 ± 0.008265	0.489 ± 0.261376	0.974 ± 0.014113	0.7626 ± 1.030104	0.1025 ± 0.014789	0.534 ± 0.267724	0.971 ± 0.015834	0.509 ± 0.260086	0.972 ± 0.014874	0.792 ± 0.159098	0.995 ± 0.008138	0.742 ± 0.185202	0.975 ± 0.016443	0.825 ± 0.156135	0.999 ± 0.000927	0.853 ± 0.107073	0.999 ± 0.000723	0.720 ± 0.236159	0.994 ± 0.009994	0.769 ± 0.171990	0.979 ± 0.013825
precision_recall_auc	nan	nan	0.858 ± 0.103833	0.999 ± 0.001051	0.741 ± 0.133932	0.987 ± 0.006824	0.16832 ± 0.064605	0.02060 ± 0.003770	0.701 ± 0.165290	0.985 ± 0.008211	0.482 ± 0.267863	0.974 ± 0.013647	0.6176 ± 0.629312	0.1015 ± 0.012127	0.527 ± 0.276514	0.970 ± 0.016013	0.502 ± 0.267590	0.972 ± 0.014759	0.787 ± 0.158562	0.998 ± 0.005616	0.740 ± 0.189189	0.972 ± 0.017144	0.838 ± 0.126310	0.999 ± 0.000825	0.857 ± 0.096145	0.999 ± 0.000641	0.713 ± 0.232774	0.998 ± 0.007122	0.769 ± 0.171990	0.977 ± 0.014554
roc_auc	nan	nan	0.854 ± 0.110313	0.999 ± 0.001000	0.743 ± 0.134571	0.987 ± 0.006824	0.17180 ± 0.066080	0.02044 ± 0.003959	0.705 ± 0.164617	0.985 ± 0.008211	0.487 ± 0.269142	0.974 ± 0.013647	0.6371 ± 0.638871	0.1005 ± 0.014362	0.533 ± 0.276711	0.970 ± 0.016013	0.507 ± 0.268371	0.972 ± 0.014759	0.796 ± 0.165170	0.998 ± 0.005616	0.737 ± 0.190850	0.972 ± 0.017144	0.832 ± 0.135423	0.999 ± 0.000749	0.853 ± 0.102615	0.999 ± 0.000604	0.727 ± 0.239306	0.998 ± 0.007122	0.760 ± 0.177569	0.977 ± 0.014554
