	mean_ncv_average_precision	mean_ncv_balanced_accuracy	mean_ncv_brier_loss	mean_ncv_f1	mean_ncv_informedness	mean_ncv_log_loss	mean_ncv_markedness	mean_ncv_mcc	mean_ncv_negative_predictive_value	mean_ncv_precision	mean_ncv_precision_recall_auc	mean_ncv_roc_auc	mean_ncv_sensitivity	mean_ncv_specificity
mcc	0.756 ± 0.030986	0.724 ± 0.015420	0.18489 ± 0.011228	0.690 ± 0.017390	0.448 ± 0.030841	0.5486 ± 0.036082	0.457 ± 0.033076	0.453 ± 0.031745	0.742 ± 0.014191	0.715 ± 0.024922	0.748 ± 0.031621	0.789 ± 0.025405	0.667 ± 0.026189	0.782 ± 0.028748
precision_recall_auc	0.792 ± 0.040014	0.747 ± 0.044786	0.17787 ± 0.013034	0.715 ± 0.053116	0.494 ± 0.089573	0.5308 ± 0.035299	0.504 ± 0.089273	0.499 ± 0.089264	0.764 ± 0.046926	0.740 ± 0.050714	0.784 ± 0.043254	0.807 ± 0.030299	0.694 ± 0.070516	0.800 ± 0.043913
roc_auc	0.749 ± 0.037935	0.721 ± 0.038097	0.18620 ± 0.010324	0.691 ± 0.045248	0.442 ± 0.076194	0.5508 ± 0.034128	0.445 ± 0.076128	0.444 ± 0.076132	0.746 ± 0.034945	0.699 ± 0.043809	0.742 ± 0.040708	0.783 ± 0.024354	0.683 ± 0.052705	0.759 ± 0.037421
