	mean_best_threshold_tuning_score	mean_best_threshold	mean_test_average_precision	mean_train_average_precision	mean_test_balanced_accuracy	mean_train_balanced_accuracy	mean_test_brier_loss	mean_train_brier_loss	mean_test_f1	mean_train_f1	mean_test_informedness	mean_train_informedness	mean_test_log_loss	mean_train_log_loss	mean_test_markedness	mean_train_markedness	mean_test_mcc	mean_train_mcc	mean_test_negative_predictive_value	mean_train_negative_predictive_value	mean_test_precision	mean_train_precision	mean_test_precision_recall_auc	mean_train_precision_recall_auc	mean_test_roc_auc	mean_train_roc_auc	mean_test_sensitivity	mean_train_sensitivity	mean_test_specificity	mean_train_specificity
mcc	nan	nan	0.922 ± 0.088887	0.996 ± 0.009728	0.768 ± 0.134936	0.959 ± 0.054828	0.14163 ± 0.074322	0.02661 ± 0.029790	0.702 ± 0.197046	0.954 ± 0.063837	0.535 ± 0.269871	0.918 ± 0.109656	0.4288 ± 0.209195	0.1196 ± 0.090711	0.631 ± 0.279362	0.938 ± 0.080254	0.580 ± 0.257420	0.928 ± 0.095154	0.775 ± 0.138878	0.946 ± 0.072502	0.856 ± 0.226380	0.992 ± 0.017069	0.913 ± 0.100110	0.996 ± 0.009807	0.901 ± 0.115474	0.996 ± 0.013370	0.648 ± 0.245302	0.924 ± 0.105255	0.887 ± 0.190008	0.994 ± 0.012196
precision_recall_auc	nan	nan	0.932 ± 0.081042	0.987 ± 0.015104	0.776 ± 0.138368	0.870 ± 0.151990	0.12406 ± 0.069072	0.03967 ± 0.040640	0.668 ± 0.274022	0.805 ± 0.277046	0.552 ± 0.276737	0.741 ± 0.303980	0.3987 ± 0.222399	0.1418 ± 0.118578	0.643 ± 0.375648	0.771 ± 0.387848	0.610 ± 0.266998	0.772 ± 0.286166	0.757 ± 0.127679	0.855 ± 0.155186	0.886 ± 0.307730	0.917 ± 0.273372	0.924 ± 0.089981	0.987 ± 0.015273	0.906 ± 0.130806	0.988 ± 0.014014	0.565 ± 0.279845	0.743 ± 0.304087	0.987 ± 0.066094	0.998 ± 0.009063
roc_auc	nan	nan	0.936 ± 0.079034	0.986 ± 0.015608	0.757 ± 0.145692	0.858 ± 0.152069	0.12332 ± 0.072536	0.04248 ± 0.040304	0.642 ± 0.275229	0.789 ± 0.276057	0.515 ± 0.291385	0.717 ± 0.304137	0.3888 ± 0.211913	0.1524 ± 0.115437	0.616 ± 0.387626	0.759 ± 0.385153	0.577 ± 0.283947	0.753 ± 0.284953	0.736 ± 0.124083	0.841 ± 0.155090	0.880 ± 0.316389	0.919 ± 0.273818	0.928 ± 0.088696	0.986 ± 0.015782	0.922 ± 0.106941	0.987 ± 0.014547	0.532 ± 0.271935	0.718 ± 0.304084	0.983 ± 0.091255	0.999 ± 0.005238
