	mean_best_threshold_tuning_score	mean_best_threshold	mean_test_average_precision	mean_train_average_precision	mean_test_balanced_accuracy	mean_train_balanced_accuracy	mean_test_brier_loss	mean_train_brier_loss	mean_test_f1	mean_train_f1	mean_test_informedness	mean_train_informedness	mean_test_log_loss	mean_train_log_loss	mean_test_markedness	mean_train_markedness	mean_test_mcc	mean_train_mcc	mean_test_negative_predictive_value	mean_train_negative_predictive_value	mean_test_precision	mean_train_precision	mean_test_precision_recall_auc	mean_train_precision_recall_auc	mean_test_roc_auc	mean_train_roc_auc	mean_test_sensitivity	mean_train_sensitivity	mean_test_specificity	mean_train_specificity
mcc	nan	nan	0.945 ± 0.080423	0.967 ± 0.017895	0.858 ± 0.116526	0.917 ± 0.031306	0.12114 ± 0.080978	0.06557 ± 0.019528	0.836 ± 0.136626	0.909 ± 0.035471	0.716 ± 0.233052	0.835 ± 0.062612	0.4250 ± 0.267923	0.2383 ± 0.056724	0.743 ± 0.217789	0.857 ± 0.055886	0.728 ± 0.224493	0.846 ± 0.058918	0.885 ± 0.120498	0.900 ± 0.037382	0.857 ± 0.168004	0.957 ± 0.028573	0.938 ± 0.088523	0.967 ± 0.018035	0.927 ± 0.115902	0.959 ± 0.023434	0.847 ± 0.171164	0.867 ± 0.052006	0.869 ± 0.171098	0.968 ± 0.021873
precision_recall_auc	nan	nan	0.948 ± 0.073982	0.959 ± 0.015785	0.787 ± 0.155045	0.813 ± 0.145394	0.12960 ± 0.079158	0.08593 ± 0.022321	0.681 ± 0.320160	0.719 ± 0.322216	0.573 ± 0.310089	0.626 ± 0.290787	0.4252 ± 0.242003	0.2779 ± 0.060127	0.541 ± 0.469704	0.579 ± 0.460293	0.592 ± 0.311665	0.638 ± 0.293262	0.802 ± 0.159792	0.815 ± 0.127029	0.738 ± 0.355093	0.765 ± 0.342795	0.942 ± 0.081079	0.958 ± 0.015922	0.931 ± 0.107246	0.954 ± 0.019600	0.665 ± 0.336503	0.687 ± 0.315258	0.908 ± 0.140102	0.939 ± 0.059854
roc_auc	nan	nan	0.947 ± 0.071795	0.960 ± 0.019244	0.822 ± 0.129532	0.853 ± 0.093829	0.12781 ± 0.071131	0.08549 ± 0.029148	0.779 ± 0.210661	0.817 ± 0.183167	0.645 ± 0.259063	0.706 ± 0.187658	0.4204 ± 0.223782	0.2722 ± 0.075714	0.669 ± 0.304110	0.705 ± 0.264267	0.663 ± 0.255794	0.715 ± 0.184053	0.852 ± 0.133043	0.858 ± 0.092515	0.817 ± 0.230559	0.846 ± 0.189010	0.940 ± 0.080666	0.960 ± 0.019445	0.934 ± 0.094699	0.959 ± 0.019254	0.777 ± 0.244230	0.799 ± 0.193830	0.868 ± 0.152449	0.907 ± 0.064033
