	mean_best_threshold_tuning_score	mean_best_threshold	mean_test_average_precision	mean_train_average_precision	mean_test_balanced_accuracy	mean_train_balanced_accuracy	mean_test_brier_loss	mean_train_brier_loss	mean_test_f1	mean_train_f1	mean_test_informedness	mean_train_informedness	mean_test_log_loss	mean_train_log_loss	mean_test_markedness	mean_train_markedness	mean_test_mcc	mean_train_mcc	mean_test_negative_predictive_value	mean_train_negative_predictive_value	mean_test_precision	mean_train_precision	mean_test_precision_recall_auc	mean_train_precision_recall_auc	mean_test_roc_auc	mean_train_roc_auc	mean_test_sensitivity	mean_train_sensitivity	mean_test_specificity	mean_train_specificity
mcc	nan	nan	0.942 ± 0.084050	0.966 ± 0.015941	0.849 ± 0.109231	0.912 ± 0.030135	0.11304 ± 0.066814	0.06788 ± 0.017143	0.820 ± 0.136524	0.902 ± 0.034340	0.699 ± 0.218462	0.824 ± 0.060271	0.3832 ± 0.225158	0.2415 ± 0.048960	0.762 ± 0.191190	0.847 ± 0.051736	0.728 ± 0.202099	0.835 ± 0.055654	0.861 ± 0.125413	0.895 ± 0.038121	0.901 ± 0.158164	0.952 ± 0.028578	0.936 ± 0.092084	0.965 ± 0.016063	0.921 ± 0.120832	0.960 ± 0.019834	0.795 ± 0.195042	0.859 ± 0.054328	0.904 ± 0.161889	0.965 ± 0.021966
precision_recall_auc	nan	nan	0.938 ± 0.075269	0.963 ± 0.017920	0.764 ± 0.167352	0.820 ± 0.160395	0.13173 ± 0.074817	0.07925 ± 0.023041	0.651 ± 0.333226	0.717 ± 0.346961	0.529 ± 0.334705	0.640 ± 0.320790	0.4192 ± 0.237086	0.2618 ± 0.060122	0.478 ± 0.493417	0.587 ± 0.495454	0.544 ± 0.336169	0.653 ± 0.321605	0.787 ± 0.171673	0.819 ± 0.138998	0.692 ± 0.361909	0.769 ± 0.366714	0.930 ± 0.084685	0.963 ± 0.018090	0.921 ± 0.103441	0.959 ± 0.020488	0.645 ± 0.349445	0.680 ± 0.339062	0.884 ± 0.164887	0.959 ± 0.044802
roc_auc	nan	nan	0.942 ± 0.069466	0.961 ± 0.019950	0.798 ± 0.145267	0.858 ± 0.109051	0.13682 ± 0.080982	0.08377 ± 0.024040	0.741 ± 0.237325	0.813 ± 0.220665	0.597 ± 0.290535	0.715 ± 0.218101	0.4335 ± 0.241731	0.2733 ± 0.059387	0.616 ± 0.358964	0.713 ± 0.312717	0.617 ± 0.284321	0.727 ± 0.214603	0.815 ± 0.149857	0.857 ± 0.102531	0.800 ± 0.263132	0.856 ± 0.228786	0.934 ± 0.078646	0.961 ± 0.020161	0.929 ± 0.090192	0.960 ± 0.020611	0.727 ± 0.264618	0.784 ± 0.228377	0.870 ± 0.180702	0.932 ± 0.060801
