	mean_best_threshold_tuning_score	mean_best_threshold	mean_test_average_precision	mean_train_average_precision	mean_test_balanced_accuracy	mean_train_balanced_accuracy	mean_test_brier_loss	mean_train_brier_loss	mean_test_f1	mean_train_f1	mean_test_informedness	mean_train_informedness	mean_test_log_loss	mean_train_log_loss	mean_test_markedness	mean_train_markedness	mean_test_mcc	mean_train_mcc	mean_test_negative_predictive_value	mean_train_negative_predictive_value	mean_test_precision	mean_train_precision	mean_test_precision_recall_auc	mean_train_precision_recall_auc	mean_test_roc_auc	mean_train_roc_auc	mean_test_sensitivity	mean_train_sensitivity	mean_test_specificity	mean_train_specificity
mcc	nan	nan	0.821 ± 0.143290	0.957 ± 0.039083	0.762 ± 0.130825	0.920 ± 0.064075	0.19102 ± 0.059257	0.09794 ± 0.042596	0.738 ± 0.148309	0.913 ± 0.069713	0.524 ± 0.261649	0.839 ± 0.128149	0.5829 ± 0.164817	0.3569 ± 0.106613	0.555 ± 0.284492	0.840 ± 0.131534	0.542 ± 0.254443	0.839 ± 0.129777	0.817 ± 0.189585	0.932 ± 0.053184	0.738 ± 0.181557	0.907 ± 0.086008	0.786 ± 0.179615	0.955 ± 0.040103	0.809 ± 0.143757	0.943 ± 0.053469	0.793 ± 0.205673	0.920 ± 0.062112	0.731 ± 0.231431	0.919 ± 0.076290
precision_recall_auc	nan	nan	0.738 ± 0.178525	0.868 ± 0.222883	0.720 ± 0.158489	0.878 ± 0.142633	0.20649 ± 0.060861	0.11283 ± 0.071907	0.658 ± 0.262588	0.821 ± 0.285412	0.440 ± 0.316978	0.756 ± 0.285266	0.6156 ± 0.178188	0.3855 ± 0.168295	0.396 ± 0.431255	0.712 ± 0.412927	0.445 ± 0.322187	0.757 ± 0.286072	0.771 ± 0.235499	0.891 ± 0.126335	0.625 ± 0.263386	0.821 ± 0.289642	0.694 ± 0.207220	0.860 ± 0.238231	0.720 ± 0.218515	0.821 ± 0.312538	0.727 ± 0.307244	0.824 ± 0.284327	0.713 ± 0.249859	0.932 ± 0.080128
roc_auc	nan	nan	0.795 ± 0.140782	0.959 ± 0.037233	0.758 ± 0.135918	0.920 ± 0.062027	0.19747 ± 0.062942	0.08863 ± 0.043969	0.738 ± 0.149391	0.912 ± 0.068705	0.516 ± 0.271835	0.839 ± 0.124055	0.6045 ± 0.197710	0.3318 ± 0.112118	0.531 ± 0.300421	0.839 ± 0.127884	0.528 ± 0.270758	0.839 ± 0.125910	0.821 ± 0.194920	0.933 ± 0.048231	0.710 ± 0.174398	0.907 ± 0.087058	0.753 ± 0.179478	0.958 ± 0.038178	0.786 ± 0.148928	0.946 ± 0.051720	0.808 ± 0.198670	0.919 ± 0.059234	0.708 ± 0.216267	0.920 ± 0.075654
