	mean_best_threshold_tuning_score	mean_best_threshold	mean_test_average_precision	mean_train_average_precision	mean_test_balanced_accuracy	mean_train_balanced_accuracy	mean_test_brier_loss	mean_train_brier_loss	mean_test_f1	mean_train_f1	mean_test_informedness	mean_train_informedness	mean_test_log_loss	mean_train_log_loss	mean_test_markedness	mean_train_markedness	mean_test_mcc	mean_train_mcc	mean_test_negative_predictive_value	mean_train_negative_predictive_value	mean_test_precision	mean_train_precision	mean_test_precision_recall_auc	mean_train_precision_recall_auc	mean_test_roc_auc	mean_train_roc_auc	mean_test_sensitivity	mean_train_sensitivity	mean_test_specificity	mean_train_specificity
mcc	nan	nan	0.864 ± 0.128812	0.930 ± 0.057503	0.791 ± 0.137738	0.850 ± 0.043185	0.16886 ± 0.071024	0.10922 ± 0.031626	0.767 ± 0.149035	0.838 ± 0.042723	0.582 ± 0.275476	0.699 ± 0.086370	0.5449 ± 0.216472	0.3725 ± 0.086262	0.626 ± 0.268857	0.695 ± 0.084332	0.601 ± 0.269440	0.697 ± 0.085314	0.834 ± 0.148443	0.889 ± 0.039375	0.792 ± 0.194552	0.806 ± 0.052640	0.838 ± 0.159820	0.929 ± 0.058703	0.847 ± 0.147543	0.920 ± 0.053437	0.787 ± 0.191337	0.875 ± 0.042861	0.795 ± 0.218120	0.824 ± 0.058836
precision_recall_auc	nan	nan	0.826 ± 0.138253	0.919 ± 0.104980	0.691 ± 0.160797	0.833 ± 0.199557	0.19183 ± 0.071737	0.07850 ± 0.073581	0.538 ± 0.337324	0.709 ± 0.408384	0.382 ± 0.321593	0.666 ± 0.399114	0.6121 ± 0.291719	0.2669 ± 0.213983	0.320 ± 0.502302	0.558 ± 0.584095	0.403 ± 0.322559	0.665 ± 0.399014	0.738 ± 0.189365	0.857 ± 0.179115	0.581 ± 0.372462	0.702 ± 0.406328	0.794 ± 0.170951	0.917 ± 0.107653	0.815 ± 0.145460	0.929 ± 0.083137	0.560 ± 0.382452	0.718 ± 0.411849	0.822 ± 0.215037	0.948 ± 0.079173
roc_auc	nan	nan	0.825 ± 0.143498	0.912 ± 0.092702	0.745 ± 0.160419	0.837 ± 0.159108	0.18780 ± 0.076955	0.09116 ± 0.064315	0.657 ± 0.298837	0.759 ± 0.321237	0.490 ± 0.320839	0.673 ± 0.318217	0.6166 ± 0.310716	0.3079 ± 0.190071	0.453 ± 0.437117	0.608 ± 0.462445	0.501 ± 0.320982	0.672 ± 0.317982	0.793 ± 0.165905	0.867 ± 0.145011	0.661 ± 0.320947	0.741 ± 0.319947	0.792 ± 0.179223	0.910 ± 0.095223	0.802 ± 0.154906	0.919 ± 0.070441	0.683 ± 0.323845	0.780 ± 0.326189	0.807 ± 0.204543	0.893 ± 0.109286
