	mean_best_threshold_tuning_score	mean_best_threshold	mean_test_average_precision	mean_train_average_precision	mean_test_balanced_accuracy	mean_train_balanced_accuracy	mean_test_brier_loss	mean_train_brier_loss	mean_test_f1	mean_train_f1	mean_test_informedness	mean_train_informedness	mean_test_log_loss	mean_train_log_loss	mean_test_markedness	mean_train_markedness	mean_test_mcc	mean_train_mcc	mean_test_negative_predictive_value	mean_train_negative_predictive_value	mean_test_precision	mean_train_precision	mean_test_precision_recall_auc	mean_train_precision_recall_auc	mean_test_roc_auc	mean_train_roc_auc	mean_test_sensitivity	mean_train_sensitivity	mean_test_specificity	mean_train_specificity
mcc	nan	nan	0.832 ± 0.131073	0.960 ± 0.035278	0.755 ± 0.137356	0.920 ± 0.063932	0.19352 ± 0.052345	0.08758 ± 0.043487	0.727 ± 0.150644	0.910 ± 0.071816	0.509 ± 0.274712	0.839 ± 0.127865	0.5798 ± 0.128261	0.3257 ± 0.112440	0.531 ± 0.278496	0.848 ± 0.122450	0.519 ± 0.273942	0.844 ± 0.125078	0.798 ± 0.151685	0.917 ± 0.065944	0.733 ± 0.183007	0.932 ± 0.062228	0.803 ± 0.163089	0.959 ± 0.036517	0.813 ± 0.135569	0.956 ± 0.039823	0.758 ± 0.190662	0.891 ± 0.086531	0.751 ± 0.189922	0.948 ± 0.047989
precision_recall_auc	nan	nan	0.780 ± 0.182545	0.900 ± 0.215486	0.718 ± 0.148015	0.910 ± 0.148203	0.20284 ± 0.062042	0.10060 ± 0.142265	0.626 ± 0.268992	0.856 ± 0.294341	0.435 ± 0.296029	0.820 ± 0.296405	0.5991 ± 0.151697	0.3895 ± 0.599678	0.405 ± 0.424007	0.781 ± 0.423142	0.449 ± 0.299556	0.822 ± 0.296347	0.751 ± 0.171617	0.913 ± 0.130846	0.654 ± 0.306668	0.868 ± 0.296770	0.753 ± 0.210145	0.893 ± 0.232167	0.737 ± 0.236525	0.867 ± 0.295013	0.645 ± 0.304357	0.845 ± 0.293542	0.790 ± 0.205039	0.975 ± 0.041795
roc_auc	nan	nan	0.828 ± 0.145597	0.950 ± 0.103145	0.755 ± 0.141591	0.927 ± 0.063910	0.19453 ± 0.059231	0.10058 ± 0.131566	0.718 ± 0.180589	0.919 ± 0.071542	0.510 ± 0.283181	0.855 ± 0.127820	0.5827 ± 0.144262	0.3939 ± 0.585813	0.526 ± 0.316327	0.861 ± 0.123412	0.522 ± 0.283889	0.858 ± 0.125545	0.792 ± 0.157392	0.927 ± 0.064270	0.734 ± 0.213899	0.933 ± 0.064352	0.800 ± 0.175568	0.948 ± 0.105470	0.793 ± 0.179696	0.939 ± 0.141268	0.738 ± 0.215611	0.907 ± 0.083974	0.772 ± 0.194349	0.948 ± 0.050854
