	mean_best_threshold_tuning_score	mean_best_threshold	mean_test_average_precision	mean_train_average_precision	mean_test_balanced_accuracy	mean_train_balanced_accuracy	mean_test_brier_loss	mean_train_brier_loss	mean_test_f1	mean_train_f1	mean_test_informedness	mean_train_informedness	mean_test_log_loss	mean_train_log_loss	mean_test_markedness	mean_train_markedness	mean_test_mcc	mean_train_mcc	mean_test_negative_predictive_value	mean_train_negative_predictive_value	mean_test_precision	mean_train_precision	mean_test_precision_recall_auc	mean_train_precision_recall_auc	mean_test_roc_auc	mean_train_roc_auc	mean_test_sensitivity	mean_train_sensitivity	mean_test_specificity	mean_train_specificity
mcc	nan	nan	0.785 ± 0.153355	0.930 ± 0.057503	0.676 ± 0.147525	0.850 ± 0.043185	0.21952 ± 0.075430	0.10922 ± 0.031626	0.691 ± 0.142788	0.838 ± 0.042723	0.352 ± 0.295051	0.699 ± 0.086370	0.6532 ± 0.212166	0.3725 ± 0.086262	0.437 ± 0.341957	0.695 ± 0.084332	0.392 ± 0.296564	0.697 ± 0.085314	0.835 ± 0.239279	0.889 ± 0.039375	0.602 ± 0.176958	0.806 ± 0.052640	0.747 ± 0.189575	0.929 ± 0.058703	0.766 ± 0.154492	0.920 ± 0.053437	0.867 ± 0.185958	0.875 ± 0.042861	0.485 ± 0.267118	0.824 ± 0.058836
precision_recall_auc	nan	nan	0.746 ± 0.168153	0.919 ± 0.104980	0.598 ± 0.129141	0.833 ± 0.199557	0.24351 ± 0.081985	0.07850 ± 0.073581	0.460 ± 0.296643	0.709 ± 0.408384	0.196 ± 0.258283	0.666 ± 0.399114	0.7294 ± 0.276506	0.2669 ± 0.213983	0.123 ± 0.444270	0.558 ± 0.584095	0.217 ± 0.270403	0.665 ± 0.399014	0.692 ± 0.229286	0.857 ± 0.179115	0.431 ± 0.286863	0.702 ± 0.406328	0.699 ± 0.205336	0.917 ± 0.107653	0.724 ± 0.177820	0.929 ± 0.083137	0.552 ± 0.388646	0.718 ± 0.411849	0.644 ± 0.302311	0.948 ± 0.079173
roc_auc	nan	nan	0.747 ± 0.178030	0.912 ± 0.092702	0.650 ± 0.147066	0.837 ± 0.159108	0.23874 ± 0.082004	0.09116 ± 0.064315	0.580 ± 0.276138	0.759 ± 0.321237	0.300 ± 0.294132	0.673 ± 0.318217	0.7226 ± 0.270570	0.3079 ± 0.190071	0.284 ± 0.424938	0.608 ± 0.462445	0.324 ± 0.298312	0.672 ± 0.317982	0.760 ± 0.225085	0.867 ± 0.145011	0.524 ± 0.270248	0.741 ± 0.319947	0.702 ± 0.215128	0.910 ± 0.095223	0.721 ± 0.185030	0.919 ± 0.070441	0.698 ± 0.346627	0.780 ± 0.326189	0.602 ± 0.288373	0.893 ± 0.109286
