	mean_best_threshold_tuning_score	mean_best_threshold	mean_test_average_precision	mean_train_average_precision	mean_test_balanced_accuracy	mean_train_balanced_accuracy	mean_test_brier_loss	mean_train_brier_loss	mean_test_f1	mean_train_f1	mean_test_informedness	mean_train_informedness	mean_test_log_loss	mean_train_log_loss	mean_test_markedness	mean_train_markedness	mean_test_mcc	mean_train_mcc	mean_test_negative_predictive_value	mean_train_negative_predictive_value	mean_test_precision	mean_train_precision	mean_test_precision_recall_auc	mean_train_precision_recall_auc	mean_test_roc_auc	mean_train_roc_auc	mean_test_sensitivity	mean_train_sensitivity	mean_test_specificity	mean_train_specificity
mcc	nan	nan	0.885 ± 0.105180	1.000 ± 0.000000	0.770 ± 0.117079	1.000 ± 0.000000	0.15961 ± 0.056950	0.02166 ± 0.003105	0.722 ± 0.154410	1.000 ± 0.000000	0.540 ± 0.234158	1.000 ± 0.000000	0.4858 ± 0.135074	0.1368 ± 0.013642	0.588 ± 0.234844	1.000 ± 0.000000	0.562 ± 0.231585	1.000 ± 0.000000	0.795 ± 0.140202	1.000 ± 0.000000	0.793 ± 0.186019	1.000 ± 0.000000	0.863 ± 0.130081	1.000 ± 0.000000	0.880 ± 0.115863	1.000 ± 0.000000	0.710 ± 0.214444	1.000 ± 0.000000	0.830 ± 0.158436	1.000 ± 0.000000
precision_recall_auc	nan	nan	0.884 ± 0.101704	1.000 ± 0.000000	0.775 ± 0.125413	1.000 ± 0.000000	0.15734 ± 0.055011	0.02199 ± 0.003416	0.717 ± 0.186727	1.000 ± 0.000000	0.549 ± 0.250825	1.000 ± 0.000000	0.4823 ± 0.135345	0.1373 ± 0.014432	0.601 ± 0.284847	1.000 ± 0.000000	0.577 ± 0.247776	1.000 ± 0.000000	0.789 ± 0.142527	1.000 ± 0.000000	0.812 ± 0.220287	1.000 ± 0.000000	0.867 ± 0.120863	1.000 ± 0.000000	0.876 ± 0.117586	1.000 ± 0.000000	0.688 ± 0.232561	1.000 ± 0.000000	0.861 ± 0.161716	1.000 ± 0.000000
roc_auc	nan	nan	0.883 ± 0.099269	1.000 ± 0.000000	0.750 ± 0.118432	1.000 ± 0.000000	0.16088 ± 0.052654	0.02171 ± 0.003248	0.694 ± 0.160429	1.000 ± 0.000000	0.499 ± 0.236864	1.000 ± 0.000000	0.4871 ± 0.124911	0.1372 ± 0.014496	0.568 ± 0.249467	1.000 ± 0.000000	0.530 ± 0.239365	1.000 ± 0.000000	0.771 ± 0.146972	1.000 ± 0.000000	0.797 ± 0.201102	1.000 ± 0.000000	0.865 ± 0.118597	1.000 ± 0.000000	0.876 ± 0.110930	1.000 ± 0.000000	0.670 ± 0.226479	1.000 ± 0.000000	0.829 ± 0.176152	1.000 ± 0.000000
