	mean_best_threshold_tuning_score	mean_best_threshold	mean_test_average_precision	mean_train_average_precision	mean_test_balanced_accuracy	mean_train_balanced_accuracy	mean_test_brier_loss	mean_train_brier_loss	mean_test_f1	mean_train_f1	mean_test_informedness	mean_train_informedness	mean_test_log_loss	mean_train_log_loss	mean_test_markedness	mean_train_markedness	mean_test_mcc	mean_train_mcc	mean_test_negative_predictive_value	mean_train_negative_predictive_value	mean_test_precision	mean_train_precision	mean_test_precision_recall_auc	mean_train_precision_recall_auc	mean_test_roc_auc	mean_train_roc_auc	mean_test_sensitivity	mean_train_sensitivity	mean_test_specificity	mean_train_specificity
mcc	nan	nan	0.816 ± 0.151701	1.000 ± 0.000000	0.707 ± 0.165717	1.000 ± 0.000000	0.22135 ± 0.087481	0.03358 ± 0.040814	0.602 ± 0.294443	1.000 ± 0.000000	0.414 ± 0.331435	1.000 ± 0.000000	0.9702 ± 0.709019	0.1499 ± 0.123620	0.421 ± 0.449178	1.000 ± 0.000000	0.440 ± 0.340561	1.000 ± 0.000000	0.757 ± 0.181688	1.000 ± 0.000000	0.664 ± 0.333985	1.000 ± 0.000000	0.784 ± 0.187344	1.000 ± 0.000000	0.781 ± 0.171166	1.000 ± 0.000000	0.607 ± 0.337575	1.000 ± 0.000000	0.807 ± 0.210202	1.000 ± 0.000000
precision_recall_auc	nan	nan	0.817 ± 0.146369	1.000 ± 0.000000	0.705 ± 0.165293	0.998 ± 0.014142	0.22186 ± 0.088648	0.02123 ± 0.025636	0.597 ± 0.289574	0.998 ± 0.015713	0.410 ± 0.330585	0.996 ± 0.028284	0.9388 ± 0.622028	0.1086 ± 0.092262	0.428 ± 0.439541	0.997 ± 0.021213	0.433 ± 0.347039	0.996 ± 0.024802	0.754 ± 0.188368	0.997 ± 0.021213	0.674 ± 0.329987	1.000 ± 0.000000	0.786 ± 0.178338	1.000 ± 0.000000	0.781 ± 0.173315	1.000 ± 0.000000	0.602 ± 0.343093	0.996 ± 0.028284	0.808 ± 0.195709	1.000 ± 0.000000
roc_auc	nan	nan	0.805 ± 0.140391	1.000 ± 0.000000	0.680 ± 0.161037	0.999 ± 0.002794	0.22733 ± 0.093755	0.01020 ± 0.016798	0.566 ± 0.281560	0.999 ± 0.002827	0.360 ± 0.322073	0.999 ± 0.005588	0.8847 ± 0.532441	0.0666 ± 0.069060	0.395 ± 0.445184	0.999 ± 0.004447	0.390 ± 0.346728	0.999 ± 0.005016	0.729 ± 0.181040	0.999 ± 0.004447	0.665 ± 0.340582	1.000 ± 0.000000	0.775 ± 0.169447	1.000 ± 0.000000	0.767 ± 0.162694	1.000 ± 0.000000	0.557 ± 0.328813	0.999 ± 0.005588	0.803 ± 0.208349	1.000 ± 0.000000
