	mean_best_threshold_tuning_score	mean_best_threshold	mean_test_average_precision	mean_train_average_precision	mean_test_balanced_accuracy	mean_train_balanced_accuracy	mean_test_brier_loss	mean_train_brier_loss	mean_test_f1	mean_train_f1	mean_test_informedness	mean_train_informedness	mean_test_log_loss	mean_train_log_loss	mean_test_markedness	mean_train_markedness	mean_test_mcc	mean_train_mcc	mean_test_negative_predictive_value	mean_train_negative_predictive_value	mean_test_precision	mean_train_precision	mean_test_precision_recall_auc	mean_train_precision_recall_auc	mean_test_roc_auc	mean_train_roc_auc	mean_test_sensitivity	mean_train_sensitivity	mean_test_specificity	mean_train_specificity
mcc	nan	nan	0.809 ± 0.145364	1.000 ± 0.000000	0.693 ± 0.150726	0.999 ± 0.003586	0.22076 ± 0.085217	0.03424 ± 0.044207	0.596 ± 0.271627	0.999 ± 0.003836	0.387 ± 0.301452	0.998 ± 0.007173	0.9296 ± 0.728929	0.1505 ± 0.130087	0.407 ± 0.402745	0.998 ± 0.006921	0.414 ± 0.308806	0.998 ± 0.007022	0.765 ± 0.189964	0.999 ± 0.003599	0.641 ± 0.292154	0.999 ± 0.006018	0.779 ± 0.178111	1.000 ± 0.000000	0.775 ± 0.164494	1.000 ± 0.000000	0.622 ± 0.340988	0.999 ± 0.004713	0.765 ± 0.204353	0.999 ± 0.005546
precision_recall_auc	nan	nan	0.819 ± 0.142200	1.000 ± 0.000000	0.728 ± 0.149069	1.000 ± 0.002279	0.20736 ± 0.101917	0.03081 ± 0.025014	0.657 ± 0.230310	1.000 ± 0.002306	0.456 ± 0.298138	0.999 ± 0.004559	0.8462 ± 0.614874	0.1470 ± 0.081200	0.505 ± 0.350885	0.999 ± 0.003704	0.486 ± 0.300427	0.999 ± 0.004130	0.774 ± 0.179552	0.999 ± 0.003704	0.731 ± 0.254476	1.000 ± 0.000000	0.792 ± 0.168471	1.000 ± 0.000000	0.773 ± 0.172319	1.000 ± 0.000000	0.655 ± 0.291611	0.999 ± 0.004559	0.801 ± 0.192325	1.000 ± 0.000000
roc_auc	nan	nan	0.825 ± 0.142586	1.000 ± 0.001621	0.716 ± 0.152547	0.998 ± 0.012241	0.20644 ± 0.099634	0.01931 ± 0.021621	0.634 ± 0.253894	0.998 ± 0.014056	0.432 ± 0.305094	0.996 ± 0.024482	0.8053 ± 0.562697	0.1036 ± 0.078943	0.459 ± 0.397659	0.996 ± 0.026172	0.457 ± 0.318201	0.996 ± 0.025326	0.767 ± 0.185593	0.999 ± 0.003918	0.692 ± 0.285640	0.997 ± 0.023089	0.799 ± 0.169317	1.000 ± 0.001631	0.780 ± 0.170826	1.000 ± 0.002432	0.640 ± 0.309725	0.999 ± 0.004713	0.792 ± 0.187997	0.997 ± 0.020951
