	mean_ncv_average_precision	mean_ncv_balanced_accuracy	mean_ncv_brier_loss	mean_ncv_f1	mean_ncv_informedness	mean_ncv_log_loss	mean_ncv_markedness	mean_ncv_mcc	mean_ncv_negative_predictive_value	mean_ncv_precision	mean_ncv_precision_recall_auc	mean_ncv_roc_auc	mean_ncv_sensitivity	mean_ncv_specificity
mcc	0.764 ± 0.065477	0.707 ± 0.045189	0.20619 ± 0.032585	0.663 ± 0.060195	0.414 ± 0.090378	0.9667 ± 0.552369	0.431 ± 0.088152	0.422 ± 0.088946	0.723 ± 0.046942	0.707 ± 0.052680	0.755 ± 0.072118	0.749 ± 0.070888	0.628 ± 0.087057	0.786 ± 0.052705
precision_recall_auc	0.814 ± 0.044876	0.718 ± 0.047677	0.19033 ± 0.021426	0.673 ± 0.057508	0.436 ± 0.095354	0.8206 ± 0.137760	0.461 ± 0.110990	0.448 ± 0.102158	0.725 ± 0.038719	0.736 ± 0.080998	0.809 ± 0.046187	0.782 ± 0.049528	0.622 ± 0.063072	0.814 ± 0.062287
roc_auc	0.796 ± 0.037325	0.721 ± 0.053993	0.19952 ± 0.024515	0.677 ± 0.072518	0.442 ± 0.107986	0.7619 ± 0.193456	0.460 ± 0.104994	0.451 ± 0.106430	0.732 ± 0.050407	0.729 ± 0.058163	0.791 ± 0.038121	0.766 ± 0.052055	0.633 ± 0.087646	0.809 ± 0.035855
