	mean_ncv_average_precision	mean_ncv_balanced_accuracy	mean_ncv_brier_loss	mean_ncv_f1	mean_ncv_informedness	mean_ncv_log_loss	mean_ncv_markedness	mean_ncv_mcc	mean_ncv_negative_predictive_value	mean_ncv_precision	mean_ncv_precision_recall_auc	mean_ncv_roc_auc	mean_ncv_sensitivity	mean_ncv_specificity
mcc	0.807 ± 0.033907	0.741 ± 0.036265	0.18572 ± 0.020081	0.704 ± 0.047210	0.481 ± 0.072529	0.6839 ± 0.217368	0.495 ± 0.070162	0.488 ± 0.071143	0.753 ± 0.038066	0.743 ± 0.040949	0.802 ± 0.035146	0.790 ± 0.043263	0.672 ± 0.066512	0.809 ± 0.035855
precision_recall_auc	0.806 ± 0.019547	0.712 ± 0.042647	0.19353 ± 0.013469	0.661 ± 0.060101	0.424 ± 0.085294	0.6622 ± 0.129429	0.449 ± 0.081993	0.436 ± 0.083353	0.719 ± 0.040193	0.731 ± 0.047205	0.801 ± 0.020240	0.781 ± 0.022423	0.606 ± 0.076129	0.818 ± 0.030303
roc_auc	0.818 ± 0.031336	0.732 ± 0.033459	0.18896 ± 0.025994	0.693 ± 0.043558	0.465 ± 0.066918	0.6621 ± 0.160419	0.481 ± 0.063313	0.473 ± 0.064916	0.743 ± 0.035395	0.738 ± 0.036374	0.813 ± 0.032152	0.803 ± 0.043201	0.656 ± 0.063072	0.809 ± 0.035855
