	mean_best_threshold_tuning_score	mean_best_threshold	mean_test_average_precision	mean_train_average_precision	mean_test_balanced_accuracy	mean_train_balanced_accuracy	mean_test_brier_loss	mean_train_brier_loss	mean_test_f1	mean_train_f1	mean_test_informedness	mean_train_informedness	mean_test_log_loss	mean_train_log_loss	mean_test_markedness	mean_train_markedness	mean_test_mcc	mean_train_mcc	mean_test_negative_predictive_value	mean_train_negative_predictive_value	mean_test_precision	mean_train_precision	mean_test_precision_recall_auc	mean_train_precision_recall_auc	mean_test_roc_auc	mean_train_roc_auc	mean_test_sensitivity	mean_train_sensitivity	mean_test_specificity	mean_train_specificity
mcc	nan	nan	0.940 ± 0.074861	0.971 ± 0.022856	0.856 ± 0.119188	0.905 ± 0.036120	0.10647 ± 0.063602	0.07059 ± 0.017512	0.816 ± 0.182938	0.894 ± 0.042026	0.712 ± 0.238376	0.810 ± 0.072240	0.3454 ± 0.165616	0.2505 ± 0.048020	0.775 ± 0.249280	0.848 ± 0.059230	0.745 ± 0.218193	0.828 ± 0.065585	0.838 ± 0.127872	0.877 ± 0.043593	0.937 ± 0.174072	0.971 ± 0.024440	0.933 ± 0.083813	0.971 ± 0.023033	0.919 ± 0.114429	0.964 ± 0.031989	0.753 ± 0.223328	0.829 ± 0.063074	0.959 ± 0.110051	0.980 ± 0.016490
precision_recall_auc	nan	nan	0.944 ± 0.074614	0.960 ± 0.018072	0.729 ± 0.146106	0.750 ± 0.118604	0.10593 ± 0.060405	0.08212 ± 0.018537	0.567 ± 0.320482	0.625 ± 0.271849	0.458 ± 0.292213	0.500 ± 0.237207	0.3338 ± 0.156221	0.2680 ± 0.048570	0.509 ± 0.487807	0.578 ± 0.422634	0.519 ± 0.297131	0.565 ± 0.247593	0.709 ± 0.121444	0.723 ± 0.094996	0.800 ± 0.404061	0.854 ± 0.348600	0.937 ± 0.083445	0.960 ± 0.018234	0.921 ± 0.116601	0.958 ± 0.020693	0.458 ± 0.292213	0.504 ± 0.241948	1.000 ± 0.000000	0.996 ± 0.010582
roc_auc	nan	nan	0.949 ± 0.068546	0.958 ± 0.020327	0.728 ± 0.163065	0.742 ± 0.131434	0.10043 ± 0.057893	0.08444 ± 0.021785	0.552 ± 0.348765	0.600 ± 0.300992	0.457 ± 0.326130	0.483 ± 0.262868	0.3176 ± 0.147890	0.2723 ± 0.057517	0.474 ± 0.535210	0.535 ± 0.469067	0.511 ± 0.330599	0.544 ± 0.275571	0.714 ± 0.145427	0.720 ± 0.103099	0.760 ± 0.431419	0.816 ± 0.386348	0.942 ± 0.077653	0.957 ± 0.020519	0.938 ± 0.096460	0.956 ± 0.021424	0.457 ± 0.326130	0.486 ± 0.266720	1.000 ± 0.000000	0.997 ± 0.010303
