	mean_best_threshold_tuning_score	mean_best_threshold	mean_test_average_precision	mean_train_average_precision	mean_test_balanced_accuracy	mean_train_balanced_accuracy	mean_test_brier_loss	mean_train_brier_loss	mean_test_f1	mean_train_f1	mean_test_informedness	mean_train_informedness	mean_test_log_loss	mean_train_log_loss	mean_test_markedness	mean_train_markedness	mean_test_mcc	mean_train_mcc	mean_test_negative_predictive_value	mean_train_negative_predictive_value	mean_test_precision	mean_train_precision	mean_test_precision_recall_auc	mean_train_precision_recall_auc	mean_test_roc_auc	mean_train_roc_auc	mean_test_sensitivity	mean_train_sensitivity	mean_test_specificity	mean_train_specificity
mcc	nan	nan	0.788 ± 0.163391	0.986 ± 0.029565	0.665 ± 0.133295	0.941 ± 0.071499	0.22382 ± 0.076706	0.06378 ± 0.056295	0.662 ± 0.161391	0.936 ± 0.073066	0.331 ± 0.266589	0.882 ± 0.142998	0.7469 ± 0.337960	0.2423 ± 0.161918	0.384 ± 0.311780	0.878 ± 0.140037	0.357 ± 0.271162	0.880 ± 0.141478	0.795 ± 0.222524	0.977 ± 0.042869	0.589 ± 0.167711	0.901 ± 0.101518	0.746 ± 0.204279	0.986 ± 0.029837	0.777 ± 0.165022	0.982 ± 0.037789	0.802 ± 0.229543	0.978 ± 0.041438	0.529 ± 0.241190	0.904 ± 0.105473
precision_recall_auc	nan	nan	0.840 ± 0.150403	0.986 ± 0.030445	0.712 ± 0.142620	0.945 ± 0.079215	0.19873 ± 0.080786	0.05103 ± 0.055937	0.715 ± 0.129061	0.942 ± 0.081514	0.424 ± 0.285241	0.891 ± 0.158430	0.6832 ± 0.357796	0.1987 ± 0.164958	0.450 ± 0.328687	0.891 ± 0.154492	0.440 ± 0.290146	0.891 ± 0.156437	0.804 ± 0.243086	0.979 ± 0.040134	0.646 ± 0.150997	0.912 ± 0.117699	0.813 ± 0.183805	0.985 ± 0.030714	0.818 ± 0.155912	0.982 ± 0.038271	0.840 ± 0.181203	0.980 ± 0.037666	0.584 ± 0.240840	0.911 ± 0.123973
roc_auc	nan	nan	0.819 ± 0.153861	0.992 ± 0.026565	0.713 ± 0.146550	0.970 ± 0.064149	0.20705 ± 0.092212	0.03031 ± 0.045211	0.701 ± 0.170194	0.968 ± 0.066397	0.426 ± 0.293101	0.940 ± 0.128297	0.7232 ± 0.356022	0.1373 ± 0.135751	0.463 ± 0.330294	0.939 ± 0.125694	0.443 ± 0.304895	0.940 ± 0.126973	0.821 ± 0.216948	0.990 ± 0.031488	0.642 ± 0.182915	0.949 ± 0.097163	0.782 ± 0.195403	0.992 ± 0.026796	0.809 ± 0.146518	0.990 ± 0.033801	0.813 ± 0.226228	0.991 ± 0.029070	0.613 ± 0.229643	0.950 ± 0.101473
