	mean_best_threshold_tuning_score	mean_best_threshold	mean_test_average_precision	mean_train_average_precision	mean_test_balanced_accuracy	mean_train_balanced_accuracy	mean_test_brier_loss	mean_train_brier_loss	mean_test_f1	mean_train_f1	mean_test_informedness	mean_train_informedness	mean_test_log_loss	mean_train_log_loss	mean_test_markedness	mean_train_markedness	mean_test_mcc	mean_train_mcc	mean_test_negative_predictive_value	mean_train_negative_predictive_value	mean_test_precision	mean_train_precision	mean_test_precision_recall_auc	mean_train_precision_recall_auc	mean_test_roc_auc	mean_train_roc_auc	mean_test_sensitivity	mean_train_sensitivity	mean_test_specificity	mean_train_specificity
mcc	nan	nan	0.858 ± 0.127670	0.986 ± 0.029565	0.757 ± 0.155404	0.941 ± 0.071499	0.17325 ± 0.073895	0.06378 ± 0.056295	0.737 ± 0.164178	0.936 ± 0.073066	0.513 ± 0.310809	0.882 ± 0.142998	0.5470 ± 0.301462	0.2423 ± 0.161918	0.549 ± 0.312184	0.878 ± 0.140037	0.529 ± 0.308832	0.880 ± 0.141478	0.836 ± 0.183144	0.977 ± 0.042869	0.713 ± 0.197763	0.901 ± 0.101518	0.833 ± 0.156547	0.986 ± 0.029837	0.852 ± 0.133420	0.982 ± 0.037789	0.810 ± 0.214972	0.978 ± 0.041438	0.703 ± 0.221868	0.904 ± 0.105473
precision_recall_auc	nan	nan	0.890 ± 0.111349	0.986 ± 0.030445	0.764 ± 0.151483	0.945 ± 0.079215	0.16212 ± 0.069785	0.05103 ± 0.055937	0.753 ± 0.143448	0.942 ± 0.081514	0.527 ± 0.302966	0.891 ± 0.158430	0.5111 ± 0.278992	0.1987 ± 0.164958	0.555 ± 0.314932	0.891 ± 0.154492	0.540 ± 0.305698	0.891 ± 0.156437	0.836 ± 0.201376	0.979 ± 0.040134	0.719 ± 0.175179	0.912 ± 0.117699	0.874 ± 0.132622	0.985 ± 0.030714	0.870 ± 0.133422	0.982 ± 0.038271	0.833 ± 0.188231	0.980 ± 0.037666	0.694 ± 0.222610	0.911 ± 0.123973
roc_auc	nan	nan	0.903 ± 0.112412	0.992 ± 0.026565	0.775 ± 0.164699	0.970 ± 0.064149	0.14979 ± 0.079092	0.03031 ± 0.045211	0.761 ± 0.172051	0.968 ± 0.066397	0.551 ± 0.329398	0.940 ± 0.128297	0.4716 ± 0.273522	0.1373 ± 0.135751	0.585 ± 0.334919	0.939 ± 0.125694	0.566 ± 0.329159	0.940 ± 0.126973	0.855 ± 0.202317	0.990 ± 0.031488	0.730 ± 0.192879	0.949 ± 0.097163	0.888 ± 0.134786	0.992 ± 0.026796	0.892 ± 0.121398	0.990 ± 0.033801	0.837 ± 0.214259	0.991 ± 0.029070	0.714 ± 0.233876	0.950 ± 0.101473
