	mean_best_threshold_tuning_score	mean_best_threshold	mean_test_average_precision	mean_train_average_precision	mean_test_balanced_accuracy	mean_train_balanced_accuracy	mean_test_brier_loss	mean_train_brier_loss	mean_test_f1	mean_train_f1	mean_test_informedness	mean_train_informedness	mean_test_log_loss	mean_train_log_loss	mean_test_markedness	mean_train_markedness	mean_test_mcc	mean_train_mcc	mean_test_negative_predictive_value	mean_train_negative_predictive_value	mean_test_precision	mean_train_precision	mean_test_precision_recall_auc	mean_train_precision_recall_auc	mean_test_roc_auc	mean_train_roc_auc	mean_test_sensitivity	mean_train_sensitivity	mean_test_specificity	mean_train_specificity
mcc	nan	nan	0.869 ± 0.118147	0.987 ± 0.028078	0.756 ± 0.128269	0.942 ± 0.071707	0.17362 ± 0.065654	0.06104 ± 0.054536	0.746 ± 0.133756	0.938 ± 0.073946	0.513 ± 0.256537	0.885 ± 0.143414	0.5399 ± 0.227615	0.2321 ± 0.161085	0.548 ± 0.289334	0.882 ± 0.141407	0.533 ± 0.254466	0.883 ± 0.142376	0.846 ± 0.194348	0.977 ± 0.040891	0.702 ± 0.177504	0.905 ± 0.104215	0.847 ± 0.143645	0.987 ± 0.028327	0.858 ± 0.128978	0.983 ± 0.037179	0.847 ± 0.185470	0.977 ± 0.039546	0.666 ± 0.223707	0.907 ± 0.107026
precision_recall_auc	nan	nan	0.899 ± 0.108715	0.983 ± 0.032108	0.764 ± 0.132344	0.938 ± 0.084348	0.16149 ± 0.067111	0.05656 ± 0.060224	0.751 ± 0.137044	0.935 ± 0.086127	0.528 ± 0.264688	0.875 ± 0.168695	0.4999 ± 0.261195	0.2161 ± 0.176727	0.576 ± 0.274064	0.876 ± 0.164376	0.549 ± 0.265146	0.876 ± 0.166512	0.858 ± 0.191322	0.973 ± 0.044694	0.718 ± 0.166370	0.902 ± 0.122965	0.884 ± 0.127425	0.983 ± 0.032390	0.880 ± 0.129672	0.978 ± 0.041403	0.843 ± 0.201778	0.975 ± 0.041702	0.685 ± 0.218120	0.901 ± 0.130042
roc_auc	nan	nan	0.920 ± 0.099022	0.995 ± 0.018097	0.779 ± 0.152439	0.975 ± 0.051426	0.14793 ± 0.080041	0.02626 ± 0.036014	0.757 ± 0.168443	0.972 ± 0.055638	0.558 ± 0.304878	0.949 ± 0.102852	0.4592 ± 0.260748	0.1264 ± 0.110345	0.599 ± 0.315372	0.947 ± 0.104227	0.576 ± 0.306686	0.948 ± 0.103518	0.855 ± 0.199163	0.992 ± 0.024252	0.744 ± 0.187836	0.955 ± 0.082587	0.909 ± 0.112982	0.995 ± 0.018254	0.908 ± 0.119534	0.994 ± 0.022181	0.825 ± 0.224776	0.992 ± 0.024814	0.733 ± 0.217502	0.957 ± 0.080560
