	mean_best_threshold_tuning_score	mean_best_threshold	mean_test_average_precision	mean_train_average_precision	mean_test_balanced_accuracy	mean_train_balanced_accuracy	mean_test_brier_loss	mean_train_brier_loss	mean_test_f1	mean_train_f1	mean_test_informedness	mean_train_informedness	mean_test_log_loss	mean_train_log_loss	mean_test_markedness	mean_train_markedness	mean_test_mcc	mean_train_mcc	mean_test_negative_predictive_value	mean_train_negative_predictive_value	mean_test_precision	mean_train_precision	mean_test_precision_recall_auc	mean_train_precision_recall_auc	mean_test_roc_auc	mean_train_roc_auc	mean_test_sensitivity	mean_train_sensitivity	mean_test_specificity	mean_train_specificity
mcc	nan	nan	0.841 ± 0.145858	1.000 ± 0.000000	0.710 ± 0.137083	1.000 ± 0.000000	0.20562 ± 0.090027	0.03424 ± 0.037748	0.607 ± 0.261640	1.000 ± 0.000000	0.420 ± 0.274165	1.000 ± 0.000000	0.8876 ± 0.761877	0.1468 ± 0.126687	0.473 ± 0.385132	1.000 ± 0.000000	0.458 ± 0.282978	1.000 ± 0.000000	0.752 ± 0.166577	1.000 ± 0.000000	0.721 ± 0.305728	1.000 ± 0.000000	0.814 ± 0.179235	1.000 ± 0.000000	0.810 ± 0.160175	1.000 ± 0.000000	0.597 ± 0.319154	1.000 ± 0.000000	0.823 ± 0.201071	1.000 ± 0.000000
precision_recall_auc	nan	nan	0.831 ± 0.136253	1.000 ± 0.000000	0.686 ± 0.163270	0.996 ± 0.018541	0.21711 ± 0.084593	0.02774 ± 0.032249	0.554 ± 0.288759	0.996 ± 0.020542	0.372 ± 0.326540	0.993 ± 0.037082	0.8967 ± 0.679314	0.1240 ± 0.112467	0.433 ± 0.446061	0.995 ± 0.026180	0.413 ± 0.345340	0.994 ± 0.031711	0.717 ± 0.179028	0.995 ± 0.026180	0.716 ± 0.347569	1.000 ± 0.000000	0.800 ± 0.169087	1.000 ± 0.000000	0.810 ± 0.152902	1.000 ± 0.000000	0.518 ± 0.334306	0.993 ± 0.037082	0.854 ± 0.185670	1.000 ± 0.000000
roc_auc	nan	nan	0.811 ± 0.132156	1.000 ± 0.000000	0.705 ± 0.157826	0.996 ± 0.018541	0.21658 ± 0.085881	0.01715 ± 0.027461	0.597 ± 0.274950	0.996 ± 0.020542	0.410 ± 0.315652	0.993 ± 0.037082	0.8810 ± 0.666199	0.0945 ± 0.092746	0.452 ± 0.426624	0.995 ± 0.026180	0.443 ± 0.330398	0.994 ± 0.031711	0.739 ± 0.178229	0.995 ± 0.026180	0.713 ± 0.324868	1.000 ± 0.000000	0.778 ± 0.164545	1.000 ± 0.000000	0.784 ± 0.141238	1.000 ± 0.000000	0.578 ± 0.322270	0.993 ± 0.037082	0.832 ± 0.197887	1.000 ± 0.000000
