	mean_best_threshold_tuning_score	mean_best_threshold	mean_test_average_precision	mean_train_average_precision	mean_test_balanced_accuracy	mean_train_balanced_accuracy	mean_test_brier_loss	mean_train_brier_loss	mean_test_f1	mean_train_f1	mean_test_informedness	mean_train_informedness	mean_test_log_loss	mean_train_log_loss	mean_test_markedness	mean_train_markedness	mean_test_mcc	mean_train_mcc	mean_test_negative_predictive_value	mean_train_negative_predictive_value	mean_test_precision	mean_train_precision	mean_test_precision_recall_auc	mean_train_precision_recall_auc	mean_test_roc_auc	mean_train_roc_auc	mean_test_sensitivity	mean_train_sensitivity	mean_test_specificity	mean_train_specificity
mcc	nan	nan	0.841 ± 0.133343	0.974 ± 0.035836	0.717 ± 0.148597	0.928 ± 0.064793	0.18905 ± 0.076471	0.05143 ± 0.050222	0.657 ± 0.208061	0.924 ± 0.068924	0.435 ± 0.297195	0.856 ± 0.129585	0.5920 ± 0.248017	0.1863 ± 0.156542	0.483 ± 0.339500	0.866 ± 0.135293	0.460 ± 0.301221	0.861 ± 0.132291	0.759 ± 0.174565	0.933 ± 0.044612	0.724 ± 0.244473	0.933 ± 0.101176	0.817 ± 0.159663	0.974 ± 0.036144	0.812 ± 0.150585	0.967 ± 0.045948	0.665 ± 0.274838	0.919 ± 0.051137	0.770 ± 0.211409	0.937 ± 0.095790
precision_recall_auc	nan	nan	0.839 ± 0.128414	0.992 ± 0.029032	0.702 ± 0.148250	0.957 ± 0.069584	0.18781 ± 0.094788	0.02545 ± 0.026815	0.618 ± 0.226564	0.945 ± 0.138407	0.404 ± 0.296499	0.913 ± 0.139168	0.5971 ± 0.325960	0.1078 ± 0.083166	0.440 ± 0.373758	0.920 ± 0.198835	0.429 ± 0.308052	0.921 ± 0.138588	0.729 ± 0.170680	0.941 ± 0.064152	0.711 ± 0.269531	0.979 ± 0.141363	0.810 ± 0.159480	0.992 ± 0.029403	0.819 ± 0.140262	0.991 ± 0.029815	0.593 ± 0.273882	0.914 ± 0.139275	0.811 ± 0.184968	0.999 ± 0.003775
roc_auc	nan	nan	0.825 ± 0.124607	0.988 ± 0.040310	0.698 ± 0.144941	0.961 ± 0.075352	0.20063 ± 0.091326	0.02465 ± 0.035496	0.619 ± 0.206520	0.949 ± 0.142161	0.396 ± 0.289882	0.922 ± 0.150703	0.6204 ± 0.313229	0.1036 ± 0.110623	0.457 ± 0.350476	0.924 ± 0.207555	0.427 ± 0.300863	0.927 ± 0.150405	0.724 ± 0.172025	0.952 ± 0.068446	0.733 ± 0.257429	0.972 ± 0.145892	0.795 ± 0.156098	0.988 ± 0.041043	0.801 ± 0.131953	0.986 ± 0.037968	0.595 ± 0.269905	0.929 ± 0.142942	0.801 ± 0.207387	0.993 ± 0.035805
