	mean_ncv_average_precision	mean_ncv_balanced_accuracy	mean_ncv_brier_loss	mean_ncv_f1	mean_ncv_informedness	mean_ncv_log_loss	mean_ncv_markedness	mean_ncv_mcc	mean_ncv_negative_predictive_value	mean_ncv_precision	mean_ncv_precision_recall_auc	mean_ncv_roc_auc	mean_ncv_sensitivity	mean_ncv_specificity
mcc	0.915 ± 0.040076	0.871 ± 0.048668	0.11868 ± 0.019039	0.858 ± 0.052946	0.742 ± 0.097336	0.3867 ± 0.047749	0.746 ± 0.100678	0.744 ± 0.098876	0.883 ± 0.042608	0.863 ± 0.068001	0.912 ± 0.041290	0.914 ± 0.042912	0.856 ± 0.053672	0.886 ± 0.061546
precision_recall_auc	0.935 ± 0.016392	0.887 ± 0.020274	0.10589 ± 0.008516	0.876 ± 0.021603	0.774 ± 0.040548	0.3529 ± 0.019792	0.780 ± 0.039704	0.777 ± 0.039668	0.906 ± 0.038283	0.874 ± 0.051548	0.933 ± 0.016773	0.936 ± 0.022145	0.883 ± 0.055246	0.891 ± 0.057496
roc_auc	0.931 ± 0.017881	0.885 ± 0.022624	0.11037 ± 0.007546	0.874 ± 0.024043	0.770 ± 0.045248	0.3637 ± 0.018489	0.774 ± 0.047305	0.772 ± 0.045901	0.905 ± 0.033987	0.869 ± 0.053559	0.929 ± 0.018283	0.930 ± 0.023802	0.883 ± 0.048644	0.886 ± 0.057695
