	mean_best_threshold_tuning_score	mean_best_threshold	mean_test_average_precision	mean_train_average_precision	mean_test_balanced_accuracy	mean_train_balanced_accuracy	mean_test_brier_loss	mean_train_brier_loss	mean_test_f1	mean_train_f1	mean_test_informedness	mean_train_informedness	mean_test_log_loss	mean_train_log_loss	mean_test_markedness	mean_train_markedness	mean_test_mcc	mean_train_mcc	mean_test_negative_predictive_value	mean_train_negative_predictive_value	mean_test_precision	mean_train_precision	mean_test_precision_recall_auc	mean_train_precision_recall_auc	mean_test_roc_auc	mean_train_roc_auc	mean_test_sensitivity	mean_train_sensitivity	mean_test_specificity	mean_train_specificity
mcc	nan	nan	0.855 ± 0.128180	0.974 ± 0.035836	0.704 ± 0.148921	0.928 ± 0.064793	0.19327 ± 0.077896	0.05143 ± 0.050222	0.666 ± 0.204520	0.924 ± 0.068924	0.408 ± 0.297843	0.856 ± 0.129585	0.5842 ± 0.227598	0.1863 ± 0.156542	0.452 ± 0.361714	0.866 ± 0.135293	0.433 ± 0.309719	0.861 ± 0.132291	0.782 ± 0.211516	0.933 ± 0.044612	0.670 ± 0.242848	0.933 ± 0.101176	0.835 ± 0.147733	0.974 ± 0.036144	0.825 ± 0.154546	0.967 ± 0.045948	0.738 ± 0.273556	0.919 ± 0.051137	0.670 ± 0.252134	0.937 ± 0.095790
precision_recall_auc	nan	nan	0.858 ± 0.133411	0.992 ± 0.029032	0.728 ± 0.176091	0.957 ± 0.069584	0.17284 ± 0.087364	0.02545 ± 0.026815	0.662 ± 0.247210	0.945 ± 0.138407	0.456 ± 0.352182	0.913 ± 0.139168	0.5397 ± 0.270916	0.1078 ± 0.083166	0.488 ± 0.411008	0.920 ± 0.198835	0.475 ± 0.364745	0.921 ± 0.138588	0.760 ± 0.201561	0.941 ± 0.064152	0.729 ± 0.282043	0.979 ± 0.141363	0.837 ± 0.156275	0.992 ± 0.029403	0.831 ± 0.163979	0.991 ± 0.029815	0.667 ± 0.294026	0.914 ± 0.139275	0.789 ± 0.238680	0.999 ± 0.003775
roc_auc	nan	nan	0.860 ± 0.127562	0.988 ± 0.040310	0.722 ± 0.155952	0.961 ± 0.075352	0.17665 ± 0.082896	0.02465 ± 0.035496	0.656 ± 0.230520	0.949 ± 0.142161	0.445 ± 0.311904	0.922 ± 0.150703	0.5427 ± 0.252302	0.1036 ± 0.110623	0.484 ± 0.369704	0.924 ± 0.207555	0.466 ± 0.321725	0.927 ± 0.150405	0.766 ± 0.179215	0.952 ± 0.068446	0.718 ± 0.267544	0.972 ± 0.145892	0.839 ± 0.150341	0.988 ± 0.041043	0.835 ± 0.150974	0.986 ± 0.037968	0.667 ± 0.289655	0.929 ± 0.142942	0.778 ± 0.214562	0.993 ± 0.035805
