	mean_ncv_average_precision	mean_ncv_balanced_accuracy	mean_ncv_brier_loss	mean_ncv_f1	mean_ncv_informedness	mean_ncv_log_loss	mean_ncv_markedness	mean_ncv_mcc	mean_ncv_negative_predictive_value	mean_ncv_precision	mean_ncv_precision_recall_auc	mean_ncv_roc_auc	mean_ncv_sensitivity	mean_ncv_specificity
mcc	0.702 ± 0.080890	0.685 ± 0.029993	0.21506 ± 0.020300	0.684 ± 0.027492	0.370 ± 0.059986	0.7004 ± 0.081199	0.378 ± 0.060262	0.374 ± 0.059978	0.769 ± 0.037998	0.609 ± 0.031950	0.685 ± 0.089011	0.746 ± 0.048752	0.783 ± 0.048644	0.586 ± 0.058486
precision_recall_auc	0.771 ± 0.049761	0.703 ± 0.047769	0.19503 ± 0.017281	0.704 ± 0.039756	0.407 ± 0.095538	0.6309 ± 0.074206	0.420 ± 0.088327	0.413 ± 0.091638	0.795 ± 0.046420	0.626 ± 0.055037	0.762 ± 0.053312	0.788 ± 0.033687	0.811 ± 0.053672	0.595 ± 0.096899
roc_auc	0.768 ± 0.065556	0.713 ± 0.036808	0.19556 ± 0.022677	0.702 ± 0.038013	0.426 ± 0.073615	0.6492 ± 0.080156	0.428 ± 0.074135	0.427 ± 0.073703	0.778 ± 0.045572	0.650 ± 0.042255	0.757 ± 0.072770	0.799 ± 0.033316	0.767 ± 0.063072	0.659 ± 0.065169
