	mean_best_threshold_tuning_score	mean_best_threshold	mean_test_average_precision	mean_train_average_precision	mean_test_balanced_accuracy	mean_train_balanced_accuracy	mean_test_brier_loss	mean_train_brier_loss	mean_test_f1	mean_train_f1	mean_test_informedness	mean_train_informedness	mean_test_log_loss	mean_train_log_loss	mean_test_markedness	mean_train_markedness	mean_test_mcc	mean_train_mcc	mean_test_negative_predictive_value	mean_train_negative_predictive_value	mean_test_precision	mean_train_precision	mean_test_precision_recall_auc	mean_train_precision_recall_auc	mean_test_roc_auc	mean_train_roc_auc	mean_test_sensitivity	mean_train_sensitivity	mean_test_specificity	mean_train_specificity
mcc	nan	nan	0.763 ± 0.156327	0.981 ± 0.038400	0.680 ± 0.131860	0.939 ± 0.075754	0.21954 ± 0.057774	0.06309 ± 0.058608	0.684 ± 0.166661	0.935 ± 0.076458	0.359 ± 0.263720	0.877 ± 0.151508	0.7569 ± 0.376645	0.2419 ± 0.168514	0.447 ± 0.321450	0.875 ± 0.147377	0.400 ± 0.270144	0.876 ± 0.149405	0.857 ± 0.233966	0.975 ± 0.045536	0.590 ± 0.173925	0.900 ± 0.105260	0.721 ± 0.191608	0.981 ± 0.038804	0.753 ± 0.140954	0.976 ± 0.046332	0.863 ± 0.227602	0.976 ± 0.043316	0.496 ± 0.257508	0.901 ± 0.111394
precision_recall_auc	nan	nan	0.825 ± 0.127619	0.973 ± 0.035158	0.688 ± 0.137561	0.906 ± 0.087912	0.20768 ± 0.073453	0.07216 ± 0.061367	0.707 ± 0.128544	0.902 ± 0.089194	0.377 ± 0.275121	0.812 ± 0.175824	0.6914 ± 0.361391	0.2595 ± 0.180858	0.456 ± 0.321371	0.812 ± 0.170361	0.418 ± 0.268893	0.812 ± 0.173065	0.852 ± 0.245873	0.957 ± 0.050095	0.603 ± 0.161770	0.855 ± 0.124867	0.793 ± 0.161987	0.973 ± 0.035455	0.812 ± 0.132361	0.964 ± 0.045987	0.902 ± 0.158552	0.959 ± 0.047372	0.475 ± 0.258775	0.852 ± 0.133146
roc_auc	nan	nan	0.794 ± 0.146116	0.992 ± 0.020341	0.701 ± 0.154160	0.965 ± 0.062909	0.20371 ± 0.083273	0.02857 ± 0.041773	0.697 ± 0.178448	0.962 ± 0.066049	0.401 ± 0.308320	0.930 ± 0.125818	0.6837 ± 0.382721	0.1282 ± 0.129056	0.423 ± 0.373667	0.929 ± 0.122859	0.424 ± 0.307246	0.929 ± 0.124310	0.802 ± 0.248744	0.989 ± 0.026896	0.621 ± 0.194828	0.940 ± 0.100196	0.753 ± 0.184220	0.992 ± 0.020514	0.788 ± 0.141061	0.990 ± 0.025103	0.835 ± 0.216582	0.989 ± 0.026518	0.566 ± 0.271511	0.940 ± 0.104198
