	mean_best_threshold_tuning_score	mean_best_threshold	mean_test_average_precision	mean_train_average_precision	mean_test_balanced_accuracy	mean_train_balanced_accuracy	mean_test_brier_loss	mean_train_brier_loss	mean_test_f1	mean_train_f1	mean_test_informedness	mean_train_informedness	mean_test_log_loss	mean_train_log_loss	mean_test_markedness	mean_train_markedness	mean_test_mcc	mean_train_mcc	mean_test_negative_predictive_value	mean_train_negative_predictive_value	mean_test_precision	mean_train_precision	mean_test_precision_recall_auc	mean_train_precision_recall_auc	mean_test_roc_auc	mean_train_roc_auc	mean_test_sensitivity	mean_train_sensitivity	mean_test_specificity	mean_train_specificity
mcc	nan	nan	0.861 ± 0.117109	1.000 ± 0.000000	0.775 ± 0.124949	0.977 ± 0.030109	0.16316 ± 0.074399	0.06080 ± 0.049570	0.700 ± 0.197868	0.976 ± 0.032453	0.550 ± 0.249898	0.954 ± 0.060218	0.5046 ± 0.211869	0.2408 ± 0.143040	0.671 ± 0.284621	0.966 ± 0.044551	0.609 ± 0.245457	0.960 ± 0.052439	0.746 ± 0.114101	0.966 ± 0.044551	0.925 ± 0.209097	1.000 ± 0.000000	0.847 ± 0.129646	1.000 ± 0.000000	0.789 ± 0.182491	1.000 ± 0.000000	0.585 ± 0.205846	0.954 ± 0.060218	0.965 ± 0.099617	1.000 ± 0.000000
precision_recall_auc	nan	nan	0.886 ± 0.081882	1.000 ± 0.000000	0.769 ± 0.115311	0.955 ± 0.030054	0.15751 ± 0.068508	0.02790 ± 0.029407	0.684 ± 0.196739	0.952 ± 0.032631	0.538 ± 0.230622	0.910 ± 0.060108	0.5102 ± 0.255750	0.1359 ± 0.088041	0.677 ± 0.247921	0.933 ± 0.043635	0.603 ± 0.214733	0.921 ± 0.051885	0.740 ± 0.115534	0.933 ± 0.043635	0.937 ± 0.180984	1.000 ± 0.000000	0.873 ± 0.092332	1.000 ± 0.000000	0.841 ± 0.121974	1.000 ± 0.000000	0.565 ± 0.213152	0.910 ± 0.060108	0.973 ± 0.074375	1.000 ± 0.000000
roc_auc	nan	nan	0.889 ± 0.091280	1.000 ± 0.000000	0.776 ± 0.111685	0.945 ± 0.031859	0.15659 ± 0.067695	0.02393 ± 0.015561	0.697 ± 0.176812	0.941 ± 0.035380	0.552 ± 0.223369	0.890 ± 0.063717	0.4993 ± 0.243891	0.1243 ± 0.054755	0.710 ± 0.184851	0.919 ± 0.044235	0.622 ± 0.202406	0.905 ± 0.054023	0.743 ± 0.113407	0.919 ± 0.044235	0.967 ± 0.116642	1.000 ± 0.000000	0.875 ± 0.103216	1.000 ± 0.000000	0.851 ± 0.137649	1.000 ± 0.000000	0.570 ± 0.202283	0.890 ± 0.063717	0.982 ± 0.062073	1.000 ± 0.000000
