	mean_best_threshold_tuning_score	mean_best_threshold	mean_test_average_precision	mean_train_average_precision	mean_test_balanced_accuracy	mean_train_balanced_accuracy	mean_test_brier_loss	mean_train_brier_loss	mean_test_f1	mean_train_f1	mean_test_informedness	mean_train_informedness	mean_test_log_loss	mean_train_log_loss	mean_test_markedness	mean_train_markedness	mean_test_mcc	mean_train_mcc	mean_test_negative_predictive_value	mean_train_negative_predictive_value	mean_test_precision	mean_train_precision	mean_test_precision_recall_auc	mean_train_precision_recall_auc	mean_test_roc_auc	mean_train_roc_auc	mean_test_sensitivity	mean_train_sensitivity	mean_test_specificity	mean_train_specificity
mcc	nan	nan	0.949 ± 0.075952	0.968 ± 0.015739	0.871 ± 0.111259	0.919 ± 0.033789	0.10992 ± 0.051640	0.07499 ± 0.024855	0.841 ± 0.144675	0.911 ± 0.037611	0.743 ± 0.222518	0.838 ± 0.067578	0.3748 ± 0.138270	0.2768 ± 0.080702	0.806 ± 0.177412	0.850 ± 0.067167	0.771 ± 0.197980	0.844 ± 0.067228	0.859 ± 0.120227	0.910 ± 0.033037	0.947 ± 0.116530	0.941 ± 0.039594	0.943 ± 0.085169	0.968 ± 0.015720	0.936 ± 0.092718	0.963 ± 0.018537	0.787 ± 0.199319	0.884 ± 0.042889	0.956 ± 0.102837	0.954 ± 0.032961
precision_recall_auc	nan	nan	0.953 ± 0.069402	0.975 ± 0.020153	0.855 ± 0.111824	0.925 ± 0.046883	0.11007 ± 0.061574	0.06174 ± 0.034905	0.830 ± 0.132017	0.917 ± 0.052847	0.711 ± 0.223648	0.849 ± 0.093767	0.3670 ± 0.191194	0.2253 ± 0.115772	0.757 ± 0.205723	0.866 ± 0.088588	0.732 ± 0.211318	0.858 ± 0.091056	0.866 ± 0.126750	0.911 ± 0.048689	0.891 ± 0.145618	0.955 ± 0.044819	0.947 ± 0.079466	0.975 ± 0.019849	0.944 ± 0.080267	0.975 ± 0.021158	0.810 ± 0.187507	0.884 ± 0.065454	0.901 ± 0.140513	0.965 ± 0.036393
roc_auc	nan	nan	0.947 ± 0.073205	0.971 ± 0.021637	0.841 ± 0.108149	0.909 ± 0.057992	0.11977 ± 0.060425	0.06869 ± 0.037954	0.813 ± 0.132325	0.900 ± 0.064715	0.682 ± 0.216298	0.818 ± 0.115985	0.4109 ± 0.239257	0.2463 ± 0.123467	0.724 ± 0.205104	0.828 ± 0.117432	0.701 ± 0.207347	0.823 ± 0.116628	0.861 ± 0.124681	0.905 ± 0.051345	0.863 ± 0.150434	0.923 ± 0.070188	0.940 ± 0.083137	0.972 ± 0.020583	0.938 ± 0.086451	0.972 ± 0.020871	0.803 ± 0.186537	0.879 ± 0.065144	0.879 ± 0.137429	0.939 ± 0.057990
