	mean_best_threshold_tuning_score	mean_best_threshold	mean_test_average_precision	mean_train_average_precision	mean_test_balanced_accuracy	mean_train_balanced_accuracy	mean_test_brier_loss	mean_train_brier_loss	mean_test_f1	mean_train_f1	mean_test_informedness	mean_train_informedness	mean_test_log_loss	mean_train_log_loss	mean_test_markedness	mean_train_markedness	mean_test_mcc	mean_train_mcc	mean_test_negative_predictive_value	mean_train_negative_predictive_value	mean_test_precision	mean_train_precision	mean_test_precision_recall_auc	mean_train_precision_recall_auc	mean_test_roc_auc	mean_train_roc_auc	mean_test_sensitivity	mean_train_sensitivity	mean_test_specificity	mean_train_specificity
mcc	nan	nan	0.929 ± 0.088827	0.963 ± 0.020319	0.845 ± 0.093780	0.905 ± 0.031585	0.10524 ± 0.056822	0.07561 ± 0.016520	0.809 ± 0.127660	0.894 ± 0.037395	0.689 ± 0.187560	0.811 ± 0.063170	0.3478 ± 0.156622	0.2648 ± 0.046561	0.782 ± 0.136922	0.860 ± 0.042410	0.731 ± 0.159700	0.835 ± 0.052766	0.831 ± 0.114285	0.872 ± 0.043894	0.951 ± 0.111342	0.987 ± 0.014619	0.922 ± 0.098304	0.963 ± 0.020421	0.894 ± 0.137881	0.948 ± 0.033748	0.738 ± 0.193437	0.820 ± 0.065706	0.951 ± 0.117147	0.991 ± 0.010161
precision_recall_auc	nan	nan	0.945 ± 0.071574	0.958 ± 0.017759	0.749 ± 0.146088	0.780 ± 0.105833	0.11549 ± 0.065467	0.08358 ± 0.020812	0.610 ± 0.300169	0.692 ± 0.212535	0.497 ± 0.292176	0.561 ± 0.211666	0.3633 ± 0.182379	0.2712 ± 0.054722	0.580 ± 0.434335	0.677 ± 0.297004	0.560 ± 0.283371	0.626 ± 0.199268	0.739 ± 0.147244	0.753 ± 0.101198	0.841 ± 0.352497	0.924 ± 0.239112	0.939 ± 0.078582	0.958 ± 0.017926	0.924 ± 0.120064	0.953 ± 0.022669	0.518 ± 0.311482	0.573 ± 0.224478	0.979 ± 0.094809	0.987 ± 0.033335
roc_auc	nan	nan	0.946 ± 0.070653	0.957 ± 0.016702	0.744 ± 0.134477	0.775 ± 0.101637	0.11824 ± 0.066923	0.08683 ± 0.020610	0.611 ± 0.280541	0.684 ± 0.207891	0.488 ± 0.268954	0.550 ± 0.203274	0.3699 ± 0.185064	0.2777 ± 0.053998	0.593 ± 0.407342	0.671 ± 0.293892	0.557 ± 0.260579	0.617 ± 0.192795	0.728 ± 0.126277	0.747 ± 0.095170	0.865 ± 0.332008	0.925 ± 0.239137	0.939 ± 0.079339	0.957 ± 0.016889	0.931 ± 0.108293	0.956 ± 0.017763	0.505 ± 0.280412	0.562 ± 0.216069	0.983 ± 0.091255	0.988 ± 0.031677
