	mean_best_threshold_tuning_score	mean_best_threshold	mean_test_average_precision	mean_train_average_precision	mean_test_balanced_accuracy	mean_train_balanced_accuracy	mean_test_brier_loss	mean_train_brier_loss	mean_test_f1	mean_train_f1	mean_test_informedness	mean_train_informedness	mean_test_log_loss	mean_train_log_loss	mean_test_markedness	mean_train_markedness	mean_test_mcc	mean_train_mcc	mean_test_negative_predictive_value	mean_train_negative_predictive_value	mean_test_precision	mean_train_precision	mean_test_precision_recall_auc	mean_train_precision_recall_auc	mean_test_roc_auc	mean_train_roc_auc	mean_test_sensitivity	mean_train_sensitivity	mean_test_specificity	mean_train_specificity
mcc	nan	nan	0.814 ± 0.156146	0.990 ± 0.023839	0.728 ± 0.137462	0.959 ± 0.072872	0.21136 ± 0.075910	0.06042 ± 0.056694	0.726 ± 0.134949	0.956 ± 0.076126	0.455 ± 0.274924	0.918 ± 0.145743	0.7442 ± 0.355658	0.2331 ± 0.165148	0.513 ± 0.297013	0.916 ± 0.144440	0.481 ± 0.280012	0.917 ± 0.145071	0.845 ± 0.202738	0.983 ± 0.040641	0.668 ± 0.180297	0.933 ± 0.106476	0.775 ± 0.197360	0.990 ± 0.024039	0.812 ± 0.142533	0.987 ± 0.031239	0.848 ± 0.184189	0.983 ± 0.040042	0.607 ± 0.244743	0.935 ± 0.108292
precision_recall_auc	nan	nan	0.819 ± 0.162699	0.988 ± 0.030355	0.722 ± 0.134954	0.958 ± 0.073549	0.20121 ± 0.092556	0.04293 ± 0.054606	0.719 ± 0.131517	0.956 ± 0.074595	0.445 ± 0.269909	0.916 ± 0.147098	0.7030 ± 0.449736	0.1757 ± 0.160814	0.500 ± 0.297337	0.916 ± 0.142792	0.469 ± 0.276530	0.916 ± 0.144927	0.839 ± 0.207261	0.983 ± 0.039536	0.661 ± 0.172870	0.933 ± 0.107173	0.785 ± 0.198559	0.988 ± 0.030624	0.808 ± 0.162980	0.984 ± 0.038692	0.842 ± 0.184620	0.985 ± 0.036665	0.603 ± 0.234827	0.932 ± 0.114099
roc_auc	nan	nan	0.839 ± 0.145772	0.992 ± 0.023625	0.736 ± 0.124738	0.966 ± 0.067667	0.19625 ± 0.090476	0.02999 ± 0.046259	0.732 ± 0.118726	0.965 ± 0.068553	0.472 ± 0.249477	0.933 ± 0.135334	0.6846 ± 0.418217	0.1346 ± 0.135993	0.520 ± 0.273170	0.933 ± 0.129964	0.494 ± 0.254426	0.933 ± 0.132633	0.840 ± 0.196481	0.988 ± 0.033271	0.681 ± 0.162569	0.945 ± 0.100849	0.809 ± 0.181760	0.992 ± 0.023826	0.826 ± 0.148398	0.990 ± 0.030426	0.845 ± 0.174972	0.989 ± 0.030510	0.627 ± 0.227275	0.944 ± 0.108943
