	mean_best_threshold_tuning_score	mean_best_threshold	mean_test_average_precision	mean_train_average_precision	mean_test_balanced_accuracy	mean_train_balanced_accuracy	mean_test_brier_loss	mean_train_brier_loss	mean_test_f1	mean_train_f1	mean_test_informedness	mean_train_informedness	mean_test_log_loss	mean_train_log_loss	mean_test_markedness	mean_train_markedness	mean_test_mcc	mean_train_mcc	mean_test_negative_predictive_value	mean_train_negative_predictive_value	mean_test_precision	mean_train_precision	mean_test_precision_recall_auc	mean_train_precision_recall_auc	mean_test_roc_auc	mean_train_roc_auc	mean_test_sensitivity	mean_train_sensitivity	mean_test_specificity	mean_train_specificity
mcc	nan	nan	0.802 ± 0.162419	0.990 ± 0.023839	0.683 ± 0.132726	0.959 ± 0.072872	0.20809 ± 0.065512	0.06042 ± 0.056694	0.692 ± 0.134716	0.956 ± 0.076126	0.367 ± 0.265452	0.918 ± 0.145743	0.7544 ± 0.455705	0.2331 ± 0.165148	0.466 ± 0.289727	0.916 ± 0.144440	0.409 ± 0.271084	0.917 ± 0.145071	0.862 ± 0.206576	0.983 ± 0.040641	0.603 ± 0.155416	0.933 ± 0.106476	0.760 ± 0.206004	0.990 ± 0.024039	0.795 ± 0.152801	0.987 ± 0.031239	0.862 ± 0.198927	0.983 ± 0.040042	0.505 ± 0.228627	0.935 ± 0.108292
precision_recall_auc	nan	nan	0.831 ± 0.155048	0.988 ± 0.030355	0.695 ± 0.138235	0.958 ± 0.073549	0.19631 ± 0.077379	0.04293 ± 0.054606	0.696 ± 0.145237	0.956 ± 0.074595	0.389 ± 0.276470	0.916 ± 0.147098	0.6590 ± 0.352929	0.1757 ± 0.160814	0.468 ± 0.302877	0.916 ± 0.142792	0.427 ± 0.271999	0.916 ± 0.144927	0.826 ± 0.210219	0.983 ± 0.039536	0.642 ± 0.196629	0.933 ± 0.107173	0.798 ± 0.193111	0.988 ± 0.030624	0.816 ± 0.158467	0.984 ± 0.038692	0.835 ± 0.198128	0.985 ± 0.036665	0.554 ± 0.286221	0.932 ± 0.114099
roc_auc	nan	nan	0.823 ± 0.158110	0.992 ± 0.023625	0.716 ± 0.124834	0.966 ± 0.067667	0.19282 ± 0.072897	0.02999 ± 0.046259	0.711 ± 0.130437	0.965 ± 0.068553	0.432 ± 0.249667	0.933 ± 0.135334	0.6424 ± 0.300147	0.1346 ± 0.135993	0.500 ± 0.266099	0.933 ± 0.129964	0.465 ± 0.238327	0.933 ± 0.132633	0.837 ± 0.195519	0.988 ± 0.033271	0.663 ± 0.180182	0.945 ± 0.100849	0.787 ± 0.198825	0.992 ± 0.023826	0.813 ± 0.151516	0.990 ± 0.030426	0.835 ± 0.191582	0.989 ± 0.030510	0.597 ± 0.273751	0.944 ± 0.108943
