	mean_best_threshold_tuning_score	mean_best_threshold	mean_test_average_precision	mean_train_average_precision	mean_test_balanced_accuracy	mean_train_balanced_accuracy	mean_test_brier_loss	mean_train_brier_loss	mean_test_f1	mean_train_f1	mean_test_informedness	mean_train_informedness	mean_test_log_loss	mean_train_log_loss	mean_test_markedness	mean_train_markedness	mean_test_mcc	mean_train_mcc	mean_test_negative_predictive_value	mean_train_negative_predictive_value	mean_test_precision	mean_train_precision	mean_test_precision_recall_auc	mean_train_precision_recall_auc	mean_test_roc_auc	mean_train_roc_auc	mean_test_sensitivity	mean_train_sensitivity	mean_test_specificity	mean_train_specificity
mcc	nan	nan	0.795 ± 0.164872	1.000 ± 0.003383	0.715 ± 0.172883	0.995 ± 0.025403	0.22798 ± 0.094515	0.05664 ± 0.055491	0.639 ± 0.264047	0.994 ± 0.030856	0.430 ± 0.345766	0.990 ± 0.050806	0.8940 ± 0.590376	0.2257 ± 0.145613	0.466 ± 0.414585	0.993 ± 0.031365	0.455 ± 0.356510	0.992 ± 0.041522	0.768 ± 0.188262	0.994 ± 0.030946	0.698 ± 0.297491	0.999 ± 0.006018	0.757 ± 0.202894	1.000 ± 0.003409	0.769 ± 0.169207	0.999 ± 0.004552	0.648 ± 0.314200	0.991 ± 0.050645	0.782 ± 0.228294	0.999 ± 0.005546
precision_recall_auc	nan	nan	0.821 ± 0.143566	1.000 ± 0.002011	0.714 ± 0.183476	0.995 ± 0.025347	0.22071 ± 0.099646	0.04290 ± 0.032407	0.626 ± 0.288007	0.994 ± 0.029173	0.428 ± 0.366952	0.989 ± 0.050695	0.9069 ± 0.643448	0.1866 ± 0.095370	0.444 ± 0.439558	0.993 ± 0.034290	0.447 ± 0.375092	0.991 ± 0.042701	0.758 ± 0.190765	0.993 ± 0.034290	0.687 ± 0.311739	1.000 ± 0.000000	0.791 ± 0.173885	1.000 ± 0.002031	0.788 ± 0.168129	1.000 ± 0.001940	0.630 ± 0.331269	0.989 ± 0.050695	0.798 ± 0.210432	1.000 ± 0.000000
roc_auc	nan	nan	0.816 ± 0.154192	0.999 ± 0.004452	0.715 ± 0.181760	0.985 ± 0.042460	0.21098 ± 0.099950	0.03072 ± 0.036182	0.630 ± 0.282170	0.983 ± 0.049803	0.431 ± 0.363520	0.971 ± 0.084920	0.8252 ± 0.548117	0.1462 ± 0.104137	0.461 ± 0.434522	0.981 ± 0.054872	0.452 ± 0.377056	0.976 ± 0.070403	0.758 ± 0.188083	0.981 ± 0.054872	0.703 ± 0.316198	1.000 ± 0.000000	0.783 ± 0.190219	0.999 ± 0.004493	0.787 ± 0.166853	0.999 ± 0.004656	0.632 ± 0.324758	0.971 ± 0.084920	0.799 ± 0.217943	1.000 ± 0.000000
