	mean_ncv_average_precision	mean_ncv_balanced_accuracy	mean_ncv_brier_loss	mean_ncv_f1	mean_ncv_informedness	mean_ncv_log_loss	mean_ncv_markedness	mean_ncv_mcc	mean_ncv_negative_predictive_value	mean_ncv_precision	mean_ncv_precision_recall_auc	mean_ncv_roc_auc	mean_ncv_sensitivity	mean_ncv_specificity
mcc	0.717 ± 0.061759	0.708 ± 0.056832	0.22798 ± 0.038020	0.667 ± 0.070373	0.416 ± 0.113663	0.8940 ± 0.241173	0.431 ± 0.116840	0.423 ± 0.114685	0.727 ± 0.053853	0.704 ± 0.074113	0.704 ± 0.065159	0.735 ± 0.072457	0.639 ± 0.091662	0.777 ± 0.069267
precision_recall_auc	0.761 ± 0.032189	0.709 ± 0.026298	0.22071 ± 0.025314	0.663 ± 0.039993	0.418 ± 0.052597	0.9069 ± 0.180267	0.436 ± 0.045621	0.426 ± 0.048883	0.722 ± 0.029476	0.714 ± 0.025742	0.753 ± 0.033385	0.744 ± 0.039914	0.622 ± 0.063072	0.795 ± 0.032141
roc_auc	0.760 ± 0.052403	0.709 ± 0.040910	0.21098 ± 0.028613	0.664 ± 0.052845	0.418 ± 0.081821	0.8252 ± 0.160618	0.434 ± 0.080004	0.426 ± 0.080858	0.721 ± 0.037479	0.713 ± 0.044866	0.750 ± 0.059186	0.764 ± 0.048490	0.622 ± 0.063072	0.795 ± 0.032141
