	mean_best_threshold_tuning_score	mean_best_threshold	mean_test_average_precision	mean_train_average_precision	mean_test_balanced_accuracy	mean_train_balanced_accuracy	mean_test_brier_loss	mean_train_brier_loss	mean_test_f1	mean_train_f1	mean_test_informedness	mean_train_informedness	mean_test_log_loss	mean_train_log_loss	mean_test_markedness	mean_train_markedness	mean_test_mcc	mean_train_mcc	mean_test_negative_predictive_value	mean_train_negative_predictive_value	mean_test_precision	mean_train_precision	mean_test_precision_recall_auc	mean_train_precision_recall_auc	mean_test_roc_auc	mean_train_roc_auc	mean_test_sensitivity	mean_train_sensitivity	mean_test_specificity	mean_train_specificity
mcc	nan	nan	0.829 ± 0.161057	1.000 ± 0.003516	0.728 ± 0.150028	0.993 ± 0.025471	0.19836 ± 0.085751	0.06340 ± 0.046626	0.670 ± 0.217410	0.992 ± 0.030306	0.457 ± 0.300057	0.985 ± 0.050943	0.8066 ± 0.633510	0.2447 ± 0.125243	0.517 ± 0.334586	0.988 ± 0.036149	0.488 ± 0.300426	0.986 ± 0.043558	0.788 ± 0.178110	0.993 ± 0.030209	0.729 ± 0.237974	0.995 ± 0.021598	0.801 ± 0.192427	0.999 ± 0.003544	0.796 ± 0.184097	0.999 ± 0.004365	0.687 ± 0.287967	0.990 ± 0.047997	0.770 ± 0.210926	0.995 ± 0.019685
precision_recall_auc	nan	nan	0.859 ± 0.144470	1.000 ± 0.000000	0.747 ± 0.164381	0.997 ± 0.015860	0.18278 ± 0.094083	0.04022 ± 0.029423	0.691 ± 0.228353	0.997 ± 0.017801	0.493 ± 0.328761	0.994 ± 0.031721	0.8043 ± 0.705685	0.1776 ± 0.088485	0.534 ± 0.347818	0.996 ± 0.023448	0.515 ± 0.327041	0.995 ± 0.027657	0.791 ± 0.182050	0.996 ± 0.023448	0.743 ± 0.233311	1.000 ± 0.000000	0.839 ± 0.167334	1.000 ± 0.000000	0.824 ± 0.177414	1.000 ± 0.000000	0.698 ± 0.284666	0.994 ± 0.031721	0.795 ± 0.190394	1.000 ± 0.000000
roc_auc	nan	nan	0.858 ± 0.148297	1.000 ± 0.000000	0.741 ± 0.171353	0.996 ± 0.019494	0.18173 ± 0.099646	0.03055 ± 0.029754	0.684 ± 0.239630	0.995 ± 0.021678	0.482 ± 0.342706	0.991 ± 0.038988	0.7325 ± 0.626852	0.1462 ± 0.091550	0.529 ± 0.365440	0.994 ± 0.028110	0.506 ± 0.343531	0.992 ± 0.033636	0.797 ± 0.188258	0.994 ± 0.028110	0.732 ± 0.244621	1.000 ± 0.000000	0.838 ± 0.172022	1.000 ± 0.000000	0.827 ± 0.183057	1.000 ± 0.000000	0.695 ± 0.296718	0.991 ± 0.038988	0.787 ± 0.198415	1.000 ± 0.000000
