	mean_ncv_average_precision	mean_ncv_balanced_accuracy	mean_ncv_brier_loss	mean_ncv_f1	mean_ncv_informedness	mean_ncv_log_loss	mean_ncv_markedness	mean_ncv_mcc	mean_ncv_negative_predictive_value	mean_ncv_precision	mean_ncv_precision_recall_auc	mean_ncv_roc_auc	mean_ncv_sensitivity	mean_ncv_specificity
mcc	0.792 ± 0.032627	0.722 ± 0.028307	0.19688 ± 0.015566	0.689 ± 0.035824	0.445 ± 0.056614	0.7066 ± 0.199078	0.452 ± 0.054039	0.449 ± 0.055066	0.743 ± 0.029174	0.709 ± 0.034497	0.786 ± 0.033828	0.761 ± 0.037996	0.672 ± 0.055246	0.773 ± 0.042855
precision_recall_auc	0.825 ± 0.024041	0.738 ± 0.023690	0.18367 ± 0.015439	0.708 ± 0.026330	0.476 ± 0.047381	0.6646 ± 0.139151	0.481 ± 0.048539	0.479 ± 0.047900	0.758 ± 0.020917	0.723 ± 0.030299	0.820 ± 0.024890	0.791 ± 0.018612	0.694 ± 0.029280	0.782 ± 0.028748
roc_auc	0.818 ± 0.029541	0.729 ± 0.019770	0.19252 ± 0.019604	0.695 ± 0.020517	0.459 ± 0.039539	0.6947 ± 0.191627	0.468 ± 0.045662	0.463 ± 0.042199	0.746 ± 0.016318	0.722 ± 0.037974	0.814 ± 0.030345	0.794 ± 0.039393	0.672 ± 0.031536	0.786 ± 0.043122
