	mean_best_threshold_tuning_score	mean_best_threshold	mean_test_average_precision	mean_train_average_precision	mean_test_balanced_accuracy	mean_train_balanced_accuracy	mean_test_brier_loss	mean_train_brier_loss	mean_test_f1	mean_train_f1	mean_test_informedness	mean_train_informedness	mean_test_log_loss	mean_train_log_loss	mean_test_markedness	mean_train_markedness	mean_test_mcc	mean_train_mcc	mean_test_negative_predictive_value	mean_train_negative_predictive_value	mean_test_precision	mean_train_precision	mean_test_precision_recall_auc	mean_train_precision_recall_auc	mean_test_roc_auc	mean_train_roc_auc	mean_test_sensitivity	mean_train_sensitivity	mean_test_specificity	mean_train_specificity
mcc	nan	nan	0.937 ± 0.078411	0.986 ± 0.016801	0.842 ± 0.126695	0.941 ± 0.042248	0.12620 ± 0.078276	0.03698 ± 0.026320	0.818 ± 0.151355	0.935 ± 0.048030	0.683 ± 0.253390	0.882 ± 0.084496	0.4222 ± 0.240685	0.1385 ± 0.086040	0.720 ± 0.238729	0.902 ± 0.070771	0.700 ± 0.244941	0.892 ± 0.077579	0.869 ± 0.127442	0.924 ± 0.051190	0.852 ± 0.181342	0.978 ± 0.027908	0.930 ± 0.085416	0.986 ± 0.016947	0.911 ± 0.122475	0.985 ± 0.019742	0.823 ± 0.183380	0.898 ± 0.072266	0.860 ± 0.183781	0.984 ± 0.022288
precision_recall_auc	nan	nan	0.933 ± 0.079291	0.985 ± 0.017892	0.729 ± 0.197262	0.836 ± 0.196935	0.13437 ± 0.076713	0.03831 ± 0.035602	0.532 ± 0.419940	0.712 ± 0.407695	0.458 ± 0.394523	0.673 ± 0.393871	0.4382 ± 0.221370	0.1324 ± 0.112494	0.317 ± 0.618988	0.576 ± 0.587835	0.470 ± 0.399293	0.678 ± 0.395704	0.750 ± 0.190878	0.841 ± 0.173357	0.567 ± 0.450201	0.735 ± 0.419074	0.925 ± 0.088042	0.985 ± 0.018055	0.908 ± 0.108697	0.984 ± 0.020412	0.522 ± 0.419821	0.693 ± 0.400000	0.936 ± 0.134407	0.980 ± 0.036351
roc_auc	nan	nan	0.931 ± 0.079809	0.982 ± 0.017613	0.779 ± 0.169910	0.859 ± 0.158517	0.13662 ± 0.076656	0.04488 ± 0.038999	0.673 ± 0.342518	0.782 ± 0.325637	0.557 ± 0.339821	0.718 ± 0.317034	0.4520 ± 0.230586	0.1503 ± 0.117403	0.505 ± 0.490017	0.667 ± 0.472720	0.569 ± 0.341549	0.724 ± 0.318713	0.811 ± 0.162548	0.861 ± 0.142493	0.694 ± 0.362118	0.806 ± 0.335461	0.923 ± 0.088457	0.982 ± 0.017789	0.905 ± 0.111850	0.983 ± 0.018195	0.678 ± 0.354758	0.761 ± 0.320221	0.879 ± 0.164469	0.957 ± 0.060389
