	mean_ncv_average_precision	mean_ncv_balanced_accuracy	mean_ncv_brier_loss	mean_ncv_f1	mean_ncv_informedness	mean_ncv_log_loss	mean_ncv_markedness	mean_ncv_mcc	mean_ncv_negative_predictive_value	mean_ncv_precision	mean_ncv_precision_recall_auc	mean_ncv_roc_auc	mean_ncv_sensitivity	mean_ncv_specificity
mcc	0.769 ± 0.036606	0.729 ± 0.041733	0.18645 ± 0.014075	0.688 ± 0.051900	0.458 ± 0.083467	0.5710 ± 0.061582	0.478 ± 0.085692	0.468 ± 0.084370	0.737 ± 0.035031	0.740 ± 0.055721	0.763 ± 0.036550	0.785 ± 0.034432	0.644 ± 0.059720	0.814 ± 0.050023
precision_recall_auc	0.779 ± 0.036377	0.734 ± 0.032909	0.18196 ± 0.012671	0.692 ± 0.042541	0.467 ± 0.065818	0.6357 ± 0.285862	0.488 ± 0.063486	0.477 ± 0.064523	0.740 ± 0.031634	0.748 ± 0.035609	0.771 ± 0.039608	0.797 ± 0.028585	0.644 ± 0.053672	0.823 ± 0.025802
roc_auc	0.782 ± 0.037608	0.722 ± 0.041859	0.18461 ± 0.013530	0.676 ± 0.051423	0.445 ± 0.083718	0.5677 ± 0.051237	0.470 ± 0.084698	0.457 ± 0.083995	0.727 ± 0.036302	0.742 ± 0.051517	0.779 ± 0.038123	0.792 ± 0.029312	0.622 ± 0.057378	0.823 ± 0.039800
