	mean_best_threshold_tuning_score	mean_best_threshold	mean_test_average_precision	mean_train_average_precision	mean_test_balanced_accuracy	mean_train_balanced_accuracy	mean_test_brier_loss	mean_train_brier_loss	mean_test_f1	mean_train_f1	mean_test_informedness	mean_train_informedness	mean_test_log_loss	mean_train_log_loss	mean_test_markedness	mean_train_markedness	mean_test_mcc	mean_train_mcc	mean_test_negative_predictive_value	mean_train_negative_predictive_value	mean_test_precision	mean_train_precision	mean_test_precision_recall_auc	mean_train_precision_recall_auc	mean_test_roc_auc	mean_train_roc_auc	mean_test_sensitivity	mean_train_sensitivity	mean_test_specificity	mean_train_specificity
mcc	nan	nan	0.806 ± 0.137321	1.000 ± 0.000000	0.715 ± 0.129773	1.000 ± 0.000000	0.19605 ± 0.070954	0.02755 ± 0.002928	0.651 ± 0.171286	1.000 ± 0.000000	0.429 ± 0.259547	1.000 ± 0.000000	0.5857 ± 0.189558	0.1520 ± 0.011929	0.512 ± 0.281198	1.000 ± 0.000000	0.466 ± 0.265294	1.000 ± 0.000000	0.738 ± 0.149922	1.000 ± 0.000000	0.774 ± 0.223333	1.000 ± 0.000000	0.778 ± 0.166898	1.000 ± 0.000000	0.779 ± 0.155121	1.000 ± 0.000000	0.623 ± 0.231602	1.000 ± 0.000000	0.806 ± 0.211322	1.000 ± 0.000000
precision_recall_auc	nan	nan	0.809 ± 0.130281	1.000 ± 0.000000	0.717 ± 0.117023	1.000 ± 0.000000	0.20040 ± 0.071211	0.02709 ± 0.003181	0.654 ± 0.155039	1.000 ± 0.000000	0.434 ± 0.234047	1.000 ± 0.000000	0.5989 ± 0.197675	0.1507 ± 0.013803	0.516 ± 0.254643	1.000 ± 0.000000	0.470 ± 0.237986	1.000 ± 0.000000	0.738 ± 0.137385	1.000 ± 0.000000	0.777 ± 0.212232	1.000 ± 0.000000	0.779 ± 0.156556	1.000 ± 0.000000	0.774 ± 0.155293	1.000 ± 0.000000	0.623 ± 0.220312	1.000 ± 0.000000	0.811 ± 0.196471	1.000 ± 0.000000
roc_auc	nan	nan	0.798 ± 0.145461	1.000 ± 0.000000	0.727 ± 0.125458	1.000 ± 0.000000	0.20044 ± 0.074410	0.02728 ± 0.003091	0.663 ± 0.165593	1.000 ± 0.000000	0.453 ± 0.250917	1.000 ± 0.000000	0.6020 ± 0.211965	0.1512 ± 0.013870	0.537 ± 0.265387	1.000 ± 0.000000	0.490 ± 0.252549	1.000 ± 0.000000	0.748 ± 0.144725	1.000 ± 0.000000	0.790 ± 0.214551	1.000 ± 0.000000	0.766 ± 0.177734	1.000 ± 0.000000	0.775 ± 0.162383	1.000 ± 0.000000	0.628 ± 0.226009	1.000 ± 0.000000	0.825 ± 0.192261	1.000 ± 0.000000
