	mean_best_threshold_tuning_score	mean_best_threshold	mean_test_average_precision	mean_train_average_precision	mean_test_balanced_accuracy	mean_train_balanced_accuracy	mean_test_brier_loss	mean_train_brier_loss	mean_test_f1	mean_train_f1	mean_test_informedness	mean_train_informedness	mean_test_log_loss	mean_train_log_loss	mean_test_markedness	mean_train_markedness	mean_test_mcc	mean_train_mcc	mean_test_negative_predictive_value	mean_train_negative_predictive_value	mean_test_precision	mean_train_precision	mean_test_precision_recall_auc	mean_train_precision_recall_auc	mean_test_roc_auc	mean_train_roc_auc	mean_test_sensitivity	mean_train_sensitivity	mean_test_specificity	mean_train_specificity
mcc	nan	nan	0.811 ± 0.124983	1.000 ± 0.000000	0.718 ± 0.120393	1.000 ± 0.000000	0.19647 ± 0.068545	0.01709 ± 0.001932	0.669 ± 0.149214	1.000 ± 0.000000	0.436 ± 0.240787	1.000 ± 0.000000	0.7348 ± 0.862278	0.1112 ± 0.008812	0.500 ± 0.254514	1.000 ± 0.000000	0.465 ± 0.243246	1.000 ± 0.000000	0.757 ± 0.149223	1.000 ± 0.000000	0.743 ± 0.206408	1.000 ± 0.000000	0.784 ± 0.152199	1.000 ± 0.000000	0.786 ± 0.136492	1.000 ± 0.000000	0.668 ± 0.214610	1.000 ± 0.000000	0.768 ± 0.220334	1.000 ± 0.000000
precision_recall_auc	nan	nan	0.813 ± 0.120846	1.000 ± 0.000000	0.710 ± 0.121948	1.000 ± 0.000000	0.19824 ± 0.069591	0.01701 ± 0.002149	0.661 ± 0.156429	1.000 ± 0.000000	0.421 ± 0.243895	1.000 ± 0.000000	0.5819 ± 0.180018	0.1110 ± 0.009606	0.478 ± 0.257217	1.000 ± 0.000000	0.446 ± 0.247190	1.000 ± 0.000000	0.757 ± 0.147368	1.000 ± 0.000000	0.721 ± 0.206224	1.000 ± 0.000000	0.792 ± 0.135293	1.000 ± 0.000000	0.780 ± 0.143035	1.000 ± 0.000000	0.667 ± 0.218866	1.000 ± 0.000000	0.754 ± 0.212334	1.000 ± 0.000000
roc_auc	nan	nan	0.811 ± 0.117647	1.000 ± 0.000000	0.707 ± 0.121098	1.000 ± 0.000000	0.20238 ± 0.071563	0.01683 ± 0.002085	0.655 ± 0.154123	1.000 ± 0.000000	0.414 ± 0.242195	1.000 ± 0.000000	0.5959 ± 0.192385	0.1108 ± 0.010065	0.473 ± 0.257311	1.000 ± 0.000000	0.440 ± 0.246159	1.000 ± 0.000000	0.752 ± 0.147326	1.000 ± 0.000000	0.721 ± 0.213855	1.000 ± 0.000000	0.785 ± 0.138653	1.000 ± 0.000000	0.780 ± 0.134063	1.000 ± 0.000000	0.662 ± 0.219778	1.000 ± 0.000000	0.752 ± 0.223141	1.000 ± 0.000000
