	mean_ncv_average_precision	mean_ncv_balanced_accuracy	mean_ncv_brier_loss	mean_ncv_f1	mean_ncv_informedness	mean_ncv_log_loss	mean_ncv_markedness	mean_ncv_mcc	mean_ncv_negative_predictive_value	mean_ncv_precision	mean_ncv_precision_recall_auc	mean_ncv_roc_auc	mean_ncv_sensitivity	mean_ncv_specificity
mcc	0.764 ± 0.048139	0.710 ± 0.025912	0.19647 ± 0.010532	0.676 ± 0.027027	0.420 ± 0.051823	0.7348 ± 0.340605	0.426 ± 0.054710	0.423 ± 0.053212	0.732 ± 0.021158	0.693 ± 0.037754	0.755 ± 0.052865	0.769 ± 0.023051	0.661 ± 0.031536	0.759 ± 0.043122
precision_recall_auc	0.767 ± 0.038548	0.703 ± 0.028601	0.19824 ± 0.010980	0.670 ± 0.031835	0.407 ± 0.057202	0.5819 ± 0.030263	0.410 ± 0.057596	0.408 ± 0.057381	0.729 ± 0.025435	0.681 ± 0.036650	0.762 ± 0.040070	0.766 ± 0.028783	0.661 ± 0.040992	0.745 ± 0.043913
roc_auc	0.757 ± 0.061470	0.698 ± 0.035036	0.20238 ± 0.016592	0.665 ± 0.035544	0.396 ± 0.070073	0.5959 ± 0.047115	0.401 ± 0.073438	0.398 ± 0.071717	0.724 ± 0.028230	0.676 ± 0.048194	0.750 ± 0.064528	0.761 ± 0.035413	0.656 ± 0.035136	0.741 ± 0.052705
