	mean_best_threshold_tuning_score	mean_best_threshold	mean_test_average_precision	mean_train_average_precision	mean_test_balanced_accuracy	mean_train_balanced_accuracy	mean_test_brier_loss	mean_train_brier_loss	mean_test_f1	mean_train_f1	mean_test_informedness	mean_train_informedness	mean_test_log_loss	mean_train_log_loss	mean_test_markedness	mean_train_markedness	mean_test_mcc	mean_train_mcc	mean_test_negative_predictive_value	mean_train_negative_predictive_value	mean_test_precision	mean_train_precision	mean_test_precision_recall_auc	mean_train_precision_recall_auc	mean_test_roc_auc	mean_train_roc_auc	mean_test_sensitivity	mean_train_sensitivity	mean_test_specificity	mean_train_specificity
mcc	nan	nan	0.779 ± 0.157649	0.996 ± 0.012268	0.693 ± 0.136404	0.986 ± 0.042812	0.21392 ± 0.076052	0.03270 ± 0.032496	0.694 ± 0.165098	0.985 ± 0.045221	0.385 ± 0.272809	0.971 ± 0.085624	0.6877 ± 0.352430	0.1593 ± 0.103234	0.477 ± 0.294589	0.972 ± 0.084349	0.425 ± 0.277949	0.971 ± 0.084979	0.863 ± 0.182511	0.992 ± 0.024365	0.614 ± 0.196687	0.980 ± 0.064197	0.728 ± 0.201477	0.996 ± 0.012353	0.788 ± 0.134944	0.995 ± 0.016070	0.855 ± 0.215479	0.991 ± 0.026086	0.530 ± 0.250306	0.980 ± 0.065440
precision_recall_auc	nan	nan	0.809 ± 0.148953	0.987 ± 0.024618	0.699 ± 0.115198	0.962 ± 0.066791	0.21108 ± 0.072732	0.03625 ± 0.042186	0.709 ± 0.112948	0.959 ± 0.072401	0.399 ± 0.230395	0.924 ± 0.133581	0.6972 ± 0.366805	0.1572 ± 0.129642	0.485 ± 0.235819	0.925 ± 0.135717	0.435 ± 0.226933	0.925 ± 0.134598	0.864 ± 0.169779	0.972 ± 0.044843	0.621 ± 0.143243	0.953 ± 0.095589	0.768 ± 0.190135	0.987 ± 0.024812	0.802 ± 0.140872	0.984 ± 0.031742	0.867 ± 0.165814	0.967 ± 0.051807	0.532 ± 0.219870	0.957 ± 0.089419
roc_auc	nan	nan	0.780 ± 0.166314	0.998 ± 0.006098	0.719 ± 0.153691	0.992 ± 0.025352	0.20745 ± 0.090977	0.01678 ± 0.016082	0.723 ± 0.147801	0.991 ± 0.027563	0.439 ± 0.307382	0.983 ± 0.050704	0.6966 ± 0.381415	0.1050 ± 0.059639	0.478 ± 0.360660	0.983 ± 0.051220	0.462 ± 0.313811	0.983 ± 0.050949	0.825 ± 0.243888	0.995 ± 0.015869	0.652 ± 0.185031	0.988 ± 0.039344	0.731 ± 0.209435	0.998 ± 0.006144	0.780 ± 0.159095	0.997 ± 0.008446	0.857 ± 0.179789	0.994 ± 0.018395	0.582 ± 0.263563	0.989 ± 0.037618
