	mean_best_threshold_tuning_score	mean_best_threshold	mean_test_average_precision	mean_train_average_precision	mean_test_balanced_accuracy	mean_train_balanced_accuracy	mean_test_brier_loss	mean_train_brier_loss	mean_test_f1	mean_train_f1	mean_test_informedness	mean_train_informedness	mean_test_log_loss	mean_train_log_loss	mean_test_markedness	mean_train_markedness	mean_test_mcc	mean_train_mcc	mean_test_negative_predictive_value	mean_train_negative_predictive_value	mean_test_precision	mean_train_precision	mean_test_precision_recall_auc	mean_train_precision_recall_auc	mean_test_roc_auc	mean_train_roc_auc	mean_test_sensitivity	mean_train_sensitivity	mean_test_specificity	mean_train_specificity
mcc	nan	nan	0.938 ± 0.090694	0.986 ± 0.016227	0.855 ± 0.124221	0.946 ± 0.040201	0.10981 ± 0.075517	0.03650 ± 0.026987	0.817 ± 0.178046	0.941 ± 0.044971	0.710 ± 0.248442	0.891 ± 0.080402	0.3788 ± 0.250570	0.1374 ± 0.091183	0.760 ± 0.260632	0.907 ± 0.069504	0.733 ± 0.247381	0.899 ± 0.074856	0.852 ± 0.136965	0.931 ± 0.049292	0.908 ± 0.186088	0.976 ± 0.028261	0.929 ± 0.105368	0.986 ± 0.016359	0.920 ± 0.116888	0.984 ± 0.020547	0.775 ± 0.222877	0.910 ± 0.067088	0.935 ± 0.116168	0.982 ± 0.022972
precision_recall_auc	nan	nan	0.920 ± 0.098633	0.988 ± 0.015593	0.724 ± 0.192233	0.845 ± 0.193602	0.12845 ± 0.084598	0.03110 ± 0.034264	0.541 ± 0.399089	0.729 ± 0.397210	0.448 ± 0.384467	0.691 ± 0.387205	0.4221 ± 0.286024	0.1073 ± 0.108731	0.351 ± 0.597157	0.607 ± 0.573279	0.467 ± 0.395715	0.698 ± 0.387612	0.739 ± 0.181050	0.849 ± 0.172231	0.612 ± 0.448452	0.758 ± 0.408320	0.909 ± 0.115064	0.988 ± 0.015731	0.906 ± 0.108595	0.988 ± 0.017122	0.513 ± 0.396756	0.708 ± 0.392297	0.935 ± 0.144720	0.983 ± 0.033774
roc_auc	nan	nan	0.918 ± 0.097121	0.986 ± 0.014827	0.758 ± 0.174824	0.868 ± 0.162694	0.13785 ± 0.083341	0.03774 ± 0.036007	0.641 ± 0.347954	0.791 ± 0.330501	0.515 ± 0.349649	0.737 ± 0.325389	0.4542 ± 0.280881	0.1302 ± 0.110727	0.469 ± 0.508441	0.688 ± 0.479166	0.530 ± 0.359868	0.744 ± 0.325345	0.786 ± 0.164851	0.868 ± 0.148487	0.683 ± 0.379909	0.820 ± 0.339308	0.907 ± 0.113343	0.986 ± 0.014977	0.900 ± 0.108366	0.987 ± 0.014805	0.633 ± 0.359516	0.768 ± 0.328060	0.882 ± 0.171059	0.969 ± 0.050932
