	mean_best_threshold_tuning_score	mean_best_threshold	mean_test_average_precision	mean_train_average_precision	mean_test_balanced_accuracy	mean_train_balanced_accuracy	mean_test_brier_loss	mean_train_brier_loss	mean_test_f1	mean_train_f1	mean_test_informedness	mean_train_informedness	mean_test_log_loss	mean_train_log_loss	mean_test_markedness	mean_train_markedness	mean_test_mcc	mean_train_mcc	mean_test_negative_predictive_value	mean_train_negative_predictive_value	mean_test_precision	mean_train_precision	mean_test_precision_recall_auc	mean_train_precision_recall_auc	mean_test_roc_auc	mean_train_roc_auc	mean_test_sensitivity	mean_train_sensitivity	mean_test_specificity	mean_train_specificity
mcc	nan	nan	0.942 ± 0.083481	0.984 ± 0.018166	0.861 ± 0.111699	0.941 ± 0.042175	0.10271 ± 0.083373	0.03862 ± 0.027992	0.822 ± 0.172569	0.935 ± 0.047936	0.723 ± 0.223398	0.882 ± 0.084350	0.3789 ± 0.290360	0.1434 ± 0.092002	0.788 ± 0.245005	0.901 ± 0.070994	0.758 ± 0.207779	0.891 ± 0.077598	0.836 ± 0.121812	0.925 ± 0.050142	0.951 ± 0.173657	0.976 ± 0.028419	0.936 ± 0.094078	0.984 ± 0.018327	0.922 ± 0.105648	0.983 ± 0.020972	0.747 ± 0.205480	0.900 ± 0.071402	0.976 ± 0.095959	0.982 ± 0.022811
precision_recall_auc	nan	nan	0.928 ± 0.087595	0.982 ± 0.019769	0.730 ± 0.195295	0.828 ± 0.202215	0.11300 ± 0.082676	0.04097 ± 0.037394	0.534 ± 0.409985	0.694 ± 0.418888	0.460 ± 0.390591	0.656 ± 0.404430	0.4000 ± 0.268065	0.1396 ± 0.118619	0.356 ± 0.619082	0.551 ± 0.603669	0.485 ± 0.397349	0.662 ± 0.406381	0.735 ± 0.182569	0.834 ± 0.177521	0.622 ± 0.466159	0.716 ± 0.430778	0.920 ± 0.099052	0.982 ± 0.019951	0.905 ± 0.106077	0.981 ± 0.023053	0.493 ± 0.397640	0.675 ± 0.410689	0.967 ± 0.111397	0.982 ± 0.034447
roc_auc	nan	nan	0.923 ± 0.089062	0.984 ± 0.016208	0.779 ± 0.172650	0.863 ± 0.159884	0.12864 ± 0.079672	0.04285 ± 0.038429	0.668 ± 0.342912	0.786 ± 0.327222	0.558 ± 0.345299	0.725 ± 0.319767	0.4270 ± 0.261257	0.1448 ± 0.115499	0.512 ± 0.496376	0.674 ± 0.475160	0.573 ± 0.347643	0.731 ± 0.321252	0.797 ± 0.163492	0.865 ± 0.144026	0.715 ± 0.371417	0.809 ± 0.336309	0.913 ± 0.101063	0.984 ± 0.016372	0.904 ± 0.101824	0.984 ± 0.016285	0.652 ± 0.353028	0.766 ± 0.322296	0.906 ± 0.147648	0.959 ± 0.059793
