	mean_best_threshold_tuning_score	mean_best_threshold	mean_test_average_precision	mean_train_average_precision	mean_test_balanced_accuracy	mean_train_balanced_accuracy	mean_test_brier_loss	mean_train_brier_loss	mean_test_f1	mean_train_f1	mean_test_informedness	mean_train_informedness	mean_test_log_loss	mean_train_log_loss	mean_test_markedness	mean_train_markedness	mean_test_mcc	mean_train_mcc	mean_test_negative_predictive_value	mean_train_negative_predictive_value	mean_test_precision	mean_train_precision	mean_test_precision_recall_auc	mean_train_precision_recall_auc	mean_test_roc_auc	mean_train_roc_auc	mean_test_sensitivity	mean_train_sensitivity	mean_test_specificity	mean_train_specificity
mcc	nan	nan	0.932 ± 0.091053	0.986 ± 0.016880	0.833 ± 0.129694	0.948 ± 0.042828	0.13079 ± 0.073580	0.03477 ± 0.029131	0.806 ± 0.173320	0.943 ± 0.047843	0.665 ± 0.259387	0.895 ± 0.085656	0.4303 ± 0.221918	0.1306 ± 0.099117	0.691 ± 0.280180	0.911 ± 0.074144	0.678 ± 0.264700	0.903 ± 0.079829	0.872 ± 0.133248	0.933 ± 0.052668	0.819 ± 0.208972	0.978 ± 0.029575	0.923 ± 0.104801	0.986 ± 0.017019	0.913 ± 0.121600	0.984 ± 0.021337	0.825 ± 0.202206	0.911 ± 0.071196	0.840 ± 0.184059	0.984 ± 0.023988
precision_recall_auc	nan	nan	0.935 ± 0.075308	0.984 ± 0.019497	0.738 ± 0.202584	0.838 ± 0.184606	0.13490 ± 0.078290	0.03747 ± 0.038700	0.551 ± 0.421093	0.727 ± 0.378491	0.477 ± 0.405168	0.675 ± 0.369213	0.4416 ± 0.227154	0.1268 ± 0.121596	0.355 ± 0.618634	0.607 ± 0.544581	0.491 ± 0.408396	0.686 ± 0.367889	0.758 ± 0.188249	0.839 ± 0.166320	0.597 ± 0.454194	0.768 ± 0.390739	0.927 ± 0.084394	0.984 ± 0.019680	0.915 ± 0.099809	0.983 ± 0.021868	0.537 ± 0.419602	0.699 ± 0.375747	0.940 ± 0.144984	0.976 ± 0.039503
roc_auc	nan	nan	0.936 ± 0.076555	0.983 ± 0.017329	0.760 ± 0.181072	0.859 ± 0.163341	0.13600 ± 0.076916	0.04304 ± 0.040898	0.626 ± 0.376291	0.780 ± 0.329970	0.520 ± 0.362144	0.719 ± 0.326683	0.4376 ± 0.222758	0.1444 ± 0.123690	0.447 ± 0.541725	0.670 ± 0.476039	0.535 ± 0.365804	0.726 ± 0.325435	0.794 ± 0.172948	0.862 ± 0.149279	0.653 ± 0.400524	0.808 ± 0.336483	0.928 ± 0.085628	0.983 ± 0.017503	0.915 ± 0.102499	0.984 ± 0.017484	0.628 ± 0.386203	0.760 ± 0.329369	0.892 ± 0.172426	0.959 ± 0.060789
