	mean_best_threshold_tuning_score	mean_best_threshold	mean_test_average_precision	mean_train_average_precision	mean_test_balanced_accuracy	mean_train_balanced_accuracy	mean_test_brier_loss	mean_train_brier_loss	mean_test_f1	mean_train_f1	mean_test_informedness	mean_train_informedness	mean_test_log_loss	mean_train_log_loss	mean_test_markedness	mean_train_markedness	mean_test_mcc	mean_train_mcc	mean_test_negative_predictive_value	mean_train_negative_predictive_value	mean_test_precision	mean_train_precision	mean_test_precision_recall_auc	mean_train_precision_recall_auc	mean_test_roc_auc	mean_train_roc_auc	mean_test_sensitivity	mean_train_sensitivity	mean_test_specificity	mean_train_specificity
mcc	nan	nan	0.932 ± 0.079435	0.984 ± 0.018166	0.838 ± 0.128913	0.941 ± 0.042175	0.12915 ± 0.081333	0.03862 ± 0.027992	0.814 ± 0.153743	0.935 ± 0.047936	0.677 ± 0.257825	0.882 ± 0.084350	0.4304 ± 0.246206	0.1434 ± 0.092002	0.714 ± 0.242889	0.901 ± 0.070994	0.694 ± 0.249272	0.891 ± 0.077598	0.863 ± 0.126704	0.925 ± 0.050142	0.851 ± 0.181097	0.976 ± 0.028419	0.925 ± 0.086588	0.984 ± 0.018327	0.905 ± 0.122765	0.983 ± 0.020972	0.817 ± 0.182884	0.900 ± 0.071402	0.860 ± 0.188171	0.982 ± 0.022811
precision_recall_auc	nan	nan	0.937 ± 0.076526	0.982 ± 0.019769	0.724 ± 0.199865	0.828 ± 0.202215	0.13370 ± 0.077539	0.04097 ± 0.037394	0.517 ± 0.425346	0.694 ± 0.418888	0.448 ± 0.399731	0.656 ± 0.404430	0.4391 ± 0.223470	0.1396 ± 0.118619	0.297 ± 0.629015	0.551 ± 0.603669	0.460 ± 0.404744	0.662 ± 0.406381	0.745 ± 0.194114	0.834 ± 0.177521	0.552 ± 0.456431	0.716 ± 0.430778	0.929 ± 0.085630	0.982 ± 0.019951	0.915 ± 0.101519	0.981 ± 0.023053	0.507 ± 0.424865	0.675 ± 0.410689	0.941 ± 0.131975	0.982 ± 0.034447
roc_auc	nan	nan	0.935 ± 0.076729	0.984 ± 0.016208	0.771 ± 0.173803	0.863 ± 0.159884	0.13659 ± 0.076144	0.04285 ± 0.038429	0.653 ± 0.353676	0.786 ± 0.327222	0.542 ± 0.347606	0.725 ± 0.319767	0.4469 ± 0.224740	0.1448 ± 0.115499	0.483 ± 0.508895	0.674 ± 0.475160	0.555 ± 0.349438	0.731 ± 0.321252	0.799 ± 0.166959	0.865 ± 0.144026	0.683 ± 0.377439	0.809 ± 0.336309	0.927 ± 0.085752	0.984 ± 0.016372	0.914 ± 0.102695	0.984 ± 0.016285	0.653 ± 0.364744	0.766 ± 0.322296	0.889 ± 0.163910	0.959 ± 0.059793
