	mean_ncv_average_precision	mean_ncv_balanced_accuracy	mean_ncv_brier_loss	mean_ncv_f1	mean_ncv_informedness	mean_ncv_log_loss	mean_ncv_markedness	mean_ncv_mcc	mean_ncv_negative_predictive_value	mean_ncv_precision	mean_ncv_precision_recall_auc	mean_ncv_roc_auc	mean_ncv_sensitivity	mean_ncv_specificity
mcc	0.764 ± 0.048881	0.705 ± 0.081185	0.18491 ± 0.023811	0.662 ± 0.100677	0.411 ± 0.162369	0.5534 ± 0.055347	0.421 ± 0.160361	0.416 ± 0.161337	0.724 ± 0.074201	0.697 ± 0.088248	0.754 ± 0.052090	0.795 ± 0.054178	0.633 ± 0.114755	0.777 ± 0.062287
precision_recall_auc	0.766 ± 0.043285	0.702 ± 0.064700	0.18119 ± 0.018987	0.656 ± 0.085527	0.404 ± 0.129400	0.5449 ± 0.046851	0.417 ± 0.126051	0.410 ± 0.127685	0.720 ± 0.060373	0.698 ± 0.069260	0.758 ± 0.046163	0.800 ± 0.046700	0.622 ± 0.104100	0.782 ± 0.046945
roc_auc	0.777 ± 0.058070	0.726 ± 0.052799	0.17842 ± 0.021358	0.688 ± 0.068747	0.452 ± 0.105599	0.5391 ± 0.053620	0.465 ± 0.105555	0.458 ± 0.105428	0.744 ± 0.054974	0.721 ± 0.061087	0.767 ± 0.061923	0.809 ± 0.050876	0.661 ± 0.092407	0.791 ± 0.048862
