	mean_best_threshold_tuning_score	mean_best_threshold	mean_test_average_precision	mean_train_average_precision	mean_test_balanced_accuracy	mean_train_balanced_accuracy	mean_test_brier_loss	mean_train_brier_loss	mean_test_f1	mean_train_f1	mean_test_informedness	mean_train_informedness	mean_test_log_loss	mean_train_log_loss	mean_test_markedness	mean_train_markedness	mean_test_mcc	mean_train_mcc	mean_test_negative_predictive_value	mean_train_negative_predictive_value	mean_test_precision	mean_train_precision	mean_test_precision_recall_auc	mean_train_precision_recall_auc	mean_test_roc_auc	mean_train_roc_auc	mean_test_sensitivity	mean_train_sensitivity	mean_test_specificity	mean_train_specificity
mcc	nan	nan	0.794 ± 0.149190	0.982 ± 0.035636	0.682 ± 0.144504	0.950 ± 0.079850	0.22264 ± 0.075127	0.04577 ± 0.059052	0.685 ± 0.127871	0.947 ± 0.081680	0.363 ± 0.289009	0.899 ± 0.159701	0.7496 ± 0.340674	0.1776 ± 0.178398	0.391 ± 0.330002	0.901 ± 0.155343	0.380 ± 0.293338	0.900 ± 0.157499	0.769 ± 0.246633	0.976 ± 0.043001	0.622 ± 0.158806	0.924 ± 0.118596	0.755 ± 0.185106	0.981 ± 0.035963	0.774 ± 0.148040	0.976 ± 0.045063	0.808 ± 0.187665	0.977 ± 0.041922	0.555 ± 0.260347	0.922 ± 0.125543
precision_recall_auc	nan	nan	0.827 ± 0.155312	0.997 ± 0.009340	0.729 ± 0.145844	0.981 ± 0.046625	0.19545 ± 0.094364	0.01551 ± 0.026581	0.720 ± 0.137601	0.979 ± 0.050865	0.458 ± 0.291688	0.962 ± 0.093251	0.6540 ± 0.425937	0.0877 ± 0.088302	0.489 ± 0.319244	0.960 ± 0.094501	0.473 ± 0.300848	0.961 ± 0.093857	0.808 ± 0.209286	0.994 ± 0.023047	0.682 ± 0.184972	0.966 ± 0.075428	0.797 ± 0.188276	0.997 ± 0.009413	0.812 ± 0.152482	0.997 ± 0.012060	0.810 ± 0.184459	0.993 ± 0.025472	0.648 ± 0.239677	0.968 ± 0.073000
roc_auc	nan	nan	0.836 ± 0.148864	0.996 ± 0.016243	0.739 ± 0.131972	0.982 ± 0.045722	0.19608 ± 0.092933	0.01555 ± 0.031315	0.730 ± 0.127827	0.980 ± 0.049011	0.478 ± 0.263945	0.965 ± 0.091443	0.7181 ± 0.491575	0.0856 ± 0.098159	0.519 ± 0.269845	0.964 ± 0.090967	0.496 ± 0.264524	0.964 ± 0.091174	0.832 ± 0.174062	0.996 ± 0.018687	0.687 ± 0.173301	0.968 ± 0.075158	0.807 ± 0.183648	0.996 ± 0.016373	0.820 ± 0.143431	0.995 ± 0.020880	0.822 ± 0.179766	0.996 ± 0.018437	0.656 ± 0.221230	0.969 ± 0.075858
