	mean_best_threshold_tuning_score	mean_best_threshold	mean_test_average_precision	mean_train_average_precision	mean_test_balanced_accuracy	mean_train_balanced_accuracy	mean_test_brier_loss	mean_train_brier_loss	mean_test_f1	mean_train_f1	mean_test_informedness	mean_train_informedness	mean_test_log_loss	mean_train_log_loss	mean_test_markedness	mean_train_markedness	mean_test_mcc	mean_train_mcc	mean_test_negative_predictive_value	mean_train_negative_predictive_value	mean_test_precision	mean_train_precision	mean_test_precision_recall_auc	mean_train_precision_recall_auc	mean_test_roc_auc	mean_train_roc_auc	mean_test_sensitivity	mean_train_sensitivity	mean_test_specificity	mean_train_specificity
mcc	nan	nan	0.804 ± 0.145422	0.982 ± 0.035636	0.656 ± 0.149145	0.950 ± 0.079850	0.22117 ± 0.075346	0.04577 ± 0.059052	0.674 ± 0.130575	0.947 ± 0.081680	0.312 ± 0.298291	0.899 ± 0.159701	0.6964 ± 0.295538	0.1776 ± 0.178398	0.344 ± 0.394104	0.901 ± 0.155343	0.337 ± 0.313670	0.900 ± 0.157499	0.751 ± 0.293629	0.976 ± 0.043001	0.593 ± 0.177991	0.924 ± 0.118596	0.770 ± 0.179348	0.981 ± 0.035963	0.781 ± 0.150439	0.976 ± 0.045063	0.838 ± 0.175295	0.977 ± 0.041922	0.474 ± 0.280895	0.922 ± 0.125543
precision_recall_auc	nan	nan	0.839 ± 0.154518	0.997 ± 0.009340	0.706 ± 0.122997	0.981 ± 0.046625	0.19482 ± 0.076214	0.01551 ± 0.026581	0.706 ± 0.121799	0.979 ± 0.050865	0.412 ± 0.245994	0.962 ± 0.093251	0.5892 ± 0.241867	0.0877 ± 0.088302	0.460 ± 0.281511	0.960 ± 0.094501	0.437 ± 0.246156	0.961 ± 0.093857	0.817 ± 0.199986	0.994 ± 0.023047	0.643 ± 0.165116	0.966 ± 0.075428	0.812 ± 0.185078	0.997 ± 0.009413	0.818 ± 0.163013	0.997 ± 0.012060	0.827 ± 0.171561	0.993 ± 0.025472	0.585 ± 0.238672	0.968 ± 0.073000
roc_auc	nan	nan	0.823 ± 0.156343	0.996 ± 0.016243	0.695 ± 0.134189	0.982 ± 0.045722	0.20343 ± 0.081503	0.01555 ± 0.031315	0.701 ± 0.120379	0.980 ± 0.049011	0.389 ± 0.268378	0.965 ± 0.091443	0.6318 ± 0.288210	0.0856 ± 0.098159	0.410 ± 0.343142	0.964 ± 0.090967	0.408 ± 0.279240	0.964 ± 0.091174	0.776 ± 0.255687	0.996 ± 0.018687	0.634 ± 0.168819	0.968 ± 0.075158	0.789 ± 0.192029	0.996 ± 0.016373	0.810 ± 0.165936	0.995 ± 0.020880	0.828 ± 0.162717	0.996 ± 0.018437	0.561 ± 0.262502	0.969 ± 0.075858
