	mean_best_threshold_tuning_score	mean_best_threshold	mean_test_average_precision	mean_train_average_precision	mean_test_balanced_accuracy	mean_train_balanced_accuracy	mean_test_brier_loss	mean_train_brier_loss	mean_test_f1	mean_train_f1	mean_test_informedness	mean_train_informedness	mean_test_log_loss	mean_train_log_loss	mean_test_markedness	mean_train_markedness	mean_test_mcc	mean_train_mcc	mean_test_negative_predictive_value	mean_train_negative_predictive_value	mean_test_precision	mean_train_precision	mean_test_precision_recall_auc	mean_train_precision_recall_auc	mean_test_roc_auc	mean_train_roc_auc	mean_test_sensitivity	mean_train_sensitivity	mean_test_specificity	mean_train_specificity
mcc	nan	nan	0.798 ± 0.144193	0.991 ± 0.020496	0.679 ± 0.141093	0.968 ± 0.055873	0.22764 ± 0.077653	0.03207 ± 0.039717	0.646 ± 0.191521	0.965 ± 0.059893	0.359 ± 0.282185	0.936 ± 0.111747	0.7654 ± 0.338138	0.1437 ± 0.125913	0.392 ± 0.350740	0.935 ± 0.113536	0.378 ± 0.299373	0.935 ± 0.112621	0.759 ± 0.212744	0.978 ± 0.038787	0.633 ± 0.226537	0.957 ± 0.078819	0.762 ± 0.177775	0.990 ± 0.020644	0.773 ± 0.146213	0.988 ± 0.027589	0.722 ± 0.265458	0.975 ± 0.042910	0.637 ± 0.239858	0.961 ± 0.074103
precision_recall_auc	nan	nan	0.839 ± 0.149046	0.990 ± 0.023741	0.744 ± 0.140118	0.972 ± 0.055949	0.19045 ± 0.081697	0.02506 ± 0.040435	0.715 ± 0.153665	0.971 ± 0.060150	0.487 ± 0.280236	0.945 ± 0.111897	0.6426 ± 0.341947	0.1134 ± 0.126632	0.520 ± 0.289667	0.946 ± 0.113241	0.502 ± 0.282611	0.946 ± 0.112522	0.799 ± 0.167093	0.977 ± 0.039923	0.722 ± 0.195100	0.969 ± 0.077612	0.810 ± 0.183598	0.990 ± 0.023942	0.824 ± 0.149708	0.987 ± 0.030261	0.758 ± 0.208418	0.974 ± 0.045849	0.729 ± 0.214783	0.971 ± 0.072623
roc_auc	nan	nan	0.823 ± 0.140813	0.994 ± 0.019164	0.736 ± 0.140252	0.981 ± 0.048309	0.19352 ± 0.085372	0.01881 ± 0.034200	0.711 ± 0.151461	0.980 ± 0.050231	0.473 ± 0.280503	0.962 ± 0.096617	0.6941 ± 0.419602	0.0959 ± 0.108015	0.513 ± 0.306509	0.962 ± 0.096470	0.491 ± 0.287851	0.962 ± 0.096517	0.791 ± 0.191539	0.987 ± 0.031844	0.723 ± 0.198467	0.976 ± 0.066698	0.791 ± 0.175513	0.994 ± 0.019320	0.808 ± 0.141151	0.992 ± 0.025161	0.752 ± 0.210610	0.985 ± 0.034030	0.721 ± 0.242666	0.977 ± 0.066162
