	mean_best_threshold_tuning_score	mean_best_threshold	mean_test_average_precision	mean_train_average_precision	mean_test_balanced_accuracy	mean_train_balanced_accuracy	mean_test_brier_loss	mean_train_brier_loss	mean_test_f1	mean_train_f1	mean_test_informedness	mean_train_informedness	mean_test_log_loss	mean_train_log_loss	mean_test_markedness	mean_train_markedness	mean_test_mcc	mean_train_mcc	mean_test_negative_predictive_value	mean_train_negative_predictive_value	mean_test_precision	mean_train_precision	mean_test_precision_recall_auc	mean_train_precision_recall_auc	mean_test_roc_auc	mean_train_roc_auc	mean_test_sensitivity	mean_train_sensitivity	mean_test_specificity	mean_train_specificity
mcc	nan	nan	0.927 ± 0.091823	0.967 ± 0.019074	0.843 ± 0.131161	0.910 ± 0.039448	0.12132 ± 0.086558	0.06418 ± 0.026730	0.813 ± 0.164969	0.900 ± 0.045050	0.687 ± 0.262322	0.820 ± 0.078895	0.4144 ± 0.279734	0.2270 ± 0.078369	0.737 ± 0.252318	0.846 ± 0.067223	0.710 ± 0.255208	0.833 ± 0.072845	0.851 ± 0.139077	0.892 ± 0.046841	0.885 ± 0.173618	0.954 ± 0.029957	0.917 ± 0.106552	0.966 ± 0.019242	0.913 ± 0.112789	0.963 ± 0.022227	0.785 ± 0.209666	0.854 ± 0.067150	0.902 ± 0.153184	0.966 ± 0.023161
precision_recall_auc	nan	nan	0.933 ± 0.095912	0.963 ± 0.020381	0.827 ± 0.142803	0.873 ± 0.109512	0.12558 ± 0.096750	0.06858 ± 0.030426	0.765 ± 0.245967	0.828 ± 0.221997	0.654 ± 0.285606	0.745 ± 0.219023	0.4119 ± 0.312690	0.2292 ± 0.088018	0.691 ± 0.355579	0.760 ± 0.319814	0.683 ± 0.281651	0.765 ± 0.215766	0.820 ± 0.138736	0.853 ± 0.102219	0.871 ± 0.270331	0.906 ± 0.232926	0.923 ± 0.112469	0.963 ± 0.020572	0.921 ± 0.113851	0.961 ± 0.022577	0.710 ± 0.265260	0.769 ± 0.222890	0.944 ± 0.135391	0.976 ± 0.021558
roc_auc	nan	nan	0.924 ± 0.096559	0.968 ± 0.022502	0.810 ± 0.148018	0.883 ± 0.117977	0.13134 ± 0.097431	0.06120 ± 0.036777	0.748 ± 0.248335	0.839 ± 0.229958	0.621 ± 0.296035	0.765 ± 0.235954	0.4388 ± 0.322392	0.2054 ± 0.107393	0.659 ± 0.360775	0.773 ± 0.329086	0.650 ± 0.290957	0.782 ± 0.230379	0.813 ± 0.141398	0.868 ± 0.113290	0.846 ± 0.271884	0.906 ± 0.234387	0.913 ± 0.113476	0.967 ± 0.022707	0.911 ± 0.116695	0.966 ± 0.024459	0.702 ± 0.270471	0.790 ± 0.236080	0.919 ± 0.157107	0.975 ± 0.030497
