	mean_best_threshold_tuning_score	mean_best_threshold	mean_test_average_precision	mean_train_average_precision	mean_test_balanced_accuracy	mean_train_balanced_accuracy	mean_test_brier_loss	mean_train_brier_loss	mean_test_f1	mean_train_f1	mean_test_informedness	mean_train_informedness	mean_test_log_loss	mean_train_log_loss	mean_test_markedness	mean_train_markedness	mean_test_mcc	mean_train_mcc	mean_test_negative_predictive_value	mean_train_negative_predictive_value	mean_test_precision	mean_train_precision	mean_test_precision_recall_auc	mean_train_precision_recall_auc	mean_test_roc_auc	mean_train_roc_auc	mean_test_sensitivity	mean_train_sensitivity	mean_test_specificity	mean_train_specificity
mcc	nan	nan	0.929 ± 0.081129	0.967 ± 0.019074	0.851 ± 0.113098	0.910 ± 0.039448	0.11398 ± 0.078881	0.06418 ± 0.026730	0.817 ± 0.153831	0.900 ± 0.045050	0.703 ± 0.226195	0.820 ± 0.078895	0.3978 ± 0.250456	0.2270 ± 0.078369	0.773 ± 0.196663	0.846 ± 0.067223	0.735 ± 0.209673	0.833 ± 0.072845	0.837 ± 0.117372	0.892 ± 0.046841	0.935 ± 0.143239	0.954 ± 0.029957	0.921 ± 0.091224	0.966 ± 0.019242	0.904 ± 0.103191	0.963 ± 0.022227	0.755 ± 0.196634	0.854 ± 0.067150	0.948 ± 0.121201	0.966 ± 0.023161
precision_recall_auc	nan	nan	0.935 ± 0.082819	0.963 ± 0.020381	0.825 ± 0.147364	0.873 ± 0.109512	0.11694 ± 0.081733	0.06858 ± 0.030426	0.757 ± 0.253521	0.828 ± 0.221997	0.650 ± 0.294729	0.745 ± 0.219023	0.3875 ± 0.241661	0.2292 ± 0.088018	0.709 ± 0.351372	0.760 ± 0.319814	0.688 ± 0.282744	0.765 ± 0.215766	0.804 ± 0.140367	0.853 ± 0.102219	0.905 ± 0.260417	0.906 ± 0.232926	0.927 ± 0.093345	0.963 ± 0.020572	0.916 ± 0.100513	0.961 ± 0.022577	0.677 ± 0.271804	0.769 ± 0.222890	0.973 ± 0.098566	0.976 ± 0.021558
roc_auc	nan	nan	0.927 ± 0.081935	0.968 ± 0.022502	0.795 ± 0.152825	0.883 ± 0.117977	0.12689 ± 0.084952	0.06120 ± 0.036777	0.726 ± 0.250015	0.839 ± 0.229958	0.589 ± 0.305649	0.765 ± 0.235954	0.4098 ± 0.241380	0.2054 ± 0.107393	0.655 ± 0.366372	0.773 ± 0.329086	0.630 ± 0.298947	0.782 ± 0.230379	0.786 ± 0.142215	0.868 ± 0.113290	0.869 ± 0.276177	0.906 ± 0.234387	0.918 ± 0.092368	0.967 ± 0.022707	0.905 ± 0.104849	0.966 ± 0.024459	0.658 ± 0.267923	0.790 ± 0.236080	0.931 ± 0.168090	0.975 ± 0.030497
