	mean_best_threshold_tuning_score	mean_best_threshold	mean_test_average_precision	mean_train_average_precision	mean_test_balanced_accuracy	mean_train_balanced_accuracy	mean_test_brier_loss	mean_train_brier_loss	mean_test_f1	mean_train_f1	mean_test_informedness	mean_train_informedness	mean_test_log_loss	mean_train_log_loss	mean_test_markedness	mean_train_markedness	mean_test_mcc	mean_train_mcc	mean_test_negative_predictive_value	mean_train_negative_predictive_value	mean_test_precision	mean_train_precision	mean_test_precision_recall_auc	mean_train_precision_recall_auc	mean_test_roc_auc	mean_train_roc_auc	mean_test_sensitivity	mean_train_sensitivity	mean_test_specificity	mean_train_specificity
mcc	nan	nan	0.926 ± 0.109896	0.985 ± 0.015221	0.811 ± 0.143440	0.964 ± 0.032401	0.12367 ± 0.074514	0.03290 ± 0.024363	0.774 ± 0.182915	0.961 ± 0.035173	0.623 ± 0.286880	0.927 ± 0.064802	0.4068 ± 0.239463	0.1393 ± 0.080802	0.675 ± 0.281774	0.938 ± 0.061009	0.646 ± 0.281606	0.933 ± 0.062720	0.842 ± 0.158683	0.953 ± 0.036304	0.833 ± 0.215430	0.986 ± 0.035164	0.914 ± 0.130652	0.985 ± 0.015363	0.919 ± 0.119135	0.982 ± 0.017828	0.780 ± 0.236758	0.939 ± 0.046619	0.843 ± 0.197693	0.988 ± 0.030834
precision_recall_auc	nan	nan	0.935 ± 0.093575	0.984 ± 0.021270	0.811 ± 0.135332	0.957 ± 0.070623	0.12010 ± 0.064515	0.03379 ± 0.029056	0.762 ± 0.199375	0.945 ± 0.139029	0.622 ± 0.270664	0.914 ± 0.141246	0.4005 ± 0.214079	0.1410 ± 0.093884	0.677 ± 0.297908	0.918 ± 0.200176	0.652 ± 0.263883	0.920 ± 0.140664	0.841 ± 0.160474	0.944 ± 0.065183	0.836 ± 0.239740	0.974 ± 0.141215	0.926 ± 0.108695	0.984 ± 0.021461	0.927 ± 0.098895	0.980 ± 0.026327	0.760 ± 0.262791	0.918 ± 0.140222	0.862 ± 0.193928	0.995 ± 0.010804
roc_auc	nan	nan	0.920 ± 0.086024	0.992 ± 0.011499	0.810 ± 0.127208	0.977 ± 0.026791	0.12855 ± 0.070420	0.02094 ± 0.021890	0.779 ± 0.147945	0.976 ± 0.028614	0.620 ± 0.254417	0.955 ± 0.053582	0.4106 ± 0.215859	0.0983 ± 0.076216	0.670 ± 0.235219	0.963 ± 0.045230	0.642 ± 0.242584	0.959 ± 0.049308	0.849 ± 0.154899	0.969 ± 0.036068	0.822 ± 0.185743	0.995 ± 0.014630	0.909 ± 0.098196	0.992 ± 0.011589	0.908 ± 0.104024	0.990 ± 0.014859	0.800 ± 0.210280	0.959 ± 0.047165	0.820 ± 0.206032	0.996 ± 0.011992
