	mean_best_threshold_tuning_score	mean_best_threshold	mean_test_average_precision	mean_train_average_precision	mean_test_balanced_accuracy	mean_train_balanced_accuracy	mean_test_brier_loss	mean_train_brier_loss	mean_test_f1	mean_train_f1	mean_test_informedness	mean_train_informedness	mean_test_log_loss	mean_train_log_loss	mean_test_markedness	mean_train_markedness	mean_test_mcc	mean_train_mcc	mean_test_negative_predictive_value	mean_train_negative_predictive_value	mean_test_precision	mean_train_precision	mean_test_precision_recall_auc	mean_train_precision_recall_auc	mean_test_roc_auc	mean_train_roc_auc	mean_test_sensitivity	mean_train_sensitivity	mean_test_specificity	mean_train_specificity
mcc	nan	nan	0.928 ± 0.082333	0.985 ± 0.015221	0.832 ± 0.135812	0.964 ± 0.032401	0.12351 ± 0.065604	0.03290 ± 0.024363	0.788 ± 0.196824	0.961 ± 0.035173	0.664 ± 0.271624	0.927 ± 0.064802	0.4447 ± 0.279491	0.1393 ± 0.080802	0.715 ± 0.285181	0.938 ± 0.061009	0.691 ± 0.256656	0.933 ± 0.062720	0.849 ± 0.151882	0.953 ± 0.036304	0.865 ± 0.206247	0.986 ± 0.035164	0.919 ± 0.094251	0.985 ± 0.015363	0.916 ± 0.096428	0.982 ± 0.017828	0.775 ± 0.248721	0.939 ± 0.046619	0.889 ± 0.161716	0.988 ± 0.030834
precision_recall_auc	nan	nan	0.922 ± 0.092252	0.984 ± 0.021270	0.821 ± 0.132032	0.957 ± 0.070623	0.12299 ± 0.068296	0.03379 ± 0.029056	0.769 ± 0.200384	0.945 ± 0.139029	0.643 ± 0.264064	0.914 ± 0.141246	0.4657 ± 0.338093	0.1410 ± 0.093884	0.700 ± 0.274432	0.918 ± 0.200176	0.672 ± 0.246486	0.920 ± 0.140664	0.835 ± 0.147949	0.944 ± 0.065183	0.865 ± 0.208581	0.974 ± 0.141215	0.909 ± 0.111602	0.984 ± 0.021461	0.917 ± 0.086216	0.980 ± 0.026327	0.747 ± 0.256966	0.918 ± 0.140222	0.896 ± 0.151469	0.995 ± 0.010804
roc_auc	nan	nan	0.920 ± 0.095986	0.992 ± 0.011499	0.807 ± 0.132488	0.977 ± 0.026791	0.13326 ± 0.072022	0.02094 ± 0.021890	0.752 ± 0.211465	0.976 ± 0.028614	0.614 ± 0.264975	0.955 ± 0.053582	0.4854 ± 0.343336	0.0983 ± 0.076216	0.654 ± 0.317404	0.963 ± 0.045230	0.640 ± 0.259932	0.959 ± 0.049308	0.825 ± 0.144397	0.969 ± 0.036068	0.829 ± 0.244336	0.995 ± 0.014630	0.907 ± 0.115253	0.992 ± 0.011589	0.912 ± 0.096443	0.990 ± 0.014859	0.732 ± 0.254934	0.959 ± 0.047165	0.882 ± 0.157389	0.996 ± 0.011992
