	mean_best_threshold_tuning_score	mean_best_threshold	mean_test_average_precision	mean_train_average_precision	mean_test_balanced_accuracy	mean_train_balanced_accuracy	mean_test_brier_loss	mean_train_brier_loss	mean_test_f1	mean_train_f1	mean_test_informedness	mean_train_informedness	mean_test_log_loss	mean_train_log_loss	mean_test_markedness	mean_train_markedness	mean_test_mcc	mean_train_mcc	mean_test_negative_predictive_value	mean_train_negative_predictive_value	mean_test_precision	mean_train_precision	mean_test_precision_recall_auc	mean_train_precision_recall_auc	mean_test_roc_auc	mean_train_roc_auc	mean_test_sensitivity	mean_train_sensitivity	mean_test_specificity	mean_train_specificity
mcc	nan	nan	0.811 ± 0.140997	0.968 ± 0.033259	0.736 ± 0.139226	0.919 ± 0.055045	0.19644 ± 0.079976	0.06413 ± 0.043813	0.666 ± 0.199060	0.912 ± 0.060212	0.472 ± 0.278452	0.839 ± 0.110091	0.6182 ± 0.245041	0.2400 ± 0.139139	0.516 ± 0.310016	0.840 ± 0.112813	0.496 ± 0.276069	0.839 ± 0.111370	0.753 ± 0.163127	0.930 ± 0.049104	0.763 ± 0.218555	0.910 ± 0.071828	0.776 ± 0.174839	0.968 ± 0.033876	0.788 ± 0.162986	0.957 ± 0.041259	0.638 ± 0.255112	0.916 ± 0.058561	0.834 ± 0.151334	0.923 ± 0.061682
precision_recall_auc	nan	nan	0.752 ± 0.199988	0.917 ± 0.176098	0.690 ± 0.152526	0.891 ± 0.156039	0.21238 ± 0.073347	0.06640 ± 0.075277	0.566 ± 0.285253	0.827 ± 0.314220	0.379 ± 0.305051	0.782 ± 0.312078	0.6694 ± 0.274529	0.2348 ± 0.207392	0.399 ± 0.418798	0.731 ± 0.457544	0.409 ± 0.312626	0.784 ± 0.312936	0.721 ± 0.167650	0.897 ± 0.141184	0.678 ± 0.329093	0.834 ± 0.318742	0.714 ± 0.227886	0.915 ± 0.180525	0.710 ± 0.251420	0.899 ± 0.215120	0.543 ± 0.325259	0.821 ± 0.311668	0.836 ± 0.181558	0.961 ± 0.063446
roc_auc	nan	nan	0.794 ± 0.163099	0.935 ± 0.135166	0.724 ± 0.158215	0.899 ± 0.118170	0.19938 ± 0.075644	0.07009 ± 0.062682	0.628 ± 0.269057	0.862 ± 0.229535	0.448 ± 0.316429	0.798 ± 0.236340	0.6221 ± 0.233047	0.2518 ± 0.178269	0.463 ± 0.406651	0.772 ± 0.337237	0.471 ± 0.324255	0.799 ± 0.237255	0.747 ± 0.165310	0.908 ± 0.106496	0.716 ± 0.306468	0.863 ± 0.234063	0.760 ± 0.195304	0.934 ± 0.138321	0.762 ± 0.186415	0.921 ± 0.165245	0.603 ± 0.299546	0.862 ± 0.227987	0.845 ± 0.168502	0.935 ± 0.070322
