	mean_best_threshold_tuning_score	mean_best_threshold	mean_test_average_precision	mean_train_average_precision	mean_test_balanced_accuracy	mean_train_balanced_accuracy	mean_test_brier_loss	mean_train_brier_loss	mean_test_f1	mean_train_f1	mean_test_informedness	mean_train_informedness	mean_test_log_loss	mean_train_log_loss	mean_test_markedness	mean_train_markedness	mean_test_mcc	mean_train_mcc	mean_test_negative_predictive_value	mean_train_negative_predictive_value	mean_test_precision	mean_train_precision	mean_test_precision_recall_auc	mean_train_precision_recall_auc	mean_test_roc_auc	mean_train_roc_auc	mean_test_sensitivity	mean_train_sensitivity	mean_test_specificity	mean_train_specificity
mcc	nan	nan	0.814 ± 0.157470	0.941 ± 0.043417	0.762 ± 0.141353	0.871 ± 0.059090	0.17938 ± 0.072068	0.09897 ± 0.042877	0.734 ± 0.154124	0.860 ± 0.063766	0.524 ± 0.282707	0.741 ± 0.118180	0.5750 ± 0.218994	0.3407 ± 0.129943	0.562 ± 0.311404	0.738 ± 0.121192	0.545 ± 0.279529	0.740 ± 0.119646	0.798 ± 0.199291	0.901 ± 0.048252	0.764 ± 0.197873	0.838 ± 0.079421	0.777 ± 0.196595	0.940 ± 0.044339	0.799 ± 0.167228	0.927 ± 0.043696	0.768 ± 0.218406	0.885 ± 0.056219	0.756 ± 0.243201	0.856 ± 0.072763
precision_recall_auc	nan	nan	0.813 ± 0.146155	0.906 ± 0.107985	0.669 ± 0.156943	0.812 ± 0.198964	0.21104 ± 0.075731	0.09238 ± 0.076216	0.501 ± 0.333763	0.677 ± 0.412418	0.338 ± 0.313885	0.624 ± 0.397927	0.6543 ± 0.238303	0.3021 ± 0.219802	0.270 ± 0.499405	0.510 ± 0.590595	0.359 ± 0.321622	0.625 ± 0.398713	0.706 ± 0.179551	0.831 ± 0.177923	0.564 ± 0.383902	0.678 ± 0.414957	0.779 ± 0.180798	0.904 ± 0.110528	0.791 ± 0.151562	0.912 ± 0.091250	0.507 ± 0.369562	0.678 ± 0.412123	0.831 ± 0.214973	0.946 ± 0.082309
roc_auc	nan	nan	0.791 ± 0.154236	0.917 ± 0.093764	0.709 ± 0.152625	0.851 ± 0.140629	0.20299 ± 0.071234	0.09423 ± 0.064978	0.623 ± 0.263244	0.792 ± 0.279731	0.418 ± 0.305250	0.702 ± 0.281258	0.6375 ± 0.234251	0.3152 ± 0.191495	0.420 ± 0.404552	0.658 ± 0.402873	0.439 ± 0.308340	0.702 ± 0.281255	0.761 ± 0.177811	0.875 ± 0.126271	0.659 ± 0.299180	0.783 ± 0.280902	0.752 ± 0.193386	0.915 ± 0.096134	0.768 ± 0.157592	0.919 ± 0.074881	0.648 ± 0.310114	0.804 ± 0.283012	0.770 ± 0.223607	0.898 ± 0.093967
