	mean_ncv_average_precision	mean_ncv_balanced_accuracy	mean_ncv_brier_loss	mean_ncv_f1	mean_ncv_informedness	mean_ncv_log_loss	mean_ncv_markedness	mean_ncv_mcc	mean_ncv_negative_predictive_value	mean_ncv_precision	mean_ncv_precision_recall_auc	mean_ncv_roc_auc	mean_ncv_sensitivity	mean_ncv_specificity
mcc	0.727 ± 0.065013	0.737 ± 0.052869	0.19616 ± 0.019580	0.715 ± 0.060207	0.474 ± 0.105738	0.5871 ± 0.050641	0.473 ± 0.103676	0.474 ± 0.104682	0.774 ± 0.053761	0.699 ± 0.056087	0.711 ± 0.075282	0.760 ± 0.041604	0.733 ± 0.077690	0.741 ± 0.056894
precision_recall_auc	0.775 ± 0.054741	0.744 ± 0.052713	0.18376 ± 0.022446	0.710 ± 0.068330	0.489 ± 0.105425	0.5523 ± 0.053604	0.501 ± 0.100286	0.495 ± 0.102595	0.762 ± 0.054145	0.739 ± 0.057518	0.766 ± 0.058455	0.792 ± 0.041563	0.689 ± 0.095150	0.800 ± 0.053354
roc_auc	0.777 ± 0.047562	0.747 ± 0.048981	0.18743 ± 0.020560	0.722 ± 0.056666	0.495 ± 0.097962	0.5670 ± 0.052903	0.498 ± 0.097602	0.496 ± 0.097700	0.774 ± 0.045143	0.724 ± 0.059759	0.768 ± 0.050640	0.786 ± 0.042790	0.722 ± 0.069290	0.773 ± 0.060606
