	mean_best_threshold_tuning_score	mean_best_threshold	mean_test_average_precision	mean_train_average_precision	mean_test_balanced_accuracy	mean_train_balanced_accuracy	mean_test_brier_loss	mean_train_brier_loss	mean_test_f1	mean_train_f1	mean_test_informedness	mean_train_informedness	mean_test_log_loss	mean_train_log_loss	mean_test_markedness	mean_train_markedness	mean_test_mcc	mean_train_mcc	mean_test_negative_predictive_value	mean_train_negative_predictive_value	mean_test_precision	mean_train_precision	mean_test_precision_recall_auc	mean_train_precision_recall_auc	mean_test_roc_auc	mean_train_roc_auc	mean_test_sensitivity	mean_train_sensitivity	mean_test_specificity	mean_train_specificity
mcc	nan	nan	0.754 ± 0.171198	0.941 ± 0.043417	0.667 ± 0.151241	0.871 ± 0.059090	0.22785 ± 0.077297	0.09897 ± 0.042877	0.669 ± 0.162160	0.860 ± 0.063766	0.335 ± 0.302481	0.741 ± 0.118180	0.6763 ± 0.224846	0.3407 ± 0.129943	0.409 ± 0.356891	0.738 ± 0.121192	0.371 ± 0.306105	0.740 ± 0.119646	0.809 ± 0.257278	0.901 ± 0.048252	0.600 ± 0.175225	0.838 ± 0.079421	0.704 ± 0.212206	0.940 ± 0.044339	0.744 ± 0.174296	0.927 ± 0.043696	0.827 ± 0.235004	0.885 ± 0.056219	0.508 ± 0.272809	0.856 ± 0.072763
precision_recall_auc	nan	nan	0.733 ± 0.177539	0.906 ± 0.107985	0.604 ± 0.139892	0.812 ± 0.198964	0.24944 ± 0.084125	0.09238 ± 0.076216	0.445 ± 0.302324	0.677 ± 0.412418	0.209 ± 0.279784	0.624 ± 0.397927	0.7413 ± 0.264336	0.3021 ± 0.219802	0.142 ± 0.467534	0.510 ± 0.590595	0.230 ± 0.300169	0.625 ± 0.398713	0.683 ± 0.228615	0.831 ± 0.177923	0.459 ± 0.329216	0.678 ± 0.414957	0.681 ± 0.218847	0.904 ± 0.110528	0.712 ± 0.183719	0.912 ± 0.091250	0.512 ± 0.387960	0.678 ± 0.412123	0.697 ± 0.301596	0.946 ± 0.082309
roc_auc	nan	nan	0.739 ± 0.171299	0.917 ± 0.093764	0.659 ± 0.147147	0.851 ± 0.140629	0.23988 ± 0.078520	0.09423 ± 0.064978	0.598 ± 0.254501	0.792 ± 0.279731	0.317 ± 0.294295	0.702 ± 0.281258	0.7148 ± 0.222996	0.3152 ± 0.191495	0.334 ± 0.412506	0.658 ± 0.402873	0.349 ± 0.297454	0.702 ± 0.281255	0.774 ± 0.228607	0.875 ± 0.126271	0.560 ± 0.263284	0.783 ± 0.280902	0.691 ± 0.207978	0.915 ± 0.096134	0.717 ± 0.170202	0.919 ± 0.074881	0.713 ± 0.333401	0.804 ± 0.283012	0.604 ± 0.288352	0.898 ± 0.093967
