	mean_best_threshold_tuning_score	mean_best_threshold	mean_test_average_precision	mean_train_average_precision	mean_test_balanced_accuracy	mean_train_balanced_accuracy	mean_test_brier_loss	mean_train_brier_loss	mean_test_f1	mean_train_f1	mean_test_informedness	mean_train_informedness	mean_test_log_loss	mean_train_log_loss	mean_test_markedness	mean_train_markedness	mean_test_mcc	mean_train_mcc	mean_test_negative_predictive_value	mean_train_negative_predictive_value	mean_test_precision	mean_train_precision	mean_test_precision_recall_auc	mean_train_precision_recall_auc	mean_test_roc_auc	mean_train_roc_auc	mean_test_sensitivity	mean_train_sensitivity	mean_test_specificity	mean_train_specificity
mcc	nan	nan	0.706 ± 0.151701	0.947 ± 0.169762	0.604 ± 0.141374	0.961 ± 0.062042	0.24459 ± 0.043296	0.11886 ± 0.059767	0.529 ± 0.202449	0.959 ± 0.060648	0.208 ± 0.282747	0.923 ± 0.124084	0.6930 ± 0.115780	0.4128 ± 0.131087	0.209 ± 0.382696	0.925 ± 0.115290	0.225 ± 0.300974	0.924 ± 0.119606	0.648 ± 0.234436	0.983 ± 0.038249	0.561 ± 0.239891	0.941 ± 0.091095	0.658 ± 0.182936	0.946 ± 0.173528	0.649 ± 0.198017	0.928 ± 0.238930	0.573 ± 0.288007	0.982 ± 0.038776	0.635 ± 0.278526	0.940 ± 0.103850
precision_recall_auc	nan	nan	0.562 ± 0.180643	0.622 ± 0.313068	0.542 ± 0.090319	0.713 ± 0.244299	0.25925 ± 0.035153	0.21886 ± 0.182627	0.230 ± 0.297428	0.432 ± 0.493569	0.084 ± 0.180638	0.426 ± 0.488597	0.7243 ± 0.100605	0.9283 ± 1.956449	-0.169 ± 0.400904	0.172 ± 0.715019	0.090 ± 0.205380	0.426 ± 0.488679	0.599 ± 0.172404	0.743 ± 0.223769	0.233 ± 0.303670	0.430 ± 0.491758	0.596 ± 0.199473	0.555 ± 0.363685	0.496 ± 0.223798	0.409 ± 0.483631	0.260 ± 0.359374	0.436 ± 0.496814	0.824 ± 0.265776	0.990 ± 0.048588
roc_auc	nan	nan	0.602 ± 0.195045	0.688 ± 0.339135	0.568 ± 0.126337	0.821 ± 0.234488	0.25787 ± 0.040509	0.20396 ± 0.161580	0.360 ± 0.306358	0.650 ± 0.472356	0.136 ± 0.252673	0.641 ± 0.468976	0.7246 ± 0.128513	0.6870 ± 0.932746	-0.015 ± 0.445227	0.488 ± 0.683905	0.145 ± 0.274750	0.641 ± 0.468779	0.616 ± 0.197737	0.845 ± 0.215741	0.369 ± 0.329236	0.643 ± 0.468790	0.573 ± 0.216898	0.664 ± 0.363404	0.497 ± 0.257894	0.553 ± 0.485419	0.397 ± 0.361701	0.659 ± 0.477643	0.739 ± 0.297316	0.983 ± 0.055732
