	mean_best_threshold_tuning_score	mean_best_threshold	mean_test_average_precision	mean_train_average_precision	mean_test_balanced_accuracy	mean_train_balanced_accuracy	mean_test_brier_loss	mean_train_brier_loss	mean_test_f1	mean_train_f1	mean_test_informedness	mean_train_informedness	mean_test_log_loss	mean_train_log_loss	mean_test_markedness	mean_train_markedness	mean_test_mcc	mean_train_mcc	mean_test_negative_predictive_value	mean_train_negative_predictive_value	mean_test_precision	mean_train_precision	mean_test_precision_recall_auc	mean_train_precision_recall_auc	mean_test_roc_auc	mean_train_roc_auc	mean_test_sensitivity	mean_train_sensitivity	mean_test_specificity	mean_train_specificity
mcc	nan	nan	0.789 ± 0.160300	0.983 ± 0.034706	0.688 ± 0.161283	0.954 ± 0.079934	0.22883 ± 0.085943	0.04022 ± 0.055987	0.671 ± 0.175714	0.953 ± 0.080201	0.376 ± 0.322566	0.907 ± 0.159868	0.7414 ± 0.323709	0.1602 ± 0.169978	0.391 ± 0.376724	0.910 ± 0.154080	0.388 ± 0.334728	0.909 ± 0.156972	0.744 ± 0.245362	0.977 ± 0.043111	0.646 ± 0.215159	0.934 ± 0.115428	0.752 ± 0.194850	0.983 ± 0.035034	0.766 ± 0.168571	0.979 ± 0.042979	0.753 ± 0.233867	0.978 ± 0.040383	0.623 ± 0.267301	0.930 ± 0.125331
precision_recall_auc	nan	nan	0.842 ± 0.143256	0.991 ± 0.021646	0.716 ± 0.152901	0.965 ± 0.059053	0.19948 ± 0.086729	0.02594 ± 0.041455	0.701 ± 0.158610	0.963 ± 0.062754	0.431 ± 0.305802	0.931 ± 0.118105	0.6748 ± 0.333242	0.1114 ± 0.133303	0.469 ± 0.307500	0.931 ± 0.119131	0.447 ± 0.304082	0.931 ± 0.118589	0.807 ± 0.196337	0.979 ± 0.040001	0.661 ± 0.173209	0.952 ± 0.086081	0.819 ± 0.169683	0.991 ± 0.021817	0.814 ± 0.155371	0.989 ± 0.028822	0.795 ± 0.215742	0.977 ± 0.044157	0.636 ± 0.228357	0.954 ± 0.083181
roc_auc	nan	nan	0.824 ± 0.144284	0.993 ± 0.022409	0.709 ± 0.156908	0.978 ± 0.055314	0.21231 ± 0.099029	0.01856 ± 0.039033	0.697 ± 0.159525	0.977 ± 0.057788	0.417 ± 0.313816	0.956 ± 0.110628	0.7358 ± 0.385542	0.0903 ± 0.122036	0.462 ± 0.324666	0.957 ± 0.109436	0.437 ± 0.316552	0.956 ± 0.110017	0.796 ± 0.199383	0.988 ± 0.032080	0.666 ± 0.192522	0.969 ± 0.081206	0.799 ± 0.169721	0.992 ± 0.022606	0.784 ± 0.165215	0.991 ± 0.027874	0.783 ± 0.212292	0.987 ± 0.033831	0.634 ± 0.245249	0.969 ± 0.082422
