	mean_best_threshold_tuning_score	mean_best_threshold	mean_test_average_precision	mean_train_average_precision	mean_test_balanced_accuracy	mean_train_balanced_accuracy	mean_test_brier_loss	mean_train_brier_loss	mean_test_f1	mean_train_f1	mean_test_informedness	mean_train_informedness	mean_test_log_loss	mean_train_log_loss	mean_test_markedness	mean_train_markedness	mean_test_mcc	mean_train_mcc	mean_test_negative_predictive_value	mean_train_negative_predictive_value	mean_test_precision	mean_train_precision	mean_test_precision_recall_auc	mean_train_precision_recall_auc	mean_test_roc_auc	mean_train_roc_auc	mean_test_sensitivity	mean_train_sensitivity	mean_test_specificity	mean_train_specificity
mcc	nan	nan	0.810 ± 0.151631	0.987 ± 0.027335	0.687 ± 0.151495	0.960 ± 0.070148	0.21688 ± 0.086295	0.03382 ± 0.049803	0.671 ± 0.174002	0.959 ± 0.071803	0.373 ± 0.302990	0.921 ± 0.140296	0.7166 ± 0.335222	0.1447 ± 0.154290	0.402 ± 0.343897	0.922 ± 0.138410	0.390 ± 0.307910	0.921 ± 0.139331	0.773 ± 0.227587	0.975 ± 0.042900	0.629 ± 0.191266	0.947 ± 0.099217	0.773 ± 0.191180	0.987 ± 0.027548	0.792 ± 0.152074	0.982 ± 0.038381	0.778 ± 0.245486	0.974 ± 0.043981	0.595 ± 0.233922	0.947 ± 0.102642
precision_recall_auc	nan	nan	0.834 ± 0.148451	0.990 ± 0.023373	0.733 ± 0.141526	0.969 ± 0.054318	0.20316 ± 0.081121	0.02567 ± 0.041442	0.720 ± 0.146414	0.967 ± 0.057107	0.466 ± 0.283053	0.937 ± 0.108635	0.6911 ± 0.336102	0.1125 ± 0.134071	0.490 ± 0.306302	0.939 ± 0.108917	0.481 ± 0.280462	0.938 ± 0.108730	0.819 ± 0.208238	0.976 ± 0.039915	0.671 ± 0.176653	0.963 ± 0.074467	0.807 ± 0.179481	0.990 ± 0.023571	0.805 ± 0.155482	0.988 ± 0.030486	0.823 ± 0.198948	0.972 ± 0.044921	0.643 ± 0.235175	0.965 ± 0.072117
roc_auc	nan	nan	0.801 ± 0.146088	0.996 ± 0.013673	0.733 ± 0.145496	0.986 ± 0.038312	0.20766 ± 0.093245	0.01469 ± 0.027219	0.725 ± 0.145784	0.985 ± 0.041191	0.466 ± 0.290993	0.972 ± 0.076624	0.7538 ± 0.429397	0.0824 ± 0.090770	0.504 ± 0.297176	0.972 ± 0.076279	0.483 ± 0.291625	0.972 ± 0.076439	0.834 ± 0.190996	0.992 ± 0.022052	0.671 ± 0.169789	0.980 ± 0.058586	0.765 ± 0.181389	0.996 ± 0.013804	0.783 ± 0.148871	0.996 ± 0.015042	0.833 ± 0.194889	0.991 ± 0.025445	0.633 ± 0.218438	0.981 ± 0.057955
