	mean_ncv_average_precision	mean_ncv_balanced_accuracy	mean_ncv_brier_loss	mean_ncv_f1	mean_ncv_informedness	mean_ncv_log_loss	mean_ncv_markedness	mean_ncv_mcc	mean_ncv_negative_predictive_value	mean_ncv_precision	mean_ncv_precision_recall_auc	mean_ncv_roc_auc	mean_ncv_sensitivity	mean_ncv_specificity
mcc	0.702 ± 0.063458	0.628 ± 0.042038	0.22953 ± 0.023634	0.656 ± 0.036862	0.256 ± 0.084076	0.6874 ± 0.074676	0.304 ± 0.104447	0.279 ± 0.092491	0.761 ± 0.079605	0.542 ± 0.032362	0.688 ± 0.069492	0.730 ± 0.051035	0.833 ± 0.069290	0.423 ± 0.071228
precision_recall_auc	0.744 ± 0.049427	0.663 ± 0.037799	0.21229 ± 0.012592	0.675 ± 0.034017	0.326 ± 0.075598	0.6407 ± 0.034118	0.356 ± 0.078765	0.340 ± 0.076331	0.777 ± 0.057752	0.579 ± 0.036759	0.734 ± 0.054897	0.760 ± 0.033943	0.817 ± 0.074305	0.509 ± 0.087827
roc_auc	0.756 ± 0.057789	0.676 ± 0.051643	0.20643 ± 0.025813	0.685 ± 0.038772	0.352 ± 0.103287	0.6407 ± 0.085132	0.374 ± 0.092804	0.362 ± 0.097909	0.777 ± 0.047102	0.597 ± 0.057938	0.745 ± 0.061304	0.783 ± 0.058409	0.811 ± 0.053672	0.541 ± 0.114291
