	mean_ncv_average_precision	mean_ncv_balanced_accuracy	mean_ncv_brier_loss	mean_ncv_f1	mean_ncv_informedness	mean_ncv_log_loss	mean_ncv_markedness	mean_ncv_mcc	mean_ncv_negative_predictive_value	mean_ncv_precision	mean_ncv_precision_recall_auc	mean_ncv_roc_auc	mean_ncv_sensitivity	mean_ncv_specificity
mcc	0.763 ± 0.047074	0.703 ± 0.037384	0.18520 ± 0.013312	0.647 ± 0.053627	0.406 ± 0.074767	0.5576 ± 0.041742	0.438 ± 0.077636	0.422 ± 0.075651	0.708 ± 0.032039	0.730 ± 0.052184	0.753 ± 0.049836	0.796 ± 0.032796	0.583 ± 0.065473	0.823 ± 0.039800
precision_recall_auc	0.770 ± 0.042824	0.730 ± 0.031563	0.18445 ± 0.013170	0.685 ± 0.037915	0.460 ± 0.063126	0.5631 ± 0.049873	0.487 ± 0.070029	0.473 ± 0.066307	0.732 ± 0.024466	0.754 ± 0.048386	0.763 ± 0.044775	0.790 ± 0.030535	0.628 ± 0.037497	0.832 ± 0.037421
roc_auc	0.751 ± 0.047710	0.729 ± 0.034731	0.18544 ± 0.013934	0.680 ± 0.046273	0.458 ± 0.069462	0.5609 ± 0.039106	0.490 ± 0.071073	0.474 ± 0.069798	0.729 ± 0.029504	0.761 ± 0.047484	0.738 ± 0.054055	0.791 ± 0.031970	0.617 ± 0.055246	0.841 ± 0.038629
