	mean_ncv_average_precision	mean_ncv_balanced_accuracy	mean_ncv_brier_loss	mean_ncv_f1	mean_ncv_informedness	mean_ncv_log_loss	mean_ncv_markedness	mean_ncv_mcc	mean_ncv_negative_predictive_value	mean_ncv_precision	mean_ncv_precision_recall_auc	mean_ncv_roc_auc	mean_ncv_sensitivity	mean_ncv_specificity
mcc	0.728 ± 0.045296	0.691 ± 0.037734	0.20070 ± 0.012818	0.659 ± 0.039633	0.383 ± 0.075469	0.5861 ± 0.038477	0.386 ± 0.077238	0.384 ± 0.076315	0.721 ± 0.031279	0.665 ± 0.049336	0.721 ± 0.046104	0.760 ± 0.031013	0.656 ± 0.043823	0.727 ± 0.056692
precision_recall_auc	0.727 ± 0.046557	0.698 ± 0.034197	0.20017 ± 0.014684	0.665 ± 0.038266	0.396 ± 0.068395	0.5851 ± 0.038262	0.400 ± 0.069606	0.398 ± 0.068958	0.725 ± 0.030130	0.675 ± 0.042568	0.720 ± 0.047626	0.762 ± 0.026987	0.656 ± 0.043823	0.741 ± 0.043122
roc_auc	0.703 ± 0.049218	0.684 ± 0.039704	0.20502 ± 0.012231	0.652 ± 0.044086	0.368 ± 0.079409	0.5969 ± 0.035590	0.369 ± 0.080168	0.369 ± 0.079775	0.715 ± 0.034878	0.654 ± 0.046390	0.692 ± 0.053503	0.753 ± 0.026528	0.650 ± 0.045737	0.718 ± 0.041770
