	mean_best_threshold_tuning_score	mean_best_threshold	mean_test_average_precision	mean_train_average_precision	mean_test_balanced_accuracy	mean_train_balanced_accuracy	mean_test_brier_loss	mean_train_brier_loss	mean_test_f1	mean_train_f1	mean_test_informedness	mean_train_informedness	mean_test_log_loss	mean_train_log_loss	mean_test_markedness	mean_train_markedness	mean_test_mcc	mean_train_mcc	mean_test_negative_predictive_value	mean_train_negative_predictive_value	mean_test_precision	mean_train_precision	mean_test_precision_recall_auc	mean_train_precision_recall_auc	mean_test_roc_auc	mean_train_roc_auc	mean_test_sensitivity	mean_train_sensitivity	mean_test_specificity	mean_train_specificity
mcc	nan	nan	0.828 ± 0.139040	0.996 ± 0.009487	0.733 ± 0.113102	0.977 ± 0.040213	0.20588 ± 0.079634	0.01969 ± 0.026099	0.682 ± 0.148127	0.975 ± 0.046263	0.467 ± 0.226203	0.954 ± 0.080426	0.7380 ± 0.454721	0.1039 ± 0.089246	0.535 ± 0.246738	0.962 ± 0.066902	0.497 ± 0.229550	0.958 ± 0.073714	0.762 ± 0.134398	0.969 ± 0.049528	0.774 ± 0.204210	0.992 ± 0.021713	0.803 ± 0.167778	0.996 ± 0.009645	0.779 ± 0.163960	0.997 ± 0.009228	0.672 ± 0.217834	0.959 ± 0.069192	0.795 ± 0.191463	0.994 ± 0.016762
precision_recall_auc	nan	nan	0.840 ± 0.143212	0.984 ± 0.023529	0.735 ± 0.162359	0.925 ± 0.100839	0.19579 ± 0.097480	0.03978 ± 0.040252	0.659 ± 0.240297	0.905 ± 0.145843	0.470 ± 0.324719	0.850 ± 0.201678	0.6729 ± 0.436564	0.1574 ± 0.120803	0.506 ± 0.378780	0.896 ± 0.125770	0.495 ± 0.325524	0.870 ± 0.168826	0.753 ± 0.172954	0.911 ± 0.107752	0.753 ± 0.264568	0.984 ± 0.028684	0.814 ± 0.173652	0.984 ± 0.023949	0.811 ± 0.160580	0.987 ± 0.020251	0.635 ± 0.280655	0.860 ± 0.194292	0.835 ± 0.180490	0.990 ± 0.016697
roc_auc	nan	nan	0.842 ± 0.137233	0.977 ± 0.029166	0.729 ± 0.142889	0.917 ± 0.087251	0.19621 ± 0.087222	0.05016 ± 0.047401	0.674 ± 0.179105	0.902 ± 0.104844	0.459 ± 0.285779	0.834 ± 0.174502	0.6287 ± 0.281663	0.1871 ± 0.138625	0.521 ± 0.302510	0.869 ± 0.139283	0.486 ± 0.288466	0.851 ± 0.157070	0.740 ± 0.148675	0.899 ± 0.100358	0.781 ± 0.206773	0.969 ± 0.047608	0.818 ± 0.162242	0.976 ± 0.029662	0.814 ± 0.155742	0.979 ± 0.027896	0.637 ± 0.223835	0.853 ± 0.152424	0.822 ± 0.176751	0.981 ± 0.030713
