	mean_best_threshold_tuning_score	mean_best_threshold	mean_test_average_precision	mean_train_average_precision	mean_test_balanced_accuracy	mean_train_balanced_accuracy	mean_test_brier_loss	mean_train_brier_loss	mean_test_f1	mean_train_f1	mean_test_informedness	mean_train_informedness	mean_test_log_loss	mean_train_log_loss	mean_test_markedness	mean_train_markedness	mean_test_mcc	mean_train_mcc	mean_test_negative_predictive_value	mean_train_negative_predictive_value	mean_test_precision	mean_train_precision	mean_test_precision_recall_auc	mean_train_precision_recall_auc	mean_test_roc_auc	mean_train_roc_auc	mean_test_sensitivity	mean_train_sensitivity	mean_test_specificity	mean_train_specificity
mcc	nan	nan	0.956 ± 0.060998	0.991 ± 0.011947	0.859 ± 0.114360	0.948 ± 0.053091	0.10940 ± 0.067709	0.03482 ± 0.033354	0.833 ± 0.143503	0.942 ± 0.059557	0.717 ± 0.228719	0.896 ± 0.106182	0.3510 ± 0.171842	0.1386 ± 0.100723	0.750 ± 0.217082	0.922 ± 0.080479	0.733 ± 0.221490	0.908 ± 0.093373	0.868 ± 0.122322	0.928 ± 0.071771	0.882 ± 0.159378	0.993 ± 0.015833	0.950 ± 0.070098	0.991 ± 0.012064	0.950 ± 0.064084	0.991 ± 0.012605	0.818 ± 0.181866	0.900 ± 0.100775	0.899 ± 0.141237	0.995 ± 0.011479
precision_recall_auc	nan	nan	0.944 ± 0.072943	0.989 ± 0.014156	0.751 ± 0.174110	0.853 ± 0.160394	0.11562 ± 0.064859	0.03548 ± 0.036789	0.594 ± 0.359968	0.774 ± 0.300819	0.501 ± 0.348219	0.706 ± 0.320788	0.3704 ± 0.166934	0.1298 ± 0.107156	0.500 ± 0.537666	0.756 ± 0.382578	0.545 ± 0.344365	0.743 ± 0.297312	0.749 ± 0.164293	0.837 ± 0.155071	0.750 ± 0.412606	0.919 ± 0.273913	0.938 ± 0.081291	0.989 ± 0.014301	0.922 ± 0.107464	0.990 ± 0.013946	0.528 ± 0.360150	0.707 ± 0.320955	0.973 ± 0.084642	1.000 ± 0.002619
roc_auc	nan	nan	0.950 ± 0.068456	0.983 ± 0.016607	0.777 ± 0.158839	0.851 ± 0.141074	0.11172 ± 0.063798	0.04893 ± 0.041028	0.654 ± 0.316404	0.787 ± 0.245218	0.555 ± 0.317677	0.703 ± 0.282148	0.3538 ± 0.165133	0.1692 ± 0.115745	0.606 ± 0.456556	0.808 ± 0.226797	0.605 ± 0.305963	0.750 ± 0.243573	0.766 ± 0.152546	0.830 ± 0.143314	0.840 ± 0.351642	0.977 ± 0.142291	0.943 ± 0.077042	0.983 ± 0.016776	0.936 ± 0.092093	0.984 ± 0.016390	0.572 ± 0.324723	0.705 ± 0.283031	0.983 ± 0.071149	0.998 ± 0.016638
