	mean_best_threshold_tuning_score	mean_best_threshold	mean_test_average_precision	mean_train_average_precision	mean_test_balanced_accuracy	mean_train_balanced_accuracy	mean_test_brier_loss	mean_train_brier_loss	mean_test_f1	mean_train_f1	mean_test_informedness	mean_train_informedness	mean_test_log_loss	mean_train_log_loss	mean_test_markedness	mean_train_markedness	mean_test_mcc	mean_train_mcc	mean_test_negative_predictive_value	mean_train_negative_predictive_value	mean_test_precision	mean_train_precision	mean_test_precision_recall_auc	mean_train_precision_recall_auc	mean_test_roc_auc	mean_train_roc_auc	mean_test_sensitivity	mean_train_sensitivity	mean_test_specificity	mean_train_specificity
mcc	nan	nan	0.779 ± 0.168622	0.999 ± 0.006316	0.711 ± 0.144992	0.995 ± 0.021372	0.22577 ± 0.087815	0.06432 ± 0.054180	0.644 ± 0.235126	0.994 ± 0.024681	0.421 ± 0.289984	0.989 ± 0.042744	0.9406 ± 0.725960	0.2459 ± 0.142434	0.463 ± 0.349222	0.992 ± 0.029344	0.447 ± 0.295273	0.990 ± 0.036134	0.775 ± 0.167161	0.994 ± 0.026911	0.688 ± 0.268545	0.998 ± 0.012910	0.741 ± 0.205151	0.999 ± 0.004481	0.763 ± 0.173126	0.999 ± 0.005159	0.670 ± 0.292072	0.992 ± 0.041427	0.751 ± 0.232881	0.998 ± 0.012299
precision_recall_auc	nan	nan	0.825 ± 0.146687	1.000 ± 0.000000	0.734 ± 0.166354	1.000 ± 0.002357	0.21140 ± 0.092390	0.04547 ± 0.032692	0.681 ± 0.223271	1.000 ± 0.002385	0.468 ± 0.332708	0.999 ± 0.004713	0.9060 ± 0.686958	0.1935 ± 0.093901	0.518 ± 0.347213	0.999 ± 0.003599	0.490 ± 0.335257	0.999 ± 0.004157	0.780 ± 0.178673	0.999 ± 0.003599	0.738 ± 0.242046	1.000 ± 0.000000	0.797 ± 0.174403	1.000 ± 0.000000	0.792 ± 0.180879	1.000 ± 0.000000	0.688 ± 0.278078	0.999 ± 0.004713	0.780 ± 0.205784	1.000 ± 0.000000
roc_auc	nan	nan	0.818 ± 0.149213	0.999 ± 0.004625	0.728 ± 0.175598	0.993 ± 0.036625	0.20986 ± 0.096359	0.03142 ± 0.029155	0.666 ± 0.245227	0.991 ± 0.046104	0.455 ± 0.351196	0.985 ± 0.073250	0.8713 ± 0.681948	0.1501 ± 0.088862	0.498 ± 0.383059	0.991 ± 0.043496	0.475 ± 0.361116	0.988 ± 0.059320	0.775 ± 0.184844	0.991 ± 0.043496	0.723 ± 0.269579	1.000 ± 0.000000	0.791 ± 0.176736	0.999 ± 0.004624	0.776 ± 0.178707	0.999 ± 0.005800	0.673 ± 0.294431	0.985 ± 0.073250	0.782 ± 0.213513	1.000 ± 0.000000
