	mean_best_threshold_tuning_score	mean_best_threshold	mean_test_average_precision	mean_train_average_precision	mean_test_balanced_accuracy	mean_train_balanced_accuracy	mean_test_brier_loss	mean_train_brier_loss	mean_test_f1	mean_train_f1	mean_test_informedness	mean_train_informedness	mean_test_log_loss	mean_train_log_loss	mean_test_markedness	mean_train_markedness	mean_test_mcc	mean_train_mcc	mean_test_negative_predictive_value	mean_train_negative_predictive_value	mean_test_precision	mean_train_precision	mean_test_precision_recall_auc	mean_train_precision_recall_auc	mean_test_roc_auc	mean_train_roc_auc	mean_test_sensitivity	mean_train_sensitivity	mean_test_specificity	mean_train_specificity
mcc	nan	nan	0.857 ± 0.133637	1.000 ± 0.000000	0.725 ± 0.142205	0.997 ± 0.010113	0.19292 ± 0.082285	0.07749 ± 0.058657	0.667 ± 0.238476	0.996 ± 0.011630	0.449 ± 0.284410	0.994 ± 0.020226	0.7034 ± 0.545678	0.2816 ± 0.151090	0.478 ± 0.354162	0.993 ± 0.021865	0.466 ± 0.303139	0.994 ± 0.021032	0.805 ± 0.164863	0.998 ± 0.005200	0.673 ± 0.270203	0.995 ± 0.021598	0.837 ± 0.158802	1.000 ± 0.000000	0.827 ± 0.153058	1.000 ± 0.000000	0.720 ± 0.291003	0.998 ± 0.006202	0.729 ± 0.221795	0.995 ± 0.019685
precision_recall_auc	nan	nan	0.866 ± 0.125019	1.000 ± 0.000000	0.742 ± 0.155104	0.997 ± 0.013177	0.18687 ± 0.076106	0.04404 ± 0.032959	0.685 ± 0.248007	0.997 ± 0.014358	0.484 ± 0.310208	0.994 ± 0.026354	0.6788 ± 0.507342	0.1883 ± 0.098217	0.495 ± 0.377559	0.995 ± 0.020113	0.493 ± 0.329111	0.994 ± 0.023268	0.794 ± 0.160408	0.995 ± 0.020113	0.701 ± 0.275995	1.000 ± 0.000000	0.847 ± 0.148461	1.000 ± 0.000000	0.831 ± 0.151502	1.000 ± 0.000000	0.708 ± 0.277281	0.994 ± 0.026354	0.776 ± 0.194632	1.000 ± 0.000000
roc_auc	nan	nan	0.862 ± 0.132769	0.999 ± 0.005177	0.731 ± 0.173019	0.990 ± 0.039153	0.19308 ± 0.094914	0.02893 ± 0.029908	0.668 ± 0.261507	0.988 ± 0.048716	0.462 ± 0.346038	0.981 ± 0.078305	0.7041 ± 0.509457	0.1401 ± 0.091769	0.479 ± 0.403820	0.988 ± 0.047874	0.473 ± 0.362822	0.984 ± 0.063953	0.785 ± 0.179537	0.988 ± 0.047874	0.694 ± 0.283048	1.000 ± 0.000000	0.841 ± 0.159091	0.999 ± 0.005214	0.835 ± 0.150410	0.999 ± 0.007172	0.687 ± 0.299073	0.981 ± 0.078305	0.775 ± 0.196980	1.000 ± 0.000000
