	mean_best_threshold_tuning_score	mean_best_threshold	mean_test_average_precision	mean_train_average_precision	mean_test_balanced_accuracy	mean_train_balanced_accuracy	mean_test_brier_loss	mean_train_brier_loss	mean_test_f1	mean_train_f1	mean_test_informedness	mean_train_informedness	mean_test_log_loss	mean_train_log_loss	mean_test_markedness	mean_train_markedness	mean_test_mcc	mean_train_mcc	mean_test_negative_predictive_value	mean_train_negative_predictive_value	mean_test_precision	mean_train_precision	mean_test_precision_recall_auc	mean_train_precision_recall_auc	mean_test_roc_auc	mean_train_roc_auc	mean_test_sensitivity	mean_train_sensitivity	mean_test_specificity	mean_train_specificity
mcc	nan	nan	0.860 ± 0.135022	1.000 ± 0.000000	0.734 ± 0.145462	0.996 ± 0.010243	0.18171 ± 0.076022	0.05660 ± 0.041249	0.680 ± 0.231124	0.996 ± 0.010835	0.467 ± 0.290924	0.993 ± 0.020486	0.6133 ± 0.376864	0.2266 ± 0.113339	0.504 ± 0.341292	0.994 ± 0.017857	0.488 ± 0.301449	0.993 ± 0.019109	0.809 ± 0.160564	0.996 ± 0.013131	0.695 ± 0.264627	0.998 ± 0.012910	0.837 ± 0.165483	1.000 ± 0.000000	0.838 ± 0.136533	1.000 ± 0.000000	0.723 ± 0.280427	0.995 ± 0.017111	0.744 ± 0.231155	0.998 ± 0.012299
precision_recall_auc	nan	nan	0.878 ± 0.129022	1.000 ± 0.000000	0.758 ± 0.165196	0.999 ± 0.004053	0.17384 ± 0.079624	0.04186 ± 0.030082	0.714 ± 0.228053	0.999 ± 0.004136	0.515 ± 0.330392	0.998 ± 0.008106	0.6094 ± 0.410446	0.1801 ± 0.087541	0.535 ± 0.360476	0.999 ± 0.006116	0.525 ± 0.340284	0.998 ± 0.007114	0.807 ± 0.169211	0.999 ± 0.006116	0.728 ± 0.250023	1.000 ± 0.000000	0.860 ± 0.153165	1.000 ± 0.000000	0.847 ± 0.150237	1.000 ± 0.000000	0.738 ± 0.260282	0.998 ± 0.008106	0.777 ± 0.201071	1.000 ± 0.000000
roc_auc	nan	nan	0.869 ± 0.130012	1.000 ± 0.000000	0.747 ± 0.163979	0.999 ± 0.002794	0.18313 ± 0.089024	0.02827 ± 0.028837	0.700 ± 0.236956	0.999 ± 0.002827	0.495 ± 0.327957	0.999 ± 0.005588	0.6214 ± 0.394162	0.1376 ± 0.089231	0.515 ± 0.369061	0.999 ± 0.004447	0.504 ± 0.343037	0.999 ± 0.005016	0.803 ± 0.167539	0.999 ± 0.004447	0.712 ± 0.258437	1.000 ± 0.000000	0.850 ± 0.154424	1.000 ± 0.000000	0.838 ± 0.149314	1.000 ± 0.000000	0.727 ± 0.269395	0.999 ± 0.005588	0.768 ± 0.197629	1.000 ± 0.000000
