	mean_best_threshold_tuning_score	mean_best_threshold	mean_test_average_precision	mean_train_average_precision	mean_test_balanced_accuracy	mean_train_balanced_accuracy	mean_test_brier_loss	mean_train_brier_loss	mean_test_f1	mean_train_f1	mean_test_informedness	mean_train_informedness	mean_test_log_loss	mean_train_log_loss	mean_test_markedness	mean_train_markedness	mean_test_mcc	mean_train_mcc	mean_test_negative_predictive_value	mean_train_negative_predictive_value	mean_test_precision	mean_train_precision	mean_test_precision_recall_auc	mean_train_precision_recall_auc	mean_test_roc_auc	mean_train_roc_auc	mean_test_sensitivity	mean_train_sensitivity	mean_test_specificity	mean_train_specificity
mcc	nan	nan	0.921 ± 0.121742	0.969 ± 0.018317	0.862 ± 0.117998	0.917 ± 0.042002	0.11697 ± 0.079998	0.06264 ± 0.026157	0.836 ± 0.142933	0.909 ± 0.046724	0.725 ± 0.235996	0.835 ± 0.084005	0.4101 ± 0.256829	0.2274 ± 0.072563	0.771 ± 0.202964	0.853 ± 0.083612	0.746 ± 0.218218	0.844 ± 0.083463	0.872 ± 0.134179	0.904 ± 0.042977	0.899 ± 0.150563	0.948 ± 0.051676	0.911 ± 0.139949	0.969 ± 0.018560	0.898 ± 0.146726	0.964 ± 0.022640	0.817 ± 0.198492	0.875 ± 0.056514	0.908 ± 0.156609	0.959 ± 0.043162
precision_recall_auc	nan	nan	0.948 ± 0.064082	0.961 ± 0.014869	0.842 ± 0.117574	0.868 ± 0.067126	0.11677 ± 0.060461	0.08422 ± 0.023881	0.807 ± 0.173793	0.845 ± 0.130384	0.683 ± 0.235148	0.736 ± 0.134252	0.3776 ± 0.158309	0.2756 ± 0.059029	0.711 ± 0.270559	0.738 ± 0.190374	0.701 ± 0.231241	0.741 ± 0.135958	0.860 ± 0.134682	0.869 ± 0.057999	0.851 ± 0.202238	0.869 ± 0.138936	0.942 ± 0.073066	0.960 ± 0.015092	0.937 ± 0.074756	0.958 ± 0.016247	0.798 ± 0.213683	0.825 ± 0.129167	0.885 ± 0.150932	0.911 ± 0.053639
roc_auc	nan	nan	0.947 ± 0.081579	0.959 ± 0.015346	0.832 ± 0.120067	0.859 ± 0.041519	0.12461 ± 0.072662	0.09165 ± 0.023801	0.806 ± 0.139096	0.844 ± 0.049395	0.664 ± 0.240134	0.719 ± 0.083038	0.4009 ± 0.235321	0.2901 ± 0.064119	0.693 ± 0.239310	0.729 ± 0.080277	0.678 ± 0.238022	0.724 ± 0.080257	0.852 ± 0.135996	0.868 ± 0.043504	0.841 ± 0.165992	0.861 ± 0.058836	0.939 ± 0.097748	0.958 ± 0.015561	0.940 ± 0.090695	0.957 ± 0.016603	0.803 ± 0.183472	0.833 ± 0.068652	0.861 ± 0.149929	0.885 ± 0.051766
