	mean_best_threshold_tuning_score	mean_best_threshold	mean_test_average_precision	mean_train_average_precision	mean_test_balanced_accuracy	mean_train_balanced_accuracy	mean_test_brier_loss	mean_train_brier_loss	mean_test_f1	mean_train_f1	mean_test_informedness	mean_train_informedness	mean_test_log_loss	mean_train_log_loss	mean_test_markedness	mean_train_markedness	mean_test_mcc	mean_train_mcc	mean_test_negative_predictive_value	mean_train_negative_predictive_value	mean_test_precision	mean_train_precision	mean_test_precision_recall_auc	mean_train_precision_recall_auc	mean_test_roc_auc	mean_train_roc_auc	mean_test_sensitivity	mean_train_sensitivity	mean_test_specificity	mean_train_specificity
mcc	nan	nan	0.825 ± 0.116127	1.000 ± 0.000000	0.722 ± 0.111702	1.000 ± 0.000000	0.18418 ± 0.055317	0.01549 ± 0.002138	0.673 ± 0.143378	1.000 ± 0.000000	0.443 ± 0.223404	1.000 ± 0.000000	0.5440 ± 0.141404	0.1106 ± 0.009623	0.511 ± 0.245154	1.000 ± 0.000000	0.474 ± 0.229064	1.000 ± 0.000000	0.760 ± 0.142130	1.000 ± 0.000000	0.751 ± 0.206305	1.000 ± 0.000000	0.805 ± 0.136248	1.000 ± 0.000000	0.815 ± 0.131327	1.000 ± 0.000000	0.673 ± 0.213517	1.000 ± 0.000000	0.770 ± 0.205784	1.000 ± 0.000000
precision_recall_auc	nan	nan	0.847 ± 0.110871	1.000 ± 0.000000	0.739 ± 0.123532	1.000 ± 0.000000	0.17686 ± 0.051140	0.01389 ± 0.002073	0.691 ± 0.153821	1.000 ± 0.000000	0.477 ± 0.247063	1.000 ± 0.000000	0.5304 ± 0.136465	0.1038 ± 0.009764	0.541 ± 0.258521	1.000 ± 0.000000	0.506 ± 0.247986	1.000 ± 0.000000	0.776 ± 0.149058	1.000 ± 0.000000	0.765 ± 0.206615	1.000 ± 0.000000	0.824 ± 0.132029	1.000 ± 0.000000	0.827 ± 0.131510	1.000 ± 0.000000	0.688 ± 0.220035	1.000 ± 0.000000	0.789 ± 0.198795	1.000 ± 0.000000
roc_auc	nan	nan	0.828 ± 0.113062	1.000 ± 0.000000	0.726 ± 0.128139	1.000 ± 0.000000	0.18271 ± 0.053531	0.01462 ± 0.002471	0.675 ± 0.163190	1.000 ± 0.000000	0.451 ± 0.256278	1.000 ± 0.000000	0.5426 ± 0.140866	0.1071 ± 0.011252	0.505 ± 0.273827	1.000 ± 0.000000	0.476 ± 0.261913	1.000 ± 0.000000	0.768 ± 0.152954	1.000 ± 0.000000	0.737 ± 0.215559	1.000 ± 0.000000	0.805 ± 0.135502	1.000 ± 0.000000	0.813 ± 0.126938	1.000 ± 0.000000	0.678 ± 0.228379	1.000 ± 0.000000	0.773 ± 0.197228	1.000 ± 0.000000
